Code,Year,IncomeGroup,AGEDEP,GE,IND,CREDIT
ABW,2000,H,43.31798693,0.8951417,4.100963775,44.79970061
ABW,2001,H,43.23083912,0.8951417,4.277072978,46.59285265
ABW,2002,H,43.07802278,0.8951417,4.425833642,50.79121223
ABW,2003,H,42.87533368,0.8951417,4.777505083,55.01251722
ABW,2004,H,42.69130396,0.8951417,5.622020209,51.78522982
ABW,2005,H,42.63696129,1.2500659,6.18729481,54.06070072
ABW,2006,H,42.76850602,1.2471197,6.565660336,53.88412026
ABW,2007,H,42.99176173,1.2515751,6.666022669,51.727256
ABW,2008,H,43.2605085,1.2550503,6.670840363,50.65845761
ABW,2009,H,43.53544486,1.3983691,4.205989994,55.89304113
ABW,2010,H,43.4533955,1.0023954,2.86046778,58.8006573
ABW,2011,H,43.04777043,1.0015699,4.206093989,56.25043416
ABW,2012,H,42.86498429,1.0017778,1.991637655,58.68590324
ABW,2013,H,43.03852297,1.00201,3.262643743,59.16368514
ABW,2014,H,43.51535836,0.6967705,3.439352185,60.24053866
ABW,2015,H,44.24778761,0.6950388,3.585279667,56.62688176
ABW,2016,H,45.1551319,0.6956408,3.68902193,57.22193169
ABW,2017,H,46.12500504,0.6958363,3.733755148,57.24653443
ABW,2018,H,47.11667049,0.9066629,3.225014904,55.96510183
ABW,2019,H,48.0999783,0.9077089,2.926507475,59.63263001
ABW,2020,H,48.87846879,0.9047216,2.582001062,82.4396515
ABW,2021,H,49.31994953,0.9064944,2.272689704,68.44637579
ABW,2022,H,49.80107489,1.0084741,2.628474918,60.48364832
ABW,2023,H,50.49975468,0.6576186,2.355622775,58.04635122
ABW,2024,H,51.28952272,0.6567856,2.355622775,58.04635122
ABW,2025,H,51.28952272,0.6567856,2.355622775,58.04635122
ABW,2026,H,51.28952272,0.6567856,2.355622775,58.04635122
AFG,2000,L,109.5860477,-2.3446017,18.82275218,4.842856866
AFG,2001,L,110.2193414,-2.2217389,18.82275218,4.842856866
AFG,2002,L,110.534611,-2.0988761,18.82275218,4.842856866
AFG,2003,L,110.5575396,-2.1081208,16.92386623,4.842856866
AFG,2004,L,110.285308,-1.156126,17.55400626,4.842856866
AFG,2005,L,109.7285254,-1.3907016,16.59821222,4.842856866
AFG,2006,L,108.8891352,-1.6259661,16.3855372,4.842856866
AFG,2007,L,107.7372506,-1.5929686,17.74730953,6.839982237
AFG,2008,L,106.3343755,-1.6680318,17.8391163,9.388327721
AFG,2009,L,104.7994675,-1.5587942,13.14987661,10.58413068
AFG,2010,L,103.1444557,-1.5857412,12.52257684,11.57504424
AFG,2011,L,101.4583083,-1.6043337,13.77918924,4.959180376
AFG,2012,L,99.77313094,-1.4997935,12.48608514,4.47210363
AFG,2013,L,98.06355881,-1.5009938,11.49986726,4.321685417
AFG,2014,L,96.34639379,-1.5246032,11.47758756,3.9410571
AFG,2015,L,94.61323371,-1.4711716,11.420006,3.981493795
AFG,2016,L,92.88987122,-1.4177302,4.114196613,3.888321746
AFG,2017,L,91.29361869,-1.4421872,3.530422461,3.841881205
AFG,2018,L,89.84960598,-1.6312498,6.160177217,3.512317033
AFG,2019,L,88.51202761,-1.6540805,7.043181081,3.22995723
AFG,2020,L,87.24781691,-1.7167282,7.528114629,3.09659809
AFG,2021,L,86.08346818,-1.7059035,8.493156816,3.09659809
AFG,2022,L,84.96248933,-1.9646115,10.19026196,3.09659809
AFG,2023,L,83.83617284,-2.0924592,7.540916863,3.09659809
AFG,2024,L,82.77684832,-1.9339966,8.417811844,3.09659809
AFG,2025,L,82.77684832,-1.9339966,8.417811844,3.09659809
AFG,2026,L,82.77684832,-1.9339966,8.417811844,3.09659809
AGO,2000,L,93.39505466,-1.1141214,3.726575286,22.27492802
AGO,2001,L,93.14260579,-1.17210745,3.726575286,22.27492802
AGO,2002,L,92.86898828,-1.2300935,3.726575286,22.27492802
AGO,2003,L,92.58015725,-1.4582044,3.885171723,22.27492802
AGO,2004,LM,92.30377474,-1.5316839,4.679179848,22.27492802
AGO,2005,LM,92.07169966,-1.5412074,3.895781992,22.27492802
AGO,2006,LM,91.89664781,-1.4924701,3.661849599,22.27492802
AGO,2007,LM,91.7757132,-1.4130187,3.442696492,22.27492802
AGO,2008,LM,91.74374437,-1.3238188,3.532351396,22.27492802
AGO,2009,LM,91.78354687,-1.0974384,4.975453095,22.27492802
AGO,2010,LM,91.82838662,-0.9515013,4.487228855,22.27492802
AGO,2011,UM,91.85690272,-1.0097747,4.178085058,22.27492802
AGO,2012,UM,91.899377,-1.0191994,4.361918025,22.27492802
AGO,2013,UM,91.94970355,-1.0286328,4.779643734,22.27492802
AGO,2014,UM,92.05056189,-0.9400114,4.726180924,22.27492802
AGO,2015,UM,92.1805019,-0.9378237,5.240515596,22.27492802
AGO,2016,LM,92.18800411,-0.9493847,5.782788995,18.3180075
AGO,2017,LM,92.07155429,-0.9681157,5.728969445,14.63025796
AGO,2018,LM,91.90276941,-0.9784602,5.340746295,13.1109176
AGO,2019,LM,91.64703963,-0.9116965,5.411448772,13.39560287
AGO,2020,LM,91.3698275,-1.0163604,6.097457182,11.37655908
AGO,2021,LM,91.03639831,-0.9347008,6.19373756,8.844301746
AGO,2022,LM,90.58951186,-0.8325718,6.716478137,7.025061944
AGO,2023,LM,90.05522528,-0.8287026,7.400666244,7.645733744
AGO,2024,LM,89.40608064,-0.7851909,6.576162598,7.168926409
AGO,2025,LM,89.40608064,-0.7851909,6.79262097,6.580882966
AGO,2026,LM,89.40608064,-0.7851909,6.79262097,6.580882966
ALB,2000,LM,58.59772903,-1.1093724,4.711459153,37.3109373
ALB,2001,LM,57.8351706,-0.8832389,4.339241272,37.3109373
ALB,2002,LM,56.73670221,-0.6571054,4.307757976,37.3109373
ALB,2003,LM,55.61399781,-0.6637265,4.343207119,37.3109373
ALB,2004,LM,54.52112291,-0.4499559,4.474331529,37.3109373
ALB,2005,LM,53.44354077,-0.6979427,4.794124735,37.3109373
ALB,2006,LM,52.41323532,-0.6153929,5.309709539,37.3109373
ALB,2007,LM,51.4388392,-0.5171955,5.731781571,37.3109373
ALB,2008,LM,50.47596292,-0.4824716,5.422752704,37.3109373
ALB,2009,UM,49.46272901,-0.2900014,5.656708948,37.3109373
ALB,2010,UM,48.40341392,-0.2964483,5.960640217,38.56672221
ALB,2011,LM,47.39391652,-0.2490677,6.192222426,40.89041911
ALB,2012,UM,46.63056142,-0.3393566,5.37937813,41.04892897
ALB,2013,UM,46.22948913,-0.3564184,5.747654228,39.72199576
ALB,2014,UM,46.09907972,0.0801175,5.907101717,39.06036961
ALB,2015,UM,46.0636825,0.1835585,6.27591543,36.88088022
ALB,2016,UM,46.04186419,0.1974461,6.303405541,36.20986353
ALB,2017,UM,46.17477818,0.256049,6.516401133,34.13246524
ALB,2018,UM,46.50893245,0.2684643,6.708115065,32.50735868
ALB,2019,UM,47.04237531,0.0266494,6.967485863,33.72559551
ALB,2020,UM,47.68647127,0.0187103,7.069412463,37.71933343
ALB,2021,UM,48.44160172,0.1116368,6.918296958,36.43416869
ALB,2022,UM,49.25104634,0.1929668,7.504616345,33.79123815
ALB,2023,UM,50.02392582,0.293429,7.203061146,32.46656721
ALB,2024,UM,50.97429383,0.3123437,6.505973638,34.12608986
ALB,2025,UM,50.97429383,0.3123437,6.034119771,34.12608986
ALB,2026,UM,50.97429383,0.3123437,6.034119771,34.12608986
ARE,2000,H,28.38947842,0.7403877,13.04398532,81.93984492
ARE,2001,H,26.83214111,0.79555975,13.3137217,81.93984492
ARE,2002,H,25.58071336,0.8507318,13.06355532,81.93984492
ARE,2003,H,24.7137727,0.8458791,12.26243564,81.93984492
ARE,2004,H,24.20340565,0.5800975,11.5123693,81.93984492
ARE,2005,H,23.85084342,0.6201962,10.60808756,81.93984492
ARE,2006,H,23.50120022,0.87732,9.657045672,81.93984492
ARE,2007,H,22.99348562,0.9034445,9.02554579,81.93984492
ARE,2008,H,22.57225254,0.8286183,8.600261024,81.93984492
ARE,2009,H,22.45720015,0.8843205,9.195329213,81.93984492
ARE,2010,H,22.39292905,0.8322561,8.098830062,81.93984492
ARE,2011,H,22.32541883,0.9928203,7.856323643,81.93984492
ARE,2012,H,22.35112832,1.1560961,7.832353832,81.93984492
ARE,2013,H,22.41632266,1.1923106,7.6905088,81.93984492
ARE,2014,H,22.45733334,1.4160016,7.878194254,81.93984492
ARE,2015,H,22.4526562,1.4040254,8.885025554,81.93984492
ARE,2016,H,22.39338088,1.4113666,9.041259172,81.93984492
ARE,2017,H,22.31315143,1.3782191,9.135053506,78.14889232
ARE,2018,H,22.2647153,1.4114572,8.723034843,73.98430782
ARE,2019,H,22.21562064,1.3982083,8.842882725,75.28849703
ARE,2020,H,22.16525417,1.0036502,8.992073716,88.83569161
ARE,2021,H,22.14127931,1.0744083,8.77234435,76.16766214
ARE,2022,H,22.1229936,1.133184,8.544362524,65.45743118
ARE,2023,H,22.00266238,1.3100836,9.458594781,65.45743118
ARE,2024,H,21.76996047,1.2599659,9.373652894,65.45743118
ARE,2025,H,21.76996047,1.2599659,9.373652894,65.45743118
ARE,2026,H,21.76996047,1.2599659,9.373652894,65.45743118
ARG,2000,UM,60.8399424,0.0107824,16.49427194,23.89473362
ARG,2001,UM,60.44208877,-0.10723675,16.09322588,20.83357465
ARG,2002,UM,60.01001815,-0.2252559,20.34777391,15.3318584
ARG,2003,UM,59.51577206,-0.1358752,22.48675059,10.76270592
ARG,2004,UM,58.99088086,-0.023834,18.93701362,9.682518196
ARG,2005,UM,58.48853172,0.013348,18.34041594,10.65349292
ARG,2006,UM,58.00035267,0.0518902,17.87779386,11.91026166
ARG,2007,UM,57.50504346,0.0008549,17.04741545,13.09854135
ARG,2008,UM,57.07418767,-0.0710406,16.5383661,12.31394671
ARG,2009,UM,56.73568577,-0.0584799,15.58377727,12.41620754
ARG,2010,UM,56.45214211,0.0072363,15.84486081,12.69010625
ARG,2011,UM,56.27395376,0.0717304,15.85069839,14.00871512
ARG,2012,UM,56.1467748,0.0013935,15.21680091,15.21281502
ARG,2013,UM,56.04870447,-0.0162575,15.01105426,15.72909201
ARG,2014,H,56.02564279,0.1781782,14.77277855,13.82376925
ARG,2015,UM,56.05228915,0.1187015,14.18158545,14.41423304
ARG,2016,UM,56.04617213,0.3427634,13.48802597,13.66763343
ARG,2017,H,55.97280152,0.2956525,12.83516834,15.95849734
ARG,2018,UM,55.85292541,0.257748,14.0601434,15.21806329
ARG,2019,UM,55.5931802,0.2629574,13.54083907,14.47762924
ARG,2020,UM,55.02079689,0.148927,14.59052951,15.74648977
ARG,2021,UM,54.21952444,0.1125651,15.55841698,13.26442898
ARG,2022,UM,53.33854639,0.1085858,16.41656862,12.88910093
ARG,2023,UM,52.42433668,0.0614731,16.52555002,15.35708234
ARG,2024,UM,51.560957,0.1837479,15.18504581,15.11767784
ARG,2025,UM,51.560957,0.1837479,13.58365705,17.59829274
ARG,2026,UM,51.560957,0.1837479,13.58365705,17.59829274
ARM,2000,L,54.81338861,-0.6449407,9.424758532,24.85492197
ARM,2001,L,52.48894837,-0.4703337,9.424758532,24.85492197
ARM,2002,LM,51.07035314,-0.2957267,9.424758532,24.85492197
ARM,2003,LM,50.0136226,-0.3023479,9.424758532,24.85492197
ARM,2004,LM,48.99193064,-0.1956257,9.424758532,24.85492197
ARM,2005,LM,47.81930747,-0.2233106,9.424758532,24.85492197
ARM,2006,LM,46.48622315,-0.239965,9.424758532,24.85492197
ARM,2007,LM,45.13055402,-0.3655469,9.424758532,24.85492197
ARM,2008,LM,44.02614313,-0.2999247,9.424758532,24.85492197
ARM,2009,LM,43.29412919,-0.0404606,9.424758532,24.85492197
ARM,2010,LM,42.91722367,-0.1432718,9.424758532,28.4451646
ARM,2011,LM,42.85889529,-0.0113661,9.424758532,35.36788787
ARM,2012,LM,43.10666536,0.0313392,9.424758532,40.0600551
ARM,2013,LM,43.59557353,0.0697532,9.68257532,42.38024049
ARM,2014,LM,44.22034733,-0.1326294,9.666405536,48.91717311
ARM,2015,LM,45.007483,-0.1424065,9.206171059,45.63078261
ARM,2016,LM,45.91308902,-0.1056077,10.28464998,48.87564437
ARM,2017,UM,46.81888313,-0.010591,10.63112611,51.54258581
ARM,2018,UM,47.41273032,-0.1730616,11.27191844,55.50200273
ARM,2019,UM,47.81075434,-0.2531827,11.71149186,60.15523792
ARM,2020,UM,48.17548707,-0.3375702,12.3449098,72.19291409
ARM,2021,UM,48.47599514,-0.3553578,11.03159056,61.67381255
ARM,2022,UM,48.76019808,-0.3306901,11.43219296,52.55384268
ARM,2023,UM,48.71296536,-0.163441,10.23922397,55.40496026
ARM,2024,UM,49.11988084,-0.3640294,10.15771623,64.37994332
ARM,2025,UM,49.11988084,-0.3640294,10.99196769,70.53967725
ARM,2026,UM,49.11988084,-0.3640294,10.99196769,70.53967725
ATG,2000,UM,54.12723233,0.7532431,1.599450818,53.77134965
ATG,2001,UM,53.4690419,0.7533687,1.703804657,56.90766628
ATG,2002,H,52.55673941,0.7534943,1.776192342,60.08784048
ATG,2003,UM,51.54197879,0.7406422,1.865719744,58.26905273
ATG,2004,UM,50.46543189,0.5101852,1.811561516,54.42291661
ATG,2005,H,49.24265147,0.5788558,1.74970536,53.93032909
ATG,2006,H,48.09017252,0.5765812,1.767937908,56.97467556
ATG,2007,H,47.09959672,0.580021,1.631004524,56.86690256
ATG,2008,H,46.2576514,0.5827039,1.536749548,58.65563542
ATG,2009,UM,45.54996455,0.592072,2.013836948,65.79204509
ATG,2010,UM,44.73527965,0.7531799,2.094399151,69.96728036
ATG,2011,UM,43.87707486,0.7518252,2.181899783,67.71585243
ATG,2012,H,43.07732669,0.7521664,2.055216472,61.8781905
ATG,2013,H,42.37167569,0.7525475,2.733567301,61.27823541
ATG,2014,H,41.85150857,0.0795479,2.769636616,56.03329474
ATG,2015,H,41.38269106,0.4209115,2.801703592,48.63174113
ATG,2016,H,41.01945172,0.4218993,2.875733789,47.0134239
ATG,2017,H,40.852263,-0.2661901,2.959863517,44.22662526
ATG,2018,H,40.68108677,-0.2644291,3.008383618,41.65418746
ATG,2019,H,40.60759026,-0.2627126,3.011749664,41.94913127
ATG,2020,H,40.78388694,-0.6118196,2.911250925,53.77040578
ATG,2021,H,41.08929799,-0.6089105,2.775016529,45.43474642
ATG,2022,H,41.44829057,-0.0927924,2.704114905,38.36420892
ATG,2023,H,41.75667259,0.4312085,2.448044197,37.11782779
ATG,2024,H,42.01423595,0.4299698,2.53289006,39.35906988
ATG,2025,H,42.01423595,0.4299698,2.437142907,37.41838042
ATG,2026,H,42.01423595,0.4299698,2.437142907,37.41838042
AUS,2000,H,49.45983715,1.7893043,11.42483991,87.38103286
AUS,2001,H,49.28683546,1.85585005,10.80514812,88.18928303
AUS,2002,H,49.07392787,1.9223958,10.4098669,91.06854013
AUS,2003,H,48.84456173,1.9394757,10.72131808,98.97007014
AUS,2004,H,48.64976507,1.7890482,10.76061474,102.4476938
AUS,2005,H,48.47529979,1.8033736,10.16862115,108.2590107
AUS,2006,H,48.3296764,1.7583757,9.670441392,113.4059168
AUS,2007,H,48.21832327,1.7472507,9.103107448,120.2872496
AUS,2008,H,48.12539033,1.734412,9.006900472,121.4448193
AUS,2009,H,48.14825717,1.65062,8.33320822,122.1130741
AUS,2010,H,48.36386111,1.7130228,7.876168751,124.7913393
AUS,2011,H,48.76823832,1.7037267,7.250008785,121.7908062
AUS,2012,H,49.32897269,1.7045531,6.908725528,120.7747562
AUS,2013,H,49.92436731,1.6221252,6.474757695,124.1832756
AUS,2014,H,50.4910609,1.7947484,6.237000542,127.8838487
AUS,2015,H,51.06330103,1.6762148,6.161871538,135.8002927
AUS,2016,H,51.60344557,1.6248454,5.936287318,142.1042557
AUS,2017,H,52.04242149,1.6442984,5.637071151,140.108067
AUS,2018,H,52.44551517,1.7247815,5.580257544,139.4980628
AUS,2019,H,52.91975843,1.6666492,5.451709173,135.6667144
AUS,2020,H,53.60612464,1.6054566,5.50480994,141.7047493
AUS,2021,H,54.25581576,1.7024874,5.430212867,138.3395671
AUS,2022,H,54.58477184,1.7675146,5.288754086,133.6438831
AUS,2023,H,54.83305016,1.7818134,5.269356422,126.9621209
AUS,2024,H,55.21169219,1.8090452,5.376330445,129.3173497
AUS,2025,H,55.21169219,1.8090452,5.317145616,133.792638
AUS,2026,H,55.21169219,1.8090452,5.317145616,133.792638
AUT,2000,H,48.1071502,1.9747909,18.72669104,90.18438491
AUT,2001,H,47.66788899,1.9686441499999998,18.86650637,90.18438491
AUT,2002,H,47.21889279,1.9624974,18.28892364,89.16936762
AUT,2003,H,46.85243014,1.8622422,17.96134327,88.30933758
AUT,2004,H,46.97685411,1.8071699,17.80207847,88.42499081
AUT,2005,H,47.5504023,1.881578,17.85034335,94.96703597
AUT,2006,H,48.03186413,1.7737449,18.27817233,95.10906162
AUT,2007,H,48.21579739,1.7741679,18.54872112,93.50258949
AUT,2008,H,48.21324696,1.729943,17.89164925,96.44189203
AUT,2009,H,48.25400046,1.628888,16.82054319,98.34385103
AUT,2010,H,48.10464257,1.7509901,17.01462367,99.1468795
AUT,2011,H,47.88951521,1.5645026,17.14464731,96.67256926
AUT,2012,H,48.01622948,1.5204181,17.25648309,94.83797958
AUT,2013,H,48.30924803,1.5738779,17.10638988,93.34113914
AUT,2014,H,48.56450701,1.6929112,17.18677907,88.35991713
AUT,2015,H,48.7326907,1.6009157,17.24292873,86.4399965
AUT,2016,H,48.95586275,1.658232,17.66822515,83.58975397
AUT,2017,H,49.31093457,1.6138342,17.44270516,84.73708659
AUT,2018,H,49.68389606,1.6043579,17.3211161,84.86296388
AUT,2019,H,50.06709987,1.7527565,17.10228587,86.30279436
AUT,2020,H,50.51840768,1.9079985,16.59732647,93.05163379
AUT,2021,H,51.11109499,1.8163061,16.97944941,93.06245468
AUT,2022,H,51.82779871,1.7373291,16.65157884,89.18355299
AUT,2023,H,52.59408377,1.5790569,15.94139153,84.10247131
AUT,2024,H,53.45521492,1.5145106,15.13375273,81.7652651
AUT,2025,H,53.45521492,1.5145106,15.22715101,81.7652651
AUT,2026,H,53.45521492,1.5145106,15.22715101,81.7652651
AZE,2000,L,55.93151382,-1.3849617,5.292384646,32.86885403
AZE,2001,L,53.84734003,-1.2847139,6.187448265,32.86885403
AZE,2002,L,51.78847556,-1.1844661,7.430927835,32.86885403
AZE,2003,LM,49.80645837,-1.1894435,8.636395438,32.86885403
AZE,2004,LM,48.02960129,-1.0690396,8.283510351,32.86885403
AZE,2005,LM,46.41505227,-0.9041952,6.48752246,32.86885403
AZE,2006,LM,44.87031157,-0.8634636,5.772903308,32.86885403
AZE,2007,LM,43.3860991,-0.8094255,4.98404471,32.86885403
AZE,2008,LM,41.86351904,-0.8223916,4.705609759,32.86885403
AZE,2009,UM,40.38579548,-0.7260011,5.525890763,32.86885403
AZE,2010,UM,39.27431123,-0.8597442,4.808194984,32.86885403
AZE,2011,UM,38.70789751,-0.7958644,3.988326101,32.86885403
AZE,2012,UM,38.81041962,-0.8083243,4.23610388,32.86885403
AZE,2013,UM,39.54931003,-0.6064243,4.215736826,32.86885403
AZE,2014,UM,40.44582305,-0.4254637,4.707010697,32.86885403
AZE,2015,UM,41.33856307,-0.3537252,4.990805443,32.86885403
AZE,2016,UM,42.26944994,-0.1263081,4.930062292,32.86885403
AZE,2017,UM,42.96977434,-0.1355348,4.699464584,22.09960381
AZE,2018,UM,43.12455003,-0.1558709,4.620186785,20.76648582
AZE,2019,UM,43.21400029,-0.0555998,5.003528857,23.00186901
AZE,2020,UM,43.41714935,-0.0570333,6.101565073,26.0320151
AZE,2021,UM,43.4555528,-0.0569923,6.419092907,22.92504408
AZE,2022,UM,43.52168401,-0.0543532,5.283389825,18.29846879
AZE,2023,UM,43.58530627,0.0656316,5.133746561,23.12779805
AZE,2024,UM,43.61089091,0.1661183,5.547871474,26.35563943
AZE,2025,UM,43.61089091,0.1661183,5.979751189,24.86059283
AZE,2026,UM,43.61089091,0.1661183,5.979751189,24.86059283
BDI,2000,L,102.6838674,-1.8282942,10.90123278,17.08001445
BDI,2001,L,100.4862597,-1.88639975,10.92481796,16.30283234
BDI,2002,L,98.41965177,-1.9445053,11.0867341,20.31026273
BDI,2003,L,96.42367798,-1.95375,11.04303804,20.13272616
BDI,2004,L,94.22440228,-1.5282262,11.45083317,17.35074775
BDI,2005,L,92.71300656,-1.3694248,11.88584425,14.54366833
BDI,2006,L,91.90584507,-1.3396498,10.36407359,15.83088022
BDI,2007,L,91.4102335,-1.3584566,11.64894962,14.77452426
BDI,2008,L,90.64399223,-1.2512833,10.73626774,13.66291515
BDI,2009,L,89.85395435,-1.0910389,11.35631407,14.67938267
BDI,2010,L,90.00889409,-1.2006202,10.24279032,18.36191803
BDI,2011,L,91.00876956,-1.1611384,10.02917514,21.55998672
BDI,2012,L,92.15639285,-1.1869228,10.5375733,20.25648358
BDI,2013,L,93.38387195,-0.8972943,10.74728151,19.38967853
BDI,2014,L,94.62207065,-0.8758081,10.954881,19.29310314
BDI,2015,L,97.11045921,-0.9257032,10.92688969,18.09930663
BDI,2016,L,99.94342961,-1.0721309,12.27808622,17.34300794
BDI,2017,L,101.0676534,-0.9217583,12.34539517,14.87510956
BDI,2018,L,100.4896673,-1.0293582,13.2601609,16.50860113
BDI,2019,L,98.99976731,-0.9766193,12.8092756,18.57722612
BDI,2020,L,97.5964621,-1.0934389,11.02232478,19.64409142
BDI,2021,L,96.00543201,-1.1242343,10.75678985,28.46429395
BDI,2022,L,94.07956024,-1.1809945,11.23606514,35.06954106
BDI,2023,L,91.84666618,-1.108269,12.53384015,37.17997333
BDI,2024,L,89.50414668,-1.0060869,12.25592928,38.25757292
BDI,2025,L,89.50414668,-1.0060869,13.09904623,38.54317252
BDI,2026,L,89.50414668,-1.0060869,13.09904623,38.54317252
BEL,2000,H,52.46580014,1.7838968,17.53597445,66.29922874
BEL,2001,H,52.54945607,1.86010025,17.04054213,66.29922874
BEL,2002,H,52.52806542,1.9363037,16.79458705,64.13292449
BEL,2003,H,52.48313904,1.7075541,16.20023741,62.53089436
BEL,2004,H,52.4646246,1.6404506,16.08993608,61.84259333
BEL,2005,H,52.33342221,1.6989455,15.87094598,63.59777008
BEL,2006,H,51.96113191,1.5280568,15.01853751,65.8336191
BEL,2007,H,51.56263261,1.5124984,15.06031828,68.44384869
BEL,2008,H,51.41736769,1.5519592,13.99274072,62.75830286
BEL,2009,H,51.494438,1.7446252,12.84208171,58.46580254
BEL,2010,H,51.64736972,1.659156,13.12864357,56.78549641
BEL,2011,H,52.04180595,1.7960063,12.94993946,55.01452955
BEL,2012,H,52.60451488,1.8013661,12.62157646,54.49032815
BEL,2013,H,53.16027866,1.8156516,12.66437803,56.15986973
BEL,2014,H,53.75271165,1.5482903,12.58378949,57.61062312
BEL,2015,H,54.21858607,1.5255063,12.56773147,60.80262214
BEL,2016,H,54.65329254,1.3520474,12.24840834,63.61608628
BEL,2017,H,55.17678244,1.1503596,12.44582857,65.33723404
BEL,2018,H,55.65472684,1.2308189,12.34391996,68.16857232
BEL,2019,H,56.05633849,1.1205719,12.41325124,69.36000362
BEL,2020,H,56.30961718,1.1695968,12.01200903,76.12535092
BEL,2021,H,56.57984376,1.2282716,10.74480799,74.75369886
BEL,2022,H,56.97816551,1.3103839,12.52476952,72.5545339
BEL,2023,H,57.32180721,1.1646047,11.97318674,69.33697091
BEL,2024,H,57.61486666,1.1947395,11.444098,68.13764419
BEL,2025,H,57.61486666,1.1947395,11.1712291,68.13764419
BEL,2026,H,57.61486666,1.1947395,11.1712291,68.13764419
BEN,2000,L,94.55610203,-0.7956793,13.98385772,7.761429738
BEN,2001,L,93.79645895,-0.7156921,15.63826572,5.136080002
BEN,2002,L,93.04211706,-0.6357049,15.64299615,4.833189689
BEN,2003,L,92.3298887,-0.6449496,15.74663839,7.671284648
BEN,2004,L,91.70587362,-0.4463045,14.80842935,7.804471976
BEN,2005,L,90.97284565,-0.6133987,15.67081858,9.034310336
BEN,2006,L,90.46407038,-0.6931451,15.43835004,10.33506666
BEN,2007,L,90.214722,-0.6041193,13.7419113,12.30918321
BEN,2008,L,89.81848444,-0.5327602,12.24997876,12.78056591
BEN,2009,L,89.20222448,-0.4612493,12.21912052,15.12971165
BEN,2010,L,88.54669567,-0.4821387,11.73988533,15.83483768
BEN,2011,L,88.06239865,-0.4467532,11.73357014,16.57434044
BEN,2012,L,87.66222,-0.5014158,10.71215569,15.64759241
BEN,2013,L,87.33529844,-0.5198363,10.9217699,16.45394985
BEN,2014,L,87.01721219,-0.4471044,10.38662818,16.73710914
BEN,2015,L,86.69087258,-0.5410404,10.03567008,16.73570644
BEN,2016,L,86.37031188,-0.4948066,9.93126564,17.48237228
BEN,2017,L,85.99758631,-0.46663,9.62006825,16.57791951
BEN,2018,L,85.50699605,-0.362429,9.162461995,16.74641544
BEN,2019,LM,84.8779371,-0.3133743,9.86572844,17.61070254
BEN,2020,LM,84.13882337,-0.1887935,9.687913103,15.53712076
BEN,2021,LM,83.30426403,-0.2018892,9.479767827,15.58607928
BEN,2022,LM,82.42570821,-0.2149135,9.823575476,17.10004107
BEN,2023,LM,81.56778145,-0.216368,10.06208682,18.60833054
BEN,2024,LM,80.7358613,-0.1854211,10.17434496,18.98016117
BEN,2025,LM,80.7358613,-0.1854211,10.15256122,19.7665001
BEN,2026,LM,80.7358613,-0.1854211,10.15256122,19.7665001
BFA,2000,L,97.9986203,-0.973968,15.35693878,10.33639705
BFA,2001,L,96.84423258,-1.0282992,14.94120267,9.708668108
BFA,2002,L,95.7119731,-1.0826304,14.85118409,8.858713851
BFA,2003,L,94.71290094,-1.0893194,15.5877483,11.35347814
BFA,2004,L,93.86408452,-0.7835675,15.14056675,12.95342946
BFA,2005,L,93.16594836,-0.7423131,13.34076102,13.29620371
BFA,2006,L,92.73954822,-0.8342122,14.04397353,14.67788443
BFA,2007,L,92.64938761,-0.7284371,14.33772427,12.78455818
BFA,2008,L,92.83321534,-0.5880798,13.01313874,15.0909569
BFA,2009,L,93.11161116,-0.550792,13.54798244,16.0831018
BFA,2010,L,93.37035978,-0.518394,12.13998855,15.6345263
BFA,2011,L,93.53701099,-0.5279818,11.61215726,15.37034214
BFA,2012,L,93.52856567,-0.6191411,10.34232902,16.64245917
BFA,2013,L,93.38071844,-0.6252001,10.16977155,20.82103798
BFA,2014,L,93.07707657,-0.5627279,10.99604254,23.40560816
BFA,2015,L,92.60164045,-0.6531111,11.66029645,25.03777056
BFA,2016,L,91.94921186,-0.5249352,11.12043816,25.8099456
BFA,2017,L,91.13887578,-0.5109375,10.25938621,27.42160189
BFA,2018,L,90.14768288,-0.4822964,10.52520365,27.14971371
BFA,2019,L,88.90006323,-0.627609,10.41059839,28.34785789
BFA,2020,L,87.32057162,-0.6308904,10.03131853,28.67389053
BFA,2021,L,85.51438448,-0.7464479,9.811554226,29.48196965
BFA,2022,L,83.69849765,-0.8714085,10.22293461,31.64930567
BFA,2023,L,81.89081864,-0.864281,9.926985192,31.92064116
BFA,2024,L,80.03031699,-0.8748674,9.498792341,27.14335933
BFA,2025,L,80.03031699,-0.8748674,6.617606884,22.71946164
BFA,2026,L,80.03031699,-0.8748674,6.617606884,22.71946164
BGD,2000,L,68.87351077,-0.8710785,14.03531575,21.77938901
BGD,2001,L,67.82979224,-0.8626954499999999,14.17835702,24.17959271
BGD,2002,L,67.1451832,-0.8543124,14.31743755,26.20812497
BGD,2003,L,66.5127411,-1.0668967,14.14546156,26.03862768
BGD,2004,L,65.87312761,-0.906057,14.44207319,27.91340329
BGD,2005,L,65.19106486,-0.894647,14.74399876,29.3438305
BGD,2006,L,64.52403974,-0.9439661,15.30756218,31.1657017
BGD,2007,L,63.91228374,-0.8728241,15.93407299,32.04283305
BGD,2008,L,63.33568839,-0.844899,16.12436697,34.04219175
BGD,2009,L,62.70319389,-0.8145983,16.48018606,36.19103757
BGD,2010,L,61.96868286,-0.8070768,16.12122836,40.96132263
BGD,2011,L,61.09795495,-0.8372577,15.99673425,42.47024116
BGD,2012,L,60.03983624,-0.7988014,15.91422067,43.00066938
BGD,2013,L,58.85760607,-0.7739057,16.44201947,41.79475481
BGD,2014,LM,57.63639998,-0.6851605,16.61270766,43.73612387
BGD,2015,LM,56.45765399,-0.6547007,16.78867356,44.40697181
BGD,2016,LM,55.37187683,-0.5337691,20.3479481,37.79864267
BGD,2017,LM,54.64363954,-0.573203,20.07506151,40.44895614
BGD,2018,LM,54.32737517,-0.6193938,20.80229593,40.02473659
BGD,2019,LM,54.17518793,-0.5970582,21.20794388,39.03447094
BGD,2020,LM,54.06798937,-0.7213698,20.59833159,39.16105924
BGD,2021,LM,53.96059214,-0.5638994,21.23567299,39.08201633
BGD,2022,LM,53.62221377,-0.62345,21.76481936,38.95556843
BGD,2023,LM,53.09581931,-0.5574534,22.34201887,37.64138023
BGD,2024,LM,52.64237806,-0.6189746,21.89296036,35.81117158
BGD,2025,LM,52.64237806,-0.6189746,22.44139908,34.50434379
BGD,2026,LM,52.64237806,-0.6189746,22.44139908,34.50434379
BHR,2000,UM,47.06213412,0.4698725,13.24673495,40.51178965
BHR,2001,H,45.25925503,0.42595065,13.24673495,41.8156768
BHR,2002,H,42.43335398,0.3820288,13.24673495,44.53830714
BHR,2003,H,39.52880584,0.3777992,13.24673495,42.125486
BHR,2004,H,37.0133996,0.3772643,13.24673495,43.94291963
BHR,2005,H,34.92902284,0.2695948,13.24673495,43.68435091
BHR,2006,H,33.19612792,0.2778683,13.24673495,44.87775572
BHR,2007,H,31.73959724,0.3484973,14.4669591,53.11805426
BHR,2008,H,30.49734629,0.3002283,15.09656264,64.21337912
BHR,2009,H,29.34886289,0.3685138,13.98170618,71.43726731
BHR,2010,H,29.086028,0.3995029,14.58947024,64.93766774
BHR,2011,H,29.21957011,0.4333329,15.04749323,66.90659251
BHR,2012,H,28.49440252,0.3354941,14.76455787,66.51722715
BHR,2013,H,28.55973377,0.3589139,14.69942764,66.98763993
BHR,2014,H,29.79575273,0.4256973,14.83853648,61.3347998
BHR,2015,H,30.03479751,0.44791,17.17328658,70.5500803
BHR,2016,H,29.24200048,0.4226535,17.84164689,70.5500803
BHR,2017,H,28.85171181,0.4227562,18.18448911,70.5500803
BHR,2018,H,29.2252286,0.4181683,17.17069197,70.5500803
BHR,2019,H,30.04737343,0.4361988,17.04070226,70.5500803
BHR,2020,H,30.16339785,0.4205912,18.04689442,70.5500803
BHR,2021,H,29.4587459,0.7183116,20.52895561,70.5500803
BHR,2022,H,29.1621239,0.7297568,20.9350892,70.5500803
BHR,2023,H,29.24882721,0.7325207,20.12978825,70.5500803
BHR,2024,H,29.14921897,0.6002525,19.86678054,70.5500803
BHR,2025,H,29.14921897,0.6002525,19.89450415,70.5500803
BHR,2026,H,29.14921897,0.6002525,19.89450415,70.5500803
BHS,2000,H,52.68994653,1.1423342,2.887400065,44.80670392
BHS,2001,H,52.4953368,1.1424162,2.21211542,46.91367821
BHS,2002,H,52.23453044,1.1424982,2.525570984,45.82396894
BHS,2003,H,51.86311374,1.1341046,2.412602352,46.16074921
BHS,2004,H,51.42992116,0.9250596,2.686827258,47.9211599
BHS,2005,H,50.99869592,1.129609,2.391167321,50.36396169
BHS,2006,H,50.53082776,1.1276848,2.521822518,56.6101945
BHS,2007,H,49.84944358,1.1305946,2.295085673,58.5628262
BHS,2008,H,49.07504537,1.1328642,2.098612958,62.10146304
BHS,2009,H,48.5416462,0.9769895,2.092775367,66.07920689
BHS,2010,H,48.08107672,0.9780496,2.127625855,65.1481414
BHS,2011,H,47.55464877,0.977426,2.191560457,66.01393185
BHS,2012,H,47.09103944,0.9775831,2.945785605,61.84190888
BHS,2013,H,46.67822694,0.9777585,2.605175985,62.19105897
BHS,2014,H,46.31606343,0.7471619,2.650124337,58.0675279
BHS,2015,H,45.95333687,0.7458537,2.482766777,54.08359803
BHS,2016,H,45.54282028,0.7463085,3.072157833,51.94219293
BHS,2017,H,45.10631656,0.7464561,2.607878267,51.94219293
BHS,2018,H,44.67751977,0.7472668,2.180323265,51.94219293
BHS,2019,H,44.24623189,0.748057,2.094599684,51.94219293
BHS,2020,H,43.80898754,0.5873396,1.942450208,51.94219293
BHS,2021,H,43.32846377,0.5886789,1.906621251,51.94219293
BHS,2022,H,42.86376557,0.7093344,1.078665592,51.94219293
BHS,2023,H,42.50308596,0.7099538,0.855198968,51.94219293
BHS,2024,H,42.22429363,0.7092986,0.629705422,51.94219293
BHS,2025,H,42.22429363,0.7092986,0.629705422,51.94219293
BHS,2026,H,42.22429363,0.7092986,0.629705422,51.94219293
BIH,2000,LM,44.60514885,-1.4050976,9.296022749,47.77516379
BIH,2001,LM,43.98294434,-1.3762202000000001,9.406457855,47.77516379
BIH,2002,LM,43.53144067,-1.3473428,9.313524222,47.77516379
BIH,2003,LM,43.31115798,-1.3536094,9.299792518,47.77516379
BIH,2004,LM,43.40693135,-0.7838016,9.117743449,47.77516379
BIH,2005,LM,43.57492088,-0.7211271,9.942766707,47.77516379
BIH,2006,LM,43.5084351,-0.6810722,10.01778722,47.77516379
BIH,2007,LM,43.45977761,-0.7722494,10.81107321,60.22376308
BIH,2008,UM,43.6036605,-0.6884491,11.0122791,65.61371848
BIH,2009,UM,43.89354425,-0.6804742,10.47754043,64.06832059
BIH,2010,UM,44.27895575,-0.7085987,10.88480804,61.84531112
BIH,2011,UM,44.64575157,-0.7322155,10.91601273,60.54884345
BIH,2012,UM,44.91814943,-0.5915425,10.54511041,61.71592716
BIH,2013,UM,45.13631533,-0.5381602,10.93711638,60.8344455
BIH,2014,UM,45.47391076,-0.2379292,10.94019508,60.21667067
BIH,2015,UM,46.0547617,-0.4626996,11.11779216,57.96827388
BIH,2016,UM,46.81550553,-0.4139216,11.81382636,57.17117811
BIH,2017,UM,47.71352378,-0.4707049,12.56398249,57.52365356
BIH,2018,UM,48.79812709,-0.6666,12.7319507,56.65951147
BIH,2019,UM,49.99195239,-0.7937191,12.48001384,57.16910265
BIH,2020,UM,51.07123773,-0.7051218,12.66183705,57.65856181
BIH,2021,UM,51.88255515,-0.8403621,13.98630046,53.28938025
BIH,2022,UM,52.62459079,-0.7459726,14.37138303,48.09929174
BIH,2023,UM,53.52102153,-0.6453703,13.27653281,47.34475188
BIH,2024,UM,54.48324279,-0.6353163,12.69832054,48.0664491
BIH,2025,UM,54.48324279,-0.6353163,12.02799242,48.0664491
BIH,2026,UM,54.48324279,-0.6353163,12.02799242,48.0664491
BLR,2000,LM,47.36111411,-1.3091068,27.04350873,24.8038771
BLR,2001,LM,46.41012687,-1.3614174499999998,26.5995854,24.8038771
BLR,2002,LM,45.55159145,-1.4137281,25.96840651,24.8038771
BLR,2003,LM,44.76783208,-1.4203492,26.65350282,24.8038771
BLR,2004,LM,44.0220568,-1.2599731,28.55028225,24.8038771
BLR,2005,LM,43.33712345,-1.2876715,25.3421468,24.8038771
BLR,2006,LM,42.77255951,-0.9909852,24.99981077,24.8038771
BLR,2007,UM,42.21465043,-0.9883947,24.90693694,24.8038771
BLR,2008,UM,41.48495569,-1.0478556,26.18436746,28.63419287
BLR,2009,UM,40.8605572,-1.0481149,22.45711032,35.9356304
BLR,2010,UM,40.43681878,-1.0551971,22.51049771,42.81137331
BLR,2011,UM,40.34676839,-1.0673804,26.42142264,37.95861837
BLR,2012,UM,40.86312257,-1.0741204,24.78109232,21.77755644
BLR,2013,UM,41.69028244,-1.0027888,21.99565074,22.92620252
BLR,2014,UM,42.71756407,-0.4791856,21.08754522,23.63266211
BLR,2015,UM,43.84910453,-0.3341197,20.64429899,27.88282009
BLR,2016,UM,44.94476202,-0.3286362,20.15218696,25.71702914
BLR,2017,UM,46.00965897,-0.201457,21.6291152,26.2361144
BLR,2018,UM,46.88669827,-0.229958,21.2579004,27.61409406
BLR,2019,UM,47.80955364,-0.2387162,21.63990615,28.7688813
BLR,2020,UM,48.76653985,-0.6167824,21.48679409,32.50829684
BLR,2021,UM,49.57261453,-0.6825409,22.75838285,29.1729869
BLR,2022,UM,50.30053361,-0.5969261,23.99409521,29.1729869
BLR,2023,UM,50.91436866,-0.5964061,22.159252,29.1729869
BLR,2024,UM,51.43207201,-0.7015463,20.87681216,29.1729869
BLR,2025,UM,51.43207201,-0.7015463,20.50611507,29.1729869
BLR,2026,UM,51.43207201,-0.7015463,20.50611507,29.1729869
BLZ,2000,LM,78.14529851,-0.2793718,10.38529507,29.86056789
BLZ,2001,LM,76.86906737,-0.2792462,8.913329832,32.89250418
BLZ,2002,UM,75.67109489,-0.2791206,8.451015488,35.53804306
BLZ,2003,UM,74.4784432,-0.2919728,7.954595355,38.62891762
BLZ,2004,UM,73.2803541,-0.392167,7.93612993,40.16988263
BLZ,2005,UM,72.10614395,-0.4764967,7.903830731,40.10650083
BLZ,2006,UM,70.92152683,-0.469515,7.806921141,42.22438901
BLZ,2007,UM,69.70718204,-0.5193893,7.615641618,45.55002188
BLZ,2008,LM,68.47489151,-0.5237277,7.417411083,49.40662648
BLZ,2009,LM,67.19525501,-0.5186637,7.772103617,52.87537639
BLZ,2010,LM,65.36626424,-0.2767142,7.300385754,49.83459338
BLZ,2011,LM,63.16521514,-0.2683306,6.968042889,47.62180512
BLZ,2012,UM,61.18667759,-0.268194,7.44862965,46.47995486
BLZ,2013,UM,59.36548069,-0.2680415,7.368893968,44.87032809
BLZ,2014,UM,57.65303356,-0.4369717,7.056427003,44.69447119
BLZ,2015,UM,56.03797463,-0.3941298,6.962299379,45.89121401
BLZ,2016,UM,54.39928199,-0.41265,6.816374022,44.73528906
BLZ,2017,UM,52.9365964,-0.4124914,6.645340807,44.37636602
BLZ,2018,UM,51.89718678,-0.3950567,6.214874433,45.33084975
BLZ,2019,UM,51.03875107,-0.3772395,6.214356419,45.96264817
BLZ,2020,LM,50.10562379,-0.3797712,6.706593211,55.07824264
BLZ,2021,UM,49.06398109,-0.3782688,6.565996443,47.61783898
BLZ,2022,UM,47.75234524,-0.1413049,6.690179828,42.48679054
BLZ,2023,UM,46.70044784,-0.0642292,6.490611461,42.03925825
BLZ,2024,UM,46.20356998,-0.129095,6.59392256,41.27758607
BLZ,2025,UM,46.20356998,-0.129095,6.59392256,43.10591195
BLZ,2026,UM,46.20356998,-0.129095,6.59392256,43.10591195
BOL,2000,LM,76.33366491,-0.4884996,13.24110584,58.72180269
BOL,2001,LM,75.68273551,-0.4891339,13.34477192,53.55660003
BOL,2002,LM,74.83791796,-0.4897682,13.03542179,51.00167685
BOL,2003,LM,73.82658365,-0.5017882,12.78444761,47.88051986
BOL,2004,LM,72.72825539,-0.5545755,12.50745462,42.65070129
BOL,2005,LM,71.58077688,-0.4652255,11.62694489,39.7951589
BOL,2006,LM,70.43183202,-0.4843923,11.33160286,35.17788766
BOL,2007,LM,69.3299621,-0.4495042,11.41491615,34.34642796
BOL,2008,LM,68.28748995,-0.4878087,11.16847386,31.49483437
BOL,2009,LM,67.29855659,-0.3618237,11.61672571,34.02142978
BOL,2010,LM,66.35793519,-0.3055989,11.27002247,36.02902219
BOL,2011,LM,65.44326682,-0.2672438,10.33846377,36.75350592
BOL,2012,LM,64.55764224,-0.2476484,10.21420878,38.96580384
BOL,2013,LM,63.66731188,-0.1627207,9.927811227,40.93109503
BOL,2014,LM,62.72712137,-0.3868723,9.738327963,43.7497193
BOL,2015,LM,61.8121002,-0.4320931,10.19119085,51.44887246
BOL,2016,LM,60.97437114,-0.3327318,10.98422154,57.40864577
BOL,2017,LM,60.19138095,-0.313079,11.56848906,47.87330074
BOL,2018,LM,59.43995528,-0.364265,11.18229585,52.11611245
BOL,2019,LM,58.71375803,-0.4578656,11.23860282,54.88626549
BOL,2020,LM,57.91258899,-0.4718419,11.35857902,67.91757078
BOL,2021,LM,57.0117014,-0.4784584,12.02318117,62.84883823
BOL,2022,LM,56.19534865,-0.4335715,12.25621548,62.9475276
BOL,2023,LM,55.50373717,-0.4093864,11.8359231,60.22197084
BOL,2024,LM,54.86597814,-0.6104172,13.06615006,59.24277947
BOL,2025,LM,54.86597814,-0.6104172,13.06615006,51.75242721
BOL,2026,LM,54.86597814,-0.6104172,13.06615006,51.75242721
BRA,2000,UM,53.93203413,-0.161961,13.13465959,31.14098578
BRA,2001,UM,52.81830173,-0.10780435,13.08953794,29.00403802
BRA,2002,LM,51.75324971,-0.0536477,12.35696267,29.64514194
BRA,2003,LM,50.75000139,-0.1177712,14.45076456,27.68566994
BRA,2004,LM,49.83206027,-0.2171344,15.09953016,29.37277026
BRA,2005,LM,49.01296994,-0.3449277,14.73828114,31.83978415
BRA,2006,UM,48.26847113,-0.378799,14.10894587,35.42516668
BRA,2007,UM,47.58261245,-0.3870143,14.15426481,40.69093794
BRA,2008,UM,46.92959227,-0.1188332,13.9551769,45.782256
BRA,2009,UM,46.30616746,-0.0252665,13.05946215,47.49428985
BRA,2010,UM,45.71872567,-0.0076855,12.72185961,52.76465763
BRA,2011,UM,45.16099944,-0.0357455,11.78379767,58.07849111
BRA,2012,UM,44.64290094,-0.0055523,10.67594231,62.5192932
BRA,2013,UM,44.17511735,0.1384625,10.47961229,64.23057383
BRA,2014,UM,43.81837033,-0.0203333,10.3370974,66.02851039
BRA,2015,UM,43.59359344,-0.1018264,10.52093746,66.82970065
BRA,2016,UM,43.43981091,-0.1005395,10.78645111,62.19400696
BRA,2017,UM,43.37133009,-0.1049895,10.72149801,59.4843093
BRA,2018,UM,43.43165223,-0.2064206,10.52845738,60.21834794
BRA,2019,UM,43.5397483,0.0428329,10.33250053,62.79050508
BRA,2020,UM,43.58606703,-0.0873995,10.69293157,68.69615485
BRA,2021,UM,43.64046984,-0.0686134,11.90437301,68.80522468
BRA,2022,UM,43.79026299,-0.2352194,13.07408163,70.60609738
BRA,2023,UM,44.02909476,-0.2666224,13.25316362,71.07554055
BRA,2024,UM,44.32997639,-0.224003,12.11080652,75.63087309
BRA,2025,UM,44.32997639,-0.224003,11.77226328,75.10299273
BRA,2026,UM,44.32997639,-0.224003,11.77226328,75.10299273
BRB,2000,H,49.616342,0.7532431,7.743095277,47.90210819
BRB,2001,UM,49.22126883,0.7533687,7.793419545,59.24814209
BRB,2002,H,49.00297275,0.7534943,7.535812007,60.45039433
BRB,2003,UM,48.7596691,0.7406422,8.090045178,62.40247702
BRB,2004,UM,48.34889168,0.6014911,7.770358543,67.26832632
BRB,2005,UM,47.82204471,1.3423683,7.015316141,72.76447179
BRB,2006,H,47.21787539,1.4131061,7.711694579,73.6824584
BRB,2007,H,46.73416845,1.3271495,6.886124449,71.28230432
BRB,2008,H,46.64171681,1.5294458,7.164707642,75.53214274
BRB,2009,H,46.85449178,1.3184236,7.019127254,82.77161996
BRB,2010,H,47.00952849,1.2232303,5.501633384,79.14770548333333
BRB,2011,H,47.03862067,1.2759677,5.820347261,75.52379100666667
BRB,2012,H,47.08525419,1.2905412,5.381120443,71.89987653
BRB,2013,H,47.15147275,1.2093535,5.482029633,68.86102004
BRB,2014,H,47.23070006,1.164952,5.211966752,67.73966442
BRB,2015,H,47.28800853,1.1636099,5.581706279,68.65015738
BRB,2016,H,47.30181811,0.9780647,5.589411937,69.93562455
BRB,2017,H,47.43746941,0.9782162,5.555970556,70.11366691
BRB,2018,H,47.75585184,0.9790479,5.294582126,68.56261992
BRB,2019,H,48.22627745,0.7790151,5.242599507,67.32121396
BRB,2020,H,48.88113736,0.6105647,5.098033693,75.93759545
BRB,2021,H,49.61660834,0.6625554,4.804224666,68.4902597
BRB,2022,H,50.20510229,0.7073038,5.152428434,61.05824098
BRB,2023,H,50.55805297,0.6052291,5.15157921,59.73078831
BRB,2024,H,51.03814092,0.60457,4.949555953,59.73078831
BRB,2025,H,51.03814092,0.60457,4.949555953,59.73078831
BRB,2026,H,51.03814092,0.60457,4.949555953,59.73078831
BRN,2000,H,49.49097121,0.4679436,2.459671449,31.70455946
BRN,2001,H,47.99350035,0.46802560000000004,2.29641462,31.70455946
BRN,2002,H,46.51040567,0.4681076,2.857530438,31.70455946
BRN,2003,H,45.06189372,0.459714,2.496517895,31.70455946
BRN,2004,H,43.67117466,0.4073455,2.11413731,31.70455946
BRN,2005,H,42.35241857,0.4552184,1.672249928,31.70455946
BRN,2006,H,41.09817487,0.6451745,1.226915035,31.70455946
BRN,2007,H,40.47687588,0.6480843,1.104461083,34.20035173
BRN,2008,H,40.46139832,0.6779864,0.902506209,31.76852752
BRN,2009,H,40.45462009,0.7798184,1.222361318,40.10178643
BRN,2010,H,40.40891701,0.7436709,1.249452716,36.90827107
BRN,2011,H,40.20191879,0.7425023,1.22071571,28.1209484
BRN,2012,H,39.79504255,0.7478848,1.45830407,27.99214233
BRN,2013,H,39.3225002,0.8076506,1.145192306,31.19241555
BRN,2014,H,38.84320924,1.1383825,1.58675847,33.20797849
BRN,2015,H,38.37786285,1.1373096,1.617832604,41.43626782
BRN,2016,H,38.00622952,0.9756594,1.809332654,44.30216388
BRN,2017,H,37.74049708,1.0134455,1.76286646,39.46186112
BRN,2018,H,37.55282216,1.0202584,2.134321327,35.0404688
BRN,2019,H,37.42875237,1.0771038,2.327822625,35.70555075
BRN,2020,H,37.38714947,1.0752528,6.832099065,39.68988317
BRN,2021,H,37.47995118,1.0763513,9.678450593,36.26937709
BRN,2022,H,37.71006402,0.9849534,11.62580714,31.55563457
BRN,2023,H,37.99864692,0.9854734,10.37913399,37.08384979
BRN,2024,H,38.29947486,0.8351988,10.65531559,37.70964975
BRN,2025,H,38.29947486,0.8351988,9.93459231,40.14766706
BRN,2026,H,38.29947486,0.8351988,9.93459231,40.14766706
BTN,2000,L,73.48298343,0.2369357,7.609592117,8.439542256
BTN,2001,L,71.28363031,0.23706125,7.818625749,9.392923405
BTN,2002,L,68.87786012,0.2371868,6.931635704,10.66621842
BTN,2003,L,66.30033382,0.2243347,6.679683258,12.38747437
BTN,2004,L,63.56587198,0.2677191,6.706622659,15.11374768
BTN,2005,L,61.07337634,0.3537186,6.594809019,17.19786162
BTN,2006,LM,59.09131874,0.1891631,7.058428398,20.38456184
BTN,2007,LM,57.32371119,0.2046584,7.560223922,22.30783671
BTN,2008,LM,55.63338284,0.2599671,7.799965193,28.61546792
BTN,2009,LM,54.10461101,0.4132294,7.577621438,30.80098577
BTN,2010,LM,52.75716724,0.4330688,7.877360417,38.45892203
BTN,2011,LM,51.58891446,0.4711814,7.428699324,43.08341596
BTN,2012,LM,50.62304707,0.5172017,7.959029223,42.25003904
BTN,2013,LM,49.83617192,0.6398365,7.501879556,42.2246323
BTN,2014,LM,49.1110962,0.4198133,7.408986194,41.08529995
BTN,2015,LM,48.34136512,0.3649184,7.311660633,42.52914215
BTN,2016,LM,47.54873624,0.440651,6.810829598,44.12893414
BTN,2017,LM,46.31882562,0.4832628,6.909396759,48.31302455
BTN,2018,LM,44.65309417,0.5384773,8.747056654,54.84782854
BTN,2019,LM,43.04411822,0.4846393,6.131166691,59.37341912
BTN,2020,LM,41.62592654,0.4837444,4.929171062,67.55249884
BTN,2021,LM,40.44343906,0.5963822,7.224182782,64.88887856
BTN,2022,LM,39.44021356,0.5347986,8.727092291,67.87143654
BTN,2023,LM,38.56216291,0.5353028,7.851818494,71.44366828
BTN,2024,LM,37.74786032,0.5808357,6.617940858,68.39427126
BTN,2025,LM,37.74786032,0.5808357,6.617940858,72.26068022
BTN,2026,LM,37.74786032,0.5808357,6.617940858,72.26068022
BWA,2000,UM,71.60093709,0.2321815,5.626987325,14.71113308
BWA,2001,UM,69.70410272,0.33824125,5.84016042,16.58616021
BWA,2002,UM,67.9250404,0.444301,6.057066481,19.28015902
BWA,2003,UM,66.29077118,0.6238241,5.705543083,19.97736212
BWA,2004,UM,64.86542704,0.5092061,5.554128172,21.9357047
BWA,2005,UM,63.65372471,0.5932223,4.949504722,19.76342857
BWA,2006,UM,62.63976532,0.3623225,7.102391339,20.93623104
BWA,2007,UM,61.7737878,0.5667941,8.528467094,23.46175582
BWA,2008,UM,61.0149548,0.5227345,7.681821076,26.30225881
BWA,2009,UM,60.3740691,0.5628411,8.469439529,29.35643862
BWA,2010,UM,59.93296241,0.5312259,8.499444492,27.51492774
BWA,2011,UM,59.80504662,0.5431636,7.731255714,27.85352853
BWA,2012,UM,60.18823447,0.5525088,8.073710842,32.91046086
BWA,2013,UM,60.73925511,0.5476863,7.993242275,33.19446228
BWA,2014,UM,61.0233976,0.5180867,7.848786645,32.58369282
BWA,2015,UM,61.06008705,0.5694337,7.242023885,35.99436798
BWA,2016,UM,60.83657798,0.5361603,6.503236311,32.69064478
BWA,2017,UM,60.39227257,0.4156169,6.173604206,33.95222131
BWA,2018,UM,59.77944968,0.3467776,6.147461526,34.73966332
BWA,2019,UM,59.02123594,0.4033395,6.092369912,35.9371549
BWA,2020,UM,58.13953799,0.310377,5.659050883,39.72853196
BWA,2021,UM,57.36752363,0.4025631,5.227654821,34.53202846
BWA,2022,UM,56.99423922,0.4593723,5.385084073,29.88921584
BWA,2023,UM,56.86498226,0.5409963,5.623655334,30.05596849
BWA,2024,UM,56.65514653,0.4168893,5.579917025,33.12565044
BWA,2025,UM,56.65514653,0.4168893,5.691170407,33.22750519
BWA,2026,UM,56.65514653,0.4168893,5.691170407,33.22750519
CAF,2000,L,91.46129135,-1.3119868,19.30696633,4.746257023
CAF,2001,L,91.17136073,-1.5197379,19.30696633,6.109479139
CAF,2002,L,90.72020506,-1.727489,19.30696633,5.84049758
CAF,2003,L,90.08207684,-1.7367337,19.30696633,6.183484712
CAF,2004,L,89.77653598,-1.6558153,19.30696633,7.160591845
CAF,2005,L,89.48390398,-1.7555964,19.30696633,6.898907878
CAF,2006,L,89.64441069,-1.67014,19.30696633,6.705660372
CAF,2007,L,90.11277425,-1.6327306,19.30696633,6.785260826
CAF,2008,L,90.42941787,-1.6332668,19.30696633,7.020111129
CAF,2009,L,90.87642092,-1.5246398,19.30696633,6.962529158
CAF,2010,L,91.59104787,-1.4094241,18.39649783,8.30898125
CAF,2011,L,92.98220175,-1.4041863,19.96856112,9.180465421
CAF,2012,L,95.31768651,-1.4247717,23.65146879,10.77194141
CAF,2013,L,97.9595631,-1.5187178,21.06138825,13.57682599
CAF,2014,L,101.4546168,-1.6249509,17.44322761,12.7910233
CAF,2015,L,103.9170152,-1.6179467,19.74492116,11.7154336
CAF,2016,L,104.2122105,-1.5617326,19.45417359,12.31484324
CAF,2017,L,104.593669,-1.5629538,18.44042004,11.21501773
CAF,2018,L,104.9582451,-1.5339025,18.1315381,12.34433199
CAF,2019,L,104.9544762,-1.5816743,17.78232111,11.70501456
CAF,2020,L,104.5493315,-1.6123187,17.72702657,11.70390713
CAF,2021,L,105.0233755,-1.5775561,18.71456683,11.7946888
CAF,2022,L,105.5875593,-1.5903191,18.34177215,13.03858265
CAF,2023,L,105.1775624,-1.5707645,17.95123789,13.03858265
CAF,2024,L,104.7268498,-1.57655,17.95123789,13.03858265
CAF,2025,L,104.7268498,-1.57655,17.95123789,13.03858265
CAF,2026,L,104.7268498,-1.57655,17.95123789,13.03858265
CAN,2000,H,46.50546817,1.9204677,17.33599262,73.98773849
CAN,2001,H,46.04909939,1.94840115,16.37354908,121.3528318
CAN,2002,H,45.61621329,1.9763346,16.01681845,117.839259
CAN,2003,H,45.22497565,1.9080933,15.01182711,113.2407999
CAN,2004,H,44.82396633,1.8705174,14.65518726,115.4432267
CAN,2005,H,44.41245305,1.861353,13.7300267,121.660066
CAN,2006,H,44.10567014,1.7978845,12.93027414,134.1181186
CAN,2007,H,43.97283413,1.820534,12.21632037,123.5336481
CAN,2008,H,43.97981018,1.8470855,10.91558221,124.0974721
CAN,2009,H,44.06832963,1.7892317,10.36652227,124.0974721
CAN,2010,H,44.24260347,1.8008051,10.32626833,124.0974721
CAN,2011,H,44.61663929,1.8561632,10.27297652,124.0974721
CAN,2012,H,45.23949936,1.9358475,10.35394084,124.0974721
CAN,2013,H,45.98567192,1.8530136,9.924641277,124.0974721
CAN,2014,H,46.76566503,1.9138517,9.75583225,124.0974721
CAN,2015,H,47.58596316,1.8766375,10.31252324,124.0974721
CAN,2016,H,48.38950826,1.8665128,10.24687305,124.0974721
CAN,2017,H,49.09811431,1.9509261,10.00221428,124.0974721
CAN,2018,H,49.73347951,1.8344901,10.18471387,124.0974721
CAN,2019,H,50.41057292,1.8495246,9.608924397,124.0974721
CAN,2020,H,51.19835048,1.6877631,9.302017672,124.0974721
CAN,2021,H,52.03424854,1.682819,9.529093825,124.0974721
CAN,2022,H,52.64531693,1.8072447,9.324466954,124.0974721
CAN,2023,H,53.05184551,1.7452669,9.324466954,124.0974721
CAN,2024,H,53.63558435,1.7591249,9.324466954,124.0974721
CAN,2025,H,53.63558435,1.7591249,9.324466954,124.0974721
CAN,2026,H,53.63558435,1.7591249,9.324466954,124.0974721
CHE,2000,H,48.60317053,2.0696735,17.74163168,140.3002961
CHE,2001,H,48.27152493,2.07091485,18.46489802,134.9760564
CHE,2002,H,47.79988776,2.0721562,18.86127153,135.480433
CHE,2003,H,47.50521464,2.0303577,18.7019408,139.1614847
CHE,2004,H,47.25534196,1.9871918,18.66697288,140.9245686
CHE,2005,H,47.04255627,1.9793939,18.95865222,144.2285102
CHE,2006,H,46.890118,1.8501751,19.28902053,147.9285837
CHE,2007,H,46.78475227,1.8757502,19.48834971,151.063647
CHE,2008,H,46.7146643,1.8685125,19.64350126,143.9787712
CHE,2009,H,46.80409756,1.8264497,18.32080233,152.5891381
CHE,2010,H,47.0257983,1.7959169,18.31662402,151.1241175
CHE,2011,H,47.32106799,1.8422401,18.70894807,153.8824717
CHE,2012,H,47.65531035,1.9392653,18.34260705,159.5656959
CHE,2013,H,47.99640755,1.8855359,18.41928689,161.2047239
CHE,2014,H,48.35248133,2.0976109,18.25768831,161.8645564
CHE,2015,H,48.69388294,2.0359711,17.85684236,163.9239418
CHE,2016,H,49.06411867,2.0910112,18.24475548,167.772891
CHE,2017,H,49.54162642,2.0953521,18.43225577,167.772891
CHE,2018,H,50.09373005,2.1122705,18.5519498,167.772891
CHE,2019,H,50.63277754,2.0556232,19.21212275,167.772891
CHE,2020,H,51.06523591,1.9595956,19.0466158,167.772891
CHE,2021,H,51.53130325,2.0800555,20.69274354,167.772891
CHE,2022,H,52.18171462,2.0265432,19.92381535,167.772891
CHE,2023,H,52.9575219,2.0409373,19.35658394,167.772891
CHE,2024,H,53.77486492,1.8402935,19.06642429,167.772891
CHE,2025,H,53.77486492,1.8402935,18.92541812,167.772891
CHE,2026,H,53.77486492,1.8402935,18.92541812,167.772891
CHL,2000,UM,53.82390994,0.9391959,15.19252743,73.08169596
CHL,2001,UM,53.16281225,1.02221165,15.93677744,73.08169596
CHL,2002,UM,52.40799637,1.1052274,15.78367468,74.34609828
CHL,2003,UM,51.54824174,1.1599142,15.19375864,75.83206214
CHL,2004,UM,50.6197974,1.1459329,14.22163976,76.74998578
CHL,2005,UM,49.6636025,1.3054961,12.81919833,77.63456541
CHL,2006,UM,48.70800134,1.2768856,11.68367882,78.11332337
CHL,2007,UM,47.84828427,1.2860486,10.6421644,84.07524732
CHL,2008,UM,47.14141385,1.1968363,9.974005669,100.1725681
CHL,2009,UM,46.56312248,1.2743821,10.26115899,102.6870759
CHL,2010,UM,46.072055,1.155394,9.887173592,99.47559066
CHL,2011,UM,45.6658086,1.2408511,9.909053173,101.8634854
CHL,2012,H,45.39216446,1.2838887,9.827732894,104.2666865
CHL,2013,H,45.26026439,1.2255779,9.985032902,104.1493446
CHL,2014,H,45.25181205,1.1023819,9.920465713,107.2940277
CHL,2015,H,45.32540587,1.0506453,10.39886467,108.6831579
CHL,2016,H,45.35790539,0.9734877,9.705924386,109.6589862
CHL,2017,H,45.24138774,0.9620758,9.160845013,111.8597311
CHL,2018,H,45.07873012,1.0356277,9.60421397,116.0982746
CHL,2019,H,44.98846262,1.0469727,8.976742564,123.2387298
CHL,2020,H,45.01082268,0.8727629,9.01832546,123.5325706
CHL,2021,H,45.03898191,0.8697585,8.557846525,109.2588461
CHL,2022,H,45.04869133,0.8753581,9.50169648,112.6695848
CHL,2023,H,45.09083475,0.9969509,9.580466261,109.5050875
CHL,2024,H,45.14050852,0.964461,9.37258928,104.5678163
CHL,2025,H,45.14050852,0.964461,8.953519626,102.084209
CHL,2026,H,45.14050852,0.964461,8.953519626,102.084209
CHN,2000,LM,46.11674052,-0.4964127,31.51015947,109.994877
CHN,2001,LM,44.96931365,-0.50689005,31.51015947,108.7747922
CHN,2002,LM,43.53367413,-0.5173674,31.51015947,115.9793905
CHN,2003,LM,42.09097884,-0.5050609,31.51015947,123.9084413
CHN,2004,LM,40.69383682,-0.3548072,31.51015947,116.9111601
CHN,2005,LM,39.24492386,-0.4690918,31.6564575,110.3184129
CHN,2006,LM,38.20944139,-0.3960377,31.99452136,107.6184841
CHN,2007,LM,37.70811379,-0.2451269,31.90059327,104.2104649
CHN,2008,LM,37.40432649,-0.1403096,31.61697915,100.407961
CHN,2009,LM,37.25673499,-0.14832,31.06115286,122.3011477
CHN,2010,UM,37.24108329,-0.1269778,31.07489564,124.4256085
CHN,2011,UM,37.36486663,-0.104167,31.56235652,121.1670931
CHN,2012,UM,37.71555632,-0.1320098,31.01430365,126.8197345
CHN,2013,UM,38.23929717,-0.1410284,30.12750215,131.9390457
CHN,2014,UM,38.87892493,0.4896286,29.83003979,137.6237263
CHN,2015,UM,39.60936132,0.5336101,28.38899606,149.628832
CHN,2016,UM,40.44065578,0.543189,27.52375943,153.1927618
CHN,2017,UM,41.51094494,0.5787617,27.59985592,152.0897475
CHN,2018,UM,42.54087269,0.5311035,27.3434188,154.9915602
CHN,2019,UM,43.38736337,0.6706547,26.25946629,162.2075662
CHN,2020,UM,44.09237484,0.5674972,25.58098043,179.1041002
CHN,2021,UM,44.48277019,0.6669456,26.62193256,173.5545187
CHN,2022,UM,44.72561282,0.5292387,25.9806695,181.7851624
CHN,2023,UM,44.7297141,0.7776287,25.01442679,189.606709
CHN,2024,UM,44.24411429,0.8957842,24.84158419,194.3125283
CHN,2025,UM,44.24411429,0.8957842,24.73444217,194.3125283
CHN,2026,UM,44.24411429,0.8957842,24.73444217,194.3125283
CIV,2000,L,94.05305709,-1.1469455,11.15447113,9.761974872
CIV,2001,L,94.19922743,-1.23034995,10.7672585,9.444312816
CIV,2002,L,94.34059287,-1.3137544,9.797021793,9.641545205
CIV,2003,L,94.47573367,-1.3187701,8.889951221,9.025656486
CIV,2004,L,94.57716084,-1.6168878,8.792904827,9.48303012
CIV,2005,L,94.60222895,-1.5345441,10.28226527,8.854635466
CIV,2006,L,94.55360185,-1.3783377,10.02887861,10.14936881
CIV,2007,L,94.43380259,-1.4015618,10.31060928,12.15520837
CIV,2008,LM,92.46894943,-1.3605844,10.20402365,12.03231221
CIV,2009,LM,89.072007,-1.1486226,9.627693495,12.69928287
CIV,2010,LM,86.24733753,-1.2514065,9.001911196,13.08787196
CIV,2011,LM,83.98256529,-1.20852,9.22135575,13.16814883
CIV,2012,LM,82.19969197,-1.0666458,10.31825153,13.68345554
CIV,2013,LM,80.75907292,-0.9238056,11.85018556,14.3175686
CIV,2014,LM,80.44127396,-0.7218402,12.20069981,14.69069981
CIV,2015,LM,80.97406685,-0.5999604,11.43059902,16.74171163
CIV,2016,LM,81.30619208,-0.6103532,12.5430343,17.6694308
CIV,2017,LM,81.45821323,-0.5958625,11.2836181,19.25051348
CIV,2018,LM,81.37020017,-0.5079239,11.29098434,19.27482783
CIV,2019,LM,81.11439311,-0.4891342,12.31996843,19.0476722
CIV,2020,LM,80.75565128,-0.4875808,12.0519434,20.57380249
CIV,2021,LM,80.13930046,-0.5005974,13.3970815,20.99630382
CIV,2022,LM,79.19700178,-0.354842,12.81107761,20.85394728
CIV,2023,LM,78.07747445,-0.3185096,13.26065441,21.90362936
CIV,2024,LM,76.92954815,-0.3157177,12.91843753,22.51843295
CIV,2025,LM,76.92954815,-0.3157177,12.28680158,22.67670072
CIV,2026,LM,76.92954815,-0.3157177,12.28680158,22.67670072
CMR,2000,L,93.17379984,-1.0516097,14.74026934,7.24834771
CMR,2001,L,92.34897966,-1.1283143999999998,14.52944679,7.840749159
CMR,2002,L,91.47318479,-1.2050191,15.53069502,8.063339602
CMR,2003,L,90.69035299,-1.2859289,15.58054709,8.23854971
CMR,2004,L,90.06519125,-1.048838,15.41079029,7.795419524
CMR,2005,LM,89.56635291,-1.0799827,15.02614415,8.402862426
CMR,2006,LM,89.14183973,-1.0844884,15.11457715,8.123532984
CMR,2007,LM,88.70664218,-0.9545798,15.20996765,8.285086704
CMR,2008,LM,88.28829779,-0.894691,14.30569477,9.239715279
CMR,2009,LM,87.94344226,-0.8292826,14.87929919,9.643957385
CMR,2010,LM,87.64995941,-0.8190524,14.51997379,10.77793742
CMR,2011,LM,87.39238321,-0.8421703,15.18908621,12.32636507
CMR,2012,LM,87.11522045,-0.8326177,15.53277006,12.41202001
CMR,2013,LM,86.74010555,-0.7950544,15.22873575,12.96113749
CMR,2014,LM,86.00433681,-0.5751346,14.51402123,13.72783643
CMR,2015,LM,85.20322843,-0.6267228,14.35005819,14.19039309
CMR,2016,LM,84.72873165,-0.6124981,13.84153437,14.37066405
CMR,2017,LM,84.45293502,-0.6251,13.71294553,14.06334615
CMR,2018,LM,84.12266748,-0.6780214,13.68501543,14.68207763
CMR,2019,LM,83.58064135,-0.7379684,12.82578021,14.09109288
CMR,2020,LM,82.88431227,-0.8271415,13.18098761,14.09109288
CMR,2021,LM,82.08936504,-0.7877108,13.29660864,14.09109288
CMR,2022,LM,81.22958666,-0.7843452,13.36418191,14.09109288
CMR,2023,LM,80.29516041,-0.7787017,13.21809966,14.09109288
CMR,2024,LM,79.33046171,-0.8007887,12.88022725,14.09109288
CMR,2025,LM,79.33046171,-0.8007887,14.5673807,14.09109288
CMR,2026,LM,79.33046171,-0.8007887,14.5673807,14.09109288
COD,2000,L,94.64734693,-2.0321191,9.908318104,0.776252724
COD,2001,L,94.82708582,-2.0906951,19.80768858,0.543904071
COD,2002,L,95.06157172,-2.1492711,21.21679056,0.491387512
COD,2003,L,95.39737869,-2.15596,18.29840586,0.795986809
COD,2004,L,95.65053343,-1.8129762,17.64150584,1.09523594
COD,2005,L,95.74576018,-1.7346249,15.00827813,1.139607048
COD,2006,L,95.8995825,-1.596995,13.41062941,1.944397298
COD,2007,L,96.20538695,-1.6286105,14.82850191,2.410954214
COD,2008,L,96.54942259,-1.6446415,13.31097854,4.344586412
COD,2009,L,96.80014181,-1.6494137,19.92937455,5.311928942
COD,2010,L,96.75622591,-1.6776721,5.525440538,3.323821635
COD,2011,L,96.51439431,-1.6387841,14.30313521,3.938737052
COD,2012,L,96.43144244,-1.5733358,16.19211183,4.695474196
COD,2013,L,96.45487492,-1.369127,14.39217889,4.913971988
COD,2014,L,96.48496669,-1.4008887,15.08156037,5.353617633
COD,2015,L,96.52781872,-1.4727107,16.82542756,5.931674716
COD,2016,L,96.19789361,-1.3846284,16.37002232,7.112128151
COD,2017,L,95.7976313,-1.4588281,13.8219778,5.535986341
COD,2018,L,95.94153874,-1.5190922,11.17498364,5.917385649
COD,2019,L,96.35179732,-1.57826,11.50121067,6.63540523
COD,2020,L,96.61302061,-1.6808836,12.11782019,7.773517859
COD,2021,L,96.72622995,-1.7049551,10.18322459,6.764036323
COD,2022,L,96.76581216,-1.7341162,9.48948033,8.540463114
COD,2023,L,96.68253412,-1.6579504,8.245797513,11.28631369
COD,2024,L,96.49665666,-1.6934449,8.599820132,11.28631369
COD,2025,L,96.49665666,-1.6934449,7.895204522,11.28631369
COD,2026,L,96.49665666,-1.6934449,7.895204522,11.28631369
COG,2000,L,83.75601544,-1.3111633,3.47655398,4.780545256
COG,2001,L,81.81977789,-1.3110813000000001,4.51105795,4.897427135
COG,2002,L,81.66288967,-1.3109993,5.320917858,2.866074398
COG,2003,L,81.1364892,-1.3193929,6.024214982,3.635840142
COG,2004,L,80.06975419,-1.1452811,4.980047235,2.932649239
COG,2005,LM,78.99311609,-1.285593,6.413569524,2.210355224
COG,2006,LM,77.96213619,-1.2884306,6.195278882,2.010419762
COG,2007,LM,77.20614456,-1.3116547,6.468566486,2.170017922
COG,2008,LM,77.04382931,-1.1272144,5.596268705,3.213301677
COG,2009,LM,76.45012624,-1.12546,6.776695437,4.872240315
COG,2010,LM,75.99792066,-1.1177022,5.312176872,5.979740079
COG,2011,LM,76.5415853,-1.1032116,5.242004896,7.1693854
COG,2012,LM,77.45552242,-1.0475415,4.257282114,7.412754333
COG,2013,LM,78.60547161,-1.1096762,5.920856148,8.878672805
COG,2014,LM,79.59841317,-0.929383,6.059907203,11.15985253
COG,2015,LM,80.40087101,-0.8351827,8.367640193,15.22725217
COG,2016,LM,80.90041178,-0.8123243,11.46707006,17.93956499
COG,2017,LM,81.06104056,-0.8685556,12.37639836,15.78451445
COG,2018,LM,81.00465822,-0.9770525,9.207022629,13.00357811
COG,2019,LM,80.73334479,-0.9420603,9.569292341,12.63997628
COG,2020,LM,80.26258562,-1.1735413,12.85319702,15.55643687
COG,2021,LM,79.66609727,-1.1895932,12.85319702,13.90263097
COG,2022,LM,78.91098302,-1.1313765,12.85319702,12.76642693
COG,2023,LM,77.93058535,-1.1669408,12.85319702,13.79004785
COG,2024,LM,76.77648481,-1.110638,12.85319702,13.79004785
COG,2025,LM,76.77648481,-1.110638,12.85319702,13.79004785
COG,2026,LM,76.77648481,-1.110638,12.85319702,13.79004785
COL,2000,LM,58.81334501,-0.4859849,13.93270065,20.94747439
COL,2001,LM,58.04174401,-0.6273659,14.13719665,21.9066126
COL,2002,LM,57.25313772,-0.7687469,14.03292802,21.52330896
COL,2003,LM,56.45984885,-0.4180993,14.23745617,21.07623501
COL,2004,LM,55.62786292,-0.2488422,14.41341036,22.19913866
COL,2005,LM,54.73282193,-0.3124671,15.99104031,22.75271861
COL,2006,LM,53.78239606,-0.2040905,15.97860609,27.3293272
COL,2007,LM,52.79888667,-0.1895281,16.15426622,30.56656822
COL,2008,UM,51.81904536,-0.1818918,15.37370371,31.34288213
COL,2009,UM,50.85414823,-0.2490387,14.78007233,30.05884981
COL,2010,UM,49.92804496,-0.1486694,13.9670257,32.35295864
COL,2011,UM,49.07268653,-0.0530657,13.21760258,34.95997389
COL,2012,UM,48.27420671,-0.1049844,13.08928488,37.74485153
COL,2013,UM,47.4997949,-0.0488965,12.6623563,39.48369169
COL,2014,UM,46.80441743,-0.2072724,12.26931864,42.3846057
COL,2015,UM,46.19586785,-0.134012,12.40089376,46.9053936
COL,2016,UM,45.56979695,-0.1150666,12.29777884,47.05419781
COL,2017,UM,44.83947584,-0.1489232,11.40959357,49.8054214
COL,2018,UM,44.08660221,-0.1139281,11.15185297,45.87070747
COL,2019,UM,43.49892568,-0.0738128,10.92665754,46.04157811
COL,2020,UM,43.12054711,-0.082969,10.72750235,51.99877906
COL,2021,UM,42.88163493,-0.0318011,11.19916085,47.91240607
COL,2022,UM,42.77522578,0.0015825,11.1476678,44.18831296
COL,2023,UM,42.80261985,-0.0421246,10.88508065,41.5886838
COL,2024,UM,42.96037698,-0.1110991,10.22613458,39.37408267
COL,2025,UM,42.96037698,-0.1110991,9.895277368,39.85652811
COL,2026,UM,42.96037698,-0.1110991,9.895277368,39.85652811
COM,2000,L,104.8816376,-1.3119868,7.80003291,5.277622637
COM,2001,L,103.4853843,-1.0537074499999999,7.80003291,4.306215664
COM,2002,L,102.3565659,-0.7954281,7.80003291,4.488344268
COM,2003,L,101.1224493,-1.3245877,7.80003291,5.073803542
COM,2004,L,99.04300972,-1.4426344,7.80003291,4.164166574
COM,2005,L,96.46078422,-1.6013118,7.80003291,5.163157962
COM,2006,L,94.0210783,-1.5923588,7.80003291,4.985344696
COM,2007,L,91.62853833,-1.5906167,7.80003291,5.350409305
COM,2008,L,89.22201241,-1.6707387,7.206942486,6.353435392
COM,2009,L,86.83028763,-1.6389712,7.335312465,8.783337324
COM,2010,L,84.55962346,-1.6305278,7.145269573,10.47759021
COM,2011,L,82.49505556,-1.6969104,7.371336414,10.6281811
COM,2012,L,80.68293873,-1.5902603,6.997681316,12.08942665
COM,2013,L,79.58155564,-1.527998,7.45623354,12.80508669
COM,2014,L,79.14409016,-1.3214626,7.696755362,13.62886651
COM,2015,L,78.81067328,-1.4105773,7.252548174,15.8220262
COM,2016,L,78.42235917,-1.3535015,7.205009785,16.1429577
COM,2017,L,77.58723066,-1.2955426,6.937301931,16.45922046
COM,2018,LM,76.4719336,-1.313442,6.81171565,15.77484964
COM,2019,LM,75.50375628,-1.3431515,6.487460179,15.48760281
COM,2020,LM,74.62811986,-1.374859,6.418838245,14.98577495
COM,2021,LM,73.7911551,-1.5520366,7.123808396,16.05062106
COM,2022,LM,72.93243058,-1.3767923,7.50072769,16.30136991
COM,2023,LM,72.04093111,-1.2489279,8.018206705,16.59446112
COM,2024,LM,71.21398909,-1.2085975,7.161723973,15.31940096
COM,2025,LM,71.21398909,-1.2085975,7.169729198,15.31940096
COM,2026,LM,71.21398909,-1.2085975,7.169729198,15.31940096
CPV,2000,LM,87.37372485,-0.3020434,9.262925466,40.13151885
CPV,2001,LM,84.45619941,-0.3020434,7.196860722,31.05413426
CPV,2002,LM,81.40597144,-0.3020434,7.544178037,33.95229422
CPV,2003,LM,78.37027212,-0.3144311,7.004680356,35.64025858
CPV,2004,LM,75.38204874,-0.3541324,6.408194727,37.83950903
CPV,2005,LM,72.4718422,-0.2222417,6.453460617,39.1008095
CPV,2006,LM,69.6582482,0.1384059,5.80760974,44.85596424
CPV,2007,LM,66.92402146,0.2908065,3.766625054,41.77845045
CPV,2008,LM,64.22792191,0.1812377,3.977775816,47.71569883
CPV,2009,LM,61.55928308,0.1808895,4.085746432,53.12623429
CPV,2010,LM,58.97315957,0.107822,4.464006382,56.47074341
CPV,2011,LM,56.62710006,0.1311091,4.428820557,59.93140926
CPV,2012,LM,54.68367128,0.1117572,4.641300243,58.56562339
CPV,2013,LM,53.16954581,0.07416,4.836280333,58.54032969
CPV,2014,LM,52.0485296,0.1923468,5.188416651,57.65074812
CPV,2015,LM,51.34823794,0.3232931,4.941930178,56.41116703
CPV,2016,LM,51.10404887,0.2898294,5.10374951,55.10423701
CPV,2017,LM,51.22761703,0.3194131,4.70095841,55.42405954
CPV,2018,LM,51.54372915,0.345416,4.578178687,53.66070554
CPV,2019,LM,51.95207089,0.383949,4.817970059,51.63855912
CPV,2020,LM,52.38821349,0.3949941,5.185022417,68.45603245
CPV,2021,LM,51.80973537,0.2774591,5.385699127,67.56164497
CPV,2022,LM,50.38323433,0.3600121,4.752652129,57.91778097
CPV,2023,LM,49.14325526,0.361672,4.948391074,56.3288783
CPV,2024,UM,47.94102394,0.4151952,5.160254229,54.61314217
CPV,2025,UM,47.94102394,0.4151952,5.190562437,54.04268664
CPV,2026,UM,47.94102394,0.4151952,5.190562437,54.04268664
CRI,2000,UM,57.95461292,0.1089203,18.08802389,35.86021923
CRI,2001,UM,56.65630223,0.15470594999999998,17.16619898,35.86021923
CRI,2002,UM,55.34831635,0.2004916,17.13887402,35.86021923
CRI,2003,UM,54.04729301,0.1932721,16.85936946,35.86021923
CRI,2004,UM,52.80590082,0.2661532,16.6589944,35.86021923
CRI,2005,UM,51.67642666,0.2312006,16.64446805,35.86021923
CRI,2006,UM,50.63804362,0.1677132,16.25953044,37.86298406
CRI,2007,UM,49.69260075,0.2444248,15.89696444,43.77237768
CRI,2008,UM,48.89493851,0.2763826,14.92364227,49.38060624
CRI,2009,UM,48.20664919,0.4024005,13.92596296,47.6533512
CRI,2010,UM,47.53810731,0.4026744,14.34457014,44.31413315
CRI,2011,UM,46.95967422,0.3641095,14.06945748,46.02004266
CRI,2012,UM,46.52990349,0.4335446,13.66417233,47.45132052
CRI,2013,UM,46.14781048,0.3382818,12.62543978,49.72992444
CRI,2014,UM,45.80561633,0.3669615,12.08715118,53.09844535
CRI,2015,UM,45.5365509,0.3596651,11.43310245,55.12724836
CRI,2016,UM,45.33931533,0.315527,11.42716299,58.63805379
CRI,2017,UM,45.26174994,0.3339142,11.68223323,59.68590601
CRI,2018,UM,45.32568006,0.3528682,11.87741303,60.16219778
CRI,2019,UM,45.42234871,0.3043657,11.99450554,55.8867473
CRI,2020,UM,45.39401179,0.2258033,12.73195428,59.74203061
CRI,2021,UM,45.26977891,0.2714874,13.66612388,56.04755279
CRI,2022,UM,45.14147804,0.1212348,14.13350203,51.3585723
CRI,2023,UM,45.03225323,0.3340948,13.77528235,50.52696827
CRI,2024,H,44.97885335,0.2868975,13.09846559,51.22764957
CRI,2025,H,44.97885335,0.2868975,13.57747032,51.03068366
CRI,2026,H,44.97885335,0.2868975,13.57747032,51.03068366
CYP,2000,H,47.54794653,1.3111056,8.149384652,144.4192554
CYP,2001,H,46.55660155,1.43000895,7.745837681,144.4192554
CYP,2002,H,45.81645782,1.5489123,7.733679054,149.4930128
CYP,2003,H,45.14915837,1.2427928,7.340448158,147.1952286
CYP,2004,H,44.32354563,1.1952669,7.209159986,147.3385092
CYP,2005,H,43.38550827,1.299176,6.802598273,156.6760154
CYP,2006,H,42.40943906,1.2048195,6.131202682,162.9375713
CYP,2007,H,41.48123919,1.2334071,5.742786248,180.6807301
CYP,2008,H,40.66157065,1.3890009,5.475408663,212.2092381
CYP,2009,H,39.9857916,1.3244041,5.378285108,226.3559793
CYP,2010,H,39.47968558,1.4784399,5.052985883,234.2515929
CYP,2011,H,39.22637509,1.4990644,4.600556469,242.5411203
CYP,2012,H,39.22718796,1.485049,4.189973908,249.2181221
CYP,2013,H,39.34258365,1.4722986,3.88480354,254.6680646
CYP,2014,H,39.53305577,1.1190613,4.077493541,251.8303848
CYP,2015,H,39.82164314,1.0770285,4.260123061,243.4163373
CYP,2016,H,40.20034271,1.0483689,4.570513357,216.2427574
CYP,2017,H,40.61300105,1.1146166,4.892090276,191.7839322
CYP,2018,H,41.02632113,0.860738,5.297587885,135.3185992
CYP,2019,H,41.46454896,0.9974556,5.406328102,106.6841361
CYP,2020,H,41.96568832,1.0026015,5.631417653,106.4735203
CYP,2021,H,42.53320667,0.86,4.988032074,87.39524438
CYP,2022,H,43.08447585,0.9509266,4.298437677,70.8069404
CYP,2023,H,43.63110176,0.9314768,4.642738074,60.57186138
CYP,2024,H,44.27588595,0.8696373,4.456288378,56.65776315
CYP,2025,H,44.27588595,0.8696373,4.391761085,56.65776315
CYP,2026,H,44.27588595,0.8696373,4.391761085,56.65776315
CZE,2000,UM,43.31247781,0.5125501,23.23636288,44.68579406
CZE,2001,UM,42.58295727,0.6987647,23.5170981,36.93247424
CZE,2002,UM,41.89050866,0.8849793,22.23374226,23.54697748
CZE,2003,UM,41.23228448,0.8087247,21.55730788,24.25037864
CZE,2004,UM,40.70222367,0.7384194,22.63758037,25.60842315
CZE,2005,UM,40.38467143,0.9422649,22.55008601,29.19851129
CZE,2006,H,40.25001966,0.8055261,23.19746579,33.84681887
CZE,2007,H,40.36862816,0.6145105,23.15856672,38.71113867
CZE,2008,H,40.82634927,0.7918796,21.9248537,43.28374733
CZE,2009,H,41.59836849,0.8451827,20.34380897,45.07691664
CZE,2010,H,42.57534017,0.713873,20.69823792,45.87029551
CZE,2011,H,43.8657197,0.7416914,21.86430725,47.933134
CZE,2012,H,45.47471109,0.7285974,21.71360334,49.05494531
CZE,2013,H,47.07665119,0.6929877,21.76173198,50.28986491
CZE,2014,H,48.59265862,0.9017758,23.46916657,49.09269419
CZE,2015,H,50.08363708,0.9304102,23.73395061,49.26044964
CZE,2016,H,51.60667754,1.0079335,23.76109584,50.57218312
CZE,2017,H,53.13893655,1.0284233,23.18245322,50.23244256
CZE,2018,H,54.5796532,1.0258091,22.30603789,50.71851956
CZE,2019,H,55.90882203,0.971418,22.12667662,49.44010471
CZE,2020,H,56.97795955,1.0855924,20.79682337,51.98299063
CZE,2021,H,57.74381826,1.1010113,19.64098162,52.03612062
CZE,2022,H,57.39605883,1.1951482,19.39506136,48.63476954
CZE,2023,H,56.78781597,1.2354239,20.43306128,47.71952523
CZE,2024,H,56.84472656,1.1773279,19.88280696,48.02066428
CZE,2025,H,56.84472656,1.1773279,19.42233767,48.02066428
CZE,2026,H,56.84472656,1.1773279,19.42233767,48.02066428
DEU,2000,H,47.30649082,1.7619844,20.28403595,111.2401705
DEU,2001,H,47.78863052,1.7540661,20.08635728,111.2401705
DEU,2002,H,48.20875252,1.7461478,19.47633312,110.165745
DEU,2003,H,48.65825289,1.5716359,19.55297415,108.505942
DEU,2004,H,49.29789267,1.5450395,19.78962425,105.024727
DEU,2005,H,50.04172343,1.6484947,19.76936075,103.7535204
DEU,2006,H,50.84438221,1.6976514,20.33884543,100.3412772
DEU,2007,H,51.46125035,1.7597094,20.5298912,95.49834397
DEU,2008,H,51.81499877,1.737643,19.75850429,95.4017333
DEU,2009,H,52.15786378,1.7720019,17.33890143,96.85934474
DEU,2010,H,52.11753022,1.538577,19.42770508,86.77037847
DEU,2011,H,51.74623518,1.645879,20.12290173,83.24939659
DEU,2012,H,51.58050627,1.7583687,20.04729788,82.19127776
DEU,2013,H,51.61974906,1.8105078,19.76005414,80.68477715
DEU,2014,H,51.83217322,1.9655186,20.11023733,77.79203678
DEU,2015,H,52.12240699,1.9623466,20.13796432,76.58150391
DEU,2016,H,52.58204586,1.9057837,20.4130245,75.98868306
DEU,2017,H,53.2582531,1.8901031,20.09267621,76.05908596
DEU,2018,H,53.87545525,1.8019092,19.80544724,76.61884142
DEU,2019,H,54.53798686,1.8881241,19.30946942,77.96569681
DEU,2020,H,55.2950666,1.7812546,18.52749571,83.80937891
DEU,2021,H,56.23112721,1.8265941,18.57261958,82.7038242
DEU,2022,H,57.16212274,1.7792628,18.3217735,81.07918754
DEU,2023,H,57.99189539,1.5613864,18.94025326,77.25348457
DEU,2024,H,58.99703995,1.5462994,18.00670829,77.25348457
DEU,2025,H,58.99703995,1.5462994,17.61315105,77.25348457
DEU,2026,H,58.99703995,1.5462994,17.61315105,77.25348457
DJI,2000,LM,74.61598493,-1.3119868,1.956569604,32.06543541
DJI,2001,LM,73.33889171,-1.0537074499999999,1.956569604,26.44042206
DJI,2002,LM,72.21409275,-0.7954281,1.956569604,24.39621988
DJI,2003,LM,71.87018046,-0.8082803,1.956569604,22.58445017
DJI,2004,LM,71.97982351,-0.7162118,1.956569604,21.11189018
DJI,2005,LM,71.80413722,-0.8400325,1.956569604,20.07511573
DJI,2006,LM,71.04928623,-1.0430659,1.956569604,20.18291193
DJI,2007,LM,69.95118311,-0.8772624,1.956569604,22.5217827
DJI,2008,LM,68.82791461,-0.8117514,1.956569604,24.33560795
DJI,2009,LM,67.73339369,-0.7338482,1.956569604,29.34713033
DJI,2010,LM,66.75288871,-0.7292418,1.956569604,33.11016514
DJI,2011,LM,65.8080485,-0.7251155,1.956569604,30.90883396
DJI,2012,LM,64.89425755,-0.7689658,1.956569604,28.93089884
DJI,2013,LM,63.94770049,-0.7216376,1.956569604,22.14638741
DJI,2014,LM,62.89307257,-0.6905333,2.774835679,22.13770189
DJI,2015,LM,61.70075865,-0.7524266,2.735558076,21.7028461
DJI,2016,LM,60.37244195,-0.7128754,2.835573147,20.43712656
DJI,2017,LM,58.95998879,-0.7792345,3.101527096,21.17275426
DJI,2018,LM,57.53865781,-0.7720107,3.315834632,21.63323739
DJI,2019,LM,56.20398893,-0.6529552,3.702960024,22.35148332
DJI,2020,LM,54.99946005,-0.6750074,4.48288266,21.15363925
DJI,2021,LM,53.93828728,-0.6477013,5.217457863,18.59685815
DJI,2022,LM,53.02374967,-0.5581809,5.026660919,19.83432925
DJI,2023,LM,52.23109069,-0.536184,4.702003775,21.8231301
DJI,2024,LM,51.56300049,-0.4930443,5.284320229,23.10252766
DJI,2025,LM,51.56300049,-0.4930443,5.284320229,25.16472788
DJI,2026,LM,51.56300049,-0.4930443,5.284320229,25.16472788
DMA,2000,UM,66.22267511,0.7532431,6.864955518,50.43326632
DMA,2001,UM,65.03854799,0.7533687,13.31207379,43.13182554
DMA,2002,UM,63.49092474,0.7534943,16.00726526,42.77619837
DMA,2003,UM,61.92377667,0.7406422,10.03214413,41.72983055
DMA,2004,UM,60.47876195,0.3813429,8.887893047,42.07334379
DMA,2005,UM,59.09175076,0.3823937,7.727096402,45.21018421
DMA,2006,UM,57.70702973,0.3806177,8.057634531,47.21773835
DMA,2007,UM,56.30832104,0.5040295,6.842960063,46.54570441
DMA,2008,UM,54.97186586,0.5061243,4.672803451,46.73166102
DMA,2009,UM,53.82416011,0.5134391,4.570562503,46.39828469
DMA,2010,UM,52.92145062,0.6879945,4.661518075,50.44335361
DMA,2011,UM,51.53503478,0.6135665,5.198312706,52.36896326
DMA,2012,UM,50.21733461,0.6138167,5.973835554,55.21267509
DMA,2013,UM,48.39293316,0.6140962,5.260870156,52.65169318
DMA,2014,UM,46.62666167,0.1205519,4.960876065,48.81372606
DMA,2015,UM,45.60663399,0.118468,4.444359766,47.57243201
DMA,2016,UM,45.59583325,0.0457581,3.87651724,44.150648
DMA,2017,UM,46.01986868,-0.4588519,3.508079892,47.22436985
DMA,2018,UM,45.5869477,-0.4575605,3.291358636,41.65387382
DMA,2019,UM,45.26000428,-0.4563017,3.448117275,38.35602185
DMA,2020,UM,44.99399193,-0.3864624,3.165633862,50.75426251
DMA,2021,UM,44.7922951,-0.384329,3.627965734,49.38020607
DMA,2022,UM,44.67103981,-0.0222235,3.951803218,45.8489422
DMA,2023,UM,44.62153993,0.3883874,3.841832665,41.77300662
DMA,2024,UM,44.57134122,0.1490422,4.73392187,39.38622996
DMA,2025,UM,44.57134122,0.1490422,4.779423051,38.09304039
DMA,2026,UM,44.57134122,0.1490422,4.779423051,38.09304039
DNK,2000,H,49.96444407,1.9471575,14.15741986,132.0609356
DNK,2001,H,50.28954129,2.06971865,14.03746244,138.7541033
DNK,2002,H,50.57488649,2.1922798,13.92717272,141.4818504
DNK,2003,H,50.83980001,2.1441789,13.2382995,139.8868148
DNK,2004,H,51.04839091,2.0993907,12.75408971,145.2929988
DNK,2005,H,51.1905549,2.0614768,12.04290748,157.1381478
DNK,2006,H,51.3208674,2.1627643,12.08334667,168.7455026
DNK,2007,H,51.4818852,2.2040874,11.95928944,184.0374247
DNK,2008,H,51.74914418,2.1465669,11.80878042,190.3168661
DNK,2009,H,52.18902638,2.1667207,11.16083278,200.3991823
DNK,2010,H,52.78751191,1.920097,10.87677269,192.8299468
DNK,2011,H,53.51763108,2.0426979,10.97084351,187.0711283
DNK,2012,H,54.23692955,1.9667251,11.20856346,182.294825
DNK,2013,H,54.75767796,1.9589905,11.79985371,176.4777871
DNK,2014,H,55.09942376,1.8095293,11.82939053,173.4062642
DNK,2015,H,55.32686516,1.7943827,12.48453431,170.4826084
DNK,2016,H,55.56316592,1.8352349,12.94016921,167.0593463
DNK,2017,H,55.88981621,1.8254188,13.01454838,162.0560897
DNK,2018,H,56.23146253,1.920528,13.00432755,161.9602238
DNK,2019,H,56.59996434,1.9444854,13.40242787,161.8986789
DNK,2020,H,57.00376476,1.9999488,12.83710873,163.5367551
DNK,2021,H,57.28726847,2.1905145,12.55437976,155.2293211
DNK,2022,H,57.32428855,2.0983389,12.82411547,143.4060006
DNK,2023,H,57.39885117,1.9559634,16.35427358,147.4820985
DNK,2024,H,57.63535573,1.9128986,17.85786649,144.0622369
DNK,2025,H,57.63535573,1.9128986,18.73691412,144.0622369
DNK,2026,H,57.63535573,1.9128986,18.73691412,144.0622369
DOM,2000,LM,65.57911666,-0.8764303,20.97486043,23.6407583
DOM,2001,LM,64.83765813,-0.86029125,19.6642972,23.6407583
DOM,2002,LM,64.07957833,-0.8441522,20.3672058,23.6407583
DOM,2003,LM,63.22960003,-0.8381869,21.75521083,23.6407583
DOM,2004,LM,62.23309847,-0.797519,21.57660311,23.6407583
DOM,2005,LM,61.12516839,-0.8364096,18.38167881,19.64943663
DOM,2006,LM,59.97022602,-0.6870847,17.54374752,18.69262141
DOM,2007,LM,58.83117127,-0.7085351,16.22926797,20.7082666
DOM,2008,UM,57.78540753,-0.6984304,15.98254894,20.74011254
DOM,2009,UM,56.87030342,-0.6709237,14.94318266,21.56646248
DOM,2010,UM,56.08479863,-0.7108721,14.62819596,22.73509619
DOM,2011,UM,55.40601016,-0.6735468,14.23021247,22.93743724
DOM,2012,UM,54.86557156,-0.5008993,13.96247136,22.53740883
DOM,2013,UM,54.47577165,-0.4176139,13.39387041,23.43714048
DOM,2014,UM,54.10881782,-0.1120342,13.15667226,25.26616485
DOM,2015,UM,53.69033669,-0.3030553,13.11727805,26.03927205
DOM,2016,UM,53.29847803,-0.2432639,12.6815911,26.90639697
DOM,2017,UM,53.00409977,-0.3142266,12.29607703,27.58276785
DOM,2018,UM,52.82550027,-0.3568186,12.10424126,27.39115366
DOM,2019,UM,52.73428195,-0.2994857,12.11940589,28.0978072
DOM,2020,UM,52.65440583,-0.3603632,12.95259917,30.62762843
DOM,2021,UM,52.59197721,-0.1501487,13.67763617,27.7700298
DOM,2022,UM,52.62304887,-0.1210713,13.36801595,27.96579547
DOM,2023,UM,52.65977605,0.045792,12.52666399,30.84219569
DOM,2024,UM,52.57421559,0.0746487,12.46392187,31.92208649
DOM,2025,UM,52.57421559,0.0746487,12.2645467,32.8494014
DOM,2026,UM,52.57421559,0.0746487,12.2645467,32.8494014
DZA,2000,LM,61.52108925,-1.0812973,44.98039779,5.965639986
DZA,2001,LM,58.8828884,-0.89983345,10.3451538,7.384503886
DZA,2002,LM,56.45534532,-0.7183696,9.261218511,11.2566389
DZA,2003,LM,54.28873168,-0.8617248,8.640079984,10.3642725
DZA,2004,LM,52.4454103,-0.680783,7.861182135,10.21032839
DZA,2005,LM,50.94310351,-0.6847363,8.061518762,11.50028863
DZA,2006,LM,49.7732744,-0.7349677,8.115846563,11.52081537
DZA,2007,LM,48.88882144,-0.7517159,8.460452279,12.30581563
DZA,2008,UM,48.26905048,-0.7243628,8.82116732,12.13019176
DZA,2009,UM,47.91518885,-0.6983821,7.87621943,14.84757686
DZA,2010,UM,47.82363516,-0.6027467,9.370825052,13.7901332
DZA,2011,UM,47.99799688,-0.7223981,9.733438746,12.56510641
DZA,2012,UM,48.49542836,-0.6595197,8.55895561,12.90864387
DZA,2013,UM,49.42683661,-0.5509556,8.020186457,15.0652749
DZA,2014,UM,50.69559579,-0.3152327,9.877979709,16.42166364
DZA,2015,UM,52.06274862,-0.3555636,7.110017599,19.22034514
DZA,2016,UM,53.43550117,-0.4244363,6.898538766,20.25245482
DZA,2017,UM,54.82956595,-0.5231578,7.334568294,21.86038558
DZA,2018,UM,56.15008588,-0.2892145,7.0773804,22.38714887
DZA,2019,LM,57.26780869,-0.315897,6.403969944,22.91286954
DZA,2020,LM,58.06915491,-0.2693237,6.282395033,26.11721342
DZA,2021,LM,58.55634731,-0.4641151,8.189556433,22.6599904
DZA,2022,LM,58.80112722,-0.2671351,10.21737067,18.2397846
DZA,2023,UM,58.77099848,-0.355561,9.120183589,18.84670252
DZA,2024,UM,58.50678342,-0.2511914,9.454622506,19.03414132
DZA,2025,UM,58.50678342,-0.2511914,9.454622506,19.59127592
DZA,2026,UM,58.50678342,-0.2511914,9.454622506,19.59127592
ECU,2000,LM,66.93487107,-1.0664178,23.93930984,19.07193963
ECU,2001,LM,66.20094875,-1.0725878,20.42725717,19.07193963
ECU,2002,LM,65.47452378,-1.0787578,18.87632074,19.07193963
ECU,2003,LM,64.73163168,-1.0385274,17.31606001,18.05512023
ECU,2004,LM,63.94462889,-0.911567,15.91869992,20.54139802
ECU,2005,LM,63.11102739,-0.926587,14.70379653,21.98430105
ECU,2006,LM,62.23895991,-0.902354,14.04837153,22.33121655
ECU,2007,LM,61.35722165,-0.83636,14.11745837,23.38045986
ECU,2008,LM,60.5461379,-0.7597485,13.6931926,23.96487556
ECU,2009,LM,59.84435558,-0.4783124,14.30676786,24.88963322
ECU,2010,UM,59.17367586,-0.4838765,13.4157105,27.08433369
ECU,2011,UM,58.48603304,-0.3010584,12.85015032,27.59154869
ECU,2012,UM,57.78895374,-0.2920188,12.59967738,28.44437278
ECU,2013,UM,57.05802018,-0.1859129,12.26118054,28.55223321
ECU,2014,UM,56.29126189,-0.1076037,13.13510004,29.20843098
ECU,2015,UM,55.49201028,-0.193813,14.29973172,29.93626137
ECU,2016,UM,54.62593208,-0.1531976,14.59265884,31.5046558
ECU,2017,UM,53.74041652,-0.1425925,13.93165238,34.2208461
ECU,2018,UM,52.89576124,-0.213034,13.36630803,38.33749475
ECU,2019,UM,52.13079373,-0.1952963,12.67848577,42.69158202
ECU,2020,UM,51.41332241,-0.3435075,12.94181274,49.05570507
ECU,2021,UM,50.70912097,-0.1107469,13.01004056,49.75339812
ECU,2022,UM,50.07610782,0.0016249,12.88473079,52.37994877
ECU,2023,UM,49.47140737,-0.1625339,13.26012053,54.65454498
ECU,2024,UM,48.80918455,-0.2196127,12.99673381,56.57699423
ECU,2025,UM,48.80918455,-0.2196127,13.23604414,58.87426271
ECU,2026,UM,48.80918455,-0.2196127,13.23604414,58.87426271
EGY,2000,LM,69.39345498,-0.2541717,17.99797118,51.95327845
EGY,2001,LM,67.94024225,-0.49149185,17.69807639,54.93114023
EGY,2002,LM,66.5601462,-0.728812,18.49675376,54.6553972
EGY,2003,LM,65.20380924,-0.6388485,17.30383234,53.89762874
EGY,2004,LM,63.91170377,-0.5720178,17.23696682,54.04291428
EGY,2005,LM,62.78035684,-0.6310497,16.70945218,51.16543405
EGY,2006,LM,61.88387044,-0.6146272,15.97756192,49.29097974
EGY,2007,LM,61.26571548,-0.5786331,15.36992481,45.51522157
EGY,2008,LM,60.90755683,-0.5179342,15.52236739,42.79751378
EGY,2009,LM,60.75953658,-0.3337177,15.78615429,36.09271335
EGY,2010,LM,60.81639188,-0.4820938,16.10227084,33.07229522
EGY,2011,LM,60.90621336,-0.493349,15.76719422,31.15492329
EGY,2012,LM,61.04069373,-0.5323164,16.16547441,27.38844973
EGY,2013,LM,61.26146321,-0.7648363,16.60837454,26.2224395
EGY,2014,LM,61.54196141,-0.6440128,16.77444601,25.60668054
EGY,2015,LM,61.97786562,-0.5216722,16.6974467,26.31639376
EGY,2016,LM,62.33535021,-0.4409504,16.84132649,34.13486263
EGY,2017,LM,62.52503992,-0.4068952,16.59352061,27.06982467
EGY,2018,LM,62.48360244,-0.4058855,16.35088959,24.29527907
EGY,2019,LM,62.16820594,-0.1186417,15.98829896,22.8487309
EGY,2020,LM,61.72155271,-0.2343559,16.38045607,25.78947425
EGY,2021,LM,61.11556545,-0.2251023,15.48528388,28.23075439
EGY,2022,LM,60.46147253,-0.1434309,15.97053223,30.84700212
EGY,2023,LM,59.75667104,-0.0397463,15.06390984,29.25782154
EGY,2024,LM,59.01019546,-0.0970579,13.89346153,27.56922797
EGY,2025,LM,59.01019546,-0.0970579,14.49892888,25.84124801
EGY,2026,LM,59.01019546,-0.0970579,14.49892888,25.84124801
ERI,2000,L,93.81575259,-1.3119868,9.30749871,29.19470753
ERI,2001,L,92.98604822,-1.1226223499999999,8.931812254,29.03011661
ERI,2002,L,91.19114105,-0.9332579,9.113936833,28.6125798
ERI,2003,L,88.60241986,-0.9425026,9.099783356,30.20946859
ERI,2004,L,86.34909023,-1.0685702,8.580164513,26.94248933
ERI,2005,L,86.28269832,-0.9143152,6.828078795,27.56323901
ERI,2006,L,87.1369487,-1.1331014,5.984778258,25.98826924
ERI,2007,L,87.94907492,-1.1318599,5.463345188,20.73574904
ERI,2008,L,87.15523841,-1.141717,6.523910093,22.06097637
ERI,2009,L,86.34635487,-1.1515328,5.492755114,16.76807275
ERI,2010,L,85.98047864,-1.1909988,5.492755114,21.28053768
ERI,2011,L,85.28404183,-1.2937716,5.492755114,17.56470221
ERI,2012,L,84.80559737,-1.3263806,5.492755114,16.15971775
ERI,2013,L,84.46056702,-1.3919184,5.492755114,33.98680589
ERI,2014,L,84.77089391,-1.2490594,5.492755114,53.24107738
ERI,2015,L,85.31523113,-1.2742181,5.492755114,53.24107738
ERI,2016,L,85.33136893,-1.2669749,5.492755114,53.24107738
ERI,2017,L,84.88977678,-1.2739169,5.492755114,53.24107738
ERI,2018,L,83.62201491,-1.4237759,5.492755114,53.24107738
ERI,2019,L,82.01251093,-1.4628029,5.492755114,53.24107738
ERI,2020,L,80.15980408,-1.3975653,5.492755114,53.24107738
ERI,2021,L,78.17203352,-1.394653,5.492755114,53.24107738
ERI,2022,L,76.42003691,-1.3434874,5.492755114,53.24107738
ERI,2023,L,74.91202463,-1.3802453,5.492755114,53.24107738
ERI,2024,L,73.43013676,-1.4561789,5.492755114,53.24107738
ERI,2025,L,73.43013676,-1.4561789,5.492755114,53.24107738
ERI,2026,L,73.43013676,-1.4561789,5.492755114,53.24107738
ESP,2000,H,45.69551417,1.5699109,16.26714682,94.93944098
ESP,2001,H,45.92264799,1.681604,15.82976441,94.93944098
ESP,2002,H,45.96974133,1.7932971,15.18985147,99.29296038
ESP,2003,H,45.68590258,1.7833136,14.60177928,106.5440529
ESP,2004,H,45.22068441,1.1933,14.01764298,115.9283258
ESP,2005,H,45.03603129,1.3037255,13.50210425,135.871254
ESP,2006,H,45.09378232,1.0174137,13.07185445,156.5802566
ESP,2007,H,44.9846417,1.1248022,12.60675928,167.6359415
ESP,2008,H,45.19881787,1.0498806,12.3951846,170.7430207
ESP,2009,H,45.84982782,0.9351955,11.32787817,173.3823242
ESP,2010,H,46.65770708,0.7962866,11.1141954,171.3251234
ESP,2011,H,47.44404224,0.8760127,11.20147096,167.027108
ESP,2012,H,48.18443001,0.9026107,10.81186219,157.4343317
ESP,2013,H,49.08231306,1.0239507,10.86625873,145.7595754
ESP,2014,H,49.94056367,1.0206256,10.99755618,129.3589964
ESP,2015,H,50.463152,1.0684401,11.01376859,118.2168903
ESP,2016,H,50.7968795,1.0540321,10.95277065,110.9018342
ESP,2017,H,51.08798643,1.0199904,11.11455833,105.1569882
ESP,2018,H,51.21278723,1.0702333,10.78863229,98.82988692
ESP,2019,H,51.12731348,1.118598,10.6967321,94.41162629
ESP,2020,H,50.96418707,1.0477979,10.85321294,107.5725239
ESP,2021,H,50.87894374,1.1202722,11.25608471,98.4256245
ESP,2022,H,51.02069588,1.1419015,11.02798752,88.11240654
ESP,2023,H,51.31422284,1.0779914,10.95101288,78.34968329
ESP,2024,H,51.66955198,1.110811,10.84442995,74.2192018
ESP,2025,H,51.66955198,1.110811,10.59655562,74.2192018
ESP,2026,H,51.66955198,1.110811,10.59655562,74.2192018
EST,2000,UM,48.42168786,0.58135,15.46717285,40.29808001
EST,2001,UM,48.01634016,0.6107184,16.06165693,40.29808001
EST,2002,UM,47.69671927,0.6400868,15.66725317,40.29808001
EST,2003,UM,47.36278539,0.8739661,15.74273673,40.29808001
EST,2004,UM,47.05633485,0.8750238,14.91691036,40.29808001
EST,2005,UM,46.90510089,0.9156236,14.66420612,56.57390871
EST,2006,H,47.1420674,1.0357675,14.46581992,76.22456528
EST,2007,H,47.5473866,0.9948635,13.86930492,83.74761304
EST,2008,H,47.7747962,1.0468986,13.74423684,89.66887263
EST,2009,H,48.07855121,0.9229304,12.28947347,101.383035
EST,2010,H,48.53614131,1.0389597,13.74835959,92.80434922
EST,2011,H,49.26376746,1.0559372,14.55256726,77.72733933
EST,2012,H,50.27238159,1.0577763,13.87707302,72.23596263
EST,2013,H,51.37107129,1.0627505,13.5540035,68.56881285
EST,2014,H,52.54790966,1.1638114,13.96109514,66.22448268
EST,2015,H,53.61717831,1.0344114,13.6547461,67.72204027
EST,2016,H,54.6487233,1.0636815,13.61047627,68.41240276
EST,2017,H,55.62496456,1.0682358,13.34089128,62.85953774
EST,2018,H,56.34614361,1.2651627,13.21384231,60.76372341
EST,2019,H,57.06354993,1.1953645,12.88032413,58.2395452
EST,2020,H,57.82449318,1.3201957,12.59178581,62.46749513
EST,2021,H,58.2662362,1.3707206,13.03102792,59.29423079
EST,2022,H,58.38619375,1.3587321,11.99594435,57.22718872
EST,2023,H,58.43434787,1.2678954,11.41211806,57.66109745
EST,2024,H,58.56634792,1.2969908,10.83421184,60.53542203
EST,2025,H,58.56634792,1.2969908,10.78144337,60.53542203
EST,2026,H,58.56634792,1.2969908,10.78144337,60.53542203
FIN,2000,H,49.41024879,2.118098,24.16010441,52.65456618
FIN,2001,H,49.43060632,2.220144,23.60437858,52.65456618
FIN,2002,H,49.50996556,2.32219,22.87456211,55.43637825
FIN,2003,H,49.64105476,2.3184526,21.95248955,60.28448264
FIN,2004,H,49.85393451,2.1608063,21.54515847,63.73274705
FIN,2005,H,49.91522772,2.1754916,21.2181021,69.25473382
FIN,2006,H,50.14922922,2.0312012,21.81521569,73.41389903
FIN,2007,H,50.29369773,1.8931493,22.13152,76.28288401
FIN,2008,H,50.22583074,1.9976827,20.7904125,80.10532656
FIN,2009,H,50.47840558,2.1588192,16.66987647,86.3086362
FIN,2010,H,51.09506448,2.1469591,17.03933626,88.13321499
FIN,2011,H,52.22569399,2.2380912,16.35526549,89.53378361
FIN,2012,H,53.59209987,2.2730989,14.59541467,92.07547735
FIN,2013,H,55.02822388,2.2328225,14.64345912,93.31341494
FIN,2014,H,56.4163038,2.0675854,14.60251148,93.36620437
FIN,2015,H,57.64433315,1.9234691,14.84119281,94.98506128
FIN,2016,H,58.65911997,1.9380968,14.74756278,94.78437026
FIN,2017,H,59.60346397,2.1101082,15.37431132,94.03175705
FIN,2018,H,60.47413776,2.1598194,14.79010802,94.88152476
FIN,2019,H,61.12788228,2.1491065,14.7120972,95.91938554
FIN,2020,H,61.68415125,2.1354229,14.52321828,101.7382513
FIN,2021,H,62.1515552,2.1560517,14.94026467,100.1402936
FIN,2022,H,62.46878837,1.8972063,15.75516185,96.19779435
FIN,2023,H,62.63571879,1.787685,14.47592535,93.21294482
FIN,2024,H,62.68207945,1.8171611,14.23115804,92.0244354
FIN,2025,H,62.68207945,1.8171611,14.24065296,92.0244354
FIN,2026,H,62.68207945,1.8171611,14.24065296,92.0244354
FJI,2000,LM,60.65725672,0.2369357,12.27321334,35.43373104
FJI,2001,LM,59.65498126,0.23706125,13.69109516,35.43373104
FJI,2002,LM,58.77428667,0.2371868,12.95096279,55.29912125
FJI,2003,LM,57.98452044,0.2243347,11.72443364,54.74255602
FJI,2004,LM,57.277893,-0.1479039,12.7568345,61.1134717
FJI,2005,LM,56.63514008,0.217451,12.21519246,69.19158479
FJI,2006,LM,56.05763703,0.2145048,12.75797172,79.06668897
FJI,2007,UM,55.55062752,-0.2973473,12.10973512,78.74967828
FJI,2008,UM,55.13017108,-0.8101796,12.15567561,85.91135089
FJI,2009,UM,54.78134175,-0.8655432,12.30291029,89.60556722
FJI,2010,LM,54.44625963,-0.5441368,12.31043606,83.46154955
FJI,2011,LM,54.10891733,-0.5254383,11.92467009,75.38807326
FJI,2012,UM,53.82227983,-0.5785579,11.56227143,76.80125559
FJI,2013,UM,53.64962525,-0.5782637,11.5664407,74.88874654
FJI,2014,UM,53.55888919,-0.0992434,10.65411419,72.59697598
FJI,2015,UM,53.4676359,-0.1014372,10.49615987,78.76592894
FJI,2016,UM,53.33386715,-0.1006746,10.93181017,84.42514494
FJI,2017,UM,53.13968354,-0.100427,10.44613155,86.20668122
FJI,2018,UM,52.86766458,0.4324074,10.38758014,92.79632474
FJI,2019,UM,52.53935199,1.1141072,11.32318937,104.1138812
FJI,2020,UM,52.18936762,0.6553479,12.2869202,130.0508243
FJI,2021,UM,51.77225354,0.7309158,12.05132671,139.1639577
FJI,2022,UM,51.3123919,0.5025006,11.7043702,118.3818517
FJI,2023,UM,50.89411964,0.5033911,11.84026876,113.6005533
FJI,2024,UM,50.55763046,0.6089609,11.34256694,115.3463288
FJI,2025,UM,50.55763046,0.6089609,9.135298776,118.9588508
FJI,2026,UM,50.55763046,0.6089609,9.135298776,118.9588508
FRA,2000,H,53.69197196,1.6644076,14.38783922,77.38838615
FRA,2001,H,53.82635442,1.6065798500000001,13.92965516,77.38838615
FRA,2002,H,53.8550812,1.5487521,13.45980537,76.52843931
FRA,2003,H,53.77827557,1.6348006,12.99226635,75.96124496
FRA,2004,H,53.73053969,1.553699,12.56722082,76.97441619
FRA,2005,H,53.7054008,1.7144505,12.1452501,80.32432947
FRA,2006,H,53.60949221,1.463733,11.63903462,84.35728351
FRA,2007,H,53.61805246,1.5196924,11.57992386,88.97430656
FRA,2008,H,53.8644416,1.6286144,11.06797654,92.63574261
FRA,2009,H,54.24469582,1.5501891,10.52167426,95.09664072
FRA,2010,H,54.59154856,1.4409639,10.27753415,95.84714523
FRA,2011,H,55.27640536,1.4686756,10.31328405,96.64919195
FRA,2012,H,56.29346427,1.5129077,10.24707958,96.5785493
FRA,2013,H,57.16792247,1.4742784,10.25334993,95.87696269
FRA,2014,H,58.06263676,1.4539502,10.18149835,93.91590815
FRA,2015,H,58.97389113,1.4592807,10.31991164,94.94542023
FRA,2016,H,59.66234973,1.4200425,10.16523202,97.49046876
FRA,2017,H,60.26134917,1.4018117,10.01005158,101.6178302
FRA,2018,H,60.82497868,1.5186813,9.886205216,104.624052
FRA,2019,H,61.33933363,1.4821333,9.910950006,106.9130306
FRA,2020,H,61.77721561,1.4906558,9.245667104,125.3974397
FRA,2021,H,62.06394357,1.5363267,9.095825158,120.7219099
FRA,2022,H,62.36076266,1.4637769,9.301362488,119.290367
FRA,2023,H,62.69136,1.3517693,9.76870497,112.5673548
FRA,2024,H,63.00365578,1.2007009,9.566475207,107.5826606
FRA,2025,H,63.00365578,1.2007009,9.486224479,107.5826606
FRA,2026,H,63.00365578,1.2007009,9.486224479,107.5826606
FSM,2000,LM,77.06785929,-0.1479039,1.577976873,31.18020981
FSM,2001,LM,75.59893107,-0.1479039,1.85470733,29.5730277
FSM,2002,LM,74.35034731,-0.1479039,1.740048465,21.27375772
FSM,2003,LM,73.26060456,-0.1479039,1.609048188,16.6208826
FSM,2004,LM,72.10228496,-0.1479039,1.367039982,18.33079234
FSM,2005,LM,70.78562122,-0.3495235,0.514129555,20.02672065
FSM,2006,LM,69.34923912,-0.3523272,0.33292,20.9688
FSM,2007,LM,67.75060304,-0.4549879,0.342885375,21.31146245
FSM,2008,LM,66.16989795,-0.478406,0.36835249,20.03065134
FSM,2009,LM,64.75696299,-0.4668586,0.371913357,21.33718412
FSM,2010,LM,63.74571755,-0.4379422,0.385958904,20.93732877
FSM,2011,LM,63.20598888,-0.691111,0.398961039,19.70746753
FSM,2012,LM,62.69226129,-0.6908698,0.367283951,19.52901235
FSM,2013,LM,62.07521998,-0.6707454,0.332738854,19.85286624
FSM,2014,LM,61.52711342,-0.1731488,0.328449367,21.38670886
FSM,2015,LM,61.07505852,-0.1751578,0.371442308,23.15865385
FSM,2016,LM,60.86571787,-0.1744595,0.553730887,22.99602446
FSM,2017,LM,60.85008228,0.0691179,0.525180055,23.1199446
FSM,2018,LM,60.82439531,0.0703629,0.489873096,20.21954315
FSM,2019,LM,60.87673231,0.0007813,0.486911392,22.80936709
FSM,2020,LM,60.77345664,0.1389059,0.493935818,24.16984377
FSM,2021,LM,60.71181755,0.1409627,0.507173229,23.42736335
FSM,2022,LM,60.87068817,-0.0852637,0.509713946,23.42736335
FSM,2023,LM,60.92758759,-0.0843731,0.511134248,23.42736335
FSM,2024,LM,60.76461897,-0.1847801,0.496070326,23.42736335
FSM,2025,UM,60.76461897,-0.1847801,0.480731673,23.42736335
FSM,2026,UM,60.76461897,-0.1847801,0.480731673,23.42736335
GAB,2000,UM,84.32029316,-0.6059151,3.724848955,8.696552298
GAB,2001,UM,82.91728706,-0.6058573,2.541160328,12.52132357
GAB,2002,UM,81.48021727,-0.6057995,2.674539273,12.31095356
GAB,2003,UM,80.02268595,-0.6117162,2.667338588,11.5183479
GAB,2004,UM,78.5698674,-1.0988503,2.781723242,9.270946511
GAB,2005,UM,77.13460945,-1.041666,12.92979084,8.463617664
GAB,2006,UM,75.72926497,-0.7785827,11.46783873,9.553023111
GAB,2007,UM,74.38099133,-0.776777,12.7816305,9.952229099
GAB,2008,UM,73.13117864,-0.7753686,14.22278354,8.661172309
GAB,2009,UM,72.0433392,-0.6129917,19.02437307,10.09111298
GAB,2010,UM,71.14858733,-0.5813481,17.08046111,8.209996832
GAB,2011,UM,70.41447789,-0.7953663,19.15280075,9.527671612
GAB,2012,UM,69.76040914,-0.9553429,16.50140564,11.30209567
GAB,2013,UM,69.13889473,-0.8356498,17.16241396,15.0128213
GAB,2014,UM,68.63501377,-0.6813684,17.39340587,14.54172512
GAB,2015,UM,68.34690041,-0.702389,16.68703304,14.51614723
GAB,2016,UM,68.29442426,-0.6634804,17.45600677,13.82898955
GAB,2017,UM,68.42281161,-0.8272048,17.62241867,10.29036221
GAB,2018,UM,68.62938196,-0.7795313,18.94155761,13.08269307
GAB,2019,UM,68.82836684,-0.7880906,18.80256883,13.37647797
GAB,2020,UM,68.95058217,-0.8134549,18.57647094,13.37647797
GAB,2021,UM,68.96935874,-0.5886647,21.64954708,13.37647797
GAB,2022,UM,68.87657943,-0.5943568,20.80004102,13.37647797
GAB,2023,UM,68.64549539,-0.5840974,20.53646785,13.37647797
GAB,2024,UM,68.25695357,-0.5671547,19.45982697,13.37647797
GAB,2025,UM,68.25695357,-0.5671547,19.06509259,13.37647797
GAB,2026,UM,68.25695357,-0.5671547,19.06509259,13.37647797
GBR,2000,H,53.43148587,1.7413326,13.2927634,114.2942488
GBR,2001,H,52.88233278,1.76219355,12.5032376,119.3368864
GBR,2002,H,52.49643016,1.7830545,12.06508037,124.5334601
GBR,2003,H,52.35729295,1.6613602,11.54810052,129.2161121
GBR,2004,H,52.21578634,1.5846989,10.91472434,136.6670359
GBR,2005,H,51.82757156,1.8367501,10.56163233,142.6644879
GBR,2006,H,51.40084829,1.7080687,10.15107437,153.4713953
GBR,2007,H,51.15618621,1.6664793,9.71451845,169.5833486
GBR,2008,H,51.19472266,1.7054858,9.621293495,190.146653
GBR,2009,H,51.44068526,1.4845712,9.292454494,191.1298289
GBR,2010,H,51.73802316,1.4807208,9.449270627,183.7628192
GBR,2011,H,52.28144451,1.4681563,9.326834117,169.6158736
GBR,2012,H,53.22979209,1.5077865,9.374760412,160.0107055
GBR,2013,H,54.15481216,1.4464475,9.598104492,148.9062486
GBR,2014,H,54.84385954,1.6582915,9.440841016,134.6050554
GBR,2015,H,55.40156159,1.6362652,9.384517556,130.0827379
GBR,2016,H,55.92459265,1.6528388,9.131689408,131.480106
GBR,2017,H,56.47995952,1.5660677,9.04234268,132.3332485
GBR,2018,H,57.00444496,1.5248207,9.015458479,132.7833598
GBR,2019,H,57.43102136,1.3966716,8.981513661,131.4430654
GBR,2020,H,57.65938086,1.3728014,9.081808427,145.5720754
GBR,2021,H,57.61296084,1.3289695,8.732819208,136.1615946
GBR,2022,H,57.62819234,1.2932604,7.961335152,126.1263977
GBR,2023,H,57.84639733,1.1378943,8.223928516,117.9783618
GBR,2024,H,57.93999124,1.1849099,7.973490062,112.372019
GBR,2025,H,57.93999124,1.1849099,7.67758789,112.372019
GBR,2026,H,57.93999124,1.1849099,7.67758789,112.372019
GEO,2000,L,53.39295288,-0.8765203,12.24537075,34.43633456
GEO,2001,L,52.65325415,-1.04347055,12.23104585,34.43633456
GEO,2002,L,52.09053453,-1.2104208,12.80445279,34.43633456
GEO,2003,LM,51.89123369,-1.2195365,13.03230929,34.43633456
GEO,2004,LM,51.65118237,-0.7313035,12.2217359,34.43633456
GEO,2005,LM,51.13184223,-0.6108964,12.0945882,34.43633456
GEO,2006,LM,50.5376974,-0.3869641,11.11828222,34.43633456
GEO,2007,LM,49.77980166,-0.2227139,10.94811049,34.43633456
GEO,2008,LM,48.91611133,-0.0154298,10.44304295,34.43633456
GEO,2009,LM,48.17069689,0.0841957,9.928277549,32.71523661
GEO,2010,LM,47.72215699,0.2118458,9.071429861,31.85207692
GEO,2011,LM,47.623756,0.5431231,9.451541055,32.87910262
GEO,2012,LM,47.85752068,0.6137741,9.544907696,35.53626934
GEO,2013,LM,48.39755885,0.5511037,9.22261068,39.90459301
GEO,2014,LM,49.32596007,0.5296758,9.210553244,44.94835108
GEO,2015,UM,50.52082407,0.4698911,9.238687912,48.23007444
GEO,2016,LM,51.75154225,0.5977322,7.78368506,54.01457007
GEO,2017,LM,52.90557268,0.6334817,8.770753507,55.07107957
GEO,2018,UM,53.99809163,0.5020219,9.057120818,59.52964265
GEO,2019,UM,55.05710189,0.511363,8.825634879,65.02832583
GEO,2020,UM,55.97662728,0.3081567,9.428180923,79.06452491
GEO,2021,UM,56.64700453,0.4515433,9.916045715,72.90838974
GEO,2022,UM,56.9467003,0.4424252,9.723255696,63.07260827
GEO,2023,UM,57.12962626,0.5876041,8.355354909,66.40331603
GEO,2024,UM,57.32285239,0.4562672,8.4367086,68.28892759
GEO,2025,UM,57.32285239,0.4562672,7.986509615,68.42196644
GEO,2026,UM,57.32285239,0.4562672,7.986509615,68.42196644
GHA,2000,L,83.17998751,-0.0680213,9.016849277,13.97149132
GHA,2001,L,82.03178988,-0.14602900000000002,9.002986549,11.88439126
GHA,2002,L,80.82698385,-0.2240367,9.027260448,12.1495373
GHA,2003,L,79.71652715,-0.4389193,8.975523635,12.49304876
GHA,2004,L,78.67727179,-0.3962772,8.741998633,13.17248937
GHA,2005,L,77.71925782,-0.2673343,8.655388399,15.54406881
GHA,2006,L,76.84252368,0.0739642,9.541016599,10.85758702
GHA,2007,L,75.97297006,0.0561228,8.596404815,14.48843023
GHA,2008,L,75.13077603,0.0686849,7.544118186,12.61349047
GHA,2009,L,74.39787973,0.078926,6.772090634,17.73697326
GHA,2010,LM,73.87642029,0.0369136,6.388658627,16.66077481
GHA,2011,LM,73.54861446,0.0061563,6.423765859,17.19528265
GHA,2012,LM,73.29017349,0.0221723,5.660586499,18.07171286
GHA,2013,LM,73.03647546,-0.0886219,11.58854746,15.29237165
GHA,2014,LM,72.7330535,-0.0881126,11.01994883,16.50489063
GHA,2015,LM,72.31164507,-0.085856,11.09829956,17.93356705
GHA,2016,LM,71.73132577,0.0177698,10.82042459,17.43563866
GHA,2017,LM,71.00074085,0.0366097,10.15222309,16.09952014
GHA,2018,LM,70.22201277,-0.0138733,10.12013334,13.71414322
GHA,2019,LM,69.45619261,-0.0546834,10.16121873,13.93721139
GHA,2020,LM,68.61462281,-0.0103657,10.95305585,13.05852886
GHA,2021,LM,67.73640843,-0.0445107,10.88542554,13.05443112
GHA,2022,LM,66.91880695,-0.0662946,11.48443203,13.28852379
GHA,2023,LM,66.14258126,-0.0177779,11.14142626,9.446194974
GHA,2024,LM,65.36158573,0.0595796,10.57150459,8.924353962
GHA,2025,LM,65.36158573,0.0595796,10.10653848,8.924353962
GHA,2026,LM,65.36158573,0.0595796,10.10653848,8.924353962
GIN,2000,L,95.48916404,-0.9274028,2.589302537,2.735372093
GIN,2001,L,96.90098532,-0.9637990999999999,2.589919143,2.771575998
GIN,2002,L,97.66405433,-1.0001954,2.596791621,2.845314407
GIN,2003,L,97.18582583,-1.0068843,4.065621413,2.898929527
GIN,2004,L,96.79285053,-0.8587699,3.8856338,2.59622911
GIN,2005,L,96.60843661,-0.8517131,4.172621608,3.879156543
GIN,2006,L,96.25965924,-1.2749881,11.38061708,4.604760736
GIN,2007,L,95.51577365,-1.2277332,11.43785914,3.262639439
GIN,2008,L,94.61235772,-1.1636273,12.67171793,3.239431467
GIN,2009,L,93.70128721,-1.1868935,12.56367225,2.659868666
GIN,2010,L,92.78869432,-1.1136703,10.63328557,3.942701992
GIN,2011,L,91.80095252,-1.1619696,10.47127693,6.817893792
GIN,2012,L,90.77540548,-1.2211888,10.5298592,5.912833207
GIN,2013,L,89.8424961,-1.110455,10.80077855,7.336493275
GIN,2014,L,88.93308829,-1.0008725,11.08249354,9.930538641
GIN,2015,L,87.99464729,-0.9452185,12.11873567,11.81550068
GIN,2016,L,87.12317395,-0.8784328,10.92667597,10.76699468
GIN,2017,L,86.34511295,-0.888003,10.02158683,9.111468642
GIN,2018,L,85.56930184,-0.838006,12.07324995,9.647996739
GIN,2019,L,84.71626173,-0.6765097,10.40035898,10.28854697
GIN,2020,L,83.78652795,-0.8118614,9.566256632,10.01983166
GIN,2021,L,82.81851601,-0.808594,11.42279297,9.006718513
GIN,2022,LM,81.8207432,-0.9248516,12.74535635,10.45634553
GIN,2023,LM,80.77951401,-0.8735118,12.74535635,10.24907661
GIN,2024,LM,79.71478343,-0.8881627,12.74535635,10.66687432
GIN,2025,LM,79.71478343,-0.8881627,12.74535635,10.57400831
GIN,2026,LM,79.71478343,-0.8881627,12.74535635,10.57400831
GMB,2000,L,99.42574184,-0.5902075,6.766691548,6.741074287
GMB,2001,L,98.67744169,-0.5901255000000001,6.631611383,8.321402009
GMB,2002,L,97.80388217,-0.5900435,7.020899378,10.68994156
GMB,2003,L,96.82347393,-0.5953216,5.916642809,11.75794416
GMB,2004,L,95.76688783,-0.6714764,5.262075726,5.032580387
GMB,2005,L,94.65192312,-0.7874411,6.302016927,5.852238866
GMB,2006,L,93.52150623,-0.9187555,6.645413213,7.212918964
GMB,2007,L,92.40711845,-0.7778148,6.509075479,7.548512304
GMB,2008,L,91.30048618,-0.7696386,5.591328964,8.73270873
GMB,2009,L,90.21783213,-0.6502235,4.829974843,9.166452597
GMB,2010,L,89.2340785,-0.638967,4.550839575,9.491080142
GMB,2011,L,88.42396208,-0.6268448,5.488714202,10.40755212
GMB,2012,L,87.77781658,-0.5767663,5.748159799,10.07965389
GMB,2013,L,87.17218726,-0.6098694,5.611202563,9.981000856
GMB,2014,L,86.48318701,-0.5410093,6.511781045,8.831185556
GMB,2015,L,85.75542896,-0.6335683,6.349254347,7.918195805666667
GMB,2016,L,85.00430559,-0.6110704,5.586257013,7.005206055333333
GMB,2017,L,84.184311,-0.5220746,4.469292134,6.092216305
GMB,2018,L,83.27048992,-0.5023406,4.255461446,7.052268045
GMB,2019,L,82.28103927,-0.5361521,3.787177037,8.202172458
GMB,2020,L,81.19329456,-0.5874216,2.613383788,8.152222434
GMB,2021,L,80.00272519,-0.5131901,1.902071901,8.875449974
GMB,2022,L,78.808221,-0.5024958,1.430762912,9.620220466
GMB,2023,L,77.64734778,-0.4683483,1.699589426,8.725313359
GMB,2024,L,76.44849823,-0.5358243,1.454253363,9.403974962
GMB,2025,L,76.44849823,-0.5358243,1.454253363,9.403974962
GMB,2026,L,76.44849823,-0.5358243,1.454253363,9.403974962
GNB,2000,L,93.20178252,-0.973968,7.691262936,4.361207844
GNB,2001,L,92.16206375,-0.973886,7.361312784,0.383077012
GNB,2002,L,91.19057117,-0.973804,8.97342051,1.300372979
GNB,2003,L,90.29263781,-1.3193929,9.200145845,0.636901086
GNB,2004,L,89.41116203,-1.532916,8.735369034,1.140614662
GNB,2005,L,88.62310194,-1.4154101,9.576672292,1.464687727
GNB,2006,L,87.95948913,-1.0792857,9.509061285,2.179167986
GNB,2007,L,87.31500702,-1.0464922,8.351259705,3.21439573
GNB,2008,L,86.6437802,-0.9904376,9.2853951,5.121932873
GNB,2009,L,85.94069393,-0.9508997,9.346379196,4.431438254
GNB,2010,L,85.24374379,-0.9602743,9.097635045,6.359534879
GNB,2011,L,84.59453658,-1.0116558,9.20015795,8.68660544
GNB,2012,L,83.97914018,-1.2131091,8.892949193,12.22372441
GNB,2013,L,83.36904906,-1.4128951,8.724656513,11.9864957
GNB,2014,L,82.73212241,-1.4525813,9.343589945,13.43389961
GNB,2015,L,82.02806345,-1.3953114,8.858907124,7.779956348
GNB,2016,L,81.25448958,-1.4408281,8.655694068,7.005862806
GNB,2017,L,80.36317235,-1.5425984,8.139974905,11.70905744
GNB,2018,L,79.35004819,-1.235343,11.21382516,13.85351741
GNB,2019,L,78.29098721,-1.2804308,9.741861347,13.34731192
GNB,2020,L,77.18057192,-1.2811844,6.455350251,13.60998119
GNB,2021,L,76.02152091,-1.3839632,6.628964524,13.29065443
GNB,2022,L,74.8100197,-1.5281779,7.00649345,14.5846321
GNB,2023,L,73.56566891,-1.4517345,8.908853804,12.58319483
GNB,2024,L,72.34774997,-1.3676142,9.172312373,10.72536886
GNB,2025,L,72.34774997,-1.3676142,8.599460908,9.987224455
GNB,2026,L,72.34774997,-1.3676142,8.599460908,9.987224455
GNQ,2000,LM,85.39568725,-1.3654721,7.133685719,3.633416174
GNQ,2001,L,83.5995289,-1.3653956,7.133685719,3.470077572
GNQ,2002,L,81.50608124,-1.3653191,7.133685719,4.169054371
GNQ,2003,L,79.34755938,-1.373151,7.133685719,3.588791701
GNQ,2004,UM,77.35395033,-1.374142,7.133685719,2.722154318
GNQ,2005,UM,75.78618453,-1.4036206,7.133685719,2.148532638
GNQ,2006,UM,74.61285517,-1.4051422,7.133685719,2.372933931
GNQ,2007,H,73.66051449,-1.4028412,14.51441507,2.802672966
GNQ,2008,H,72.86459554,-1.4010464,20.36751704,4.104054824
GNQ,2009,H,72.1762768,-1.3669139,18.03795957,5.31752124
GNQ,2010,H,71.58216597,-1.3172768,21.01648193,6.078285315
GNQ,2011,H,71.25687808,-1.3209115,22.46849117,6.406482044
GNQ,2012,H,71.15549763,-1.3207353,17.08975216,4.832049941
GNQ,2013,H,71.096275,-1.3530473,19.28578894,6.863157223
GNQ,2014,H,71.13000021,-0.9774502,20.12563307,8.108476789
GNQ,2015,UM,71.20485616,-0.9975418,17.8446575,12.52625259
GNQ,2016,UM,71.25146903,-0.9739752,18.50431156,14.94685826
GNQ,2017,UM,71.24193465,-1.0052134,25.75059535,14.1214331
GNQ,2018,UM,71.08796664,-0.9846747,25.57013777,14.18824915
GNQ,2019,UM,70.72569129,-1.009579,20.85383948,15.23950828
GNQ,2020,UM,70.58440035,-1.0623792,19.52706539,12.87089031
GNQ,2021,UM,70.52083535,-1.041591,20.93068942,10.45427711
GNQ,2022,UM,70.20012042,-1.1757572,25.3933756,8.081929414
GNQ,2023,UM,69.80165671,-1.1523444,22.14541333,5.81219669
GNQ,2024,UM,69.41497052,-1.1825117,25.80981881,5.81219669
GNQ,2025,UM,69.41497052,-1.1825117,22.30561458,5.81219669
GNQ,2026,UM,69.41497052,-1.1825117,22.30561458,5.81219669
GRC,2000,H,48.91606034,0.3180535,9.920552167,51.696591
GRC,2001,H,49.25752778,0.3767953,10.40410184,51.696591
GRC,2002,H,49.60123567,0.4355371,10.27792066,54.87183274
GRC,2003,H,49.81394017,0.5176036,9.995781121,58.73196094
GRC,2004,H,49.923739,0.6671438,9.651037663,63.87754281
GRC,2005,H,49.97786637,0.4979127,9.533684688,73.65739572
GRC,2006,H,49.96525874,0.5463793,9.129228047,77.54543742
GRC,2007,H,49.9217314,0.4958193,9.023030501,85.79842374
GRC,2008,H,50.02891464,0.4581092,8.887748835,90.50731366
GRC,2009,H,50.41427172,0.4951187,8.171746279,89.22442516
GRC,2010,H,51.03713477,0.3044238,8.024112152,112.8142773
GRC,2011,H,51.87156568,0.2558843,8.148725837,119.2013825
GRC,2012,H,52.81100017,0.2269435,8.136423895,120.1479314
GRC,2013,H,53.73203445,0.396537,7.780487224,119.7902037
GRC,2014,H,54.52210404,0.2447728,7.793231312,117.8950572
GRC,2015,H,55.19246383,0.1817351,8.293979413,113.4333573
GRC,2016,H,55.85158019,0.0838989,8.107747295,108.6270975
GRC,2017,H,56.43663225,0.2623317,8.017712658,100.6475099
GRC,2018,H,56.90006045,0.3398991,8.181820628,91.2069328
GRC,2019,H,57.28972865,0.4589741,7.839589993,80.21223967
GRC,2020,H,57.6385194,0.5867351,8.427280422,81.27097513
GRC,2021,H,58.38234388,0.5727218,8.665589577,56.19733616
GRC,2022,H,58.92292981,0.5636045,9.721029451,52.45674212
GRC,2023,H,58.90624511,0.2578486,8.947903331,49.21574082
GRC,2024,H,59.13220605,0.1912731,9.065874333,48.54100045
GRC,2025,H,59.13220605,0.1912731,9.07606721,48.54100045
GRC,2026,H,59.13220605,0.1912731,9.07606721,48.54100045
GRD,2000,UM,70.66550191,0.7532431,4.534634438,62.5581236
GRD,2001,UM,68.94458525,0.7533687,4.507645286,63.08051819
GRD,2002,UM,66.07531329,0.7534943,4.365931627,61.43224629
GRD,2003,UM,63.29729,0.7406422,3.888498303,58.46474544
GRD,2004,UM,60.69585924,0.4779746,3.361388539,61.61798672
GRD,2005,UM,58.34403544,0.4427567,2.895809372,57.95106496
GRD,2006,UM,56.27305749,0.484785,3.383492046,64.87666684
GRD,2007,UM,54.49411502,0.4874708,3.594188511,68.79352477
GRD,2008,UM,52.99449526,0.4895657,3.313655454,70.07704869
GRD,2009,UM,51.73344971,0.5379916,3.315354459,79.3771165
GRD,2010,UM,50.69617945,0.5616484,3.452880763,83.97993986
GRD,2011,UM,49.97925839,0.5608317,3.37761669,84.87602087
GRD,2012,UM,49.48371618,0.5610374,3.2467773,82.80481368
GRD,2013,UM,49.02434541,0.5009041,3.380555324,74.25666023
GRD,2014,UM,48.55071521,0.2423394,3.420911485,65.20633553
GRD,2015,UM,48.0008776,0.0331347,3.419120925,57.32142857
GRD,2016,UM,47.64671181,0.0337302,3.353300098,53.72278409
GRD,2017,UM,47.40652774,0.0339235,3.08059289,51.06690575
GRD,2018,UM,47.1427663,-0.1545834,3.116596128,50.64570309
GRD,2019,UM,46.98688296,-0.0931857,3.37198336,49.54706523
GRD,2020,UM,46.81237696,-0.0961408,3.12898222,59.39716954
GRD,2021,UM,46.61875204,-0.0943871,3.315511551,57.31610561
GRD,2022,UM,46.5020112,-0.0438885,3.374767763,53.63006155
GRD,2023,UM,46.44827198,0.0807086,3.548455934,50.98696627
GRD,2024,UM,46.37027786,0.0201444,3.524529729,55.68951576
GRD,2025,UM,46.37027786,0.0201444,3.295835385,57.53505213
GRD,2026,UM,46.37027786,0.0201444,3.295835385,57.53505213
GTM,2000,LM,90.76306413,-1.0470244,13.17089605,22.76671319
GTM,2001,LM,90.01033916,-0.9865342500000001,19.98979847,22.76671319
GTM,2002,LM,89.00238234,-0.9260441,18.80800868,21.56157222
GTM,2003,LM,87.72626988,-0.9461887,18.76240638,26.65440813
GTM,2004,LM,86.25068931,-0.8896651,19.1936872,26.63084525
GTM,2005,LM,84.65983278,-0.8990503,19.00164413,25.76644405
GTM,2006,LM,82.9981312,-0.7008041,19.03480182,28.82849313
GTM,2007,LM,81.28684868,-0.6725821,18.59078092,28.64102595
GTM,2008,LM,79.53682011,-0.6490196,18.76713397,27.7613593
GTM,2009,LM,77.7631319,-0.581593,18.95369257,25.75636006
GTM,2010,LM,75.98815378,-0.6073928,18.93836957,24.2180601
GTM,2011,LM,74.24991716,-0.6813602,18.95689978,23.96393766
GTM,2012,LM,72.59727324,-0.6922625,19.42672595,32.17208304
GTM,2013,LM,71.03816123,-0.6452598,14.41642999,33.13095853
GTM,2014,LM,69.58718174,-0.5721862,14.07664757,33.49614862
GTM,2015,LM,68.24840824,-0.6527228,14.32632827,35.26220532
GTM,2016,LM,66.95572288,-0.6757539,14.19059959,35.70284675
GTM,2017,UM,65.72087674,-0.6982041,14.14043683,35.16762327
GTM,2018,UM,64.58006776,-0.7651424,13.95427825,35.04890704
GTM,2019,UM,63.45028547,-0.7779291,13.81128823,34.07722664
GTM,2020,UM,62.20545384,-0.7764521,14.10815817,35.85072767
GTM,2021,UM,60.88326201,-0.7444335,13.92685258,35.66148932
GTM,2022,UM,59.60143184,-0.8842065,14.08773964,36.60698146
GTM,2023,UM,58.40954175,-0.8628806,14.01269561,37.15726081
GTM,2024,UM,57.29814639,-0.9093696,13.53924349,36.77828968
GTM,2025,UM,57.29814639,-0.9093696,13.19442748,37.23488143
GTM,2026,UM,57.29814639,-0.9093696,13.19442748,37.23488143
GUY,2000,LM,67.87209945,0.1307483,2.64129456,57.1228498
GUY,2001,LM,67.78755196,0.1308303,2.6978242,60.72085952
GUY,2002,LM,67.49340358,0.1309123,2.855226715,62.11910155
GUY,2003,LM,66.93062896,0.1225187,2.68908263,57.5479804
GUY,2004,LM,66.09219816,-0.0177433,2.631385238,53.20104886
GUY,2005,LM,65.01302256,-0.3480773,3.071454999,57.12242743
GUY,2006,LM,63.71152656,-0.1107271,6.789714328,22.65816058
GUY,2007,LM,62.31746679,0.0182251,6.72345246,22.35727946
GUY,2008,LM,60.95480034,-0.1494954,6.910875949,21.8393975
GUY,2009,LM,59.60447601,-0.0858978,6.56111716,23.34803987
GUY,2010,LM,58.2842693,-0.042627,5.744109266,24.51380231
GUY,2011,LM,57.07380945,-0.045055,6.018401104,26.43719889
GUY,2012,LM,56.2223027,-0.0195935,6.015709492,28.76781323
GUY,2013,LM,55.72943702,-0.0235782,6.345950316,31.97334079
GUY,2014,LM,55.39887628,-0.0947731,6.046221801,36.65987405
GUY,2015,UM,55.24252617,-0.1184435,5.939100711,36.50224106
GUY,2016,UM,55.25599837,-0.1181524,4.966743259,34.95272841
GUY,2017,UM,55.43574776,-0.1613265,4.789300947,34.06938663
GUY,2018,UM,54.30242305,-0.0849901,4.668406954,36.57044241
GUY,2019,UM,53.97204858,-0.0844712,5.049182881,37.09274713
GUY,2020,UM,54.96147462,-0.2652471,4.244023924,39.17571804
GUY,2021,UM,55.09169714,-0.1426381,3.135049958,30.82862472
GUY,2022,H,55.34092735,-0.1291709,1.867026158,20.18756408
GUY,2023,H,55.76998841,-0.0976685,2.255785104,19.92857841
GUY,2024,H,55.99533752,-0.0982402,1.697355361,14.95110651
GUY,2025,H,55.99533752,-0.0982402,1.898678614,15.6083104
GUY,2026,H,55.99533752,-0.0982402,1.898678614,15.6083104
HKG,2000,H,39.06563335,1.5133566,4.590576007,150.3513642
HKG,2001,H,38.67664113,1.38191335,4.055203756,148.9766313
HKG,2002,H,38.44636473,1.2504701,3.52821656,145.707823
HKG,2003,H,38.08173343,1.5744373,3.105193173,146.2314644
HKG,2004,H,37.48092626,1.5131642,2.996926988,144.7619641
HKG,2005,H,36.71244416,1.6041045,2.807541825,143.1276998
HKG,2006,H,35.93031715,1.756447,2.639769422,136.8003204
HKG,2007,H,35.32617064,1.6859842,1.960616833,136.6797429
HKG,2008,H,34.87927493,1.6855332,1.845167782,140.2857527
HKG,2009,H,34.48355138,1.6388612,1.730546122,155.4261611
HKG,2010,H,34.09698731,1.6058929,1.711954747,185.5819127
HKG,2011,H,33.9176148,1.6227774,1.580724038,202.2927455
HKG,2012,H,34.25131156,1.8817297,1.502165622,198.5315051
HKG,2013,H,34.96159303,1.7309633,1.410275896,218.1603921
HKG,2014,H,35.85207598,1.8462661,1.233846828,233.2110012
HKG,2015,H,36.84312466,1.8408043,1.113965008,207.8993282
HKG,2016,H,37.9119774,1.9071365,1.077813441,214.3001788
HKG,2017,H,39.12858894,1.9265977,1.026428301,223.3718664
HKG,2018,H,40.40215989,1.9404871,0.972374903,219.9081233
HKG,2019,H,41.71432066,1.888806,1.032188855,236.7400716
HKG,2020,H,43.06646844,1.5914491,0.953922818,258.9028417
HKG,2021,H,44.58701192,1.6245817,0.912665496,259.1839882
HKG,2022,H,46.1893957,1.6433381,0.946911306,264.4465354
HKG,2023,H,47.80715423,1.5374202,0.946125902,248.7912385
HKG,2024,H,49.64452936,1.6374532,0.934373569,230.1861444
HKG,2025,H,49.64452936,1.6374532,0.934373569,222.6469107
HKG,2026,H,49.64452936,1.6374532,0.934373569,222.6469107
HND,2000,LM,85.34978865,-1.0776822,20.53561885,36.68356621
HND,2001,LM,84.13071169,-1.0512278,19.63852766,36.68356621
HND,2002,LM,82.80494719,-1.0247734,19.89221672,36.0320656
HND,2003,LM,81.38020628,-1.0735697,19.77400576,37.19104638
HND,2004,LM,79.8958826,-0.7452631,19.15725276,37.81436819
HND,2005,LM,78.33946132,-0.697415,19.08397071,38.84175807
HND,2006,LM,76.69684756,-0.7164582,18.97012914,44.72935316
HND,2007,LM,74.99599074,-0.6132121,17.95145037,52.27042007
HND,2008,LM,73.27037497,-0.6867311,17.80521758,51.29183267
HND,2009,LM,71.54570451,-0.6465044,16.6306404,50.33822017
HND,2010,LM,69.83278352,-0.6254799,16.53655701,47.46224708
HND,2011,LM,68.15564164,-0.6040037,17.19439402,47.30923103
HND,2012,LM,66.55634993,-0.6881574,17.68613956,51.27564823
HND,2013,LM,65.03701195,-0.8050534,17.29425925,54.72268682
HND,2014,LM,63.57952596,-0.6009781,17.25458749,55.0869372
HND,2015,LM,62.16575156,-0.5555614,17.54311202,54.59360022
HND,2016,LM,60.82062699,-0.4312883,17.14677251,57.83540236
HND,2017,LM,59.59199428,-0.4193229,17.1266629,57.7901975
HND,2018,LM,58.50714638,-0.5271479,16.89270829,62.81495971
HND,2019,LM,57.55252512,-0.5125275,16.53449257,64.46303283
HND,2020,LM,56.6772345,-0.5825031,16.23346941,71.23046368
HND,2021,LM,55.87477698,-0.6672516,16.21516462,67.72704719
HND,2022,LM,55.16632019,-0.6862582,16.21950058,70.08416262
HND,2023,LM,54.5329302,-0.6579014,15.20653935,75.63082478
HND,2024,LM,53.93834022,-0.6196728,14.8734622,78.46330143
HND,2025,LM,53.93834022,-0.6196728,14.97047226,78.46330143
HND,2026,LM,53.93834022,-0.6196728,14.97047226,78.46330143
HRV,2000,UM,48.88295352,0.1833787,16.67431671,69.23489094
HRV,2001,UM,49.35654967,0.1947093,16.35735363,69.23489094
HRV,2002,UM,49.64494677,0.2060399,15.22069477,69.23489094
HRV,2003,UM,49.79264883,0.1631364,14.84096672,69.23489094
HRV,2004,UM,49.84678001,0.3693341,15.01501502,69.23489094
HRV,2005,UM,49.96139754,0.354903,14.28650397,69.23489094
HRV,2006,UM,49.97839639,0.302513,13.77057483,69.23489094
HRV,2007,UM,50.01581874,0.3753871,13.84355786,69.23489094
HRV,2008,H,50.07901452,0.3957849,13.45505316,69.23489094
HRV,2009,H,49.94841713,0.4213095,13.2484276,69.23489094
HRV,2010,H,49.63584103,0.2868905,12.95463741,69.23489094
HRV,2011,H,49.45444833,0.240585,13.6634277,69.23489094
HRV,2012,H,49.60360226,0.4012631,13.51610815,69.23489094
HRV,2013,H,49.89407387,0.4156062,12.60929386,67.91309751
HRV,2014,H,50.4049904,0.4256344,12.73290541,66.74690202
HRV,2015,H,51.1801169,0.2567445,12.73767567,63.17930644
HRV,2016,UM,52.0598914,0.2649439,12.87684481,58.99171677
HRV,2017,H,53.15396809,0.404068,12.76039572,55.98407464
HRV,2018,H,54.40417476,0.4927546,12.29867668,54.27351246
HRV,2019,H,55.56263683,0.4191078,11.99322478,52.92499909
HRV,2020,H,56.53849769,0.5056587,12.15710232,59.14787955
HRV,2021,H,57.43250236,0.7557995,11.65863943,52.87523782
HRV,2022,H,58.19189035,0.7162336,12.27574579,50.54353453
HRV,2023,H,58.61412578,0.7487411,12.2243831,46.44002728
HRV,2024,H,59.01028825,0.7097625,10.47785344,46.86106746
HRV,2025,H,59.01028825,0.7097625,10.14358699,46.86106746
HRV,2026,H,59.01028825,0.7097625,10.14358699,46.86106746
HTI,2000,L,78.64833039,-1.3577285,13.02901081,9.017971344
HTI,2001,L,77.67019503,-1.5976399,13.82010643,8.343350618
HTI,2002,L,76.58097646,-1.8375513,13.70199824,9.826980465
HTI,2003,L,75.41173608,-1.8356586,14.9337874,9.673964256
HTI,2004,L,74.15478794,-1.8983869,15.84228928,8.281373807
HTI,2005,L,72.84219855,-1.6556466,15.91581963,8.862702922
HTI,2006,L,71.5666152,-1.6592686,16.46140689,8.470203521
HTI,2007,L,70.36359565,-1.658091,15.57974618,8.062165111
HTI,2008,L,69.24179794,-1.4364822,17.01827927,8.682092027
HTI,2009,L,68.20489666,-1.4421191,16.86288965,8.211085237
HTI,2010,L,67.11318625,-1.5677862,14.4766049,7.797039675
HTI,2011,L,66.05010658,-1.6189617,14.65405803,8.518780035
HTI,2012,L,65.11326585,-1.599663,16.12659307,10.81496405
HTI,2013,L,64.18774755,-1.523841,15.76674163,10.76152761
HTI,2014,L,63.28434494,-1.9298374,16.62121864,11.41523155
HTI,2015,L,62.40340399,-1.869399,16.96853464,10.76792677
HTI,2016,L,61.58771047,-1.8833592,16.36683512,10.45527571
HTI,2017,L,60.85913946,-1.8904667,16.38462264,9.826318973
HTI,2018,L,60.17124695,-1.7517146,16.69063712,11.20633065
HTI,2019,L,59.49667008,-1.8885565,16.74966828,10.36870087
HTI,2020,LM,58.81890473,-1.9163196,17.63777188,8.609335969
HTI,2021,LM,58.12088297,-2.0602282,16.17675484,8.388136829
HTI,2022,LM,57.41391713,-2.0132007,20.07203936,8.296622968
HTI,2023,LM,56.71610657,-2.0108367,21.65211947,5.241596891
HTI,2024,LM,55.99129554,-2.0156868,20.84380373,4.281226145
HTI,2025,LM,55.99129554,-2.0156868,20.20301753,3.208331701
HTI,2026,LM,55.99129554,-2.0156868,20.20301753,3.208331701
HUN,2000,UM,46.5134969,0.9862345,19.0826422,31.84591129
HUN,2001,UM,46.07969475,0.9777666,19.1558165,32.61256383
HUN,2002,UM,45.74841954,0.9692987,18.54953766,34.34431075
HUN,2003,UM,45.52609579,0.8500324,18.59911298,36.51001385
HUN,2004,UM,45.28827598,0.7962749,18.97412441,38.94909665
HUN,2005,UM,45.11497126,0.7528133,19.03442027,43.2545318
HUN,2006,UM,44.9804922,0.7191893,19.70823555,47.27917874
HUN,2007,H,44.95785448,0.4939081,19.0624478,53.19802285
HUN,2008,H,45.05488154,0.4953579,18.27365132,59.36028568
HUN,2009,H,45.24082443,0.5418594,17.1623331,59.9028399
HUN,2010,H,45.34743917,0.4504472,18.13536692,60.32091757
HUN,2011,H,45.49213713,0.4689702,18.45945335,58.44700532
HUN,2012,UM,45.91831932,0.4322592,18.493718,50.4166617
HUN,2013,UM,46.55185646,0.5712638,18.70732178,46.0968824
HUN,2014,H,47.3832345,0.6662414,19.4234614,42.53202767
HUN,2015,H,48.25169704,0.579719,20.20767617,35.09767126
HUN,2016,H,49.14196899,0.5552886,19.5575597,33.31915432
HUN,2017,H,49.95950668,0.6076573,19.10339273,32.39086027
HUN,2018,H,50.77444017,0.6259032,18.40284232,32.26497879
HUN,2019,H,51.86615485,0.5238239,17.326162,33.17210527
HUN,2020,H,53.01828545,0.7208016,17.27399078,37.62960632
HUN,2021,H,53.77584557,0.784219,16.52704281,38.41258531
HUN,2022,H,54.22137831,0.657731,16.77710821,36.0420466
HUN,2023,H,54.57034805,0.5461907,17.17189854,32.90599972
HUN,2024,H,54.78576511,0.501908,15.85846526,32.36625271
HUN,2025,H,54.78576511,0.501908,15.14382802,32.36625271
HUN,2026,H,54.78576511,0.501908,15.14382802,32.36625271
IDN,2000,L,55.80089071,-0.5497447,22.65975121,27.65871049
IDN,2001,L,55.11314054,-0.6590799,30.75459722,27.65871049
IDN,2002,L,54.51557415,-0.7684151,31.95327849,27.65871049
IDN,2003,LM,53.92727,-0.9085265,28.25284184,27.65871049
IDN,2004,LM,53.35400322,-0.7626847,28.06582659,27.65871049
IDN,2005,LM,52.88157358,-0.7337593,27.40750748,27.65871049
IDN,2006,LM,52.48460884,-0.5173516,27.53757408,27.65871049
IDN,2007,LM,52.13119026,-0.4571356,27.04841275,27.65871049
IDN,2008,LM,51.7963916,-0.4526811,27.81427299,27.65871049
IDN,2009,LM,51.43121848,-0.3302307,26.35547453,27.65871049
IDN,2010,LM,51.06590393,-0.2531404,22.03862859,27.25304113
IDN,2011,LM,50.72511477,-0.3273953,21.7608545,30.08219936
IDN,2012,LM,50.39506252,-0.2570836,21.45095506,33.43417143
IDN,2013,LM,50.04391433,-0.1633885,21.02868868,36.05813961
IDN,2014,LM,49.68398051,0.3191278,21.07517605,36.42354516
IDN,2015,LM,49.35964379,-0.062646,20.98578743,39.1187983
IDN,2016,LM,49.08062418,0.1221929,20.52297468,39.40242469
IDN,2017,LM,48.81331766,0.1565617,20.16002236,38.73234956
IDN,2018,LM,48.55728556,0.2534613,19.86319338,38.80544967
IDN,2019,UM,48.31873105,0.3122885,19.70353909,38.37269395
IDN,2020,LM,48.02167984,0.213754,19.86642189,38.67953909
IDN,2021,LM,47.62798101,0.1470804,19.24340778,36.99082706
IDN,2022,UM,47.27265769,0.2328093,18.33617711,35.28843296
IDN,2023,UM,47.02245688,0.2732116,18.66744879,36.01295126
IDN,2024,UM,46.81355501,0.179804,18.984004,36.39240671
IDN,2025,UM,46.81355501,0.179804,19.06510998,36.28329833
IDN,2026,UM,46.81355501,0.179804,19.06510998,36.28329833
IND,2000,L,66.56581294,-0.5480326,15.92702302,28.33955116
IND,2001,L,65.6393614,-0.51493895,15.30702128,28.61941543
IND,2002,L,64.73522141,-0.4818453,15.55870173,32.30648907
IND,2003,L,63.83605379,-0.4274791,15.58738665,31.62626562
IND,2004,L,62.88270394,-0.1952701,15.82724574,36.19180385
IND,2005,L,61.90817091,-0.1809739,15.97301704,40.06798048
IND,2006,L,60.90247285,-0.1259439,17.30365333,43.62775243
IND,2007,LM,59.87806455,-0.0160503,16.86456778,45.62776475
IND,2008,LM,58.88782844,-0.1554864,17.09867415,49.55936669
IND,2009,LM,57.91646978,-0.0934347,17.14357767,48.12444791
IND,2010,LM,56.94352994,-0.1141477,17.02993425,50.55537498
IND,2011,LM,55.98767627,-0.0726295,16.13933744,51.28923313
IND,2012,LM,55.06007807,-0.0887591,15.81692301,51.88850765
IND,2013,LM,54.13783766,-0.0587027,15.25302269,52.38570952
IND,2014,LM,53.24210902,-0.0134938,15.06557011,51.88218736
IND,2015,LM,52.39770582,0.3968483,15.58385459,51.86752408
IND,2016,LM,51.57689373,0.3761225,15.16223713,38.20365079
IND,2017,LM,50.76720335,0.3527821,15.01823875,38.17071386
IND,2018,LM,50.03079002,0.5015296,14.88153067,38.8975254
IND,2019,LM,49.37813139,0.5054858,13.45580756,38.73794498
IND,2020,LM,48.72592536,0.3492894,14.12048536,40.78678486
IND,2021,LM,48.04057662,0.2400136,14.37702885,36.89208851
IND,2022,LM,47.46370596,0.3392526,13.33272026,38.18597636
IND,2023,LM,47.01321811,0.422603,13.31284388,40.8940759
IND,2024,LM,46.56399731,0.4046051,13.13921995,41.60796943
IND,2025,LM,46.56399731,0.4046051,13.47105507,44.02509034
IND,2026,LM,46.56399731,0.4046051,13.47105507,44.02509034
IRL,2000,H,49.18559368,1.4121198,23.11914115,71.77639788
IRL,2001,H,48.28963679,1.4154927499999999,25.24987023,71.77639788
IRL,2002,H,47.56126577,1.4188657,26.74511048,75.40688795
IRL,2003,H,47.15419315,1.266241,23.35858488,85.71898387
IRL,2004,H,46.8096917,1.330715,21.12736231,104.8995593
IRL,2005,H,46.24045375,1.6000506,19.59207962,124.6403806
IRL,2006,H,45.46998382,1.4595392,18.57305851,144.5708585
IRL,2007,H,45.09139988,1.376367,17.97273941,158.0991297
IRL,2008,H,45.55784632,1.3164903,17.55906889,166.3226391
IRL,2009,H,46.6772507,1.1434304,20.38868836,169.2522922
IRL,2010,H,48.07486489,1.0340843,19.50876907,133.4267531
IRL,2011,H,49.41734828,1.2438016,20.59754593,114.7415225
IRL,2012,H,50.53694781,1.3719864,19.60546639,110.6363311
IRL,2013,H,51.39799874,1.3399878,19.07612876,102.4046837
IRL,2014,H,52.04645738,1.4680962,19.58634486,78.3674079
IRL,2015,H,52.50467378,1.4129064,34.89132173,51.26579726
IRL,2016,H,52.77743651,1.4160358,32.62677389,47.38684144
IRL,2017,H,52.94159765,1.3768564,32.15935678,42.62273403
IRL,2018,H,53.02875603,1.4575251,32.77995414,39.71791066
IRL,2019,H,53.0371687,1.3035565,31.93030741,36.05527226
IRL,2020,H,53.05355717,1.5003528,33.61519905,32.34024643
IRL,2021,H,53.04482352,1.6184384,34.31429847,26.48306201
IRL,2022,H,52.94664069,1.7057914,37.09803775,25.44196667
IRL,2023,H,52.80881098,1.6609005,29.80455262,25.22255537
IRL,2024,H,52.54962296,1.6115533,29.56499735,23.78453756
IRL,2025,H,52.54962296,1.6115533,33.92512533,23.78453756
IRL,2026,H,52.54962296,1.6115533,33.92512533,23.78453756
IRN,2000,LM,60.64925815,-0.5434034,16.63922502,26.24978118
IRN,2001,LM,56.3422902,-0.6308865,17.14813115,30.07958278
IRN,2002,LM,52.83710035,-0.7183696,15.09666321,29.10088063
IRN,2003,LM,49.82937001,-0.7233853,14.79313534,32.43325476
IRN,2004,LM,47.07656497,-0.6691357,15.70243428,35.0710959
IRN,2005,LM,44.79197483,-0.74235,15.04149207,38.34815323
IRN,2006,LM,42.9687321,-0.7346343,15.03350612,44.7948028
IRN,2007,LM,41.63665253,-0.7287645,12.90761577,47.04727614
IRN,2008,LM,40.75848326,-0.7500004,12.9684578,45.31506944
IRN,2009,UM,40.25893865,-0.745878,13.27448939,49.21222941
IRN,2010,UM,40.06296288,-0.6340289,12.78390806,52.02294982
IRN,2011,UM,40.08857273,-0.5369306,13.79219147,49.2475079
IRN,2012,UM,40.26752818,-0.5324399,16.3771989,49.61732348
IRN,2013,UM,40.61070063,-0.5687029,15.72969562,44.59649913
IRN,2014,UM,41.20914549,-0.2574672,15.58475562,48.9844793
IRN,2015,UM,42.04071827,-0.1918034,13.45074441,56.37195936
IRN,2016,UM,42.89344774,-0.2031626,13.31883663,57.83133837
IRN,2017,UM,43.67052198,-0.1973883,14.13525021,57.83133837
IRN,2018,UM,44.33837503,-0.2727406,16.23214848,57.83133837
IRN,2019,UM,44.77869478,-0.4172702,18.65533651,57.83133837
IRN,2020,LM,44.93492162,-0.7071428,22.86643332,57.83133837
IRN,2021,LM,44.83428858,-0.6566521,23.4410697,57.83133837
IRN,2022,LM,44.61365762,-0.7076616,22.22483376,57.83133837
IRN,2023,UM,44.41448105,-0.7402272,21.6209509,57.83133837
IRN,2024,UM,44.25764759,-0.7061233,20.59089612,57.83133837
IRN,2025,UM,44.25764759,-0.7061233,20.59089612,57.83133837
IRN,2026,UM,44.25764759,-0.7061233,20.59089612,57.83133837
IRQ,2000,LM,87.815498,-2.0977097,0.908108148,1.26692714
IRQ,2001,LM,87.11769858,-2.1505972,1.476010091,1.26692714
IRQ,2002,LM,86.38375682,-2.2034847,1.521944531,1.26692714
IRQ,2003,LM,85.61495892,-2.0070061,1.026588151,1.26692714
IRQ,2004,LM,84.8012279,-1.5863173,1.761388714,1.26692714
IRQ,2005,LM,83.88749657,-1.9343147,1.320527376,1.556177168
IRQ,2006,LM,82.93110757,-1.8349607,1.541217513,2.26399132
IRQ,2007,LM,81.98497514,-1.6317277,1.631062342,2.475804461
IRQ,2008,LM,81.03063045,-1.2292464,1.6839071,2.682220363
IRQ,2009,LM,80.11484774,-1.0843867,2.61115151,3.778730148
IRQ,2010,LM,79.34520966,-1.1789936,2.269906805,5.39309563
IRQ,2011,LM,78.82691844,-1.1846155,2.821903293,5.41445204
IRQ,2012,UM,78.40843761,-1.1168342,2.721776318,5.90755945
IRQ,2013,UM,77.95954947,-1.0710124,2.297634844,6.335649162
IRQ,2014,UM,77.43227329,-0.9609496,1.877063816,6.814295451
IRQ,2015,UM,76.745769,-1.0793082,2.175208425,9.875822389
IRQ,2016,UM,75.94115139,-1.0919194,2.252868877,10.07668376
IRQ,2017,UM,75.05990776,-1.0918167,2.174398743,9.549839733
IRQ,2018,UM,74.10652932,-1.0744668,2.031977718,8.580017333
IRQ,2019,UM,73.09514193,-1.1066349,2.137531496,8.808960328
IRQ,2020,UM,71.98405107,-1.217842,2.588427268,13.31485768
IRQ,2021,UM,70.77458191,-1.2310377,2.473404781,11.19560275
IRQ,2022,UM,69.44745288,-1.223854,2.246236799,9.541256841
IRQ,2023,UM,68.03361996,-1.3398894,3.016036251,12.55189932
IRQ,2024,UM,66.65482446,-1.1018847,4.087061821,13.99144759
IRQ,2025,UM,66.65482446,-1.1018847,3.996539116,13.99144759
IRQ,2026,UM,66.65482446,-1.1018847,3.996539116,13.99144759
ISL,2000,H,53.5109699,1.9624344,11.39091823,92.35794975
ISL,2001,H,53.33143217,1.9953837500000002,13.19323776,94.08891207
ISL,2002,H,53.12591535,2.0283331,11.44001572,99.51121681
ISL,2003,H,52.69209065,2.0805814,10.82689365,123.6803999
ISL,2004,H,52.07039284,1.9606064,10.31036642,156.231076
ISL,2005,H,51.02376311,2.0321618,8.517358731,235.4619086
ISL,2006,H,49.60356154,1.581421,8.950608892,301.0189436
ISL,2007,H,48.47364258,1.502124,7.70959032,243.1549478
ISL,2008,H,48.07934538,1.6156504,10.76909262,190.991585
ISL,2009,H,48.59106305,1.636125,10.7884852,171.8262702
ISL,2010,H,49.39849024,1.4263824,12.89451531,157.6179419
ISL,2011,H,49.88934987,1.4235563,13.02848419,134.8601915
ISL,2012,H,50.32247178,1.4729315,11.61138923,116.3202449
ISL,2013,H,50.74075109,1.5285978,11.12547295,106.388457
ISL,2014,H,51.0724108,1.3980102,11.43597732,93.27164531
ISL,2015,H,51.22210997,1.3946724,10.70188634,86.33044925
ISL,2016,H,51.07891311,1.382973,9.467518551,83.02890194
ISL,2017,H,50.55042372,1.4685991,8.756080092,85.67512707
ISL,2018,H,49.92434096,1.5836283,9.010627853,89.49217567
ISL,2019,H,49.6379022,1.5796502,8.378330564,87.71155478
ISL,2020,H,49.90714227,1.5637066,8.841426097,98.40925425
ISL,2021,H,50.35882367,1.8005665,9.901352173,99.52282079
ISL,2022,H,50.35167058,1.6330091,9.856785094,93.03148267
ISL,2023,H,50.15983024,1.6402729,8.462850974,88.28704351
ISL,2024,H,50.16881588,1.645973,8.770600353,91.0796731
ISL,2025,H,50.16881588,1.645973,8.529431353,89.24179374
ISL,2026,H,50.16881588,1.645973,8.529431353,89.24179374
ISR,2000,H,61.36537822,1.4483316,16.55946667,70.28936512
ISR,2001,H,60.93549034,1.4708888,15.26605842,74.37766918
ISR,2002,H,60.78260259,1.493446,14.61955173,77.22703714
ISR,2003,H,60.83692808,1.4410103,14.21454511,73.91748608
ISR,2004,H,60.86951283,1.3780584,14.02326342,72.07590945
ISR,2005,H,60.79653241,1.4177286,14.76733628,74.68066233
ISR,2006,H,60.67858724,1.2719866,15.02833795,72.70076543
ISR,2007,H,60.52998303,1.1804772,15.3681304,65.82279956
ISR,2008,H,60.40610697,1.2768979,14.83234858,69.09937255
ISR,2009,H,60.51870949,1.2296943,13.99986061,65.16352255
ISR,2010,H,60.95140275,1.3031018,14.04379104,67.02097084
ISR,2011,H,61.65011823,1.3431697,13.59088187,67.4637001
ISR,2012,H,62.55026719,1.3000012,13.76900076,66.37106367
ISR,2013,H,63.34616944,1.2984187,12.98283113,64.76804211
ISR,2014,H,63.9784018,1.3011387,12.50926498,65.07288103
ISR,2015,H,64.63840984,1.4633523,12.92372123,65.85375211
ISR,2016,H,65.32542082,1.526777,12.09614365,64.90084513
ISR,2017,H,65.95137162,1.545783,11.50238625,64.8424704
ISR,2018,H,66.4016569,1.397369,11.67806569,65.63069549
ISR,2019,H,66.69434473,1.5693245,11.6354673,64.68307241
ISR,2020,H,66.90961729,1.1657244,12.31907348,67.93894549
ISR,2021,H,67.06102271,1.5896737,11.90081732,69.20092405
ISR,2022,H,66.96322617,1.5237704,12.07356897,70.14524013
ISR,2023,H,66.75093665,1.3569151,11.48334007,69.3907873
ISR,2024,H,66.56104642,1.1726244,11.24221909,69.50998045
ISR,2025,H,66.56104642,1.1726244,11.24221909,72.47438067
ISR,2026,H,66.56104642,1.1726244,11.24221909,72.47438067
ITA,2000,H,48.12944463,0.7494275,17.67294035,60.14302957
ITA,2001,H,48.70751759,0.7634158,17.19704474,60.14302957
ITA,2002,H,49.3473808,0.7774041,16.82951287,61.8212742
ITA,2003,H,49.86291526,0.5560185,16.13420457,65.11427154
ITA,2004,H,50.33720348,0.3632507,15.87379942,67.4938632
ITA,2005,H,50.94991372,0.4420055,15.52296549,70.59362215
ITA,2006,H,51.56151685,0.3090963,15.5728364,75.42323236
ITA,2007,H,51.90292804,0.1999166,15.9581665,81.45311644
ITA,2008,H,52.04706581,0.26155,15.4805311,83.38226709
ITA,2009,H,52.32755133,0.3589566,13.65760187,87.18616699
ITA,2010,H,52.66012782,0.3361573,14.16307986,92.66762949
ITA,2011,H,53.1271378,0.275086,14.13190792,93.57188187
ITA,2012,H,53.7707897,0.4071077,13.75823421,93.26868755
ITA,2013,H,54.43637544,0.4695114,13.7593479,90.3656642
ITA,2014,H,55.0998998,0.3588429,13.8362219,88.18747105
ITA,2015,H,55.60664253,0.3701946,14.26234477,86.91585296
ITA,2016,H,55.91976901,0.4338893,14.66386002,84.4917347
ITA,2017,H,56.12998478,0.3879336,14.81677485,80.41671706
ITA,2018,H,56.30790262,0.4350955,14.94807128,76.44822282
ITA,2019,H,56.56328473,0.4586098,14.80328223,73.44040697
ITA,2020,H,56.75260914,0.5477288,14.47725612,82.65282421
ITA,2021,H,56.92835478,0.574774,15.36530057,76.00512215
ITA,2022,H,57.03263588,0.7178718,15.38225388,69.58686086
ITA,2023,H,57.14182384,0.8533467,15.46751913,63.12283444
ITA,2024,H,57.52268871,0.7922891,15.08374632,60.30400478
ITA,2025,H,57.52268871,0.7922891,15.00158965,60.30400478
ITA,2026,H,57.52268871,0.7922891,15.00158965,60.30400478
JAM,2000,LM,64.74749561,-0.0732758,9.345912697,25.56436013
JAM,2001,LM,63.06611549,-0.10053435,8.937324288,12.95205936
JAM,2002,LM,61.45280943,-0.1277929,8.421757287,14.7238342
JAM,2003,LM,59.90940993,-0.12582,8.283961727,18.35216231
JAM,2004,LM,58.44176866,-0.0669283,8.217473071,20.00582612
JAM,2005,LM,56.99051946,-0.298197,7.751515117,20.97807564
JAM,2006,LM,55.46365382,0.1152721,7.614976235,23.43907815
JAM,2007,UM,53.84964256,0.0841003,7.68942405,27.30668573
JAM,2008,UM,52.22036374,0.1234829,8.039148062,30.19132402
JAM,2009,UM,50.63512331,0.1987236,8.209481309,28.60347587
JAM,2010,UM,49.10285537,0.1785637,7.750648215,26.40566482
JAM,2011,UM,47.62189461,0.165791,7.886422364,26.7957383
JAM,2012,UM,46.19675812,0.1538521,8.085526045,28.98832874
JAM,2013,UM,44.85302841,0.2032651,8.168795947,29.76976879
JAM,2014,UM,43.57628548,0.4521342,8.128721457,29.32295105
JAM,2015,UM,42.46717193,0.4342705,7.05392484,28.47486454
JAM,2016,UM,41.54347558,0.4750324,6.960222471,30.25177871
JAM,2017,UM,40.66244777,0.4596789,7.018035499,38.24605195
JAM,2018,UM,39.81010277,0.4999179,6.875190764,40.26192404
JAM,2019,UM,39.03574693,0.5016204,6.87088952,44.90808398
JAM,2020,UM,38.32456936,0.3867314,7.018720802,52.35970172
JAM,2021,UM,37.66507834,0.3396406,7.601125957,50.02269672
JAM,2022,UM,37.20614424,0.2544889,8.136503126,46.19045219
JAM,2023,UM,36.97934881,0.1649969,7.937227581,44.56635949
JAM,2024,UM,36.82136305,0.1712622,7.734165097,45.12880882
JAM,2025,UM,36.82136305,0.1712622,7.693253188,45.88081671
JAM,2026,UM,36.82136305,0.1712622,7.693253188,45.88081671
JOR,2000,LM,74.6577652,-0.1715824,12.94780536,72.08740227
JOR,2001,LM,74.17509131,-0.16232239999999998,12.84944293,75.70839292
JOR,2002,LM,73.58527015,-0.1530624,13.99470121,72.7396232
JOR,2003,LM,72.92133529,0.0946268,14.43689737,70.80223277
JOR,2004,LM,72.0805558,0.0497677,15.59777033,74.69885921
JOR,2005,LM,71.11186914,-0.079024,15.37375639,88.09189298
JOR,2006,LM,69.97430566,0.0988902,16.43217116,91.76859883
JOR,2007,LM,68.74515093,0.1912328,18.29812139,91.63205922
JOR,2008,LM,67.52903832,0.1884765,19.58606675,69.2832049
JOR,2009,LM,66.34295976,0.2225533,18.03819953,65.51157093
JOR,2010,UM,65.15076793,0.0759657,17.02736264,64.0144083
JOR,2011,UM,64.01543149,0.1349915,17.43123195,64.96878243
JOR,2012,UM,62.99723852,0.2203515,17.03971228,64.70408061
JOR,2013,UM,62.30849546,0.2411636,17.71441564,64.16055683
JOR,2014,UM,62.06031712,0.3808336,17.30321349,60.59956037
JOR,2015,UM,61.62348089,0.3820942,16.89418775,60.72043583
JOR,2016,LM,60.95829892,0.3625455,16.63427672,64.7882044
JOR,2017,UM,60.33881284,0.2771646,16.64048183,68.0683901
JOR,2018,UM,59.64008329,0.089873,16.3691562,69.14089522
JOR,2019,UM,58.8802727,0.011123,16.26721755,70.35883313
JOR,2020,UM,58.0792661,0.1138845,15.73986355,75.79728882
JOR,2021,UM,57.2273523,0.1228638,15.45453675,74.83915987
JOR,2022,LM,56.23816547,0.1428514,15.69667552,76.75391313
JOR,2023,LM,55.1554978,0.3908884,16.38107294,74.4753222
JOR,2024,LM,54.30097416,0.2162114,16.86494374,72.95599382
JOR,2025,UM,54.30097416,0.2162114,17.37194259,71.30961593
JOR,2026,UM,54.30097416,0.2162114,17.37194259,71.30961593
JPN,2000,H,46.67558355,1.4003303,22.17630717,205.7495766
JPN,2001,H,47.60585312,1.3552328500000002,21.13416911,177.6000405
JPN,2002,H,48.53444826,1.3101354,20.58348867,175.2739153
JPN,2003,H,49.34828018,1.2980431,20.72898038,175.4458501
JPN,2004,H,50.29324835,1.3168605,20.96828466,169.1002875
JPN,2005,H,51.59385324,1.4051026,21.07475234,169.1639442
JPN,2006,H,53.01465218,1.4570228,21.14968385,167.2362857
JPN,2007,H,54.37021995,1.2948017,21.74660021,161.0850631
JPN,2008,H,55.72901097,1.2899509,21.29135657,159.0591752
JPN,2009,H,56.78668825,1.3261157,19.05628726,166.2821558
JPN,2010,H,57.40335954,1.3323082,20.87483505,158.1876412
JPN,2011,H,58.58475378,1.3314858,19.68152739,157.5981259
JPN,2012,H,60.53624633,1.3144799,19.73223559,157.7567919
JPN,2013,H,62.60730222,1.4512486,19.18071461,160.8521799
JPN,2014,H,64.46533808,1.7731694,19.40777592,160.3795496
JPN,2015,H,66.0229942,1.7060508,20.07401797,159.1817285
JPN,2016,H,67.3227876,1.8137387,20.02776766,160.0349191
JPN,2017,H,68.30951862,1.7125133,20.14393429,165.0667559
JPN,2018,H,69.02295373,1.8248998,20.3304381,164.3377753
JPN,2019,H,69.47811026,1.8365282,20.05370402,172.4846023
JPN,2020,H,69.89156911,1.8051167,19.78362473,190.1182946
JPN,2021,H,70.25699363,1.653038,19.67636664,188.2926686
JPN,2022,H,70.24633317,2.0307507,18.82374544,186.7927644
JPN,2023,H,70.10013993,1.9883877,19.4882904,186.1108902
JPN,2024,H,70.11684038,2.0879101,18.81744047,187.0679852
JPN,2025,H,70.11684038,2.0879101,18.81744047,187.406647
JPN,2026,H,70.11684038,2.0879101,18.81744047,187.406647
KAZ,2000,LM,52.27574131,-1.0960203,16.49803593,37.72910693
KAZ,2001,LM,50.88929021,-1.11284125,16.44509019,37.72910693
KAZ,2002,LM,49.71527501,-1.1296622,14.49613089,37.72910693
KAZ,2003,LM,48.79287164,-1.1338646,14.21774744,37.72910693
KAZ,2004,LM,48.14390171,-0.9256831,13.31415365,37.72910693
KAZ,2005,LM,47.68838571,-0.9470669,12.04139307,37.72910693
KAZ,2006,UM,47.35700268,-0.9172701,11.63245808,37.72910693
KAZ,2007,UM,47.11172725,-0.9265416,11.49160524,37.72910693
KAZ,2008,UM,46.93565844,-0.8344328,11.7738897,37.72910693
KAZ,2009,UM,46.77078775,-0.7609,10.87215357,37.72910693
KAZ,2010,UM,46.79149679,-0.7934049,11.32131822,37.72910693
KAZ,2011,UM,47.29187021,-0.749787,11.08657422,37.72910693
KAZ,2012,UM,48.26661234,-0.6199698,11.08079904,37.72910693
KAZ,2013,UM,49.53098727,-0.5895608,10.63497383,37.72910693
KAZ,2014,UM,50.9797084,-0.006638,10.31824363,37.72910693
KAZ,2015,UM,52.52076056,-0.011417,10.27540938,37.72910693
KAZ,2016,UM,54.03187466,-0.1075078,11.33013967,33.03022982
KAZ,2017,UM,55.41480331,0.012276,11.28015694,29.18759774
KAZ,2018,UM,56.52356262,-0.1036204,11.42862275,25.93253398
KAZ,2019,UM,57.46559121,0.0590993,11.46636407,24.2664786
KAZ,2020,UM,58.37651632,0.0522732,13.07253218,25.6352311
KAZ,2021,UM,59.38483032,0.017817,13.60875474,26.01022236
KAZ,2022,UM,60.2870919,0.1603392,13.42429667,25.02189369
KAZ,2023,UM,60.89393575,0.1520225,12.28818841,26.04595035
KAZ,2024,UM,61.35932845,0.1467641,12.39353431,27.27967958
KAZ,2025,UM,61.35932845,0.1467641,12.70573954,27.70791749
KAZ,2026,UM,61.35932845,0.1467641,12.70573954,27.70791749
KEN,2000,L,93.44353904,-0.8436062,10.31558075,25.75838277
KEN,2001,L,91.9471681,-0.9160848500000001,9.779939837,25.2226867
KEN,2002,L,90.52932312,-0.9885635,9.823609462,25.85460183
KEN,2003,L,89.25894521,-1.104281,9.709025236,25.15567522
KEN,2004,L,88.05968055,-0.7215366,10.00079257,27.28751603
KEN,2005,L,87.04866941,-0.7229603,10.53608575,26.27687547
KEN,2006,L,86.23728747,-0.6671859,12.68935539,22.888311
KEN,2007,L,85.63220105,-0.5239398,12.79043986,23.04496428
KEN,2008,L,85.14106337,-0.6190145,12.09577062,25.38061175
KEN,2009,L,84.67126948,-0.6026748,11.49295314,21.87482158
KEN,2010,L,84.22010544,-0.5014835,11.16037502,23.98663655
KEN,2011,L,83.69550849,-0.530936,12.04776729,27.36595285
KEN,2012,L,83.01057066,-0.468612,11.08334027,26.40223411
KEN,2013,L,82.12674764,-0.418694,10.90901663,28.3321722
KEN,2014,LM,81.12149994,-0.4155586,10.06503343,34.52206518
KEN,2015,LM,79.99241248,-0.3675673,9.975179818,36.69932935
KEN,2016,LM,78.63644141,-0.3165797,9.321491101,35.57107321
KEN,2017,LM,77.16038262,-0.3033052,8.739141731,33.1505993
KEN,2018,LM,75.73642302,-0.3449543,8.408385292,31.19868977
KEN,2019,LM,74.26394057,-0.2914418,7.904615937,30.83202877
KEN,2020,LM,72.6322381,-0.3759713,7.599838358,32.14980742
KEN,2021,LM,70.95791674,-0.3468069,7.363301363,31.12312402
KEN,2022,LM,69.30547895,-0.3324798,7.740687262,31.25841639
KEN,2023,LM,67.67393734,-0.3131112,7.487436484,31.79808487
KEN,2024,LM,66.1190998,-0.2978904,7.293010631,31.79808487
KEN,2025,LM,66.1190998,-0.2978904,7.122610952,31.79808487
KEN,2026,LM,66.1190998,-0.2978904,7.122610952,31.79808487
KGZ,2000,L,68.20067763,-0.3533817,18.10253421,4.161489771
KGZ,2001,L,66.4224942,-0.4781729,17.64060988,3.829001062
KGZ,2002,L,64.6293986,-0.6029641,13.04845104,4.178298667
KGZ,2003,L,62.9832483,-0.6120798,13.27441178,4.783990729
KGZ,2004,L,61.50086877,-0.5562428,15.32531184,7.07665126
KGZ,2005,L,60.10196629,-0.7841751,12.85243094,7.946704929
KGZ,2006,L,58.64858604,-0.8741635,10.99208173,10.55755056
KGZ,2007,L,57.0648841,-0.7425505,9.919047314,6.351054341
KGZ,2008,L,55.3380271,-0.9613572,13.21902699,13.77385249
KGZ,2009,L,53.83069511,-1.001767,14.22825136,13.72828285
KGZ,2010,L,53.14173875,-0.7697326,16.86028862,13.64448082
KGZ,2011,L,53.40572453,-0.8697708,18.26824869,11.48827264
KGZ,2012,L,54.44047358,-0.8926853,12.07174383,13.37110594
KGZ,2013,LM,55.67414424,-0.8625472,15.76808892,15.66249447
KGZ,2014,LM,56.90696686,-0.8594428,13.6761968,20.05196336
KGZ,2015,LM,58.15015692,-0.8949145,14.0507757,22.81526427
KGZ,2016,LM,59.06394639,-0.8966118,15.43426087,20.61339346
KGZ,2017,LM,59.48827767,-0.7139172,14.99082804,21.40147068
KGZ,2018,LM,59.95202492,-0.5418628,14.26446331,23.37481209
KGZ,2019,LM,60.72774401,-0.6704151,13.72142421,23.30019174
KGZ,2020,LM,61.35205165,-0.5862513,13.15752696,26.61682217
KGZ,2021,LM,61.5982159,-0.8422528,11.80627098,24.1631715
KGZ,2022,LM,61.60688945,-0.9984392,13.64306017,20.79685698
KGZ,2023,LM,61.54751587,-1.0041023,12.56159792,19.94500573
KGZ,2024,LM,61.35148075,-0.8885033,12.6876068,22.29139849
KGZ,2025,LM,61.35148075,-0.8885033,13.69783708,22.29139849
KGZ,2026,LM,61.35148075,-0.8885033,13.69783708,22.29139849
KHM,2000,L,83.03106069,-1.0508417,15.82616625,6.310573498
KHM,2001,L,79.95025898,-1.0948515,17.2541894,5.754435856
KHM,2002,L,77.08383699,-1.1388613,18.91548632,6.005855718
KHM,2003,L,74.38405577,-1.1451886,19.8968986,6.65618936
KHM,2004,L,71.76646443,-1.0660651,21.21946893,8.188157705
KHM,2005,L,69.29303114,-1.2866826,20.77943186,7.993962825
KHM,2006,L,66.80513865,-1.1887831,22.09961337,10.4471374
KHM,2007,L,64.32963394,-0.9474048,21.27086611,15.53037402
KHM,2008,L,62.14261164,-1.0035669,19.69001103,19.94756899
KHM,2009,L,60.41696606,-0.8036431,19.09216487,20.46084763
KHM,2010,L,59.11587357,-0.814118,19.69336734,22.43612536
KHM,2011,L,58.15219563,-0.7478373,20.59210679,22.60864296
KHM,2012,L,57.6022595,-0.7009489,20.92125449,30.54258815
KHM,2013,L,57.39275677,-0.8143031,21.60353582,39.98945754
KHM,2014,L,57.37156683,-0.5981221,21.79997251,47.48460138
KHM,2015,LM,57.47628923,-0.5898441,22.45710021,55.48954767
KHM,2016,LM,57.63372085,-0.572328,22.73403562,61.56088864
KHM,2017,LM,57.76071925,-0.4673244,23.15512318,65.46272053
KHM,2018,LM,57.77880091,-0.4851255,23.56639279,73.81642697
KHM,2019,LM,57.72056691,-0.5152334,24.6156472,84.32367386
KHM,2020,LM,57.52134836,-0.5904535,23.99807193,103.73277
KHM,2021,LM,57.17339097,-0.643403,26.65391685,121.8422312
KHM,2022,LM,56.79233771,-0.4625515,27.12232987,132.8170461
KHM,2023,LM,56.42534737,-0.4160661,26.3329384,130.1297204
KHM,2024,LM,56.14473015,-0.2935013,27.80577239,124.6597657
KHM,2025,LM,56.14473015,-0.2935013,29.023471,121.4821514
KHM,2026,LM,56.14473015,-0.2935013,29.023471,121.4821514
KNA,2000,UM,58.89314183,0.2202897,6.999929667,59.83040864
KNA,2001,UM,57.36588721,0.2202897,6.666397219,54.61345081
KNA,2002,UM,55.42571515,0.2202897,5.732847312,50.80517259
KNA,2003,UM,53.41373468,0.2202897,6.698070034,54.23756095
KNA,2004,UM,51.54440154,0.2202897,6.507967822,54.69023768
KNA,2005,UM,49.83866804,0.9774621,6.398862906,54.45903415
KNA,2006,UM,48.40662843,0.9751875,5.891075452,51.69806658
KNA,2007,UM,47.31895029,0.9786272,5.971296082,54.73942409
KNA,2008,UM,46.46922692,0.9813102,5.729675155,55.08169942
KNA,2009,UM,45.60238346,0.9906783,7.205793718,58.84465258
KNA,2010,UM,44.3591877,1.2694874,8.265241089,60.21664273
KNA,2011,H,43.07598413,1.2681327,7.740149283,58.43318789
KNA,2012,H,42.05503035,1.2684739,7.470871998,59.18342781
KNA,2013,H,41.06875262,1.268855,7.142736143,55.35802616
KNA,2014,H,40.11664237,0.4237531,6.867001206,52.36134127
KNA,2015,H,39.37250259,0.7651163,6.54942929,53.87850648
KNA,2016,H,38.99140807,0.7661041,5.728716419,51.46865263
KNA,2017,H,38.91874336,0.7664249,5.39133238,49.27459143
KNA,2018,H,39.0810379,0.7681859,5.412704529,49.17011849
KNA,2019,H,39.41859429,0.7699023,5.476713437,48.51728899
KNA,2020,H,39.8645221,0.7650002,5.078375423,61.5059981
KNA,2021,H,40.21889055,0.4237045,4.800110427,68.18093587
KNA,2022,H,40.47819549,0.691453,4.404006249,63.09597488
KNA,2023,H,40.90826905,0.6926238,4.062787254,61.70759861
KNA,2024,H,41.67069925,0.6913852,3.897770958,64.33252487
KNA,2025,H,41.67069925,0.6913852,3.958704299,65.03177916
KNA,2026,H,41.67069925,0.6913852,3.958704299,65.03177916
KOR,2000,UM,39.02626833,0.6589077,26.59105096,69.18667236
KOR,2001,H,39.28245643,0.8390324,25.13762702,99.60824109
KOR,2002,H,39.44414962,1.0191571,24.77677161,108.7053821
KOR,2003,H,39.52927577,0.9613302,24.43151829,107.1806258
KOR,2004,H,39.52591763,0.8638735,26.41443238,101.9925412
KOR,2005,H,39.36356101,1.0210353,26.09180994,106.1219888
KOR,2006,H,39.11496842,0.9280549,25.72227845,117.5356745
KOR,2007,H,38.82938448,1.146123,25.92415102,124.027716
KOR,2008,H,38.43541789,0.9389247,26.07935723,136.1966607
KOR,2009,H,38.03386191,1.025545,26.30423431,132.599106
KOR,2010,H,37.70390748,1.2722652,28.09900568,124.6795681
KOR,2011,H,37.25475742,1.323113,29.00055751,127.0818139
KOR,2012,H,36.78287959,1.3333071,28.74086821,125.1358602
KOR,2013,H,36.53429309,1.2238913,28.86547669,122.7567881
KOR,2014,H,36.47204105,1.1863908,28.27607555,125.4886302
KOR,2015,H,36.46012675,1.1983681,27.82159221,125.8588108
KOR,2016,H,36.46006547,1.186349,27.51299408,128.0406882
KOR,2017,H,36.77931322,1.1827271,28.03224057,129.5391356
KOR,2018,H,37.29962953,1.3865026,27.76722375,133.5041396
KOR,2019,H,37.88138825,1.6276354,26.37017559,142.6524784
KOR,2020,H,38.76713269,1.5914906,25.70024336,154.747902
KOR,2021,H,39.78121628,1.6261842,26.2480856,159.9261202
KOR,2022,H,40.64481147,1.4844938,26.49774086,162.7695017
KOR,2023,H,41.45440258,1.4955907,25.45514208,163.5156315
KOR,2024,H,42.53468665,1.4867237,26.61797252,160.3471827
KOR,2025,H,42.53468665,1.4867237,27.42633261,160.3471827
KOR,2026,H,42.53468665,1.4867237,27.42633261,160.3471827
KWT,2000,H,44.75516086,-0.3057124,6.915118882,45.3894886
KWT,2001,H,42.7214965,-0.16896044999999998,6.343925234,56.63054206
KWT,2002,H,40.81691246,-0.0322085,7.828300259,58.33706644
KWT,2003,H,39.07341517,0.1578868,7.89993832,59.46456908
KWT,2004,H,37.47222447,0.1276102,8.311497029,56.36454355
KWT,2005,H,36.24124733,0.0907877,7.260142753,50.93266704
KWT,2006,H,35.45736218,-0.0339183,5.478884949,49.95414242
KWT,2007,H,34.82081947,-0.0808076,5.534274998,59.57938773
KWT,2008,H,34.18855889,-0.0990446,4.425564995,57.26492814
KWT,2009,H,33.53006701,0.1063085,5.12162171,79.07192699
KWT,2010,H,32.99931814,0.1289714,5.977903186,74.63938307
KWT,2011,H,32.17224674,0.0334503,5.613139456,60.80625819
KWT,2012,H,31.59803378,0.0282044,5.964466531,55.74336827
KWT,2013,H,31.68571214,0.016508,5.879841623,59.75188735
KWT,2014,H,31.84489107,0.1409051,5.542278982,67.64071574
KWT,2015,H,31.9540907,0.237773,6.977509976,98.51079039
KWT,2016,H,32.00882631,-0.0028171,7.202057401,105.1868128
KWT,2017,H,32.10247289,-0.0073085,7.50147665,98.69910722
KWT,2018,H,32.13507039,0.1281525,7.427728724,90.62807133
KWT,2019,H,32.24224866,-0.1122757,6.379314992,91.95705813
KWT,2020,H,32.65308522,-0.11216,9.092123777,77.45124521466666
KWT,2021,H,30.73916534,0.0296612,11.04255279,62.94543229933333
KWT,2022,H,28.14348052,0.3336204,7.874357504,48.439619384
KWT,2023,H,27.47883241,0.3091212,7.548009914,33.93380646866667
KWT,2024,H,27.10299124,0.3278963,7.964623394,19.427993553333337
KWT,2025,H,27.10299124,0.3278963,7.74282623,4.922180638
KWT,2026,H,27.10299124,0.3278963,7.74282623,4.922180638
LAO,2000,L,87.23729708,-0.7956793,8.710887028,8.931729258
LAO,2001,L,86.04798952,-0.97297675,9.144431074,9.586862653
LAO,2002,L,84.67186606,-1.1502742,10.14926028,8.512054525
LAO,2003,L,83.14856517,-1.5309061,9.81210927,6.919117655
LAO,2004,L,81.53378656,-1.0127681,10.09899321,6.713329194
LAO,2005,L,79.59645955,-1.3102987,9.641610223,7.354783144
LAO,2006,L,76.94073411,-0.9221857,9.455624323,5.873850551
LAO,2007,L,73.98274604,-0.8734057,10.0618302,6.543260116
LAO,2008,L,71.29068418,-0.8754327,10.08310157,9.566283245
LAO,2009,L,68.91320768,-0.8878944,11.67926547,17.24181865
LAO,2010,LM,66.87015034,-0.8602557,11.09441037,20.91926156
LAO,2011,LM,65.10608748,-0.8422502,10.67136615,20.91926156
LAO,2012,LM,63.56196458,-0.8376374,8.983772742,20.91926156
LAO,2013,LM,62.1659309,-0.7057833,8.435402283,20.91926156
LAO,2014,LM,60.85148555,-0.2761781,8.427695284,20.91926156
LAO,2015,LM,59.65485804,-0.3539783,8.190052195,20.91926156
LAO,2016,LM,58.63482429,-0.2622768,7.771563827,20.91926156
LAO,2017,LM,57.80226832,-0.2334031,7.483534519,20.91926156
LAO,2018,LM,57.10924776,-0.649149,7.45272744,20.91926156
LAO,2019,LM,56.49036221,-0.7571518,7.643691941,20.91926156
LAO,2020,LM,55.88120278,-0.765948,7.684786494,20.91926156
LAO,2021,LM,55.25181364,-0.7431648,8.69509979,20.91926156
LAO,2022,LM,54.64079543,-0.710404,8.805813095,20.91926156
LAO,2023,LM,54.06692842,-0.7534642,9.247877358,20.91926156
LAO,2024,LM,53.5253967,-0.5819014,9.053670166,20.91926156
LAO,2025,LM,53.5253967,-0.5819014,9.114067601,20.91926156
LAO,2026,LM,53.5253967,-0.5819014,9.114067601,20.91926156
LBN,2000,UM,58.77511083,-0.0055096,11.41429669,87.90161414
LBN,2001,UM,57.6232605,-0.1465914,11.32408765,86.02285113
LBN,2002,UM,56.46764486,-0.2876732,10.83056248,82.57456705
LBN,2003,UM,55.25207706,-0.2919027,10.73162675,78.64287036
LBN,2004,UM,53.94835762,-0.1571532,7.234334702,78.1256872
LBN,2005,UM,52.61298701,-0.164888,7.51373215,69.66952645
LBN,2006,UM,51.35977812,-0.2041281,7.195471934,71.81109422
LBN,2007,UM,50.22840736,-0.266994,7.235117057,74.10642012
LBN,2008,UM,49.22864184,-0.2995435,8.303247575,76.27527271
LBN,2009,UM,48.41096168,-0.3214416,7.916028888,72.04469361
LBN,2010,UM,47.82858966,-0.2435528,7.721533803,82.52848001
LBN,2011,UM,47.44836578,-0.2594872,7.579314185,89.98785657
LBN,2012,UM,47.20646728,-0.2600992,7.38803282,89.95533027
LBN,2013,UM,47.09081675,-0.325726,7.524413956,93.31729293
LBN,2014,UM,47.07758397,-0.266612,7.532566666,98.22554758
LBN,2015,UM,48.33645821,-0.2826924,8.048539305,100.5661239
LBN,2016,UM,50.87212951,-0.2459212,8.356410171,103.9993482
LBN,2017,UM,53.35923125,-0.2219587,8.287891557,106.5677251
LBN,2018,UM,55.74444573,-0.4996897,7.445050277,106.5677251
LBN,2019,UM,57.94793977,-0.6222753,7.051471713,106.5677251
LBN,2020,UM,58.90738871,-0.9492217,2.943719488,106.5677251
LBN,2021,LM,58.48888315,-1.0567104,1.426829877,106.5677251
LBN,2022,LM,57.97499565,-1.0420809,1.426829877,106.5677251
LBN,2023,LM,57.5802354,-1.1658333,1.426829877,106.5677251
LBN,2024,LM,57.04758929,-1.1301199,1.426829877,106.5677251
LBN,2025,LM,57.04758929,-1.1301199,1.426829877,106.5677251
LBN,2026,LM,57.04758929,-1.1301199,1.426829877,106.5677251
LBR,2000,L,85.73954115,-2.0321191,2.452974828,1.991835527
LBR,2001,L,85.58027494,-1.84059595,2.375816777,2.029503293
LBR,2002,L,85.49700816,-1.6490728,1.873074434,2.054917497
LBR,2003,L,85.50589159,-1.6557618,2.25552139,2.558169373
LBR,2004,L,85.61927637,-1.6610758,4.024637681,3.352115762
LBR,2005,L,85.84860248,-1.6617126,4.127260274,3.809670052
LBR,2006,L,86.17913323,-1.3070227,4.093556747,4.744132338
LBR,2007,L,86.54006793,-1.3265554,3.95002185,5.259374881
LBR,2008,L,86.56166295,-1.2155432,2.95900927,6.126649856
LBR,2009,L,86.44612937,-1.1046515,2.808246606,7.946963176
LBR,2010,L,86.38451538,-1.0232677,2.606441441,9.36698516
LBR,2011,L,84.93879227,-0.9978425,2.277035029,10.37426364
LBR,2012,L,83.89293354,-0.8815583,2.277035029,10.04677562
LBR,2013,L,84.14057702,-1.1231932,2.277035029,11.82077415
LBR,2014,L,84.10398061,-1.115021,2.277035029,11.44044818
LBR,2015,L,83.76962256,-1.2026737,2.277035029,12.74494943
LBR,2016,L,83.31569795,-1.1576727,2.277035029,13.0206646
LBR,2017,L,82.88699642,-1.1579163,2.277035029,16.75235379
LBR,2018,L,82.32735559,-1.1977202,2.277035029,16.97640791
LBR,2019,L,81.57805966,-1.2862251,2.277035029,14.30787157
LBR,2020,L,80.49924638,-1.3754275,2.277035029,13.41860542
LBR,2021,L,79.17582818,-1.3272215,2.277035029,12.89969514
LBR,2022,L,77.73554874,-1.3315969,2.277035029,14.78743041
LBR,2023,L,76.28704357,-1.2153121,2.277035029,14.78743041
LBR,2024,L,74.93098214,-1.246293,2.277035029,14.78743041
LBR,2025,L,74.93098214,-1.246293,2.277035029,14.78743041
LBR,2026,L,74.93098214,-1.246293,2.277035029,14.78743041
LBY,2000,UM,55.37571486,-1.3518124,3.125864985,20.46729926
LBY,2001,UM,54.86880555,-1.4056589499999999,3.125864985,19.61482558
LBY,2002,UM,54.50382514,-1.4595055,3.125864985,17.20667384
LBY,2003,UM,54.23121787,-1.4645212,5.92415229,12.78405711
LBY,2004,UM,54.07905643,-1.2264938,5.686848278,10.33999861
LBY,2005,UM,54.02142809,-1.3464635,5.056675063,7.38438933
LBY,2006,UM,53.56223571,-1.3287689,4.669734894,6.007618628
LBY,2007,UM,52.81641342,-1.4187378,4.595146767,6.153676013
LBY,2008,UM,52.19724965,-1.3014774,4.559267079,7.299144171
LBY,2009,UM,51.69188755,-1.2930174,5.038202389,11.17826557
LBY,2010,UM,51.38317065,-1.2821058,3.958882247,9.260186236
LBY,2011,UM,53.61247788,-1.2825394,3.709224729,14.18191947
LBY,2012,UM,55.98679572,-1.3979031,2.311160445,9.338085156
LBY,2013,UM,55.51427449,-1.3728325,2.963994181,13.73693691
LBY,2014,UM,55.18274847,-1.5663079,4.565298689,19.31871886
LBY,2015,UM,55.04785918,-1.6501127,4.140789519,21.51997872
LBY,2016,UM,54.81294064,-1.666709,3.655243371,18.88292583
LBY,2017,UM,54.31678087,-1.5287142,2.806782515,14.78962831
LBY,2018,UM,53.5606314,-1.5515532,2.806782515,12.84654233
LBY,2019,UM,52.69048987,-1.5537488,2.806782515,14.62895318
LBY,2020,UM,51.76643298,-1.6327551,2.806782515,21.83373915
LBY,2021,UM,50.78777548,-1.4589466,2.806782515,11.03917385
LBY,2022,UM,49.8326471,-1.563716,2.806782515,10.71857068
LBY,2023,UM,48.8966237,-1.447749,2.806782515,12.21800754
LBY,2024,UM,47.99823068,-1.419488,2.806782515,13.04185191
LBY,2025,UM,47.99823068,-1.419488,2.806782515,12.53554815
LBY,2026,UM,47.99823068,-1.419488,2.806782515,12.53554815
LCA,2000,UM,63.11302613,0.1558686,4.110172874,58.84380461
LCA,2001,UM,61.30483803,0.1558686,4.110172874,63.97593361
LCA,2002,UM,59.50149,0.1558686,4.110172874,63.92884774
LCA,2003,UM,57.68106968,0.1558686,4.110172874,56.19669917
LCA,2004,UM,55.81708648,0.1558686,4.110172874,57.3071875
LCA,2005,UM,53.94564216,0.8143569,4.110172874,62.53320287
LCA,2006,UM,52.1127532,0.7522179,4.110172874,69.69939043
LCA,2007,UM,50.35581766,0.8152667,4.434965207,85.67860232
LCA,2008,UM,48.81080414,0.8173616,3.762556435,88.87127712
LCA,2009,UM,47.56973704,0.8850395,3.554684606,93.51375065
LCA,2010,UM,46.32112464,1.0666286,3.09111442,90.88051289
LCA,2011,UM,44.92433317,1.0656351,2.920464743,88.17061824
LCA,2012,UM,43.63696892,0.8304307,2.937318663,92.84457587
LCA,2013,UM,42.5435351,0.8306604,2.717786512,89.38818575
LCA,2014,UM,41.54257567,0.2608582,2.539595155,79.35694927
LCA,2015,UM,40.58079347,0.1384193,2.906182194,70.90519052
LCA,2016,UM,39.72539536,0.1993777,3.140888035,64.04541463
LCA,2017,UM,39.05422029,0.1995711,3.002802096,58.87371293
LCA,2018,UM,38.5420906,0.2006326,2.908755018,55.90314094
LCA,2019,UM,38.12996626,0.3009665,2.119364899,54.09609796
LCA,2020,UM,37.82252016,0.1183828,2.954705868,77.44247572
LCA,2021,UM,37.52561436,-0.1319064,3.048297704,62.91371734
LCA,2022,UM,37.33369181,0.1826232,2.287785175,51.57375034
LCA,2023,UM,37.30317976,0.3883874,3.355887975,50.38833935
LCA,2024,UM,37.27594187,0.2682296,3.36086666,49.62397816
LCA,2025,UM,37.27594187,0.2682296,3.5762088,51.74399085
LCA,2026,UM,37.27594187,0.2682296,3.5762088,51.74399085
LKA,2000,LM,49.7157016,-0.4898792,15.05451498,28.83454354
LKA,2001,LM,49.01985143,-0.3020087,14.11977662,30.73267832
LKA,2002,LM,48.54481848,-0.1141382,19.11422132,31.03446544
LKA,2003,LM,48.26696929,-0.3891401,18.59193138,30.74549024
LKA,2004,LM,48.1075839,-0.4611783,18.72074443,32.38635085
LKA,2005,LM,48.05777707,-0.356012,19.51298566,33.07610259
LKA,2006,LM,48.10686183,-0.2889264,19.22587692,34.67049206
LKA,2007,LM,48.22794495,-0.2217118,18.49792438,34.23950368
LKA,2008,LM,48.40972708,-0.2277659,17.95409417,29.54200652
LKA,2009,LM,48.639674,-0.0956118,18.10773411,25.74003016
LKA,2010,LM,48.91315395,-0.185523,18.45668422,24.68426166
LKA,2011,LM,49.23949407,-0.1636119,18.61568688,33.73879695
LKA,2012,LM,49.58600291,-0.1739743,19.73794236,34.01804378
LKA,2013,LM,49.96845453,-0.1437062,18.06463065,33.53936076
LKA,2014,LM,50.39382292,0.1397088,17.15642919,34.49362888
LKA,2015,LM,50.79186587,0.0898368,16.17695988,39.38185044
LKA,2016,LM,51.1118502,-0.0370535,16.01865925,42.47566529
LKA,2017,LM,51.33805762,-0.0698946,14.89129605,43.88275256
LKA,2018,UM,51.48991061,-0.0975671,15.03277861,46.69840733
LKA,2019,LM,51.58393848,-0.0713311,16.16080172,47.00849294
LKA,2020,LM,51.63729748,-0.1134357,16.2859641,47.00849294
LKA,2021,LM,51.65677982,-0.2353399,17.96511862,47.00849294
LKA,2022,LM,51.68231906,-0.5037831,19.65105443,47.00849294
LKA,2023,LM,51.74503338,-0.2845545,17.9723934,47.00849294
LKA,2024,LM,51.82392028,-0.2745215,17.49155087,47.00849294
LKA,2025,UM,51.82392028,-0.2745215,17.11589154,47.00849294
LKA,2026,UM,51.82392028,-0.2745215,17.11589154,47.00849294
LSO,2000,L,78.9987959,0.2369357,13.62089707,13.7714837
LSO,2001,L,77.52191017,0.2528035,20.51351141,12.47160866
LSO,2002,L,76.12142061,0.2686713,24.55781584,12.49695559
LSO,2003,L,74.80235153,0.2562836,22.66208954,5.349780265
LSO,2004,L,73.64626949,-0.4058341,23.02816959,5.255960102
LSO,2005,LM,72.66027032,-0.2471195,19.98529,7.233122641
LSO,2006,LM,71.65521453,-0.4790454,21.82409656,7.360804436
LSO,2007,LM,70.65920634,-0.5200403,22.23966091,9.992370076
LSO,2008,LM,69.90738021,-0.4839484,21.22854748,10.02378792
LSO,2009,LM,69.33857422,-0.3333708,17.50622183,12.6072342
LSO,2010,LM,68.85107794,-0.3521504,13.08472005,13.41137887
LSO,2011,LM,68.4840104,-0.3753852,12.78264653,14.34885829
LSO,2012,LM,68.21573511,-0.4430567,11.45151142,18.5687327
LSO,2013,LM,68.07841842,-0.4522419,10.93956821,19.94730038
LSO,2014,LM,68.13732028,-0.4988176,12.25053844,19.33150184
LSO,2015,LM,68.14168695,-0.56995,15.13302879,18.2736367
LSO,2016,LM,67.93449172,-0.6209408,16.6630767,18.21289346
LSO,2017,LM,67.49009824,-0.6330237,15.23670986,20.00384032
LSO,2018,LM,66.87004467,-0.6318314,16.6313078,20.13140455
LSO,2019,LM,66.25523074,-0.6744181,17.21913252,21.32246779
LSO,2020,LM,65.64818135,-0.7085808,16.34705347,21.9341137
LSO,2021,LM,64.96804647,-0.7136054,16.54009496,22.32877945
LSO,2022,LM,64.17582781,-0.7479261,16.2828244,21.69606395
LSO,2023,LM,63.26652851,-0.7503177,14.05126232,24.7276903
LSO,2024,LM,62.2736686,-0.6470887,12.06738775,24.30197856
LSO,2025,LM,62.2736686,-0.6470887,12.06738775,24.30197856
LSO,2026,LM,62.2736686,-0.6470887,12.06738775,24.30197856
LTU,2000,LM,51.04519872,-0.0691171,16.96869726,59.41055619
LTU,2001,UM,50.53331315,0.2315376,17.40441416,59.41055619
LTU,2002,UM,49.97880823,0.5321923,16.43974293,59.41055619
LTU,2003,UM,49.4729821,0.7480841,16.81043835,59.41055619
LTU,2004,UM,49.20176423,0.5898262,18.24119048,59.41055619
LTU,2005,UM,48.99930266,0.6552222,18.35201279,59.41055619
LTU,2006,UM,48.72389527,0.549991,17.70174529,59.41055619
LTU,2007,UM,48.31940623,0.4643619,15.94685815,59.41055619
LTU,2008,UM,47.95569422,0.295576,15.70552557,59.41055619
LTU,2009,UM,47.76356268,0.5365352,15.0716573,59.41055619
LTU,2010,UM,48.21835931,0.5772759,16.90781051,59.41055619
LTU,2011,UM,48.85872718,0.5794635,18.29581873,49.89951052
LTU,2012,H,49.06562819,0.7054268,18.66944806,46.75631312
LTU,2013,H,49.26791303,0.7087016,17.66381898,43.22127754
LTU,2014,H,49.67476431,0.7945609,17.4023635,41.00781955
LTU,2015,H,50.36191911,0.8794501,17.24003981,41.45220094
LTU,2016,H,51.32689281,0.8452214,16.80716389,42.7658484
LTU,2017,H,52.46970064,0.7582409,16.71185106,40.97973743
LTU,2018,H,53.32182912,0.86117,16.51542671,39.9935535
LTU,2019,H,53.76880271,0.8510012,16.00262336,38.73943365
LTU,2020,H,53.9636321,0.9591268,15.4605506,37.03401083
LTU,2021,H,53.98120236,0.9787009,15.90960946,37.18272984
LTU,2022,H,53.63283257,0.9431482,16.16759707,35.8983246
LTU,2023,H,53.24101967,0.9448653,14.92125991,34.14428534
LTU,2024,H,53.54490863,1.2014922,13.58019586,35.70171956
LTU,2025,H,53.54490863,1.2014922,13.13377878,35.70171956
LTU,2026,H,53.54490863,1.2014922,13.13377878,35.70171956
LUX,2000,H,49.20013952,1.9764288,9.642506589,78.4547581
LUX,2001,H,48.94295285,2.0967804,9.131241209,78.4547581
LUX,2002,H,48.99866087,2.217132,8.718287521,67.49381072
LUX,2003,H,48.83520134,2.0282325,8.840083231,69.05403521
LUX,2004,H,48.64141368,1.9125262,8.294972856,65.99646881
LUX,2005,H,48.4273639,1.7422656,7.831990814,71.27238916
LUX,2006,H,48.06877171,1.8449016,7.081961633,74.72410209
LUX,2007,H,47.68015704,1.8128865,7.966034555,85.31183984
LUX,2008,H,47.21300017,1.8311499,6.684240134,101.1533269
LUX,2009,H,46.75422692,1.9030234,4.65244925,100.973751
LUX,2010,H,46.30298203,1.8503746,4.966281051,86.11712717
LUX,2011,H,45.59708326,1.9488475,4.869691373,84.17663005
LUX,2012,H,44.99392384,1.9034421,4.556620288,83.58294518
LUX,2013,H,44.80062466,1.8352325,4.55439306,86.66145807
LUX,2014,H,44.65925756,1.8322174,4.728129754,86.30596121
LUX,2015,H,44.41962531,1.8995712,5.479550704,91.78405116
LUX,2016,H,44.0799897,1.8926746,5.794954561,96.25308594
LUX,2017,H,43.86285725,1.9443969,4.775903516,100.4731335
LUX,2018,H,43.8270057,1.9421635,4.959249411,105.4950194
LUX,2019,H,43.86308897,1.9821714,5.04282382,109.0122043
LUX,2020,H,44.0085434,1.9824291,4.926053316,110.2121496
LUX,2021,H,44.19753086,1.9512038,4.645207109,102.9976944
LUX,2022,H,44.34437443,1.9655271,3.912381398,102.5489047
LUX,2023,H,44.77254312,2.1455984,4.051341361,93.20533634
LUX,2024,H,45.46228039,2.0397137,3.962949529,85.14360826
LUX,2025,H,45.46228039,2.0397137,3.72308166,85.14360826
LUX,2026,H,45.46228039,2.0397137,3.72308166,85.14360826
LVA,2000,LM,48.493272,-0.0326632,13.9537092,96.64417562
LVA,2001,UM,47.77830188,0.1589526,13.88834531,96.64417562
LVA,2002,UM,47.17439943,0.3505684,13.99455986,96.64417562
LVA,2003,UM,46.73103378,0.4408646,12.93853909,96.64417562
LVA,2004,UM,46.41989494,0.4196126,12.79401411,96.64417562
LVA,2005,UM,46.19350331,0.4020553,11.8887264,96.64417562
LVA,2006,UM,46.16551866,0.4270382,11.14458122,96.64417562
LVA,2007,UM,46.23830931,0.3072813,10.57693716,96.64417562
LVA,2008,UM,46.55738521,0.3403341,10.09152535,96.64417562
LVA,2009,H,47.28069699,0.4275381,10.00426512,96.64417562
LVA,2010,UM,47.99852676,0.5604066,12.14214849,96.64417562
LVA,2011,UM,48.62434508,0.5698289,12.16863191,82.8884474
LVA,2012,H,49.34036997,0.6097852,11.81296669,67.20423102
LVA,2013,H,50.38158642,0.7056307,11.50750952,60.33377462
LVA,2014,H,51.71704797,0.874541,10.89956541,53.21953155
LVA,2015,H,53.00224452,0.7616412,10.84608101,49.99102309
LVA,2016,H,54.27578746,0.6882968,10.53926713,48.36687012
LVA,2017,H,55.47984464,0.6711156,10.87458231,43.68660522
LVA,2018,H,56.32563105,0.7981066,10.94125504,37.90655374
LVA,2019,H,57.10283312,0.8291601,11.0225315,35.71887457
LVA,2020,H,57.90309367,0.7965198,11.4825724,34.73132327
LVA,2021,H,58.35371761,0.8795712,12.84811174,32.45283026
LVA,2022,H,58.57350059,0.7275574,11.98525357,30.99858848
LVA,2023,H,58.79103047,0.6374221,10.88175096,28.56368637
LVA,2024,H,59.10681019,0.7431802,9.949417891,29.32674097
LVA,2025,H,59.10681019,0.7431802,9.98783764,29.32674097
LVA,2026,H,59.10681019,0.7431802,9.98783764,29.32674097
MAC,2000,H,42.67741112,0.2369357,7.447532511,71.9693932
MAC,2001,H,40.62505064,0.49521499999999996,6.00413703,63.40378865
MAC,2002,H,38.36069092,0.7534943,5.280310706,54.57937521
MAC,2003,H,36.01145489,1.2569496,4.644201551,48.21940224
MAC,2004,H,33.65313675,1.3123599,3.703356679,40.72075613
MAC,2005,H,31.45803199,1.2500659,3.122722373,43.90168968
MAC,2006,H,29.55480306,0.7308122,2.865209135,40.91515704
MAC,2007,H,27.89664164,0.7352677,2.085962438,47.31151902
MAC,2008,H,26.50054161,0.7387428,1.421972379,53.28204745
MAC,2009,H,25.41345417,1.0837386,0.984470086,57.45580501
MAC,2010,H,24.55177596,1.0851419,0.551288404,56.86602674
MAC,2011,H,24.13886567,1.0843163,0.456573096,56.1253217
MAC,2012,H,24.55859452,0.6871473,0.461593294,57.57093179
MAC,2013,H,25.50949221,0.6873796,0.39667993,62.51508476
MAC,2014,H,26.58124757,1.3260314,0.41528296,77.34735912
MAC,2015,H,27.68340712,1.3242998,0.572106931,108.5117041
MAC,2016,H,28.73047095,1.1151481,0.59666701,117.6736905
MAC,2017,H,29.83658292,1.3250972,0.573468356,113.6284599
MAC,2018,H,31.20342972,1.1164167,0.540705887,113.8582973
MAC,2019,H,32.85910016,1.1174627,0.537066603,119.7915558
MAC,2020,H,34.56075357,1.1144754,0.832821691,269.837325
MAC,2021,H,35.94750932,1.1162482,0.836320191,232.5239157
MAC,2022,H,37.01955659,1.1159813,0.939023177,287.3598289
MAC,2023,H,38.07207889,1.1169207,0.761339915,146.6692531
MAC,2024,H,39.2342723,1.1159269,0.646694839,129.6302651
MAC,2025,H,39.2342723,1.1159269,0.646694839,117.0428363
MAC,2026,H,39.2342723,1.1159269,0.646694839,117.0428363
MAR,2000,LM,62.22768078,-0.0055096,18.07636573,83.29228908
MAR,2001,LM,61.04190232,-0.13654775,16.58452854,83.29228908
MAR,2002,LM,59.85930063,-0.2675859,16.49749429,83.29228908
MAR,2003,LM,58.68123795,-0.2984293,16.83845025,83.29228908
MAR,2004,LM,57.44967322,-0.3771806,16.75970136,83.29228908
MAR,2005,LM,56.191649,-0.5017546,15.59981063,83.29228908
MAR,2006,LM,55.0741291,-0.3257233,15.39693139,83.29228908
MAR,2007,LM,54.15730611,-0.2764328,14.94369196,83.29228908
MAR,2008,LM,53.40003415,-0.3040519,15.14698735,83.29228908
MAR,2009,LM,52.79541558,-0.2775582,14.87683281,83.29228908
MAR,2010,LM,52.36219,-0.1168914,14.81719203,83.29228908
MAR,2011,LM,52.06104362,-0.1652959,14.6656402,86.80417696
MAR,2012,LM,51.79737856,-0.2011827,14.361527,87.76184019
MAR,2013,LM,51.53362696,-0.2189575,14.55815487,83.56554256
MAR,2014,LM,51.3322746,-0.2696224,15.34528795,83.51030761
MAR,2015,LM,51.21566027,-0.2363813,14.98415296,78.393398
MAR,2016,LM,51.1432,-0.1396764,14.75952914,80.22994968
MAR,2017,LM,51.15561807,-0.2631327,14.59419703,80.19404817
MAR,2018,LM,51.26650885,-0.3161959,14.87035626,78.95681018
MAR,2019,LM,51.40456556,-0.1333028,14.76332354,81.47485955
MAR,2020,LM,51.44553202,-0.0577222,15.17739616,90.93144498
MAR,2021,LM,51.39070366,-0.1241745,15.2356758,86.05892119
MAR,2022,LM,51.31823659,-0.1200179,16.04984931,87.53621776
MAR,2023,LM,51.19658276,-0.0188321,15.79185315,80.50480858
MAR,2024,LM,50.99253522,0.1763559,15.26541537,77.76355338
MAR,2025,LM,50.99253522,0.1763559,14.93192847,77.76355338
MAR,2026,LM,50.99253522,0.1763559,14.93192847,77.76355338
MDA,2000,L,50.55624622,-0.6693344,13.95310657,29.49704603
MDA,2001,L,48.7709381,-0.69776135,15.46052651,29.49704603
MDA,2002,L,46.97373097,-0.7261883,14.56676133,29.49704603
MDA,2003,L,45.22772135,-0.7311657,15.13605127,29.49704603
MDA,2004,L,43.71074472,-0.8264427,14.23041334,29.49704603
MDA,2005,LM,42.65761304,-0.9015247,13.07252736,29.49704603
MDA,2006,LM,41.99195156,-0.8426635,12.24555794,29.49704603
MDA,2007,LM,41.42012562,-0.7566373,11.54471084,29.49704603
MDA,2008,LM,40.75333174,-0.7274061,11.0400035,29.49704603
MDA,2009,LM,39.98416074,-0.7462463,10.37462591,29.49704603
MDA,2010,LM,39.22761094,-0.6041275,9.953772396,29.49704603
MDA,2011,LM,38.70217156,-0.5793138,10.56474188,29.9278324
MDA,2012,LM,38.53681974,-0.5624904,10.65443753,33.70248781
MDA,2013,LM,38.98635099,-0.5012795,11.19385255,35.73508834
MDA,2014,LM,40.51782548,-0.4639188,10.06913248,31.40384473
MDA,2015,LM,42.73696735,-0.6288785,10.01582217,28.93713529
MDA,2016,LM,44.96176065,-0.6014068,10.03363119,25.842113
MDA,2017,LM,47.00794002,-0.4025781,9.970073234,23.13367991
MDA,2018,LM,48.81569291,-0.2156019,10.06919785,23.6435927
MDA,2019,LM,50.55906743,-0.2731316,9.894330508,25.32422527
MDA,2020,UM,52.16889163,-0.2721944,10.10666435,28.67481955
MDA,2021,UM,53.47705035,-0.2101436,9.639959957,28.53093499
MDA,2022,UM,54.47054396,-0.133791,9.251319246,27.51064117
MDA,2023,UM,55.29620723,-0.0336705,8.353124263,25.57731641
MDA,2024,UM,56.25059351,0.2576379,7.609567566,29.33321034
MDA,2025,UM,56.25059351,0.2576379,7.409026705,29.33321034
MDA,2026,UM,56.25059351,0.2576379,7.409026705,29.33321034
MDG,2000,L,93.19789171,-0.973968,9.162943125,7.352042504
MDG,2001,L,93.17766104,-0.7409688,9.162943125,6.979457169
MDG,2002,L,93.13536292,-0.5079696,9.162943125,6.658481085
MDG,2003,L,92.95648717,-0.8781019,9.162943125,7.538672416
MDG,2004,L,92.60131216,-0.675701,9.162943125,8.607274485
MDG,2005,L,92.03435142,-0.5664991,9.162943125,8.495638304
MDG,2006,L,91.29081321,-0.5842788,9.162943125,8.78158028
MDG,2007,L,90.4683448,-0.4517328,9.162943125,8.77598082
MDG,2008,L,89.5836295,-0.5164841,9.691233476,9.702179478
MDG,2009,L,88.62591827,-0.5389524,9.158878323,10.14157929
MDG,2010,L,87.55146743,-0.6564666,8.959029023,10.86866161
MDG,2011,L,86.29496974,-0.7418961,8.724370459,10.18025378
MDG,2012,L,84.89192079,-0.908933,8.665203691,10.11669385
MDG,2013,L,83.45021813,-0.9315533,8.629868852,11.08328794
MDG,2014,L,82.14379728,-0.9922593,9.038935254,11.66775886
MDG,2015,L,81.02741793,-0.9995334,8.507711195,12.31059239
MDG,2016,L,80.03258389,-0.8355651,10.19531068,11.88781403
MDG,2017,L,79.1610727,-0.819978,9.18815732,12.70612262
MDG,2018,L,78.41462138,-0.8877092,9.369595422,12.9668769
MDG,2019,L,77.755685,-0.867749,10.09005135,14.21169155
MDG,2020,L,77.12504526,-0.9069144,9.724984406,16.4151092
MDG,2021,L,76.49820946,-0.9458829,11.36913071,17.85244468
MDG,2022,L,75.85126544,-0.9182243,12.06365507,18.61920646
MDG,2023,L,75.15373007,-0.9548243,13.01342917,16.93162635
MDG,2024,L,74.40443792,-0.8631928,13.12031661,16.47793818
MDG,2025,L,74.40443792,-0.8631928,13.12031661,16.47793818
MDG,2026,L,74.40443792,-0.8631928,13.12031661,16.47793818
MDV,2000,LM,78.43431276,0.7532431,5.29908872,23.08144899
MDV,2001,LM,74.17185963,0.7533687,5.29908872,23.08144899
MDV,2002,LM,70.15555893,0.7534943,5.29908872,23.08144899
MDV,2003,LM,66.420629,0.7406422,5.29908872,23.08144899
MDV,2004,LM,62.89126675,0.1883553,4.881767017,23.08144899
MDV,2005,LM,59.57433513,-0.0164818,4.694870456,38.84257809
MDV,2006,LM,55.90742452,-0.018205,3.658793412,42.63670766
MDV,2007,LM,51.9067995,-0.0155991,3.208346262,54.63022877
MDV,2008,LM,48.32643552,-0.1240919,3.250292622,57.73434069
MDV,2009,LM,45.39852713,-0.1568621,2.573765511,53.78100731
MDV,2010,UM,43.07831411,-0.0057589,2.287710848,47.68449279
MDV,2011,UM,41.28148997,-0.0970952,2.580529047,42.42816361
MDV,2012,UM,39.93343704,-0.0383274,2.624527275,35.11874636
MDV,2013,UM,38.94117565,-0.0966727,2.118382157,31.21616209
MDV,2014,UM,38.17262851,-0.1718945,1.984973239,28.95489978
MDV,2015,UM,37.40985722,-0.232125,1.927943483,29.10147864
MDV,2016,UM,36.5731855,-0.06644,2.078336838,30.34762254
MDV,2017,UM,35.74168362,-0.3095637,2.184211036,31.19896331
MDV,2018,UM,34.95829435,-0.3083187,2.192735691,31.03786638
MDV,2019,UM,34.2339491,0.0070407,2.13121453,31.53933401
MDV,2020,UM,33.5342081,-0.0983055,2.685968226,53.35516269
MDV,2021,UM,32.79425347,0.1471021,2.135944816,39.30898283
MDV,2022,UM,32.38710851,-0.2212354,1.995004042,35.21696976
MDV,2023,UM,32.26497553,-0.2203449,1.966084252,35.8362091
MDV,2024,UM,31.98241565,-0.221287,1.578250997,35.72990499
MDV,2025,UM,31.98241565,-0.221287,1.7872762,36.42781575
MDV,2026,UM,31.98241565,-0.221287,1.7872762,36.42781575
MEX,2000,UM,64.83747208,0.01828,21.04457742,14.34778095
MEX,2001,UM,63.9944301,-0.1484252,20.02605856,12.24097723
MEX,2002,UM,63.18096214,-0.3151304,19.23122678,14.17826254
MEX,2003,UM,62.38401175,-0.2703013,18.82806561,14.64127546
MEX,2004,UM,61.54799724,-0.2433608,18.84566801,14.10549326
MEX,2005,UM,60.63449374,-0.1302682,18.0770795,15.31359081
MEX,2006,UM,59.67320828,-0.0851155,18.9990299,18.35189167
MEX,2007,UM,58.68885426,-0.1597859,18.26237578,20.43946981
MEX,2008,UM,57.71940708,0.0066138,18.17491375,19.75537532
MEX,2009,UM,56.7944957,0.103917,17.4331987,21.61192257
MEX,2010,UM,55.93212686,-0.0704234,17.83821392,22.32377503
MEX,2011,UM,55.17943207,0.0989004,17.72038602,23.58483284
MEX,2012,UM,54.56321416,0.198193,18.80003545,24.92705638
MEX,2013,UM,54.02748895,0.2228276,18.10280963,27.85905933
MEX,2014,UM,53.51313947,0.131427,18.22892174,28.18368211
MEX,2015,UM,52.97209889,0.0999957,19.82342139,30.83049787
MEX,2016,UM,52.39685188,0.1280596,19.86877579,32.95084239
MEX,2017,UM,51.81825778,0.0099863,20.16182241,34.34312567
MEX,2018,UM,51.2690019,-0.0269292,20.1893657,33.61521781
MEX,2019,UM,50.7872946,-0.0086685,19.88775427,35.58518648
MEX,2020,UM,50.30897734,-0.0462658,20.18427357,36.93258977
MEX,2021,UM,49.8060368,-0.0457429,20.83583586,35.05706055
MEX,2022,UM,49.37990375,-0.0874176,21.4864702,34.24876961
MEX,2023,UM,49.04155385,-0.0748652,20.46512905,33.22560992
MEX,2024,UM,48.71671509,-0.2199329,20.13056088,35.07481995
MEX,2025,UM,48.71671509,-0.2199329,19.97569582,35.50211225
MEX,2026,UM,48.71671509,-0.2199329,19.97569582,35.50211225
MKD,2000,LM,49.65358889,-1.0517492,8.968573796,48.11219661
MKD,2001,LM,49.02538339,-0.8391827999999999,8.964590936,48.11219661
MKD,2002,LM,48.4950971,-0.6266164,8.436041318,48.11219661
MKD,2003,LM,48.02578619,-0.7460712,8.931349416,48.11219661
MKD,2004,LM,47.47052142,-0.2049756,7.685212226,48.11219661
MKD,2005,LM,46.81736948,-0.4250752,9.693399514,48.11219661
MKD,2006,LM,46.22051632,-0.3434785,10.21592402,48.11219661
MKD,2007,LM,45.80264424,-0.3422349,10.20062271,48.11219661
MKD,2008,UM,45.46511002,-0.2809392,9.771987756,48.11219661
MKD,2009,UM,45.12094381,-0.2346589,8.827076228,48.11219661
MKD,2010,UM,44.83377548,-0.522895,9.865628773,48.11219661
MKD,2011,UM,44.62111751,-0.3540498,11.4100813,48.11219661
MKD,2012,UM,44.62857361,-0.0959845,10.23863142,48.11219661
MKD,2013,UM,45.01334576,-0.0831043,9.914104855,47.64909491
MKD,2014,UM,45.47765704,0.1406151,10.95140354,50.51355396
MKD,2015,UM,45.87878307,-0.0722863,11.76035953,52.03203647
MKD,2016,UM,46.38658624,-0.1218578,12.28893989,48.97800585
MKD,2017,UM,47.0672255,-0.0997098,12.60253096,49.88447924
MKD,2018,UM,48.01068407,0.0333879,13.34739543,50.24445256
MKD,2019,UM,49.2556156,-0.1182044,13.39414999,51.26796565
MKD,2020,UM,50.50732012,-0.0922934,13.29727468,55.74662869
MKD,2021,UM,51.39219435,-0.0787865,13.48326467,55.50101334
MKD,2022,UM,52.08300122,0.0111046,13.18516231,54.29532204
MKD,2023,UM,52.83406971,0.022351,14.38584029,52.03593066
MKD,2024,UM,53.48598706,-0.0323427,14.3415421,53.92352566
MKD,2025,UM,53.48598706,-0.0323427,14.32598175,56.30828939
MKD,2026,UM,53.48598706,-0.0323427,14.32598175,56.30828939
MLI,2000,L,99.2877095,-1.3577285,6.327330253,11.37527273
MLI,2001,L,98.60953506,-1.0842591499999998,6.088566025,11.35119459
MLI,2002,L,98.02296915,-0.8107898,6.164125529,12.32802369
MLI,2003,L,97.61967523,-1.0756994,7.268631374,12.51510141
MLI,2004,L,97.43348996,-1.0002198,5.96052298,14.30216364
MLI,2005,L,97.54181768,-0.887585,8.691317888,12.48311741
MLI,2006,L,97.83384696,-0.9167964,8.550280912,13.0338404
MLI,2007,L,98.18547395,-0.8640029,9.398691443,13.6593666
MLI,2008,L,98.63047864,-0.8339004,10.02248659,10.24853115
MLI,2009,L,99.15966202,-0.8048193,9.923162488,13.86598118
MLI,2010,L,99.77460643,-0.9244336,9.3451844,15.14415491
MLI,2011,L,100.4485951,-0.8221921,8.490250484,15.48321017
MLI,2012,L,101.5200192,-0.9100926,8.247359822,16.44745225
MLI,2013,L,102.371895,-0.8529578,8.170930042,17.58247053
MLI,2014,L,102.5300256,-1.0499743,9.958591362,18.55947926
MLI,2015,L,102.5279199,-0.9383384,8.919121425,21.01685823
MLI,2016,L,102.3137808,-0.929614,8.213168337,22.13704578
MLI,2017,L,101.8800933,-0.8719879,8.259706587,21.7776425
MLI,2018,L,101.280426,-0.9789893,8.406145593,21.44736045
MLI,2019,L,100.4165689,-1.0954319,7.480079717,20.6750807
MLI,2020,L,99.24265385,-1.1224054,7.072175616,21.92753486
MLI,2021,L,97.96636576,-1.1810763,7.739614908,23.74541696
MLI,2022,L,96.75853736,-1.2060162,7.371644413,24.75110498
MLI,2023,L,95.56274282,-1.2258828,7.159988157,23.22978729
MLI,2024,L,94.27396217,-1.2871409,7.316899879,22.39561054
MLI,2025,L,94.27396217,-1.2871409,7.459890792,20.4131323
MLI,2026,L,94.27396217,-1.2871409,7.459890792,20.4131323
MLT,2000,H,46.95642019,0.8051389,19.41744288,97.74558022
MLT,2001,UM,46.56692373,0.8052209,15.8473369,97.74558022
MLT,2002,H,46.23543532,0.8053029,15.62339457,97.74558022
MLT,2003,H,45.79779062,0.7114165,15.41252807,97.74558022
MLT,2004,H,45.24013769,0.6858015,13.4428893,97.74558022
MLT,2005,H,44.607055,0.8230735,12.82289476,97.74558022
MLT,2006,H,43.85683457,0.9316963,12.36887526,106.8910259
MLT,2007,H,43.00421217,1.0171682,12.53814475,108.6404859
MLT,2008,H,42.44620588,1.1402107,13.47022479,114.4216188
MLT,2009,H,42.70387899,0.9895339,11.23158422,121.5671272
MLT,2010,H,43.46312256,0.9877609,11.06437858,115.0053972
MLT,2011,H,44.33618469,0.9882811,11.03371346,116.9445035
MLT,2012,H,45.45215289,1.0718539,10.81895441,108.6057771
MLT,2013,H,46.70018682,1.1879853,9.427553762,99.87460919
MLT,2014,H,47.67960808,1.0645056,8.35715197,94.49105808
MLT,2015,H,48.27482618,1.008955,7.160948155,83.41390601
MLT,2016,H,48.83324928,1.1103655,6.996918949,79.32056796
MLT,2017,H,48.90498384,1.0116786,6.627138683,70.88476115
MLT,2018,H,48.25141618,1.0139731,6.536261943,69.08938668
MLT,2019,H,47.35475419,0.9937489,6.430485007,69.52932382
MLT,2020,H,46.69745814,1.0778299,6.557602764,75.12800228
MLT,2021,H,47.05506725,1.0227164,6.163040937,68.44350396
MLT,2022,H,48.13917099,0.9128888,6.243605711,68.92164494
MLT,2023,H,49.14653298,0.7610244,5.838048631,64.1608044
MLT,2024,H,49.79670622,0.622496,5.704789361,61.74372318
MLT,2025,H,49.79670622,0.622496,5.341536058,61.74372318
MLT,2026,H,49.79670622,0.622496,5.341536058,61.74372318
MMR,2000,L,58.22175396,-1.3518124,19.86208285,9.517409286
MMR,2001,L,57.2352074,-1.4614943500000002,19.86208285,11.00217158
MMR,2002,L,56.44034153,-1.5711763,19.86208285,10.34484714
MMR,2003,L,55.76756172,-1.576192,19.86208285,4.095681213
MMR,2004,L,55.08065146,-1.6415171,19.86208285,4.740162895
MMR,2005,L,54.33293246,-1.7237552,19.86208285,4.657059701
MMR,2006,L,53.5569486,-1.5909977,19.86208285,3.877139918
MMR,2007,L,52.77884383,-1.5894841,19.86208285,3.423736465
MMR,2008,L,51.93313934,-1.6096857,19.86208285,3.121102902
MMR,2009,L,51.09719094,-1.6679918,19.86208285,3.472176911
MMR,2010,L,50.35227498,-1.3166107,19.86208285,4.766953785
MMR,2011,L,49.61807139,-1.3109568,19.72131197,6.746762064
MMR,2012,L,48.90349098,-1.5557382,20.09235404,9.310266145
MMR,2013,L,48.23996037,-1.5485581,19.91591375,12.83852973
MMR,2014,LM,47.71689309,-1.3003242,19.9307583,15.57524367
MMR,2015,LM,47.3459615,-1.2574663,20.80814188,18.13055139
MMR,2016,LM,47.03840893,-1.1523629,22.79535067,22.00636698
MMR,2017,LM,46.75634722,-1.2517085,24.09403534,24.50054608
MMR,2018,LM,46.53232582,-1.3199541,24.911874,26.20930858
MMR,2019,LM,46.39647205,-1.3177807,25.32007212,26.63790148
MMR,2020,LM,46.31340948,-1.318284,25.45203809,28.98289995
MMR,2021,LM,46.24748422,-1.5416258,25.63745292,28.98289995
MMR,2022,LM,46.21005695,-1.6445781,25.55955544,28.98289995
MMR,2023,LM,46.20925422,-1.5813496,25.91919968,28.98289995
MMR,2024,LM,46.20942504,-1.5583075,25.1,28.98289995
MMR,2025,LM,46.20942504,-1.5583075,25.1,28.98289995
MMR,2026,LM,46.20942504,-1.5583075,25.1,28.98289995
MNG,2000,L,62.87968945,-0.5902075,6.702337967,6.932842914
MNG,2001,L,60.05560815,-0.51596645,8.249867761,9.143142627
MNG,2002,L,57.28688464,-0.4417254,6.393522004,14.41040506
MNG,2003,L,54.67400509,-0.4602942,6.645525036,22.30562862
MNG,2004,L,52.31492192,-0.4188564,5.53018127,25.55292722
MNG,2005,L,50.30141383,-0.5956412,5.759044408,27.55066505
MNG,2006,L,48.69169142,-0.5722669,5.434696037,30.11903323
MNG,2007,LM,47.50201537,-0.6715084,6.244148786,41.57649112
MNG,2008,LM,46.73624126,-0.6861459,6.562044373,39.90201125
MNG,2009,LM,46.41013979,-0.6265816,6.448551726,40.29972802
MNG,2010,LM,46.49487117,-0.5374241,6.814013595,34.19126582
MNG,2011,LM,46.64872626,-0.5445631,7.069942595,43.49346733
MNG,2012,LM,46.89408302,-0.5466493,7.482232191,43.72176099
MNG,2013,LM,47.58606821,-0.5000373,8.721663906,59.87485793
MNG,2014,UM,48.68041753,-0.304773,8.777293093,59.29431871
MNG,2015,LM,50.08250694,-0.3329464,7.015505837,54.4604207
MNG,2016,LM,51.72629246,-0.3588602,6.6675056,56.94315938
MNG,2017,LM,53.51270109,-0.4472314,6.898238215,52.81772293
MNG,2018,LM,55.41209634,-0.2974017,7.053217103,55.40684003
MNG,2019,LM,57.42882594,-0.3385736,7.069555547,48.90102215
MNG,2020,LM,58.9121466,-0.311667,7.756164685,45.78516453
MNG,2021,LM,59.63138545,-0.3519979,7.109182102,47.48638081
MNG,2022,LM,60.00287038,-0.2986908,7.117164595,40.97748578
MNG,2023,UM,60.00276695,-0.3639023,6.298087452,38.6134824
MNG,2024,UM,59.56841053,-0.3892189,5.573163197,44.90588355
MNG,2025,UM,59.56841053,-0.3892189,5.87524622,44.90588355
MNG,2026,UM,59.56841053,-0.3892189,5.87524622,44.90588355
MOZ,2000,L,91.41800591,-0.6090516,13.98544423,12.16692415
MOZ,2001,L,91.68176061,-0.69904515,15.93199114,9.056738928
MOZ,2002,L,91.9062035,-0.7890387,12.77356305,9.096668113
MOZ,2003,L,92.07403068,-1.0136614,14.46258215,8.083086606
MOZ,2004,L,92.2241426,-0.7991638,15.14401704,6.794929147
MOZ,2005,L,92.35462896,-0.746992,13.69896057,8.784134495
MOZ,2006,L,92.46807351,-0.6705936,14.4925559,9.893252834
MOZ,2007,L,92.64903022,-0.5972324,14.10786894,10.04213565
MOZ,2008,L,92.99536543,-0.5785872,11.94833471,14.01241957
MOZ,2009,L,93.50101595,-0.4475614,10.62649371,19.55112623
MOZ,2010,L,94.02616589,-0.6480562,10.03984425,21.6491865
MOZ,2011,L,94.33214858,-0.7025583,9.549775225,20.91973413
MOZ,2012,L,94.41040586,-0.5577083,8.62619404,22.4314518
MOZ,2013,L,94.38788203,-0.5437435,8.326035515,26.26115476
MOZ,2014,L,94.21613641,-0.5716435,8.220565093,30.18878179
MOZ,2015,L,93.92931108,-0.580096,8.30864035,32.05313167
MOZ,2016,L,93.60719825,-0.6823519,8.117832587,31.20788791
MOZ,2017,L,93.24235441,-0.6898963,7.819887035,24.45820645
MOZ,2018,L,92.92531999,-0.6871201,8.613131119,22.12920351
MOZ,2019,L,92.66215627,-0.6500468,8.727729553,21.27915852
MOZ,2020,L,92.29102802,-0.8223436,8.338781312,23.86961927
MOZ,2021,L,91.82819326,-0.8185849,8.064960047,23.02058008
MOZ,2022,L,91.3012311,-0.7706816,8.138013729,20.7200636
MOZ,2023,L,90.55471753,-0.7779692,7.115308455,18.51186279
MOZ,2024,L,89.51178279,-0.7157933,6.442387804,17.60699071
MOZ,2025,L,89.51178279,-0.7157933,6.189062696,18.26726649
MOZ,2026,L,89.51178279,-0.7157933,6.189062696,18.26726649
MRT,2000,L,89.74152896,-0.2793718,9.874600799,18.40148131
MRT,2001,L,89.4823325,-0.2792462,10.1414071,18.40148131
MRT,2002,L,89.63049593,-0.2791206,11.7437803,18.40148131
MRT,2003,L,89.7159656,-0.2919728,10.71897544,18.40148131
MRT,2004,L,89.79794645,-0.5791924,10.75722525,18.40148131
MRT,2005,L,89.9065929,-0.6774526,9.640268506,18.40148131
MRT,2006,L,90.04479232,-0.8516161,8.481466917,14.61742261
MRT,2007,L,90.17649247,-0.7673541,7.314297587,16.29917868
MRT,2008,L,90.07053451,-0.9346936,5.526539368,19.20839421
MRT,2009,L,89.918463,-0.7632987,8.435133709,19.97772334
MRT,2010,LM,90.15086051,-0.5153748,6.70568705,18.27540307
MRT,2011,L,90.77317137,-0.505274,5.742828681,16.59344738
MRT,2012,LM,91.6641952,-0.6504224,6.521132118,16.76638119
MRT,2013,LM,92.03107821,-0.8307826,6.406984148,18.34583983
MRT,2014,LM,91.79488662,-0.8456369,7.414093919,19.52029977
MRT,2015,LM,91.52144256,-0.9313712,7.438345505,21.11557839
MRT,2016,LM,91.19077828,-0.8954385,6.111147578,20.29890976
MRT,2017,LM,90.78737268,-0.8206663,6.413663705,21.06657412
MRT,2018,LM,90.29207436,-0.8343637,6.337515789,22.04112089
MRT,2019,LM,89.69161634,-0.8240741,7.096530308,22.72354116
MRT,2020,LM,88.94983032,-0.9008005,6.68554623,22.72354116
MRT,2021,LM,88.09592951,-0.8482903,6.088508741,22.72354116
MRT,2022,LM,87.12865093,-0.87695,6.625252993,22.72354116
MRT,2023,LM,86.05140747,-0.8187577,6.504273998,22.72354116
MRT,2024,LM,84.97835464,-0.7412473,5.011020492,22.72354116
MRT,2025,LM,84.97835464,-0.7412473,4.628098708,22.72354116
MRT,2026,LM,84.97835464,-0.7412473,4.628098708,22.72354116
MUS,2000,UM,46.41323509,0.4142593,19.48351455,55.75106298
MUS,2001,UM,46.01080904,0.49632335,19.774923,56.09740917
MUS,2002,UM,45.56315622,0.5783874,18.811314,56.92899929
MUS,2003,UM,45.03719252,0.5883142,17.79013571,69.70587714
MUS,2004,UM,44.42851516,0.571632,17.30358483,69.96579453
MUS,2005,UM,43.71410084,0.6077906,16.66794887,71.93031426
MUS,2006,UM,42.84713789,0.6104298,15.5830384,67.63990871
MUS,2007,UM,41.87456366,0.6110366,15.22889837,70.64312333
MUS,2008,UM,40.92115413,0.8303882,15.10291051,80.68844541
MUS,2009,UM,40.10451999,0.7962256,14.69075386,78.90462357
MUS,2010,UM,39.43665584,0.7333444,13.96738382,84.16839928
MUS,2011,UM,38.86838814,0.7467754,13.67698825,88.08715107
MUS,2012,UM,38.51390177,0.98957,13.45901266,97.48059701
MUS,2013,UM,38.43886014,0.9262441,13.56536454,103.6994923
MUS,2014,UM,38.40671002,1.052631,13.36430213,95.58274242
MUS,2015,UM,38.39234836,1.0592368,12.8429264,98.74668429
MUS,2016,UM,38.46247398,1.1005388,12.22432471,92.30626817
MUS,2017,UM,38.51073965,1.0288458,11.683146,97.67717638
MUS,2018,UM,38.49318082,0.9336102,11.15697188,74.19530368
MUS,2019,H,38.44102189,0.8595784,10.3699968,76.96904687
MUS,2020,UM,38.41941088,0.8319144,10.6686355,90.56030736
MUS,2021,UM,38.47282668,0.738763,11.55984546,85.41189173
MUS,2022,UM,38.64102319,0.7319597,11.80139546,72.36865612
MUS,2023,UM,39.01596965,0.823778,11.5004474,69.89395047
MUS,2024,UM,39.54160441,0.7653533,11.08668845,69.86494969
MUS,2025,UM,39.54160441,0.7653533,11.23370245,72.03283738
MUS,2026,UM,39.54160441,0.7653533,11.23370245,72.03283738
MWI,2000,L,97.94242743,-0.6059151,11.29706148,3.850605117
MWI,2001,L,98.37849946,-0.8032192,11.29706148,3.578623024
MWI,2002,L,98.81227463,-1.0005233,11.29706148,1.887519127
MWI,2003,L,99.17710263,-1.1331279,11.29706148,2.155590373
MWI,2004,L,99.52433016,-0.9782063,11.29706148,2.527828724
MWI,2005,L,99.90131064,-0.9423736,11.29706148,2.777933841
MWI,2006,L,100.2098315,-0.8616703,11.29706148,3.506167866
MWI,2007,L,100.3548771,-0.8044334,11.29706148,3.764337824
MWI,2008,L,100.1897277,-0.6552057,11.29706148,6.262299164
MWI,2009,L,99.79020056,-0.5518949,11.29706148,7.47258449
MWI,2010,L,99.29857855,-0.5426828,11.29706148,9.502993442
MWI,2011,L,98.70568782,-0.5839959,11.29706148,9.573614102
MWI,2012,L,97.94545731,-0.5762271,11.29706148,10.01467366
MWI,2013,L,96.91409626,-0.5704237,11.29706148,8.557086084
MWI,2014,L,95.64323297,-0.542739,11.29706148,7.83598581
MWI,2015,L,94.17068159,-0.5855031,11.29706148,9.172403859
MWI,2016,L,92.46984297,-0.6089526,11.29706148,8.009309219
MWI,2017,L,90.61647119,-0.5782225,11.29706148,7.478350942
MWI,2018,L,88.69265626,-0.6337095,11.41967228,6.817648644
MWI,2019,L,86.68507703,-0.686037,11.52941896,7.220741696
MWI,2020,L,84.589443,-0.7484164,12.05848961,7.853148938
MWI,2021,L,82.45041038,-0.6797637,11.88584081,8.239599196
MWI,2022,L,80.33175204,-0.7814562,10.74994337,8.647049075
MWI,2023,L,78.28060629,-0.7685413,12.80203107,7.74778353
MWI,2024,L,76.34094498,-0.7257604,10.97076502,7.910338465
MWI,2025,L,76.34094498,-0.7257604,10.97076502,7.910338465
MWI,2026,L,76.34094498,-0.7257604,10.97076502,7.910338465
MYS,2000,UM,61.40638882,0.8746597,30.86354977,134.9998539
MYS,2001,UM,60.29885385,0.8971892,29.33640404,129.1013756
MYS,2002,UM,59.19952533,0.9197187,29.24639822,121.8273449
MYS,2003,UM,58.05359755,0.9352283,29.92867189,118.9741489
MYS,2004,UM,56.80824755,0.8416173,30.37814736,111.9376051
MYS,2005,UM,55.48572546,0.7787884,27.54968008,106.5244319
MYS,2006,UM,54.16585673,0.825717,27.56608756,103.6638304
MYS,2007,UM,52.87741812,0.892499,26.12258394,101.5800752
MYS,2008,UM,51.57031069,0.7810639,24.56071766,96.74825351
MYS,2009,UM,50.21718773,0.7061109,23.80014505,111.60689
MYS,2010,UM,49.00803015,0.9606573,23.43377557,107.1227526
MYS,2011,UM,48.14651988,0.9015908,23.32020449,108.4259367
MYS,2012,UM,47.5176972,0.8762495,23.13817629,114.1245298
MYS,2013,UM,46.95750139,0.8710349,22.84074242,119.8996939
MYS,2014,UM,46.45299873,0.9192375,22.87393024,120.578651
MYS,2015,UM,46.03908559,0.8365268,22.2933324,123.1036296
MYS,2016,UM,45.73408854,0.7772776,21.7969398,121.9798206
MYS,2017,UM,45.4951519,0.7610752,21.84619508,117.1675684
MYS,2018,UM,45.22751885,0.8592296,21.5281382,120.2763119
MYS,2019,UM,44.8360878,0.8172716,21.4089749,120.7069463
MYS,2020,UM,44.27086495,0.8675226,22.23208584,133.8169955
MYS,2021,UM,43.57890183,0.8036415,23.36316564,127.2608946
MYS,2022,UM,42.89656248,0.7857271,23.33831968,113.0704706
MYS,2023,UM,42.3268043,0.7474758,23.02023389,117.09943
MYS,2024,UM,41.89276586,0.9147725,22.50031919,116.1074108
MYS,2025,UM,41.89276586,0.9147725,22.09566612,117.9380771
MYS,2026,UM,41.89276586,0.9147725,22.09566612,117.9380771
NAM,2000,LM,80.7235309,0.4698725,9.73959016,65.62596884
NAM,2001,LM,79.94441925,0.30480775000000004,9.622780593,65.62596884
NAM,2002,LM,78.89362475,0.139743,9.42146187,65.62596884
NAM,2003,LM,77.56607338,0.1683865,11.39438804,65.62596884
NAM,2004,LM,76.02643004,0.1048886,10.59196078,65.62596884
NAM,2005,LM,74.16135526,0.0443144,10.48802863,65.62596884
NAM,2006,LM,72.17505102,0.2765043,12.59306201,65.62596884
NAM,2007,LM,70.45948737,0.2960431,13.47269171,65.62596884
NAM,2008,UM,69.06117912,0.3728454,11.27254897,65.62596884
NAM,2009,UM,68.00530528,0.4732973,12.86482256,65.62596884
NAM,2010,UM,67.34021155,0.2412293,12.29938679,65.62596884
NAM,2011,UM,67.07149051,0.1893853,13.45726237,65.62596884
NAM,2012,UM,67.02738617,0.3978933,12.19000589,65.62596884
NAM,2013,UM,66.96709518,0.3354358,10.31825878,65.62596884
NAM,2014,UM,66.8472386,0.3164678,9.908565291,65.62596884
NAM,2015,UM,66.78292229,0.2927673,11.41718482,65.62596884
NAM,2016,UM,66.91271416,0.2349555,11.67878853,68.5718639
NAM,2017,UM,67.27642398,0.2683997,12.22004324,65.08508986
NAM,2018,UM,67.75449127,0.3136094,12.29883459,65.84154868
NAM,2019,UM,68.19915129,0.2867851,12.46239854,70.95057935
NAM,2020,UM,68.67585018,0.1498863,11.0196432,72.76766772
NAM,2021,UM,69.20492802,0.1596202,10.7769295,68.84732487
NAM,2022,UM,69.48035,0.165395,11.15885514,61.39684175
NAM,2023,UM,69.10032752,0.1539385,11.00041168,56.06679023
NAM,2024,LM,68.49965606,0.0993431,10.28953816,55.05576604
NAM,2025,LM,68.49965606,0.0993431,10.01632683,55.05576604
NAM,2026,LM,68.49965606,0.0993431,10.01632683,55.05576604
NER,2000,L,98.30209358,-1.3111633,9.246691393,3.859404275
NER,2001,L,99.16483956,-1.1782812,8.869705096,5.917782688
NER,2002,L,100.097836,-1.0453991,8.774597662,4.41414054
NER,2003,L,101.0888068,-1.0520881,9.11498221,4.572364066
NER,2004,L,102.1260215,-0.8354534,9.391010597,4.486850086
NER,2005,L,103.1617977,-0.7441785,8.414737026,3.953365052
NER,2006,L,104.1626859,-0.8062253,8.124409132,3.874003087
NER,2007,L,105.116179,-0.8180005,7.682460338,7.078326277
NER,2008,L,105.9909201,-0.7451343,7.112263705,8.054482299
NER,2009,L,106.7539666,-0.6827442,7.424792627,8.891402212
NER,2010,L,107.3583308,-0.7350007,6.917205465,9.03427296
NER,2011,L,107.7489472,-0.695647,6.681176806,9.922308182
NER,2012,L,107.7793082,-0.5898721,7.516576093,9.970813567
NER,2013,L,107.5872434,-0.6374806,8.014047553,10.46063041
NER,2014,L,107.2901293,-0.5887916,8.483204639,10.68003599
NER,2015,L,106.7655087,-0.5908565,7.625755954,11.27315474
NER,2016,L,106.0637829,-0.5660437,8.083957086,11.54302576
NER,2017,L,105.2923428,-0.654903,8.253809963,11.23983602
NER,2018,L,104.4113486,-0.6127385,8.104799585,10.23162344
NER,2019,L,103.388518,-0.6646514,8.432038294,11.64403863
NER,2020,L,102.2065583,-0.6573807,7.894522116,11.78280489
NER,2021,L,100.8761781,-0.6395047,7.636229962,13.00646568
NER,2022,L,99.51073629,-0.644957,6.920812744,12.41040683
NER,2023,L,98.16404172,-0.6115289,7.277067934,10.89995179
NER,2024,L,96.83256723,-0.7696662,6.987265719,10.27815074
NER,2025,L,96.83256723,-0.7696662,6.987265719,9.565874531
NER,2026,L,96.83256723,-0.7696662,6.987265719,9.565874531
NGA,2000,L,87.88035377,-1.2673021,13.93340041,8.248988698
NGA,2001,L,87.86609902,-1.39686455,13.9253596,9.880807397
NGA,2002,L,87.98875662,-1.526427,11.81181308,8.084342998
NGA,2003,L,88.20164666,-1.3727196,12.06060684,8.909484726
NGA,2004,L,88.43230643,-1.0917105,10.86156992,8.461664055
NGA,2005,L,88.70136027,-1.0897789,10.06108332,8.435095263
NGA,2006,L,89.0370331,-1.0454643,8.852872608,8.120360453
NGA,2007,L,89.37174791,-0.9559052,8.401379657,13.79701693
NGA,2008,LM,89.70108507,-1.0168012,8.168912972,18.6330147
NGA,2009,LM,90.01512868,-1.1203412,7.838411937,19.62560166
NGA,2010,LM,90.23498843,-1.1375966,6.552816976,13.49074284
NGA,2011,LM,90.34938991,-1.1214371,7.171084296,11.04362961
NGA,2012,LM,90.37799633,-0.9699142,7.724546672,10.60470377
NGA,2013,LM,90.297275,-0.9819811,8.928929322,11.53321494
NGA,2014,LM,90.09294012,-1.0549073,9.635811603,13.29700538
NGA,2015,LM,89.72062637,-0.9138838,9.428437322,13.07868448
NGA,2016,LM,89.06228546,-0.9191662,8.679697782,14.60803886
NGA,2017,LM,88.12557569,-0.8608661,8.741993492,12.85202981
NGA,2018,LM,87.05628285,-0.8458382,9.648947481,10.2465813
NGA,2019,LM,85.87943186,-0.9678483,9.100545566,7.923222659
NGA,2020,LM,84.52583731,-0.9841775,8.084524883,8.759585595
NGA,2021,LM,83.10000832,-1.0500622,8.817275519,9.733221369
NGA,2022,LM,81.68728785,-1.056847,9.136531701,9.561691767
NGA,2023,LM,80.24640634,-0.8677545,9.273101249,9.561691767
NGA,2024,LM,78.77097445,-1.0065889,8.65727818,9.561691767
NGA,2025,LM,78.77097445,-1.0065889,8.257479398,9.561691767
NGA,2026,LM,78.77097445,-1.0065889,8.257479398,9.561691767
NIC,2000,L,78.0454267,-1.3307093,12.47651664,13.71783659
NIC,2001,L,76.26274034,-1.3341234000000002,13.65082657,13.71783659
NIC,2002,L,74.49102778,-1.3375375,14.82889937,15.13039662
NIC,2003,L,72.75013808,-1.3204115,13.95858895,17.68000145
NIC,2004,L,71.08395973,-1.0683834,14.04046178,19.63950417
NIC,2005,LM,69.46872504,-0.9910403,13.5660208,22.61956371
NIC,2006,LM,67.95976544,-0.8846034,13.59309707,26.46173006
NIC,2007,LM,66.57807339,-0.8746319,13.98997147,32.96267309
NIC,2008,LM,65.26254866,-0.9073504,14.00524108,31.39029391
NIC,2009,LM,64.03000595,-0.8378983,13.61455214,28.46398166
NIC,2010,LM,62.88949026,-0.8157756,14.26532394,26.79027719
NIC,2011,LM,61.80633684,-0.8011848,14.05162428,26.20214526
NIC,2012,LM,60.79238632,-0.7538922,14.20676271,28.72568491
NIC,2013,LM,59.89431845,-0.7345757,14.49453189,31.87194623
NIC,2014,LM,59.11809665,-0.7610142,14.7329135,33.86110448
NIC,2015,LM,58.42279918,-0.7548907,14.19793445,36.85121625
NIC,2016,LM,57.77825313,-0.786049,14.14475054,38.58003242
NIC,2017,LM,57.18887583,-0.4977075,13.6425295,42.71415952
NIC,2018,LM,56.61665274,-0.7706904,13.84574523,39.85705848
NIC,2019,LM,56.0113131,-0.7436807,14.03936172,32.21731345
NIC,2020,LM,55.23885595,-0.7981834,13.96995077,29.79282045
NIC,2021,LM,54.36483885,-0.7550562,14.5298247,28.01307734
NIC,2022,LM,53.57752903,-0.9210621,14.44419824,29.69976042
NIC,2023,LM,52.86583694,-0.9367708,14.43246556,30.00900362
NIC,2024,LM,52.18955093,-1.0529768,13.42646779,32.33345602
NIC,2025,LM,52.18955093,-1.0529768,12.5883742,32.33345602
NIC,2026,LM,52.18955093,-1.0529768,12.5883742,32.33345602
NLD,2000,H,47.59972577,2.0986317,12.71122159,110.2223667
NLD,2001,H,47.72345845,2.0915926000000002,12.51540043,110.2223667
NLD,2002,H,47.77800787,2.0845535,11.90870569,108.8030646
NLD,2003,H,47.88372081,1.953188,11.45424072,108.372289
NLD,2004,H,48.0486896,1.8519422,11.5382083,112.3279399
NLD,2005,H,48.16872596,1.9473728,11.59183688,115.8908884
NLD,2006,H,48.21366283,1.75539,11.24481653,112.9576606
NLD,2007,H,48.25413523,1.7574727,11.33989001,112.7175946
NLD,2008,H,48.38349032,1.7685675,10.8008764,110.2186553
NLD,2009,H,48.63787332,1.7769018,9.837298647,116.2410957
NLD,2010,H,48.93908406,1.7362289,9.772138434,112.9952008
NLD,2011,H,49.63220919,1.853741,10.10132421,113.5169354
NLD,2012,H,50.64603514,1.9206541,10.06073846,116.0139586
NLD,2013,H,51.42895917,1.8904217,9.648164648,112.969994
NLD,2014,H,52.01496119,1.9168757,9.662303445,115.2058495
NLD,2015,H,52.42726222,1.9280339,10.14881825,110.1352308
NLD,2016,H,52.69726724,1.9619805,10.26694901,112.6881661
NLD,2017,H,52.98408925,2.0046983,10.55002191,109.2617675
NLD,2018,H,53.25957644,2.0295602,10.65945358,103.7054491
NLD,2019,H,53.51250129,2.0639557,10.42075667,98.63684625
NLD,2020,H,53.82237353,2.0397583,10.48400234,100.3520062
NLD,2021,H,54.19912524,1.8535742,10.75497729,93.88076945
NLD,2022,H,54.44559637,1.7650127,10.34754785,88.81950454
NLD,2023,H,54.62649086,1.7511282,10.47153075,85.4757445
NLD,2024,H,55.09099423,1.7519974,10.076475,82.33209409
NLD,2025,H,55.09099423,1.7519974,10.08166463,82.33209409
NLD,2026,H,55.09099423,1.7519974,10.08166463,82.33209409
NOR,2000,H,54.24902241,1.9102227,9.018715299,96.51856199
NOR,2001,H,53.94260087,1.90433445,9.072073538,96.51856199
NOR,2002,H,53.56446147,1.8984462,9.04479344,102.6169916
NOR,2003,H,53.15501024,1.8614686,9.022388198,106.679367
NOR,2004,H,52.7570832,1.8956582,8.677107921,104.8632185
NOR,2005,H,52.32209862,1.8964957,8.267781684,106.0848358
NOR,2006,H,51.79583234,1.938595,8.350834366,96.36078087
NOR,2007,H,51.26844217,1.9141752,8.350826319,105.7065897
NOR,2008,H,50.92175905,1.7167729,7.79689155,117.4433786
NOR,2009,H,50.89570699,1.7868741,7.450914509,125.0562186
NOR,2010,H,51.03827692,1.7800228,7.246210105,125.0042853
NOR,2011,H,51.22307465,1.8129314,6.777142018,122.1738454
NOR,2012,H,51.44406157,1.9504302,6.642419639,119.8086536
NOR,2013,H,51.67160183,1.9341009,6.61997046,120.9635339
NOR,2014,H,51.88885679,1.9539907,6.771455977,124.7411697
NOR,2015,H,52.10445668,1.9270491,6.869596786,133.5325557
NOR,2016,H,52.41618596,1.9604222,6.538604653,140.3089093
NOR,2017,H,52.81872178,2.0636859,6.369640899,140.3975209
NOR,2018,H,53.19602768,1.9374028,6.011505719,137.8524803
NOR,2019,H,53.45068464,1.9446493,6.144794695,143.9294415
NOR,2020,H,53.70240368,1.9498703,6.437634091,157.2816211
NOR,2021,H,53.99426029,1.9916736,5.513810248,132.758588
NOR,2022,H,54.12189437,1.8212872,4.779702226,106.5204839
NOR,2023,H,53.94233829,1.7870167,5.640955942,122.5479139
NOR,2024,H,53.7846036,1.843057,5.767606185,124.3896217
NOR,2025,H,53.7846036,1.843057,6.115341174,124.3896217
NOR,2026,H,53.7846036,1.843057,6.115341174,124.3896217
NPL,2000,L,81.04457,-0.7956793,8.840859263,30.67062082
NPL,2001,L,80.40713979,-0.9215198,8.699294828,29.41591045
NPL,2002,L,79.58783467,-1.0473603,8.213423646,22.86890082
NPL,2003,L,78.6140023,-1.0566051,7.887760015,26.14257403
NPL,2004,L,77.52929883,-0.7174016,7.763964162,27.09733041
NPL,2005,L,76.3566959,-0.9213844,7.615216521,28.72615081
NPL,2006,L,75.09654213,-1.0330024,7.314045291,33.15138628
NPL,2007,L,73.74127929,-0.946673,7.168186946,37.28150565
NPL,2008,L,72.21031476,-1.0164892,7.01090408,51.65264553
NPL,2009,L,70.51315905,-0.7872136,6.622367122,59.17845463
NPL,2010,L,68.72306733,-0.6925409,5.946139,54.58998779
NPL,2011,L,67.11041033,-0.7963154,5.396902525,46.42465312
NPL,2012,L,65.88470378,-1.1094999,5.785222834,48.75434965
NPL,2013,L,64.88843912,-1.0517978,5.750414306,50.46227084
NPL,2014,L,63.87310734,-0.8952954,5.61219116,54.4670476
NPL,2015,L,62.67738482,-1.1633739,5.356055555,56.90827407
NPL,2016,L,61.6232359,-0.9818725,4.888189626,69.84080011
NPL,2017,L,60.89356768,-0.9277366,4.855673994,69.18912434
NPL,2018,L,60.17890037,-0.9143987,4.906474539,76.32460801
NPL,2019,LM,58.70018401,-1.1116758,4.981441388,78.9459109
NPL,2020,LM,56.65268307,-1.0263856,4.474854392,88.44003947
NPL,2021,LM,54.97098902,-0.9460782,4.766037665,103.6513514
NPL,2022,LM,54.1657821,-0.9545158,4.832071914,94.46699156
NPL,2023,LM,54.02201337,-0.844048,4.540323153,91.55726414
NPL,2024,LM,53.68685548,-0.8845295,5.010080655,91.29337283
NPL,2025,LM,53.68685548,-0.8845295,4.982243953,90.54476247
NPL,2026,LM,53.68685548,-0.8845295,4.982243953,90.54476247
NZL,2000,H,52.71729664,1.7800027,15.50413471,148.8875362
NZL,2001,H,52.48488807,1.9084645999999998,15.1897259,148.8875362
NZL,2002,H,51.96515558,2.0369265,15.55174174,148.8875362
NZL,2003,H,51.34933616,2.0022757,14.71813539,148.8875362
NZL,2004,H,50.8477366,1.798038,14.5562536,148.8875362
NZL,2005,H,50.5037483,1.9120353,14.52524595,148.8875362
NZL,2006,H,50.36864501,1.8456251,13.31015558,148.8875362
NZL,2007,H,50.44299796,1.8177905,12.3263675,148.8875362
NZL,2008,H,50.60470984,1.8174015,12.38299419,148.8875362
NZL,2009,H,50.83013364,1.9669744,10.74389925,148.8875362
NZL,2010,H,51.16239073,1.8083666,10.81694922,148.8875362
NZL,2011,H,51.63804718,1.9627757,10.93384356,148.8875362
NZL,2012,H,52.24257411,1.9728103,10.58977972,148.8875362
NZL,2013,H,52.7030093,1.9354282,10.23415422,148.8875362
NZL,2014,H,52.75434706,2.0335793,11.06594678,148.8875362
NZL,2015,H,52.5174781,1.9501288,11.280088,152.2035822
NZL,2016,H,52.30755263,1.8226403,10.0904319,154.8783941
NZL,2017,H,52.25783494,1.7876311,10.19995391,153.218888
NZL,2018,H,52.37108575,1.7035417,9.959182873,153.3400486
NZL,2019,H,52.59659518,1.6838138,9.671006459,155.3310088
NZL,2020,H,52.9981293,1.6915539,9.383217459,159.3027655
NZL,2021,H,53.6270313,1.6029686,8.6929615,155.6968117
NZL,2022,H,54.05147237,1.656508,8.913088186,145.9939596
NZL,2023,H,54.25744618,1.7271046,8.26688384,140.5743682
NZL,2024,H,54.59399167,1.8491848,8.26688384,141.8984896
NZL,2025,H,54.59399167,1.8491848,8.26688384,143.378736
NZL,2026,H,54.59399167,1.8491848,8.26688384,143.378736
OMN,2000,UM,64.25771578,-0.0055096,6.191288498,32.82862083
OMN,2001,UM,62.21007672,0.05005595,8.419906068,35.15359389
OMN,2002,UM,60.13028905,0.1056215,8.555932662,33.97035642
OMN,2003,UM,58.04103137,0.2957168,8.108221785,32.1772116
OMN,2004,UM,55.62313748,0.1866734,7.982257577,29.86512642
OMN,2005,UM,52.93091443,0.2931176,7.907034661,26.830213
OMN,2006,UM,50.39182806,0.1659918,10.10316961,26.86022931
OMN,2007,H,48.17107585,0.1196741,9.080580459,30.97648444
OMN,2008,H,46.36874248,0.2438058,9.591689984,30.64581835
OMN,2009,H,45.03856302,0.2643655,10.27478532,40.7469449
OMN,2010,H,43.92026113,0.3192865,10.04561825,38.21191088
OMN,2011,H,39.10248672,0.0808802,10.46453094,36.10304564
OMN,2012,H,34.00906338,0.0510827,9.932249685,36.82016904
OMN,2013,H,32.49457344,-0.0148917,9.407930504,37.81017636
OMN,2014,H,32.8126488,0.138753,8.631196202,40.99643638
OMN,2015,H,33.02053908,0.0805474,8.916115687,58.17211276
OMN,2016,H,32.76990456,0.1613756,7.914286703,66.67023304
OMN,2017,H,33.032246,0.1108223,8.495178421,65.94876212
OMN,2018,H,34.16663019,0.1114018,9.09106412,61.07217589
OMN,2019,H,36.232582,0.2040481,8.02938032,65.1353365
OMN,2020,H,39.20442426,0.1018136,8.356060191,76.58938994
OMN,2021,H,41.49617195,0.102771,9.409697403,68.1863495
OMN,2022,H,40.60427821,0.4468675,10.52052161,55.78977046
OMN,2023,H,38.67358872,0.4719959,9.349045955,59.752817
OMN,2024,H,37.66316023,0.5675096,10.00211877,63.20772259
OMN,2025,H,37.66316023,0.5675096,9.380839902,63.20772259
OMN,2026,H,37.66316023,0.5675096,9.380839902,63.20772259
PAK,2000,L,87.82656636,-0.5434034,9.094197863,16.60361828
PAK,2001,L,86.57736222,-0.57505105,9.505079703,16.2084603
PAK,2002,L,85.54495289,-0.6066987,9.373964074,16.00410078
PAK,2003,L,84.44008644,-0.793561,9.557900858,18.22159978
PAK,2004,L,83.00376288,-0.6574624,10.45295151,21.29470034
PAK,2005,L,81.49892194,-0.6434104,11.76255638,21.60168149
PAK,2006,L,80.10002498,-0.5367579,12.61423338,22.76831341
PAK,2007,L,78.61639017,-0.5280229,12.48148456,23.04163909
PAK,2008,LM,77.30591468,-0.7930155,13.25628901,24.16858518
PAK,2009,LM,76.32437086,-0.7786638,12.53946637,20.39577681
PAK,2010,LM,75.53642343,-0.7771494,13.03550037,19.28543834
PAK,2011,LM,75.01003804,-0.8257262,13.38113593,16.7900431
PAK,2012,LM,74.73984359,-0.6500645,13.73907621,15.19776621
PAK,2013,LM,74.62024865,-0.6600164,13.32076285,14.40595914
PAK,2014,LM,74.42561724,-0.6822115,13.41402629,14.03634343
PAK,2015,LM,74.16181092,-0.6105847,12.30144209,13.87767206
PAK,2016,LM,73.91387839,-0.5304516,11.21091675,14.68224913
PAK,2017,LM,73.5768238,-0.4213336,11.29934591,15.31381293
PAK,2018,LM,73.1024168,-0.5073376,11.60274316,16.63235111
PAK,2019,LM,72.63145849,-0.4968027,12.58727459,15.68798581
PAK,2020,LM,72.06516828,-0.6149668,11.41607343,15.03312013
PAK,2021,LM,71.34395013,-0.5170351,11.93471622,15.34013978
PAK,2022,LM,70.71097945,-0.682084,13.75863386,14.83832424
PAK,2023,LM,70.16738625,-0.6585378,13.64679346,12.02039551
PAK,2024,LM,69.39264314,-0.6003273,13.14755206,11.46061956
PAK,2025,LM,69.39264314,-0.6003273,13.02087483,10.72682465
PAK,2026,LM,69.39264314,-0.6003273,13.02087483,10.72682465
PAN,2000,UM,59.54519823,-0.0550961,9.853886229,82.06996389
PAN,2001,UM,58.85447098,-0.1271628,9.230425601,82.06996389
PAN,2002,UM,58.22356063,-0.1992295,8.50228375,82.06996389
PAN,2003,UM,57.65524297,-0.2413468,8.124384715,82.06996389
PAN,2004,UM,57.14557773,-0.1354879,7.899445911,82.06996389
PAN,2005,UM,56.66729245,-0.1164168,7.680281916,82.06996389
PAN,2006,UM,56.22832781,-0.041967,7.407719349,82.06996389
PAN,2007,UM,55.84908415,0.0608038,7.017982023,82.06996389
PAN,2008,UM,55.52062666,0.0294371,6.926341439,82.06996389
PAN,2009,UM,55.23446428,0.0974308,7.126674254,82.06996389
PAN,2010,UM,54.97877044,0.1224424,6.936785555,82.06996389
PAN,2011,UM,54.76450567,0.1252675,6.190793548,80.31740142
PAN,2012,UM,54.58356978,0.2315672,6.094464966,79.59230098
PAN,2013,UM,54.40752168,0.2144279,6.488555846,65.43741358
PAN,2014,UM,54.24994739,0.22621,6.467886548,80.87282291
PAN,2015,UM,54.10489392,0.3209871,6.260132761,82.93242773
PAN,2016,UM,53.94937241,0.3973659,6.050243886,84.19087186
PAN,2017,H,53.78892228,0.343385,5.930319387,84.43801043
PAN,2018,H,53.62428083,0.3258151,5.746220399,83.95147994
PAN,2019,H,53.40209084,0.4971964,5.675572879,83.32655675
PAN,2020,UM,53.10020587,0.2314559,5.668083948,100.1538916
PAN,2021,H,52.79291304,0.2101815,5.283368839,100.1538916
PAN,2022,H,52.52350876,0.0399223,5.07771354,100.1538916
PAN,2023,H,52.28326293,0.0311824,4.950952508,100.1538916
PAN,2024,H,52.08668945,0.2451472,4.937707479,100.1538916
PAN,2025,H,52.08668945,0.2451472,4.79645732,100.1538916
PAN,2026,H,52.08668945,0.2451472,4.79645732,100.1538916
PER,2000,LM,64.00290735,-0.485028,15.2145262,26.34167756
PER,2001,LM,62.98403924,-0.56595985,15.58125647,23.44780788
PER,2002,LM,62.05886405,-0.6468917,15.49890758,22.20204829
PER,2003,LM,61.23609773,-0.8784706,15.39858175,19.98574116
PER,2004,LM,60.51957338,-0.7658359,16.3726501,17.91023992
PER,2005,LM,59.92184646,-0.7258651,16.55161137,19.06642161
PER,2006,LM,59.42132817,-0.6681768,16.47219323,20.81316402
PER,2007,LM,58.99087795,-0.649256,16.51803449,24.60707369
PER,2008,UM,58.48618122,-0.6119587,16.29654201,29.76396075
PER,2009,UM,57.91505407,-0.400989,15.29305413,30.01452903
PER,2010,UM,57.40651106,-0.1977807,15.55649929,30.26168715
PER,2011,UM,56.97325554,-0.1629382,15.09145987,32.3092275
PER,2012,UM,56.60783055,-0.1098429,15.16439658,34.04374682
PER,2013,UM,56.26907283,-0.1051566,14.83140652,37.71992918
PER,2014,UM,55.92605264,-0.1988026,13.95969764,40.89962682
PER,2015,UM,55.52499618,-0.2487592,13.78802017,43.86793145
PER,2016,UM,55.03152264,-0.1706909,13.34402811,42.80902535
PER,2017,UM,54.43427985,-0.0734623,12.97084692,42.41461431
PER,2018,UM,53.57029596,-0.1608169,13.1690241,43.90394244
PER,2019,UM,52.70588643,0.0476235,12.84935117,44.72423689
PER,2020,UM,52.02596794,-0.1062995,12.25261573,55.31240991
PER,2021,UM,51.27323457,-0.0563454,12.06172225,47.11533429
PER,2022,UM,50.54756096,-0.0885376,12.3892868,45.64884423
PER,2023,UM,50.03915044,-0.1970541,12.69862941,42.94911119
PER,2024,UM,49.69730107,-0.2004128,12.24118977,39.61871963
PER,2025,UM,49.69730107,-0.2004128,12.24118977,39.61871963
PER,2026,UM,49.69730107,-0.2004128,12.24118977,39.61871963
PHL,2000,LM,72.93687661,-0.3125616,25.27956525,35.6071396
PHL,2001,LM,71.84302009,-0.3519386,25.31154589,36.2651173
PHL,2002,LM,70.8905082,-0.3913156,25.13540868,33.66395998
PHL,2003,LM,69.88427428,-0.4188308,24.83687265,31.94837336
PHL,2004,LM,68.86017019,-0.2602502,24.01199788,31.00921165
PHL,2005,LM,67.85577975,-0.1470565,24.26990117,27.89657364
PHL,2006,LM,67.01349617,-0.0535938,23.8291854,27.47069492
PHL,2007,LM,66.20811327,0.0343449,23.1509116,27.63902332
PHL,2008,LM,65.45789599,-0.0220572,23.26866768,27.87606106
PHL,2009,LM,64.73220633,-0.0291995,21.73861439,27.89666842
PHL,2010,LM,63.79436777,-0.0031122,21.91920172,28.33247881
PHL,2011,LM,62.9060289,0.0797874,21.70432695,30.49763975
PHL,2012,LM,62.0255492,0.2234508,21.32857121,31.90537598
PHL,2013,LM,61.18352463,0.2427988,20.43449877,34.33572791
PHL,2014,LM,60.45793862,0.4543872,20.57508399,37.5782838
PHL,2015,LM,59.52119855,0.408021,19.92802237,39.90378358
PHL,2016,LM,58.40312413,0.2499539,19.5903032,42.86451799
PHL,2017,LM,57.3664779,0.1764345,19.50020206,45.60519779
PHL,2018,LM,56.49511422,0.2184254,19.09824717,47.5627908
PHL,2019,LM,55.74582653,0.1818096,18.5164544,47.97366866
PHL,2020,LM,54.81786577,0.1815124,17.65817905,52.0356914
PHL,2021,LM,53.59656857,0.1562797,17.6400847,49.94132491
PHL,2022,LM,52.37474069,0.0357929,17.22937941,48.87302992
PHL,2023,LM,51.21665819,0.1018162,16.23032629,48.31104071
PHL,2024,LM,50.06002729,0.1445214,15.67223328,49.84499777
PHL,2025,UM,50.06002729,0.1445214,15.33034381,52.10939522
PHL,2026,UM,50.06002729,0.1445214,15.33034381,52.10939522
PNG,2000,LM,73.89315163,-0.5434034,7.166334559,21.7870347
PNG,2001,L,73.32784463,-0.6308865,7.032309572,21.7870347
PNG,2002,L,72.70737921,-0.7183696,6.257131826,21.7870347
PNG,2003,L,72.03717511,-0.7233853,6.531211556,21.7870347
PNG,2004,L,71.30868395,-0.5305369,6.704802818,21.7870347
PNG,2005,L,70.5944059,-0.9362249,4.5206526415,21.7870347
PNG,2006,L,69.93197402,-0.735262,2.336502465,21.7870347
PNG,2007,L,69.27163819,-0.7193402,2.408002591,21.7870347
PNG,2008,LM,68.59092947,-0.649118,2.51303314,21.7870347
PNG,2009,LM,67.90260231,-0.6690648,2.592142111,21.7870347
PNG,2010,LM,67.23238736,-0.6857865,2.440339284,21.09151997
PNG,2011,LM,66.59403891,-0.6833058,2.508862882,20.93251288
PNG,2012,LM,65.96032711,-0.6577442,2.466265409,22.85655391
PNG,2013,LM,65.32089409,-0.6662105,2.440516591,25.09960391
PNG,2014,LM,64.67709368,-0.7337737,2.128229175,22.62564291
PNG,2015,LM,64.03958678,-0.7346421,1.77710948,22.55345091
PNG,2016,LM,63.40394884,-0.8173469,1.931402629,22.11934528
PNG,2017,LM,62.74736899,-0.7120555,1.945336704,19.35275517
PNG,2018,LM,62.08357286,-0.6966528,1.724264691,18.74321342
PNG,2019,LM,61.42775977,-0.7267308,1.691052916,18.05466942
PNG,2020,LM,60.7966355,-0.8860451,1.685225159,18.81498125
PNG,2021,LM,60.20045026,-0.9081302,1.701437583,17.40690775
PNG,2022,LM,59.64787298,-1.0845367,1.627128237,15.04266866
PNG,2023,LM,59.11541281,-1.0841072,1.66044938,16.51369998
PNG,2024,LM,58.5895021,-0.9004467,1.647300456,16.29349646
PNG,2025,LM,58.5895021,-0.9004467,1.647300456,16.29349646
PNG,2026,LM,58.5895021,-0.9004467,1.647300456,16.29349646
POL,2000,UM,46.38352212,0.4025763,15.92509469,26.31840604
POL,2001,UM,45.35587779,0.34813934999999996,14.40242963,23.44738359
POL,2002,UM,44.483613,0.2937024,14.13753743,12.8291654
POL,2003,UM,43.66092466,0.4637907,15.39186424,13.28922978
POL,2004,UM,42.92863189,0.2850646,16.59196939,26.15958581
POL,2005,UM,42.28298733,0.4613517,16.36455708,27.04106442
POL,2006,UM,41.67015692,0.3072557,16.53243275,31.0991033
POL,2007,UM,41.11824199,0.2285767,16.63275687,37.05716183
POL,2008,UM,40.70894194,0.4094615,16.50773896,47.10555254
POL,2009,H,40.24614351,0.4671032,16.67655295,46.91511757
POL,2010,H,40.14272584,0.5474147,16.1698748,48.87212569
POL,2011,H,40.60388675,0.5785731,16.13890603,51.48378929
POL,2012,H,41.1812977,0.600245,16.55646938,50.32510563
POL,2013,H,41.91879944,0.654327,15.55818651,51.66427724
POL,2014,H,42.80603569,0.9088197,16.90811228,52.62354982
POL,2015,H,43.83625216,0.8717909,17.66933913,53.3148869
POL,2016,H,45.02804168,0.7500075,18.27520418,54.34569873
POL,2017,H,46.3552257,0.6233831,16.88586344,52.27429794
POL,2018,H,47.76125344,0.6921258,16.48510631,51.8969895
POL,2019,H,49.21084894,0.6631417,16.66148788,50.22772955
POL,2020,H,50.52270641,0.6765763,16.20836858,49.26651852
POL,2021,H,51.50903475,0.5887761,17.30061566,45.72788912
POL,2022,H,52.30661795,0.515427,17.65132141,39.3159295
POL,2023,H,53.04017108,0.6341038,17.45786722,34.70752273
POL,2024,H,53.72597351,0.6734027,16.07699281,33.58579002
POL,2025,H,53.72597351,0.6734027,15.04569839,33.58579002
POL,2026,H,53.72597351,0.6734027,15.04569839,33.58579002
PRT,2000,H,48.18711626,0.8553001,15.04933732,115.0027543
PRT,2001,H,48.37933842,0.97551905,14.67786461,115.0027543
PRT,2002,H,48.700367,1.095738,14.19466495,119.0522096
PRT,2003,H,49.0173223,0.873877,13.47633714,120.6719962
PRT,2004,H,49.3734964,0.6863332,13.05271226,121.1907741
PRT,2005,H,49.68035565,0.7312815,12.56677653,124.7730218
PRT,2006,H,49.84858188,0.830174,12.34319807,133.4129522
PRT,2007,H,49.9501563,0.8094818,12.24363323,142.235675
PRT,2008,H,50.133494,0.8929799,11.90165272,151.4811766
PRT,2009,H,50.45682682,1.0070756,11.13316536,159.8613019
PRT,2010,H,50.84059353,0.7342202,11.5851681,155.3888883
PRT,2011,H,51.31816266,0.8580472,11.3287894,156.062341
PRT,2012,H,51.84756387,0.9121335,11.37531992,152.7286752
PRT,2013,H,52.45202204,0.9144388,11.56519932,142.9336882
PRT,2014,H,53.06845185,0.93359,11.84148754,129.6511737
PRT,2015,H,53.54617462,1.1121757,12.25135409,120.0485132
PRT,2016,H,54.10641668,1.0935326,12.24351663,111.3285686
PRT,2017,H,54.77870596,1.2300446,12.43092957,102.8552906
PRT,2018,H,55.40009568,1.0601732,12.3221332,97.09630519
PRT,2019,H,56.05976909,1.0136875,11.93776005,93.35554945
PRT,2020,H,56.7408063,1.0987347,12.09004624,104.0741853
PRT,2021,H,57.32262048,1.1677599,12.44292993,98.84850946
PRT,2022,H,57.95349406,1.0219923,12.46226355,89.45631118
PRT,2023,H,58.74315546,0.9658494,12.08098024,80.22710637
PRT,2024,H,59.57125603,0.9474847,11.74787661,77.11817269
PRT,2025,H,59.57125603,0.9474847,11.29627409,77.11817269
PRT,2026,H,59.57125603,0.9474847,11.29627409,77.11817269
PRY,2000,LM,75.37099272,-1.2376909,15.6778275,23.76039843
PRY,2001,LM,73.85183239,-1.3037534000000002,16.20681813,24.16866754
PRY,2002,LM,72.41544518,-1.3698159,16.39349357,20.85562797
PRY,2003,LM,70.79612505,-1.3719231,17.51456421,12.68617075
PRY,2004,LM,68.99513575,-1.1021491,17.93486378,12.29681119
PRY,2005,LM,67.2726815,-0.9710489,17.95905239,12.28088846
PRY,2006,LM,65.63625931,-0.8984078,18.32162715,11.66828606
PRY,2007,LM,64.08584645,-0.8949391,18.19339504,13.71766497
PRY,2008,LM,62.65783484,-0.8423313,20.33529114,18.75969801
PRY,2009,LM,61.34664072,-0.7789347,19.79301114,21.58143065
PRY,2010,LM,60.08545003,-0.7673432,18.55160391,25.42413906
PRY,2011,LM,58.8837421,-0.7523261,18.39381231,28.95225032
PRY,2012,LM,57.80759862,-0.7641432,18.52161871,31.54630209
PRY,2013,LM,56.88585082,-0.7612361,18.31659135,34.37789428
PRY,2014,UM,56.13521164,-0.738454,18.76751008,38.13814904
PRY,2015,UM,55.55977346,-0.7854223,19.41648705,43.34964647
PRY,2016,UM,55.15097556,-0.6786705,19.0612408,41.35571913
PRY,2017,UM,54.88997433,-0.6426736,19.45276982,41.07534412
PRY,2018,UM,54.73685224,-0.4995478,18.99274831,44.51219242
PRY,2019,UM,54.63127829,-0.4663941,18.79516824,47.65227984
PRY,2020,UM,54.52201921,-0.6074736,18.70442753,50.64453392
PRY,2021,UM,54.34356482,-0.5769998,19.16240872,49.42958441
PRY,2022,UM,54.21947161,-0.4957842,19.49346549,51.09440192
PRY,2023,UM,54.20266587,-0.337846,19.32787521,52.20601792
PRY,2024,UM,54.14395379,-0.3545101,19.16802217,57.02913945
PRY,2025,UM,54.14395379,-0.3545101,19.42740592,55.70260663
PRY,2026,UM,54.14395379,-0.3545101,19.42740592,55.70260663
PSE,2000,LM,98.92658825,-1.3119868,10.43907641,21.48865504
PSE,2001,LM,97.685307,-1.3118612,10.97235058,21.41060796
PSE,2002,LM,96.26753988,-1.3117356,9.041565892,24.19652143
PSE,2003,LM,94.61806369,-1.3245877,12.58316532,21.69313754
PSE,2004,LM,92.78827769,-0.4663709,9.90202255,23.11760672
PSE,2005,LM,90.80921016,-0.9673051,11.31162573,26.4462262
PSE,2006,LM,88.72733458,-0.8674602,8.514855188,26.21735483
PSE,2007,LM,86.60779797,-0.7853423,9.976443076,22.86742796
PSE,2008,LM,84.54175874,-0.84706,10.92005909,17.57291999
PSE,2009,LM,82.68093544,-0.389052,10.77581409,19.53363221
PSE,2010,LM,81.15100155,-0.1372251,12.22950989,21.35953044
PSE,2011,LM,79.90729853,-0.4514793,11.46959173,22.95771736
PSE,2012,LM,78.86578363,-0.4729661,13.11064513,24.04757288
PSE,2013,LM,77.93729892,-0.4666828,11.89893086,24.11996857
PSE,2014,LM,77.10793727,-0.2718704,10.75076664,27.3246796
PSE,2015,LM,76.45985356,-0.2500245,9.321233288,32.60104707
PSE,2016,LM,75.92427875,-0.3087974,10.0263544,36.52793214
PSE,2017,LM,75.6896464,-0.1394848,11.65550595,41.7423779
PSE,2018,LM,75.67735808,-0.4655951,11.54725188,44.84028782
PSE,2019,LM,75.52321045,-0.4472111,11.23471562,44.92673536
PSE,2020,LM,75.0766806,-0.4497852,11.04708435,52.24382116
PSE,2021,LM,74.38882863,-0.6289954,11.19332928,47.32951604
PSE,2022,UM,73.58927216,-0.7155811,11.195638,47.71061748
PSE,2023,LM,72.92871518,-1.0419917,11.00396563,52.73257223
PSE,2024,LM,72.07214915,-1.0985907,11.31804531,58.62527208
PSE,2025,LM,72.07214915,-1.0985907,11.31804531,56.4537278
PSE,2026,LM,72.07214915,-1.0985907,11.31804531,56.4537278
QAT,2000,H,32.83678303,0.2321815,5.437304706,26.84899298
QAT,2001,H,31.89202335,0.2544945,6.123120301,34.89328477
QAT,2002,H,31.12597556,0.2768075,7.201634413,28.67824896
QAT,2003,H,30.46491623,0.2719548,7.649743763,29.98815825
QAT,2004,H,30.47964851,0.2416782,11.46287832,28.98486651
QAT,2005,H,31.03399008,0.2088576,9.867296765,33.72158664
QAT,2006,H,27.08422327,0.3929576,9.303238558,35.99745816
QAT,2007,H,21.12245685,0.6423548,9.240016405,41.57698405
QAT,2008,H,18.43548803,0.7154209,10.68992473,40.80128271
QAT,2009,H,17.55246707,1.0264191,9.430146129,51.73510868
QAT,2010,H,17.30275745,0.964407,8.965297676,44.70181515
QAT,2011,H,17.77624586,1.0080412,9.462716677,39.75302488
QAT,2012,H,18.37825913,0.9747888,10.52400579,37.12844236
QAT,2013,H,18.6697215,1.1397085,10.20499042,40.00533999
QAT,2014,H,18.29248314,0.9830148,10.14215249,46.09680861
QAT,2015,H,17.64649505,1.0340695,8.91552531,70.84248012
QAT,2016,H,17.35505985,1.0292498,8.47608042,79.76058858
QAT,2017,H,17.45307197,0.9701164,8.047170298,80.08170079
QAT,2018,H,17.78445642,0.8061951,8.237423873,80.43683982
QAT,2019,H,18.66305699,0.9423676,8.333572677,100.6361468
QAT,2020,H,19.968511,0.9642748,7.911260406,138.8578429
QAT,2021,H,20.26000138,1.1277682,8.76190774,123.3166183
QAT,2022,H,19.96035529,1.189094,9.285389163,101.0839843
QAT,2023,H,20.09512544,1.1464253,8.664704747,118.0757832
QAT,2024,H,20.11516307,1.1342702,8.180365598,120.9658965
QAT,2025,H,20.11516307,1.1342702,7.878930002,126.75458
QAT,2026,H,20.11516307,1.1342702,7.878930002,126.75458
ROU,2000,LM,47.30287,-0.6395683,19.81289205,7.12522458
ROU,2001,LM,46.81374861,-0.5573205999999999,22.02077835,8.653376568
ROU,2002,LM,46.20235438,-0.4750729,21.80926831,10.08985851
ROU,2003,LM,45.59908217,-0.5893426,21.0476788,14.13226812
ROU,2004,LM,45.0713375,-0.3220772,21.24200462,15.78192827
ROU,2005,UM,44.72350139,-0.515835,21.26789929,20.05825486
ROU,2006,UM,44.69249901,-0.4530336,21.10539481,26.00542562
ROU,2007,UM,44.86597337,-0.4804629,21.02806472,33.99995467
ROU,2008,UM,45.17080399,-0.5057909,21.9454815,35.91491714
ROU,2009,UM,45.65584864,-0.4998865,21.00596776,37.00856261
ROU,2010,UM,46.1712167,-0.2261464,23.35832805,38.28600737
ROU,2011,UM,46.68498937,-0.1785126,25.91194326,37.43260739
ROU,2012,UM,47.08592119,-0.190389,21.27834386,35.96056979
ROU,2013,UM,47.39623024,-0.0458649,20.21526707,34.16965053
ROU,2014,UM,48.04602318,-0.0498234,21.51326422,31.08576027
ROU,2015,UM,48.95726018,-0.0115775,20.20802511,29.90381457
ROU,2016,UM,49.89067228,-0.1192185,20.12428451,28.55862431
ROU,2017,UM,50.91286702,-0.1200618,19.83077911,26.66846046
ROU,2018,UM,51.9746077,-0.102107,19.06992839,25.69173917
ROU,2019,H,53.01833196,-0.1453557,17.24259194,24.71556311
ROU,2020,UM,54.11942312,-0.2499801,15.91652222,25.85472182
ROU,2021,H,54.85863181,-0.0777119,15.71044524,26.4890321
ROU,2022,H,55.11361032,0.199031,13.82274333,25.22203698
ROU,2023,H,55.3509301,0.1319311,13.87552936,23.25023044
ROU,2024,H,55.51317055,0.4181246,13.19613482,22.72811954
ROU,2025,H,55.51317055,0.4181246,11.82432794,22.07180361
ROU,2026,H,55.51317055,0.4181246,11.82432794,22.07180361
RUS,2000,LM,43.56528233,-1.0286026,15.19344479,16.83777185
RUS,2001,LM,42.36684052,-0.9055850999999999,15.19344479,16.83777185
RUS,2002,LM,41.5231777,-0.7825676,15.19344479,17.97239278
RUS,2003,LM,41.11189116,-0.7944965,14.36733469,21.24356706
RUS,2004,UM,40.93314605,-0.6794491,15.21650718,24.31640095
RUS,2005,UM,40.75830022,-0.8523204,15.68022367,25.92253952
RUS,2006,UM,40.54292878,-0.8221012,15.29122766,30.94192403
RUS,2007,UM,40.20342769,-0.7227308,15.11463226,37.78357772
RUS,2008,UM,39.6340465,-0.7626089,14.93315486,41.55404382
RUS,2009,UM,39.06013827,-0.8040229,12.89797142,45.2609093
RUS,2010,UM,38.64252114,-0.8080704,12.81547047,42.84004525
RUS,2011,UM,38.83243151,-0.8085636,11.47093372,41.69860598
RUS,2012,H,39.71220766,-0.8315588,11.41528544,43.91396024
RUS,2013,H,40.78404179,-0.7385077,11.05730634,48.02475005
RUS,2014,H,42.12362581,-0.1991364,11.33558041,54.83227989
RUS,2015,UM,43.65604004,-0.3224347,12.38301887,55.95202269
RUS,2016,UM,45.08652193,-0.3261886,11.7002791,53.10247383
RUS,2017,UM,46.41090817,-0.2168885,12.31277213,52.07659751
RUS,2018,UM,47.52907347,-0.1630089,12.81988325,51.24331067
RUS,2019,UM,48.5943755,0.0414379,12.96920728,52.56142892
RUS,2020,UM,49.56780052,-0.0432286,13.40281368,59.5836265
RUS,2021,UM,50.27172331,-0.1170517,13.1326684,54.64224478
RUS,2022,UM,50.97725203,-0.2086802,13.14871936,54.64224478
RUS,2023,H,51.79026945,-0.208478,12.95793654,54.64224478
RUS,2024,H,52.56884042,-0.3215539,13.26417238,54.64224478
RUS,2025,H,52.56884042,-0.3215539,13.65581106,54.64224478
RUS,2026,H,52.56884042,-0.3215539,13.65581106,54.64224478
RWA,2000,L,94.45366796,-1.3119868,9.636725971,8.732255491
RWA,2001,L,90.52385073,-1.3653670999999998,9.071124429,9.07881915
RWA,2002,L,87.75738418,-1.4187474,9.769102106,9.424351807
RWA,2003,L,85.98807207,-1.4279922,8.898603938,8.929573517
RWA,2004,L,84.80001861,-0.7008306,8.853062762,9.831252552
RWA,2005,L,84.07305896,-0.7309658,8.719044889,10.31089848
RWA,2006,L,83.70180054,-0.3694329,9.124486701,11.9327005
RWA,2007,L,83.5241261,-0.3725434,8.246636735,12.19076559
RWA,2008,L,83.33333645,-0.2446266,8.0320033,13.51878472
RWA,2009,L,82.94290827,-0.2354249,8.084549137,11.30184983
RWA,2010,L,82.31726841,-0.1329288,8.357305706,11.62892095
RWA,2011,L,81.57303159,-0.1196507,8.471479252,13.42640518
RWA,2012,L,80.83603115,-0.0899578,8.392198601,15.95597951
RWA,2013,L,80.15807888,-0.0092551,6.919564247,16.43864832
RWA,2014,L,79.53575626,-0.0403257,6.908617559,17.86672987
RWA,2015,L,78.92238195,-0.0496198,6.911771822,21.24009797
RWA,2016,L,78.2448735,0.1202434,6.782060776,20.70967583
RWA,2017,L,77.48195335,0.316719,7.752006341,20.79326528
RWA,2018,L,76.58392851,0.2772379,7.56329641,21.37270501
RWA,2019,L,75.49984979,0.2289518,8.113484792,21.11378452
RWA,2020,L,74.31404186,0.2606136,8.382675764,24.30396793
RWA,2021,L,73.14797504,0.2102834,8.937223352,24.95103548
RWA,2022,L,72.05251226,0.3684478,9.194585684,22.12995327
RWA,2023,L,71.09580257,0.4086662,8.572874306,21.63780246
RWA,2024,L,70.31964845,0.3489076,8.1243231,21.3238079
RWA,2025,L,70.31964845,0.3489076,8.316175574,22.08673823
RWA,2026,L,70.31964845,0.3489076,8.316175574,22.08673823
SAU,2000,UM,68.11301987,-0.3057124,9.227065308,24.23561345
SAU,2001,UM,66.43980359,-0.42820045,9.603832496,27.09048016
SAU,2002,UM,64.05347926,-0.5506885,9.881550782,28.94839766
SAU,2003,UM,61.18994438,-0.5549181,10.31856752,28.23331014
SAU,2004,H,58.08393667,-0.5261233,10.10231036,32.35425943
SAU,2005,H,54.94563723,-0.4659579,9.362586541,35.41891798
SAU,2006,H,51.94488358,-0.1934412,9.439592601,33.72458677
SAU,2007,H,49.20421862,-0.1403004,9.768306554,37.07158877
SAU,2008,H,46.78025893,-0.0728211,8.808262511,37.68431885
SAU,2009,H,44.68256784,-0.0481148,10.64745447,45.62980131
SAU,2010,H,42.90056145,0.0891481,10.82837148,39.16419361
SAU,2011,H,41.40894939,0.0088158,9.936265856,33.62869447
SAU,2012,H,40.17033284,-0.0069962,9.754956636,35.568511
SAU,2013,H,39.14072856,-0.0761056,10.02465198,39.01134119
SAU,2014,H,38.28159193,0.075289,10.99059429,42.55707813
SAU,2015,H,37.54541868,0.0852229,13.09723786,52.76017981
SAU,2016,H,37.22910957,0.2818788,13.53363009,54.37577185
SAU,2017,H,37.82853645,0.1769432,13.42074893,50.13759358
SAU,2018,H,38.97228202,0.2655112,12.62166059,50.13759358
SAU,2019,H,39.27822047,0.261925,12.86911198,50.13759358
SAU,2020,H,38.91497587,0.1079226,13.38616308,50.13759358
SAU,2021,H,38.55220775,0.3884752,14.13940215,50.13759358
SAU,2022,H,37.64060205,0.5143289,15.11557437,50.13759358
SAU,2023,H,36.83062614,0.725856,15.89168025,50.13759358
SAU,2024,H,36.55498414,0.7833016,16.10430557,50.13759358
SAU,2025,H,36.55498414,0.7833016,15.81665043,50.13759358
SAU,2026,H,36.55498414,0.7833016,15.81665043,50.13759358
SDN,2000,L,95.15176333,-1.1141214,8.301581589,2.268144071
SDN,2001,L,94.58923985,-1.2279428499999998,6.44579943,2.4874468
SDN,2002,L,94.05897379,-1.3417643,6.41767752,3.736179576
SDN,2003,L,93.67001793,-1.5482743,5.917529662,5.017280004
SDN,2004,L,93.26286516,-1.2874759,5.556734196,6.128541101
SDN,2005,L,92.73829246,-1.4477557,5.057505194,7.813579847
SDN,2006,L,92.14842459,-1.1696408,4.527741365,11.04811651
SDN,2007,LM,91.44614282,-1.1761874,4.496305856,9.812856018
SDN,2008,LM,90.62227859,-1.3101006,4.50574782,9.379790825
SDN,2009,LM,89.76343024,-1.2261288,5.134511309,11.55851007
SDN,2010,LM,89.39246743,-1.3183855,5.134511309,10.50269127
SDN,2011,LM,89.42484687,-1.3212982,5.134511309,9.291921668
SDN,2012,LM,89.18433217,-1.3159644,5.134511309,11.94236412
SDN,2013,LM,88.6212642,-1.3113659,5.134511309,10.51779167
SDN,2014,LM,87.47358536,-1.3093428,5.134511309,8.150646863
SDN,2015,LM,85.98776381,-1.29343,5.134511309,8.12473336
SDN,2016,LM,84.63986518,-1.2725849,5.134511309,8.219716433
SDN,2017,LM,82.90964536,-1.2418267,5.134511309,8.389756138
SDN,2018,LM,81.33425774,-1.4919119,5.134511309,9.354756033
SDN,2019,L,80.49850493,-1.4191967,5.134511309,9.173616141
SDN,2020,L,79.93332782,-1.4293287,5.134511309,7.890887162
SDN,2021,L,79.316293,-1.4426029,5.134511309,6.619864492
SDN,2022,L,78.68924507,-1.5360265,5.134511309,5.639804685
SDN,2023,L,78.12958069,-1.7726125,5.134511309,5.639804685
SDN,2024,L,77.85070218,-1.7939362,5.134511309,5.639804685
SDN,2025,L,77.85070218,-1.7939362,5.134511309,5.639804685
SDN,2026,L,77.85070218,-1.7939362,5.134511309,5.639804685
SEN,2000,L,89.30440997,-0.5762275,20.83892501,14.57552234
SEN,2001,L,88.61707041,-0.558245,20.98396207,11.23710665
SEN,2002,L,87.81042551,-0.5402625,21.58689514,11.89537816
SEN,2003,L,87.14428376,-0.7534935,20.57588963,13.0371551
SEN,2004,L,86.77781177,-0.6247635,20.95936579,14.36438657
SEN,2005,L,86.44836999,-0.5398674,19.90577529,15.6269415
SEN,2006,L,86.17299604,-0.5239389,19.2454738,15.77269878
SEN,2007,L,85.9870663,-0.4434196,18.61612738,16.19455095
SEN,2008,L,85.89798025,-0.268235,17.53933132,18.86541402
SEN,2009,LM,85.91604882,-0.341083,15.76568231,19.41735305
SEN,2010,LM,86.0160132,-0.2855436,15.57288881,21.31374792
SEN,2011,LM,86.11195127,-0.250523,17.24574864,23.87444267
SEN,2012,LM,86.19269542,-0.23996,16.99510584,24.43248138
SEN,2013,LM,86.08064623,-0.1805346,17.38002414,26.31651314
SEN,2014,LM,85.58240222,-0.1242113,16.99741556,27.31693757
SEN,2015,L,84.8018051,-0.1627129,17.04305501,27.30468627
SEN,2016,L,83.8342155,-0.184756,16.41265626,27.79827987
SEN,2017,L,82.66347493,-0.029733,15.82905122,29.70934674
SEN,2018,LM,81.2850927,-0.0860241,15.52562326,29.55161659
SEN,2019,LM,79.75922286,0.1244277,14.89211538,29.51666583
SEN,2020,LM,78.12145584,0.0852361,14.64224451,29.30675397
SEN,2021,LM,76.38359142,0.1309278,15.08960778,29.901568
SEN,2022,LM,74.59227094,0.1203621,15.56090514,32.18201457
SEN,2023,LM,73.07022808,0.1516215,14.54350517,31.44798225
SEN,2024,LM,71.82156284,0.2344127,14.2223141,29.81191962
SEN,2025,LM,71.82156284,0.2344127,13.20249012,30.88404197
SEN,2026,LM,71.82156284,0.2344127,13.20249012,30.88404197
SGP,2000,H,33.40537028,2.3451859,25.86148604,96.05246317
SGP,2001,H,33.1856644,2.20634995,23.39469785,115.0239673
SGP,2002,H,33.14136648,2.067514,24.73764032,102.0242236
SGP,2003,H,33.04025519,2.0823753,24.76541269,104.7828006
SGP,2004,H,32.66478728,2.1566811,27.1193676,95.72896576
SGP,2005,H,32.06628079,2.1744068,27.0767618,89.2233562
SGP,2006,H,31.16953829,2.1986117,26.57800599,84.287056
SGP,2007,H,29.87289515,2.2797329,23.8226519,85.3517596
SGP,2008,H,28.63033328,2.2929989,20.58566497,97.86436233
SGP,2009,H,27.87340475,2.1610477,20.27337643,96.86137655
SGP,2010,H,27.34103356,2.1773529,20.77383303,94.8584027
SGP,2011,H,26.94964787,2.1271599,19.58255151,104.7036738
SGP,2012,H,26.87346869,2.2446934,19.11682198,112.9735432
SGP,2013,H,27.01923111,2.1745281,17.63840961,124.0659516
SGP,2014,H,27.31243163,2.1621771,17.99976889,128.1297633
SGP,2015,H,27.6825612,2.1874773,18.08932985,122.4213538
SGP,2016,H,28.15440009,2.2456127,17.36987739,123.0546938
SGP,2017,H,28.84746865,2.2158807,18.47826315,120.4426381
SGP,2018,H,29.55554999,2.2170172,20.61438471,117.4398584
SGP,2019,H,30.18820507,2.2442216,19.30673953,119.256589
SGP,2020,H,31.16384295,2.2154522,19.6581731,128.4328583
SGP,2021,H,32.32249265,2.2180671,20.61155031,128.4328583
SGP,2022,H,32.79540851,2.2013027,19.69808867,128.4328583
SGP,2023,H,33.12537724,2.2622865,16.73192521,128.4328583
SGP,2024,H,33.94480024,2.2796267,16.25809359,128.4328583
SGP,2025,H,33.94480024,2.2796267,17.42958968,128.4328583
SGP,2026,H,33.94480024,2.2796267,17.42958968,128.4328583
SLB,2000,L,86.14643423,-1.0657837,6.072292463,16.5940803
SLB,2001,L,84.98191883,-1.0657837,6.072292463,19.37375172
SLB,2002,L,83.90520085,-1.0657837,6.072292463,18.65718389
SLB,2003,L,82.95328775,-1.0657837,6.072292463,15.17778559
SLB,2004,L,82.16085513,-1.0657837,6.166573376,14.3561775
SLB,2005,L,81.54145638,-0.7548241,5.862848651,15.39741923
SLB,2006,L,81.09594592,-0.8277022,6.422383232,18.53320247
SLB,2007,L,80.80062465,-0.9444347,7.45893837,23.26787857
SLB,2008,LM,80.62217773,-0.9518203,7.597559042,25.24362649
SLB,2009,L,80.47970852,-0.8732555,8.300912073,23.76909271
SLB,2010,LM,80.12125964,-0.9125086,8.799539459,20.5357765
SLB,2011,LM,79.53459226,-0.8613809,9.288164904,18.84036535
SLB,2012,LM,78.90134019,-0.8057801,9.268411692,19.7202924
SLB,2013,LM,78.24678827,-0.8641254,8.643388667,29.31463089
SLB,2014,LM,77.58369556,-0.8833666,9.874897306,31.62095766
SLB,2015,LM,76.90890277,-0.8850286,7.878798359,33.01390371
SLB,2016,LM,76.20961735,-0.8844509,7.856336928,34.22091055
SLB,2017,LM,75.45907244,-1.0855854,10.33595381,33.22628261
SLB,2018,LM,74.61886058,-1.1009813,10.17202528,30.69706567
SLB,2019,LM,73.78210024,-0.9726212,10.35174526,30.73806893
SLB,2020,LM,72.79548804,-0.976087,9.681370354,32.5671298
SLB,2021,LM,71.66039384,-1.1196101,10.14060224,32.82655442
SLB,2022,LM,70.56561417,-0.9101515,10.10591058,34.7058485
SLB,2023,LM,69.46149642,-0.9093907,10.16557724,34.78436213
SLB,2024,LM,68.37612635,-0.8686192,10.09141706,33.69441148
SLB,2025,LM,68.37612635,-0.8686192,10.09141706,33.69441148
SLB,2026,LM,68.37612635,-0.8686192,10.09141706,33.69441148
SLE,2000,L,90.04389782,-2.0321191,3.345756484,2.108033609
SLE,2001,L,90.06960865,-2.05346375,3.598766955,1.031624128
SLE,2002,L,90.04523071,-2.0748084,3.269811604,1.296612645
SLE,2003,L,89.93904195,-2.0814973,2.791392897,1.851528815
SLE,2004,L,89.71079977,-1.389721,2.63011432,2.239294356
SLE,2005,L,89.37216159,-1.3399958,2.524647519,2.169530307
SLE,2006,L,88.97710152,-1.1966279,7.928773639,1.954453789
SLE,2007,L,88.52525458,-1.140469,7.686772096,2.571022638
SLE,2008,L,88.01531624,-1.1735954,7.690567793,3.359267775
SLE,2009,L,87.46507655,-1.1859345,6.91782685,5.10499215
SLE,2010,L,86.8705891,-1.1431255,6.896303197,4.731628285
SLE,2011,L,86.17918029,-1.1333977,7.145617328,4.640309433
SLE,2012,L,85.3632167,-1.1025719,6.541135028,3.414082211
SLE,2013,L,84.34718956,-1.1086375,5.63693626,3.127730737
SLE,2014,L,83.10942119,-1.0481377,5.238586991,3.190147355
SLE,2015,L,81.77700772,-1.1514848,5.693380451,3.347368173
SLE,2016,L,80.42937482,-1.0441405,6.41412568,3.51808122
SLE,2017,L,79.07173305,-1.0168171,6.688563422,3.327676622
SLE,2018,L,77.72985237,-0.9745858,7.027498345,3.640603225
SLE,2019,L,76.48061769,-1.043917,6.99748361,3.859649947
SLE,2020,L,75.29125828,-0.9569812,7.031236847,3.619891405
SLE,2021,L,74.08519046,-1.0121827,7.355327934,4.226149232
SLE,2022,L,72.86567938,-0.9583479,7.00369132,3.537873395
SLE,2023,L,71.63961275,-0.9544905,7.665355374,3.23642146
SLE,2024,L,70.44900635,-0.9671017,6.957779654,3.967826412
SLE,2025,L,70.44900635,-0.9671017,6.957779654,5.504237717
SLE,2026,L,70.44900635,-0.9671017,6.957779654,5.504237717
SLV,2000,LM,71.70872159,-0.962052,19.53286824,45.9128729
SLV,2001,LM,71.36700856,-0.9254257,19.24834791,45.9128729
SLV,2002,LM,71.00218829,-0.8887994,18.88011111,45.56045824
SLV,2003,LM,70.57063231,-0.8359755,18.09649281,47.42865241
SLV,2004,LM,70.11862491,-0.4755758,17.55758252,48.15518974
SLV,2005,LM,69.67109577,-0.5234141,16.62573139,49.92391911
SLV,2006,LM,69.24409531,-0.4228257,16.35054991,50.27641698
SLV,2007,LM,68.27952804,-0.4204939,16.22631417,51.53429706
SLV,2008,LM,66.66957843,-0.4518894,16.86411603,51.05486773
SLV,2009,LM,64.93682757,-0.3350992,16.17890853,54.55257926
SLV,2010,LM,63.19231188,-0.2079515,16.14095248,52.31042775
SLV,2011,LM,61.49822144,-0.2858874,16.24677452,49.99771768
SLV,2012,LM,59.86140062,-0.2629505,16.1734113,49.2960792
SLV,2013,LM,58.28464859,-0.2285247,15.97729249,51.5041857
SLV,2014,LM,56.82380543,-0.1173206,16.07623796,53.270198
SLV,2015,LM,55.540933,-0.3051905,16.38749326,54.09189543
SLV,2016,LM,54.42487155,-0.3247185,16.28568464,55.05979801
SLV,2017,LM,53.49280427,-0.3512048,16.08462885,56.04867799
SLV,2018,LM,52.77220147,-0.3651057,15.68784263,57.27701564
SLV,2019,LM,52.20977845,-0.3446971,15.55867794,59.07431321
SLV,2020,LM,51.61406342,-0.1427333,14.74042772,65.33322271
SLV,2021,LM,50.96228538,-0.2484854,15.06930724,61.13956858
SLV,2022,UM,50.32777205,-0.387094,13.76851225,62.61342464
SLV,2023,UM,49.72460658,-0.0947816,13.0905518,62.43278262
SLV,2024,UM,49.15297433,-0.1831795,12.90812744,63.35686263
SLV,2025,UM,49.15297433,-0.1831795,12.67368437,64.37013944
SLV,2026,UM,49.15297433,-0.1831795,12.67368437,64.37013944
STP,2000,L,88.78940814,-0.7956793,6.588541695,4.376403033
STP,2001,L,87.47038256,-0.7955536999999999,6.588541695,4.357666131
STP,2002,L,86.83266039,-0.7954281,6.588541695,5.678818659
STP,2003,L,86.22347059,-0.8082803,6.588541695,10.03687483
STP,2004,L,85.75164015,-0.8252022,6.588541695,15.52071691
STP,2005,L,85.36157428,-0.9139256,6.588541695,22.22937739
STP,2006,L,85.05893526,-1.0189826,6.588541695,26.11988033
STP,2007,L,84.90177492,-0.8843441,6.588541695,30.79286821
STP,2008,LM,84.81735524,-0.7813194,6.588541695,27.62580186
STP,2009,LM,84.66530303,-0.7775256,6.558547995,32.69622578
STP,2010,LM,84.32541493,-0.816785,4.677117879,39.18594163
STP,2011,LM,83.8218112,-0.7454739,2.810793123,39.74666235
STP,2012,LM,83.67170836,-0.7847882,2.739103291,41.00316126
STP,2013,LM,83.82712642,-0.8437148,3.029792079,36.32589911
STP,2014,LM,83.78103226,-0.7347455,2.526552117,32.74417004
STP,2015,LM,83.45866728,-0.6582286,2.744496276,33.25682932
STP,2016,LM,82.82098461,-0.5965439,2.318623868,31.4994056
STP,2017,LM,81.91166777,-0.5457336,2.192513641,29.43870865
STP,2018,LM,80.8091322,-0.3812301,2.208590089,24.77109076
STP,2019,LM,79.51862975,-0.45934,2.09781378,22.49003534
STP,2020,LM,77.85593927,-0.4887191,0.855948992,19.89160485
STP,2021,LM,76.00786627,-0.5922232,0.833839104,17.6880687
STP,2022,LM,74.32213835,-0.6505091,0.734058327,12.85175563
STP,2023,LM,72.85346351,-0.6767276,0.605602081,7.816315129
STP,2024,LM,71.61020036,-0.7186738,0.637185276,7.816315129
STP,2025,LM,71.61020036,-0.7186738,0.594350062,7.816315129
STP,2026,LM,71.61020036,-0.7186738,0.594350062,7.816315129
SUR,2000,LM,59.86664475,0.0841831,14.21889527,7.911978621
SUR,2001,LM,58.98088548,0.0842651,12.76660789,8.787978272
SUR,2002,LM,58.36270104,0.0843471,13.51651815,15.96538389
SUR,2003,LM,57.98333484,0.0759535,12.85441388,17.22718318
SUR,2004,LM,57.74301175,-0.0139317,15.13243717,18.75587186
SUR,2005,LM,57.55042974,-0.0194842,16.69728516,19.31981872
SUR,2006,LM,57.42210575,-0.2680753,23.20288648,17.48841113
SUR,2007,UM,57.32828476,-0.2772383,23.48343878,21.3584595
SUR,2008,UM,57.18477905,-0.1531153,25.31449783,23.86463972
SUR,2009,UM,56.95434609,-0.0691151,20.26696748,24.40769772
SUR,2010,UM,56.60896954,-0.0683329,20.98724256,24.01853927
SUR,2011,UM,56.12536732,-0.1072418,20.8137282,23.65726607
SUR,2012,UM,55.52588587,-0.0014193,21.29122551,24.19478962
SUR,2013,UM,54.83958747,-0.0111246,18.78570167,27.8152814
SUR,2014,UM,54.11404526,-0.0642884,16.35249219,29.73024355
SUR,2015,UM,53.40287485,-0.0652263,11.4946633,33.73302061
SUR,2016,UM,52.74469396,-0.0344665,13.39919117,36.32938764
SUR,2017,UM,52.18532522,-0.1271799,23.61014265,28.28688665
SUR,2018,UM,51.74265856,-0.126515,21.3232639,24.27807781
SUR,2019,UM,51.36782976,-0.1395824,17.42597135,23.09408338
SUR,2020,UM,51.09561458,-0.1418392,23.10871567,24.22090756
SUR,2021,UM,50.84516945,-0.2989605,21.71467662,18.10475438
SUR,2022,UM,50.62676148,-0.3711426,27.67297267,19.37847797
SUR,2023,UM,50.52958115,-0.3705232,25.48115391,16.59840678
SUR,2024,UM,50.46282132,-0.4542917,19.82888271,17.02071423
SUR,2025,UM,50.46282132,-0.4542917,19.82888271,20.26662489
SUR,2026,UM,50.46282132,-0.4542917,19.82888271,20.26662489
SVK,2000,UM,44.97049459,0.5075292,19.63226813,33.76175219
SVK,2001,UM,43.74736931,0.4466876,20.97342632,33.76175219
SVK,2002,UM,42.61083685,0.385846,19.03692527,33.76175219
SVK,2003,UM,41.60069591,0.5256977,19.41766391,33.76175219
SVK,2004,UM,40.75052379,0.7232277,20.04563191,33.76175219
SVK,2005,UM,40.06094811,0.8709154,20.25981198,33.76175219
SVK,2006,UM,39.45038466,0.7019393,20.22706856,33.76175219
SVK,2007,H,38.95003264,0.5945746,19.88630514,37.36628965
SVK,2008,H,38.60069604,0.6389642,18.52589782,40.69768875
SVK,2009,H,38.54366754,0.6598655,14.6849665,44.91945463
SVK,2010,H,38.71426127,0.4626046,17.13626906,44.34350877
SVK,2011,H,38.99014033,0.4763801,17.40884169,46.00616341
SVK,2012,H,39.46120662,0.5189099,17.2745943,46.15885607
SVK,2013,H,40.11437141,0.4696274,16.66796195,47.68505672
SVK,2014,H,40.89094922,0.7131474,18.53417544,49.50077257
SVK,2015,H,41.80809868,0.6446273,18.8287638,52.33328274
SVK,2016,H,42.99747119,0.7302475,17.76745224,56.67163508
SVK,2017,H,44.39361637,0.5705986,17.11986541,59.87799959
SVK,2018,H,45.80201305,0.5296453,18.10704725,61.44194642
SVK,2019,H,47.1743767,0.4384097,18.70202173,62.46450725
SVK,2020,H,48.40938138,0.6975922,17.54063691,65.64759041
SVK,2021,H,49.45682713,0.7366757,16.62735118,65.11248247
SVK,2022,H,50.46412768,0.7960113,17.35064311,66.73892522
SVK,2023,H,51.41882075,0.5846525,16.84694621,61.46226343
SVK,2024,H,52.20376855,0.6575804,16.32790487,59.65090188
SVK,2025,H,52.20376855,0.6575804,16.19438808,59.65090188
SVK,2026,H,52.20376855,0.6575804,16.19438808,59.65090188
SVN,2000,H,42.56456866,0.4727281,21.65966436,44.95103567
SVN,2001,H,42.42445908,0.5624275999999999,21.97784327,44.95103567
SVN,2002,H,42.25568693,0.6521271,21.60917782,44.95103567
SVN,2003,H,42.01624581,0.8180105,21.74544443,44.95103567
SVN,2004,H,41.93139151,0.7788662,21.47418239,44.95103567
SVN,2005,H,42.0451213,0.7518842,20.64963508,52.66449538
SVN,2006,H,42.22091827,0.7848765,20.47300095,60.34762086
SVN,2007,H,42.46522059,0.7581241,20.35082726,71.33905292
SVN,2008,H,43.00522973,0.9823881,19.19343605,76.77499481
SVN,2009,H,43.57139539,1.0084685,17.15760011,84.05793089
SVN,2010,H,43.89636224,0.7931021,17.49618829,85.79526356
SVN,2011,H,44.45030827,0.8262377,18.19684694,82.46151475
SVN,2012,H,45.37404246,0.8612844,18.7169143,79.97747956
SVN,2013,H,46.44646125,0.8307889,19.16926505,66.09504044
SVN,2014,H,47.60553863,1.0300379,19.64253915,55.03239991
SVN,2015,H,48.90260393,1.0221829,19.98379171,50.34383248
SVN,2016,H,50.21633622,1.2000081,20.23094905,47.14232107
SVN,2017,H,51.54860783,1.2399184,20.6408219,45.47052821
SVN,2018,H,52.78249262,1.3001457,20.4061969,43.70311445
SVN,2019,H,53.7494552,1.2721351,20.5744094,42.71554131
SVN,2020,H,54.46310889,1.3704336,20.51778977,43.57057521
SVN,2021,H,55.26313464,1.3440925,19.92289727,41.10118163
SVN,2022,H,56.19495565,1.2580894,19.93467838,41.1837742
SVN,2023,H,56.89267618,1.1624609,19.51983987,36.34191584
SVN,2024,H,57.44872962,1.0893351,19.3670698,35.4165074
SVN,2025,H,57.44872962,1.0893351,18.60473546,35.4165074
SVN,2026,H,57.44872962,1.0893351,18.60473546,35.4165074
SWE,2000,H,55.51042093,1.9550059,19.85814366,39.7999398
SWE,2001,H,55.01115542,1.9907821499999998,18.96902088,89.54743452
SWE,2002,H,54.52132439,2.0265584,18.61227528,89.62876715
SWE,2003,H,54.05066587,1.9819325,17.86507787,89.91152768
SWE,2004,H,53.6233711,1.844262,17.15928529,91.63502579
SWE,2005,H,53.11070242,1.82866,16.93202926,99.27003509
SWE,2006,H,52.56604163,1.8190325,16.83968463,102.7244596
SWE,2007,H,52.28023543,1.9768861,16.86404691,111.2522889
SWE,2008,H,52.37376939,1.9772535,15.55665557,118.4172285
SWE,2009,H,52.8220133,2.0610008,13.77856194,124.5633225
SWE,2010,H,53.56680263,1.9458769,14.9200876,123.2800997
SWE,2011,H,54.55970288,1.9837783,14.76580355,124.7674581
SWE,2012,H,55.67816199,1.9998087,14.07578746,128.7414804
SWE,2013,H,56.84286503,1.9430235,13.36205537,131.0230078
SWE,2014,H,57.93491024,1.916558,13.04393458,130.3178926
SWE,2015,H,58.83609815,1.8309837,13.75749952,127.5174099
SWE,2016,H,59.48730807,1.8116503,13.51213042,129.1723663
SWE,2017,H,59.94377469,1.8765903,13.34998428,132.7159061
SWE,2018,H,60.31590152,1.9184315,13.42791728,133.26679
SWE,2019,H,60.58412395,1.8924006,13.18465713,131.8224744
SWE,2020,H,60.76106783,1.980777,12.65514363,138.4591814
SWE,2021,H,60.89303123,1.9668155,12.89922403,136.7978648
SWE,2022,H,60.85106598,1.9149251,13.68621393,136.0776526
SWE,2023,H,60.73605566,1.6930218,13.39413891,129.1367657
SWE,2024,H,60.59755788,1.7746948,13.06886418,125.2896147
SWE,2025,H,60.59755788,1.7746948,12.452955,125.2896147
SWE,2026,H,60.59755788,1.7746948,12.452955,125.2896147
SWZ,2000,LM,85.13895012,-0.2793718,33.97324113,11.24617893
SWZ,2001,LM,82.82267281,-0.2792462,34.45077125,9.037990844
SWZ,2002,LM,80.95670799,-0.2791206,33.91782166,10.51868005
SWZ,2003,LM,79.51552563,-0.8082803,33.06283744,13.03350336
SWZ,2004,LM,78.40743979,-1.1297751,33.97952366,15.67940751
SWZ,2005,LM,77.5516148,-1.0842476,34.40571883,17.6107811
SWZ,2006,LM,76.87013252,-0.5609934,34.58525262,19.52072807
SWZ,2007,LM,75.891508,-0.5904897,35.29294914,21.69832554
SWZ,2008,LM,74.44026472,-0.3147488,34.50034861,20.67390968
SWZ,2009,LM,72.95580456,-0.3984928,34.61560463,20.9217752
SWZ,2010,LM,71.69082215,-0.2557265,32.43504205,19.46855679
SWZ,2011,LM,70.65720532,-0.3542781,31.68380859,22.84078221
SWZ,2012,LM,69.82297876,-0.1872129,31.27396213,19.74881633
SWZ,2013,LM,69.04731272,-0.2076097,29.9101627,21.47455838
SWZ,2014,LM,68.15699007,-0.2740835,30.41550231,21.84456734
SWZ,2015,LM,67.1629718,-0.2900182,31.7176271,21.25805437
SWZ,2016,LM,66.25451611,-0.2483557,31.08822065,21.58016592
SWZ,2017,LM,65.44082986,-0.2875028,28.64580219,20.63527611
SWZ,2018,LM,64.59115096,-0.4508541,28.19183685,20.98901025
SWZ,2019,LM,63.7013214,-0.4962233,29.34748495,20.22337857
SWZ,2020,LM,62.76301479,-0.6235547,26.43624385,20.964354
SWZ,2021,LM,61.83288424,-0.7233034,28.29068117,20.82324715
SWZ,2022,LM,61.20084957,-0.6320655,29.62183316,21.34289071
SWZ,2023,LM,60.81274994,-0.7177742,29.18531677,21.30952732
SWZ,2024,LM,60.29297963,-0.7811414,29.12159964,21.62314088
SWZ,2025,LM,60.29297963,-0.7811414,28.06128612,23.07508112
SWZ,2026,LM,60.29297963,-0.7811414,28.06128612,23.07508112
SYC,2000,UM,53.92729756,0.7532431,18.05486866,15.55773774
SYC,2001,UM,52.59518172,0.7533687,16.88469358,16.98807977
SYC,2002,UM,51.34128706,0.7534943,17.16285092,19.10971509
SYC,2003,UM,50.12967228,0.7406422,15.36825086,24.58132621
SYC,2004,UM,48.94800527,0.2778055,7.197384981,23.78869452
SYC,2005,UM,47.7865373,0.3379987,8.217597624,23.37995387
SYC,2006,UM,46.61536862,0.3364771,8.42422568,21.39595125
SYC,2007,UM,45.4766304,0.3387781,9.184975823,23.78910644
SYC,2008,UM,44.3372894,0.3405729,9.176197474,27.52360663
SYC,2009,UM,43.22018604,0.5982831,7.791911902,19.99206732
SYC,2010,UM,42.25948053,0.5994724,7.936496292,24.15525574
SYC,2011,UM,41.49487038,0.5987727,7.355249832,22.39061785
SYC,2012,UM,40.88805923,0.710415,8.195561329,20.86008851
SYC,2013,UM,40.44875398,0.6404284,7.23589892,21.36721124
SYC,2014,H,40.09323294,0.5730461,7.268653199,24.3504438
SYC,2015,H,39.72539224,0.6575775,5.858406091,24.34973377
SYC,2016,H,39.40161376,0.8131034,6.166921051,24.51661065
SYC,2017,H,39.1919368,0.6187826,5.681021169,24.51661065
SYC,2018,H,39.0878121,0.6505108,5.76475361,24.51661065
SYC,2019,H,39.08620763,0.5618507,5.022827874,24.51661065
SYC,2020,H,39.21219319,0.4965414,6.675225577,24.51661065
SYC,2021,H,39.54841975,0.5612215,6.565793049,24.51661065
SYC,2022,H,39.77822604,0.4110747,5.641355451,24.51661065
SYC,2023,H,39.80250487,0.5293894,4.79337801,24.51661065
SYC,2024,H,39.84097718,0.6267672,5.057272783,24.51661065
SYC,2025,H,39.84097718,0.6267672,5.4081101,24.51661065
SYC,2026,H,39.84097718,0.6267672,5.4081101,24.51661065
TCD,2000,L,106.5770975,-0.7956793,8.588088903,3.479363697
TCD,2001,L,107.3391466,-0.9987052,9.211454147,4.338486053
TCD,2002,L,107.6474896,-1.2017311,9.062188908,4.212367312
TCD,2003,L,106.7746703,-1.608562,7.671362554,4.194897442
TCD,2004,L,105.1582215,-1.2722611,5.020708816,3.133762659
TCD,2005,L,104.3890616,-1.3765091,2.617711192,1.95252225
TCD,2006,L,104.3926842,-1.4484387,3.441028557,1.694904314
TCD,2007,L,104.4864018,-1.4351661,3.593860309,1.908859581
TCD,2008,L,104.2365716,-1.4822531,3.993938236,2.377798715
TCD,2009,L,103.971927,-1.3361595,4.246778236,2.965029799
TCD,2010,L,104.0491896,-1.2969073,4.9568752,3.214976998
TCD,2011,L,103.80392,-1.2335999,5.061804905,3.537082989
TCD,2012,L,103.4199222,-1.3185712,6.991507478,4.021022157
TCD,2013,L,102.9001319,-1.2533334,5.972957289,4.414952674
TCD,2014,L,102.3511717,-1.2514726,5.804542048,5.99411802
TCD,2015,L,102.3720752,-1.232359,6.906516963,6.281996002
TCD,2016,L,102.2828708,-1.1872693,8.953890842,9.668962923
TCD,2017,L,101.8012815,-1.10043,10.12715303,9.106177086
TCD,2018,L,101.1861699,-1.178056,8.933357202,8.248736569
TCD,2019,L,100.6845314,-1.26227,9.077935769,7.541473121
TCD,2020,L,100.0545529,-1.2291822,8.505209963,7.229155641
TCD,2021,L,98.92363292,-1.2404592,8.28077619,8.322909549
TCD,2022,L,97.85999664,-1.1754288,7.454473435,8.322909549
TCD,2023,L,95.35807928,-1.2154601,6.414888446,8.322909549
TCD,2024,L,92.92045432,-1.1005006,6.309707317,8.322909549
TCD,2025,L,92.92045432,-1.1005006,6.309707317,8.322909549
TCD,2026,L,92.92045432,-1.1005006,6.309707317,8.322909549
TGO,2000,L,83.21270731,-1.3577285,19.09282108,9.880506712
TGO,2001,L,82.56582464,-1.50340065,19.09282108,9.088112748
TGO,2002,L,82.06754085,-1.6490728,19.09282108,8.124244466
TGO,2003,L,81.60663394,-1.6557618,19.09282108,10.05160137
TGO,2004,L,81.1149211,-1.5516729,19.09282108,9.353115379
TGO,2005,L,80.69683212,-1.7107333,19.09282108,10.15954562
TGO,2006,L,80.20431279,-1.5805805,19.09282108,11.24507902
TGO,2007,L,79.7799474,-1.5533698,19.09282108,16.16573465
TGO,2008,L,79.54193326,-1.5008022,16.17591322,13.62331566
TGO,2009,L,79.46162586,-1.4472257,15.1024937,14.17623689
TGO,2010,L,79.60127855,-1.3557662,14.59123648,15.71451691
TGO,2011,L,79.76507905,-1.3539094,14.22848907,20.08610356
TGO,2012,L,79.86227524,-1.2258191,11.95332134,21.87679062
TGO,2013,L,79.8491087,-1.2580077,14.54411878,27.24755745
TGO,2014,L,79.7250507,-1.0881788,16.17649947,25.47542234
TGO,2015,L,79.54472291,-1.0884773,14.881297,29.17512663
TGO,2016,L,79.32967217,-0.9579705,13.34331904,30.41710563
TGO,2017,L,79.05308631,-0.9832841,13.0097568,29.63987689
TGO,2018,L,78.71448931,-0.940524,13.25264391,27.80623122
TGO,2019,L,78.33500962,-0.8320045,12.6329858,27.59217318
TGO,2020,L,77.85782893,-0.8829002,13.72682534,26.89351313
TGO,2021,L,77.23510694,-0.8770126,12.51369912,26.21548494
TGO,2022,L,76.46759164,-0.9684392,11.61249986,26.57476771
TGO,2023,L,75.58122376,-0.9176855,11.83705615,26.29338782
TGO,2024,L,74.63971243,-0.8014589,11.41838664,25.36521255
TGO,2025,LM,74.63971243,-0.8014589,11.41838664,22.99963672
TGO,2026,LM,74.63971243,-0.8014589,11.41838664,22.99963672
THA,2000,LM,43.88298777,0.2796884,28.37544528,106.3625511
THA,2001,LM,43.37923602,0.19258429999999999,27.82676748,106.3625511
THA,2002,LM,42.95884441,0.1054802,28.51503178,106.3625511
THA,2003,LM,42.62693436,0.1883012,29.58050295,106.3625511
THA,2004,LM,42.35787463,0.1673729,29.41896805,106.3625511
THA,2005,LM,42.09634392,0.2466566,29.61506806,106.3625511
THA,2006,LM,41.7734548,0.1709682,30.16807997,106.3625511
THA,2007,LM,41.38661141,0.1510563,30.58744967,106.3625511
THA,2008,LM,40.99226275,0.1042204,30.55473054,105.7597639
THA,2009,LM,40.63822979,0.2394144,29.46214007,108.9833527
THA,2010,UM,40.28904563,0.1380751,30.93047882,115.7475686
THA,2011,UM,39.92237431,0.1220647,28.99588092,130.672938
THA,2012,UM,39.62347843,0.1802694,27.97278735,136.2309986
THA,2013,UM,39.49401293,0.1498463,27.58869075,142.3632027
THA,2014,UM,39.55651447,0.1288639,27.57350096,145.5642258
THA,2015,UM,39.72661984,0.0674039,27.3740712,149.3732535
THA,2016,UM,39.89143602,0.0943555,27.14423937,146.2239494
THA,2017,UM,40.06185419,0.1567658,27.01481548,144.6403073
THA,2018,UM,40.30134051,0.1754361,26.71283439,144.0887917
THA,2019,UM,40.60779406,0.1402125,25.62159641,143.3691634
THA,2020,UM,40.97436892,0.1171649,25.56488352,160.1707593
THA,2021,UM,41.40843585,0.2086191,27.15939147,164.1420236
THA,2022,UM,41.90385414,0.2274924,27.03033006,156.4377613
THA,2023,UM,42.46624738,0.3053878,24.98484844,153.8107171
THA,2024,UM,43.08656488,0.2536395,24.23922687,146.2950798
THA,2025,UM,43.08656488,0.2536395,23.74360754,143.0836521
THA,2026,UM,43.08656488,0.2536395,23.74360754,143.0836521
TJK,2000,L,84.81410916,-1.3119868,9.662765911,26.825902
TJK,2001,L,82.19584941,-1.37128935,9.662765911,26.825902
TJK,2002,L,79.61418386,-1.4305919,9.662765911,26.825902
TJK,2003,L,77.21149928,-1.4397076,9.662765911,26.825902
TJK,2004,L,75.07636737,-1.1951378,9.662765911,26.825902
TJK,2005,L,73.09614661,-1.2739975,9.662765911,26.825902
TJK,2006,L,71.26024033,-1.3043531,9.662765911,26.825902
TJK,2007,L,69.75925468,-1.2267863,9.662765911,26.825902
TJK,2008,L,68.58220666,-1.2325335,9.662765911,26.825902
TJK,2009,L,67.55720538,-1.2017414,9.662765911,22.83990142
TJK,2010,L,66.6718796,-1.0335009,9.662765911,14.17053945
TJK,2011,L,66.14567331,-1.0684724,9.662765911,16.03704339
TJK,2012,L,65.74131848,-0.9961009,9.470980087,14.64830628
TJK,2013,L,65.2151428,-1.005023,9.226041113,18.54142399
TJK,2014,LM,64.79815751,-0.7049542,7.617665427,21.77536177
TJK,2015,LM,64.65465793,-0.7357851,10.73290727,21.57390776
TJK,2016,LM,64.63168677,-0.7803613,11.37774387,19.09622873
TJK,2017,L,64.64577843,-0.6988972,12.80529159,13.01458571
TJK,2018,L,64.87751371,-0.6890098,13.22896965,11.94225244
TJK,2019,L,65.30677522,-0.7757829,13.4323434,11.58236731
TJK,2020,LM,65.84997493,-0.7639755,15.62585236,13.03200297
TJK,2021,LM,66.37792727,-0.8282832,14.99886719,10.34419842
TJK,2022,LM,66.84189984,-0.7979088,15.14066899,10.41707929
TJK,2023,LM,67.10194429,-0.7683569,14.61257608,12.22291069
TJK,2024,LM,66.98134403,-0.6009336,13.23647694,12.22291069
TJK,2025,LM,66.98134403,-0.6009336,13.23647694,12.22291069
TJK,2026,LM,66.98134403,-0.6009336,13.23647694,12.22291069
TON,2000,LM,77.7002821,-0.6902873,8.870830839,40.5102913
TON,2001,LM,77.33063215,-0.6902873,8.378081714,41.88081711
TON,2002,LM,77.28056252,-0.6902873,7.872194038,44.03040953
TON,2003,LM,77.53777128,-0.6902873,7.875920089,44.61535759
TON,2004,LM,77.97482934,-0.6902873,7.667217562,40.57396217
TON,2005,LM,78.38079643,-0.6443191,7.32736359,52.82953283
TON,2006,LM,78.69059231,-0.6464021,6.955449204,48.22974872
TON,2007,LM,78.54024123,-0.4930368,7.058250678,55.07522058
TON,2008,LM,77.89524427,-0.3886998,6.702610165,52.2729543
TON,2009,LM,77.18205107,-0.2923036,6.537212666,48.00634865
TON,2010,LM,76.53314486,-0.2619455,6.007920542,39.92120436
TON,2011,LM,76.17963542,-0.3146581,5.835304047,33.00585409
TON,2012,UM,75.98506436,-0.3144585,5.855935733,30.59281913
TON,2013,UM,75.66441368,-0.3142357,6.181383934,30.60487223
TON,2014,UM,75.26303676,-0.120326,6.235823721,31.49605963
TON,2015,LM,74.64074665,-0.1242041,6.034202893,34.04323149
TON,2016,UM,74.03437016,-0.1236263,6.047964777,37.38933586
TON,2017,UM,73.75035045,0.0778836,5.979969893,38.02349376
TON,2018,UM,73.47015906,0.2057207,5.760201881,39.30035478
TON,2019,UM,73.09166557,0.2067246,5.220423577,38.21033715
TON,2020,UM,72.73470055,0.0702951,5.382187773,37.82251557
TON,2021,UM,72.63324987,0.0719966,5.689776714,36.39906435
TON,2022,UM,72.84035936,-0.2444921,4.626009235,35.96550591
TON,2023,UM,73.08787026,-0.143802,4.964297088,35.6521961
TON,2024,UM,72.76692428,-0.0372776,5.53953675,34.79873406
TON,2025,UM,72.76692428,-0.0372776,5.53953675,34.1086238
TON,2026,UM,72.76692428,-0.0372776,5.53953675,34.1086238
TTO,2000,UM,44.6860433,0.5944225,17.44871993,31.9045427
TTO,2001,UM,42.85086164,0.5360461999999999,17.44871993,47.41287955
TTO,2002,UM,41.21935239,0.4776699,17.44871993,47.15027389
TTO,2003,UM,39.82580122,0.4264333,17.44871993,39.33872634
TTO,2004,UM,38.66198475,0.2994308,17.44871993,37.96116536
TTO,2005,UM,37.73879624,0.0593739,17.44871993,33.49220255
TTO,2006,H,37.05473767,0.0759527,17.44871993,32.69499242
TTO,2007,H,36.56400868,0.1300036,17.44871993,32.05282277
TTO,2008,H,36.24727992,0.1078319,17.44871993,26.70825241
TTO,2009,H,36.09500956,0.2485024,17.44871993,35.95344207
TTO,2010,H,36.11018435,0.24572,17.44871993,30.84546084
TTO,2011,H,36.29052866,0.2902226,17.44871993,28.12563979
TTO,2012,H,36.61016845,0.3322107,17.44871993,26.97367964
TTO,2013,H,37.04418551,0.2928125,13.96529251,26.63228499
TTO,2014,H,37.55894611,0.3320818,14.45903774,27.68746073
TTO,2015,H,38.14037512,0.3121512,14.15997125,32.5688299
TTO,2016,H,38.76652208,0.3139235,17.229415,36.65552814
TTO,2017,H,39.39604736,0.3282247,16.23559984,37.48848106
TTO,2018,H,39.64599297,0.3688655,16.90155402,38.93717247
TTO,2019,H,40.22106649,0.2861217,14.64875546,41.44843385
TTO,2020,H,41.22327894,0.3455076,15.09623411,46.45598241
TTO,2021,H,41.76521566,0.332159,17.25884737,40.78295833
TTO,2022,H,42.15906382,0.1507374,17.53754921,37.12719985
TTO,2023,H,42.61459925,0.1511968,14.05733578,45.52919034
TTO,2024,H,43.14064958,0.1112932,14.37896978,48.37663267
TTO,2025,H,43.14064958,0.1112932,14.37896978,50.36231447
TTO,2026,H,43.14064958,0.1112932,14.37896978,50.36231447
TUN,2000,LM,55.46084382,0.5323842,16.31004233,53.48235338
TUN,2001,LM,53.66052523,0.49556765,16.55053801,49.60032477
TUN,2002,LM,51.91127778,0.4587511,16.54863652,50.67442478
TUN,2003,LM,50.25842646,0.2272092,16.07968745,49.5788002
TUN,2004,LM,48.73893602,0.2763063,15.77687089,49.61648022
TUN,2005,LM,47.44040547,0.267202,15.65236082,50.06555864
TUN,2006,LM,46.38872402,0.5228632,16.15475061,48.5995857
TUN,2007,LM,45.54156472,0.5739597,16.8400365,48.01155598
TUN,2008,LM,44.89532487,0.5209222,18.13862776,48.5083071
TUN,2009,LM,44.46854511,0.5437486,16.93690224,49.97706953
TUN,2010,UM,44.28651879,0.351978,15.72391041,52.24710387
TUN,2011,UM,44.33055545,0.1431788,15.96951608,57.93479863
TUN,2012,UM,44.5724,0.1317565,15.43494647,57.85204274
TUN,2013,UM,45.06472364,-0.0619573,15.00824302,57.95988231
TUN,2014,UM,45.68505309,-0.0117935,14.5464537,59.80855559
TUN,2015,LM,46.35711181,-0.0139339,14.0105699,60.13655414
TUN,2016,LM,47.10663624,-0.0573078,13.80913851,62.24695547
TUN,2017,LM,47.8580035,0.0523774,14.20104596,64.75372854
TUN,2018,LM,48.60573117,0.1031302,14.51690704,63.52243898
TUN,2019,LM,49.38128262,0.0551904,14.31893977,59.29035832
TUN,2020,LM,50.07155123,-0.0327607,13.69390161,67.65671846
TUN,2021,LM,50.41893034,-0.0145067,14.4468112,64.66753465
TUN,2022,LM,50.551481,-0.1524479,15.62750772,66.00676675
TUN,2023,LM,50.60508388,-0.1684668,15.17352795,62.73056523
TUN,2024,LM,50.53118875,-0.2393469,14.79488685,60.61172497
TUN,2025,LM,50.53118875,-0.2393469,14.79488685,57.68583425
TUN,2026,LM,50.53118875,-0.2393469,14.79488685,57.68583425
TUR,2000,UM,56.31720824,-0.2793402,18.71519222,33.16285584
TUR,2001,LM,55.4197844,-0.17783274999999998,17.73339001,33.16285584
TUR,2002,LM,54.62011001,-0.0763253,16.96871449,33.16285584
TUR,2003,LM,53.91063255,-0.1220872,17.16079604,33.16285584
TUR,2004,UM,53.27842649,0.0811852,17.00493481,33.16285584
TUR,2005,UM,52.71741146,0.04984,16.96540702,33.16285584
TUR,2006,UM,52.20028872,0.0791777,17.12801735,33.16285584
TUR,2007,UM,51.70398806,0.1916776,16.87238131,33.16285584
TUR,2008,UM,51.05705123,0.1301583,16.33626085,33.16285584
TUR,2009,UM,50.24599194,0.2313188,15.21305001,36.81907832
TUR,2010,UM,49.45485319,0.2639953,15.11583655,44.04597076
TUR,2011,UM,48.72431355,0.3221463,16.53030983,48.74220841
TUR,2012,UM,48.03714651,0.3847742,15.94023077,51.5586766
TUR,2013,UM,47.35580286,0.3007252,16.40088469,59.97929142
TUR,2014,UM,46.62969946,0.4793163,16.90585751,63.23763272
TUR,2015,UM,45.94526435,0.3331512,16.76897197,66.38985211
TUR,2016,UM,45.59096954,0.2092276,16.83801213,69.28263647
TUR,2017,UM,45.49220473,0.2874577,17.574177,70.08440273
TUR,2018,UM,45.54640158,0.0477841,18.90950142,66.69766682
TUR,2019,UM,45.95230148,0.2099076,18.25985518,64.25575194
TUR,2020,UM,46.48529509,0.070917,19.03477065,75.26760192
TUR,2021,UM,46.8236863,0.0250833,22.12391589,70.99836085
TUR,2022,UM,46.86290541,-0.0247939,21.80195073,53.42622215
TUR,2023,UM,46.71524232,-0.114085,19.46865145,48.7952169
TUR,2024,UM,46.4838487,-0.0707153,16.84248014,42.96710221
TUR,2025,UM,46.4838487,-0.0707153,16.84248014,45.78276025
TUR,2026,UM,46.4838487,-0.0707153,16.84248014,45.78276025
TZA,2000,L,89.90827844,-0.8139186,9.861512994,3.113873131
TZA,2001,L,89.76202207,-0.7471409,9.468891997,4.115703693
TZA,2002,L,89.88836313,-0.6803632,9.370214025,5.224054334
TZA,2003,L,90.05051336,-0.7768612,9.379081764,6.192303921
TZA,2004,L,90.30977219,-0.7137614,9.193377239,7.109675707
TZA,2005,L,90.67629659,-0.5367346,9.026503074,7.825384463
TZA,2006,L,91.07673508,-0.4249643,8.821439254,9.790020028
TZA,2007,L,91.42704779,-0.4095029,8.817414345,11.46894867
TZA,2008,L,91.81985032,-0.5164704,8.744588961,11.91102554
TZA,2009,L,92.45570163,-0.460575,8.666675269,11.26738836
TZA,2010,L,92.81670611,-0.4529236,8.665829302,11.71826227
TZA,2011,L,92.60622528,-0.4921375,9.54869846,12.35496321
TZA,2012,L,92.23328083,-0.6013173,9.438233264,12.81844889
TZA,2013,L,91.75436403,-0.572305,9.110895166,12.5373333
TZA,2014,L,91.2304392,-0.4823648,9.120109,13.30373481
TZA,2015,L,90.38206984,-0.3870031,7.855564961,14.61353808
TZA,2016,L,89.30480514,-0.3515643,7.813717838,13.6703068
TZA,2017,L,88.41750882,-0.357548,7.665587155,13.07651278
TZA,2018,L,87.78102964,-0.4659659,8.073823151,12.7000394
TZA,2019,LM,87.24319789,-0.5098718,8.501810556,12.63830815
TZA,2020,LM,86.53798451,-0.4883765,8.03212809,12.43518081
TZA,2021,LM,85.73776282,-0.4868409,8.024874633,12.97761267
TZA,2022,LM,85.01823612,-0.4272502,8.183102341,15.15767727
TZA,2023,LM,84.38990117,-0.4051307,8.398510723,16.38667957
TZA,2024,LM,83.75971467,-0.2924507,8.398510723,16.67204565
TZA,2025,LM,83.75971467,-0.2924507,8.398510723,16.67204565
TZA,2026,LM,83.75971467,-0.2924507,8.398510723,16.67204565
UGA,2000,L,111.2021729,-0.5434034,7.098978105,11.65640252
UGA,2001,L,111.2095382,-0.50890155,7.061988776,11.65640252
UGA,2002,L,110.905017,-0.4743997,7.354144342,11.65640252
UGA,2003,L,110.4023311,-0.6535393,7.055683802,11.65640252
UGA,2004,L,110.0877495,-0.5475574,6.364934006,11.65640252
UGA,2005,L,109.7603058,-0.610698,7.009315598,11.65640252
UGA,2006,L,109.3064451,-0.5128808,7.090616066,11.65640252
UGA,2007,L,108.6921967,-0.4501491,7.125823101,11.65640252
UGA,2008,L,107.8851501,-0.5348749,7.30696526,11.65640252
UGA,2009,L,106.9559531,-0.485208,20.07784579,11.65640252
UGA,2010,L,105.9572371,-0.4480976,19.65630717,11.65640252
UGA,2011,L,104.9919465,-0.477397,19.08630722,11.65640252
UGA,2012,L,104.0151805,-0.5124134,18.67000674,12.16764942
UGA,2013,L,102.9609508,-0.4771163,16.54856162,12.22623024
UGA,2014,L,101.6591211,-0.3073649,15.63386283,12.90355961
UGA,2015,L,100.0319676,-0.3049149,17.60854768,13.76861154
UGA,2016,L,97.94740382,-0.378526,16.2297476,13.64008878
UGA,2017,L,95.64043587,-0.3645281,15.52299609,13.4819167
UGA,2018,L,93.56407753,-0.4963721,15.77935562,13.63922942
UGA,2019,L,91.56970782,-0.5169667,15.46630748,13.80506371
UGA,2020,L,89.70163091,-0.5765401,15.79525672,14.22040164
UGA,2021,L,88.03472187,-0.5687509,16.43374919,14.78696653
UGA,2022,L,86.64481419,-0.5149724,16.37186971,15.0891725
UGA,2023,L,85.48967243,-0.4315787,15.64934868,14.81255095
UGA,2024,L,84.26923869,-0.3501362,15.10919117,14.30017618
UGA,2025,L,84.26923869,-0.3501362,14.47360989,14.30017618
UGA,2026,L,84.26923869,-0.3501362,14.47360989,14.30017618
UKR,2000,L,45.50820315,-1.0286022,17.38735465,84.56384289
UKR,2001,L,44.46197031,-1.02295775,16.33479342,84.56384289
UKR,2002,LM,43.78279527,-1.0173133,16.92890518,84.56384289
UKR,2003,LM,43.49927256,-0.9148617,17.54394188,84.56384289
UKR,2004,LM,43.2844447,-0.7853926,17.51169087,84.56384289
UKR,2005,LM,42.92636433,-0.8795064,18.50828186,84.56384289
UKR,2006,LM,42.53773382,-0.8759033,18.74896021,84.56384289
UKR,2007,LM,42.2913225,-0.7953472,18.40445956,84.56384289
UKR,2008,LM,41.7453667,-0.825253,15.88655446,84.56384289
UKR,2009,LM,41.24491277,-0.8187084,14.31668289,87.34997514
UKR,2010,LM,40.86714676,-0.8109626,13.0957491,75.75190257
UKR,2011,LM,40.51663544,-0.8250636,11.76553427,68.48385858
UKR,2012,LM,40.83455267,-0.6959142,12.22962711,66.98381047
UKR,2013,LM,41.31667406,-0.7401478,11.14059174,70.69117175
UKR,2014,LM,42.09549058,-0.5207145,12.22812816,75.22884563
UKR,2015,LM,43.33416075,-0.5539736,11.90277912,56.65775413
UKR,2016,LM,44.48595757,-0.5158451,12.21912603,47.30713009
UKR,2017,LM,45.65577771,-0.4837223,11.98030207,38.3051473
UKR,2018,LM,46.55766114,-0.3631939,11.53402155,34.51185864
UKR,2019,LM,47.2491269,-0.3729409,10.78860042,30.02706859
UKR,2020,LM,47.88463797,-0.3827228,10.10138261,28.17515425
UKR,2021,LM,48.21959873,-0.4048591,10.28329715,23.55564887
UKR,2022,LM,48.54132198,-0.6371971,7.603575719,23.31603781
UKR,2023,UM,48.92714209,-0.5803376,8.312677157,18.64662084
UKR,2024,UM,48.92250906,-0.5988431,8.420482106,18.1641435
UKR,2025,UM,48.92250906,-0.5988431,8.318697366,18.1641435
UKR,2026,UM,48.92250906,-0.5988431,8.318697366,18.1641435
URY,2000,UM,59.81134051,0.4115084,12.5186631,45.09422693
URY,2001,UM,59.84892164,0.45835415,12.67439435,53.85388568
URY,2002,UM,59.8358582,0.5051999,13.08012991,70.51173827
URY,2003,UM,59.70331231,0.4907809,14.87090944,43.18654311
URY,2004,UM,59.4505495,0.2761452,14.90260843,24.1933896
URY,2005,UM,59.21403042,0.5531436,14.85246711,22.47494307
URY,2006,UM,58.98506863,0.5439623,14.54339075,23.75193528
URY,2007,UM,58.67087651,0.5605234,13.73514408,23.02997259
URY,2008,UM,58.30295999,0.629273,14.94688285,27.16853395
URY,2009,UM,57.88230794,0.6581432,14.81860071,19.8647261
URY,2010,UM,57.42266623,0.6600282,13.52832362,21.40403612
URY,2011,UM,56.95235983,0.5985767,12.73340431,21.97399051
URY,2012,H,56.5267544,0.4912679,12.17315682,22.17052919
URY,2013,H,56.18877095,0.4841046,11.26622779,24.37688152
URY,2014,H,55.8914702,0.6667986,12.14330217,25.16679317
URY,2015,H,55.65525308,0.6355429,13.24266133,27.81400853
URY,2016,H,55.46790356,0.5902569,10.98677506,25.6815823
URY,2017,H,55.22210429,0.4897994,10.273254,23.92630027
URY,2018,H,54.91607601,0.5413347,11.0796999,24.94485122
URY,2019,H,54.56332253,0.6879853,10.57870992,25.3082497
URY,2020,H,54.16275095,0.7691696,9.712919997,27.88463978
URY,2021,H,53.64666428,0.8270962,10.47205307,26.7129872
URY,2022,H,53.09309163,0.8993588,10.50060577,26.38220447
URY,2023,H,52.66763186,0.8539851,9.910338571,28.13801091
URY,2024,H,52.29550262,0.6904799,10.01971495,30.56525671
URY,2025,H,52.29550262,0.6904799,9.957370197,30.75760626
URY,2026,H,52.29550262,0.6904799,9.957370197,30.75760626
USA,2000,H,50.03583314,1.8902073,15.11506909,162.620242
USA,2001,H,49.63850278,1.9115894999999998,13.91931042,170.8494347
USA,2002,H,49.25236744,1.9329717,13.45288374,162.4043445
USA,2003,H,48.87487974,1.6606418,13.3165025,177.4001193
USA,2004,H,48.49792,1.631481,13.17417806,184.805504
USA,2005,H,48.09568294,1.6184563,12.9833217,188.6330738
USA,2006,H,47.80328114,1.5496392,12.99072638,198.2839028
USA,2007,H,47.77358207,1.5470008,12.76975564,206.3513373
USA,2008,H,47.91874248,1.5125018,12.21672682,185.1255933
USA,2009,H,48.09797159,1.426754,11.69878793,187.4799632
USA,2010,H,48.24611711,1.4295364,11.90607991,181.9206665
USA,2011,H,48.51124836,1.4578633,11.94724386,174.4745591
USA,2012,H,48.99353474,1.5288502,11.85756226,175.4438436
USA,2013,H,49.50009161,1.5525204,11.77191284,184.1629217
USA,2014,H,49.95937336,1.6003318,11.61744204,184.7940213
USA,2015,H,50.38027928,1.5727519,11.60558074,183.6321634
USA,2016,H,50.78853269,1.5920786,11.15810293,186.327051
USA,2017,H,51.23575689,1.5989168,11.18149073,194.0909967
USA,2018,H,51.69432641,1.6426557,11.28024941,183.0540018
USA,2019,H,52.16375152,1.5492277,10.97640751,194.7352589
USA,2020,H,52.58968164,1.4026997,10.47252371,217.2643434
USA,2021,H,52.95170898,1.4427774,10.52503138,219.1259401
USA,2022,H,53.3776336,1.4713232,10.52503138,187.0873554
USA,2023,H,53.90879969,1.3585237,10.52503138,191.0753901
USA,2024,H,54.4480428,1.3599787,10.52503138,195.8750757
USA,2025,H,54.4480428,1.3599787,10.52503138,201.2661307
USA,2026,H,54.4480428,1.3599787,10.52503138,201.2661307
UZB,2000,L,70.53435334,-1.1563903,10.37678582,8.256548834
UZB,2001,L,68.20687858,-1.3822082500000001,10.37678582,8.256548834
UZB,2002,L,65.83276875,-1.6080262,10.37678582,8.256548834
UZB,2003,L,63.60487062,-1.6142928,10.37678582,8.256548834
UZB,2004,L,61.50728092,-1.3575754,10.37678582,8.256548834
UZB,2005,L,59.37669066,-1.3893207,10.37678582,8.256548834
UZB,2006,L,57.16525631,-1.3757921,10.37678582,8.256548834
UZB,2007,L,55.12432314,-1.1645575,10.37678582,8.256548834
UZB,2008,L,53.44884628,-1.0113214,10.37678582,8.256548834
UZB,2009,LM,52.09945301,-0.9400214,10.37678582,8.256548834
UZB,2010,LM,50.91359714,-1.1490114,10.37678582,8.256548834
UZB,2011,LM,49.86013912,-1.1231157,10.39225718,8.256548834
UZB,2012,LM,49.08045858,-1.1456714,10.75007724,8.256548834
UZB,2013,LM,48.72632225,-1.1087144,11.75419473,8.256548834
UZB,2014,LM,48.8305476,-0.6758124,12.75841208,8.880877152
UZB,2015,LM,49.33595082,-0.6172446,13.30884947,9.108339741
UZB,2016,LM,50.0611693,-0.5969381,14.04573022,10.34470028
UZB,2017,LM,50.82211314,-0.5185929,2.757647929,13.56264489
UZB,2018,LM,51.70974667,-0.5399603,17.52281947,19.55207978
UZB,2019,LM,52.76985639,-0.5008385,18.55190814,24.79786935
UZB,2020,LM,53.95112709,-0.656688,20.50665259,30.48413739
UZB,2021,LM,55.24976828,-0.3035457,20.42130782,30.54292386
UZB,2022,LM,56.52688705,-0.3830537,19.28646604,31.25553327
UZB,2023,LM,57.6444239,-0.2985744,19.22848931,32.79496309
UZB,2024,LM,58.64942921,-0.1435922,19.95255288,31.45110911
UZB,2025,LM,58.64942921,-0.1435922,20.7717216,31.20901607
UZB,2026,LM,58.64942921,-0.1435922,20.7717216,31.20901607
VCT,2000,LM,62.4522498,0.2202897,5.214580966,51.24287477
VCT,2001,LM,61.6247775,0.2202897,5.809544169,48.52935884
VCT,2002,LM,60.20777385,0.2202897,4.880245632,48.09423564
VCT,2003,UM,58.77655842,0.2202897,4.867361966,46.37664205
VCT,2004,UM,57.49979063,0.2202897,4.971488092,43.31809712
VCT,2005,UM,56.33254553,0.7539939,5.108182898,43.31345653
VCT,2006,UM,55.25079347,0.7522179,4.365746621,44.61127613
VCT,2007,UM,54.20670584,0.8152667,4.919404104,46.26822601
VCT,2008,UM,53.22449318,0.8173616,4.285734217,46.40558433
VCT,2009,UM,52.39329794,0.8246763,4.686871228,48.55204837
VCT,2010,UM,51.79739916,0.9931941,4.908993598,49.00963614
VCT,2011,UM,51.41935305,0.9922006,4.375576145,50.19524709
VCT,2012,UM,51.00124983,0.9924508,4.182294246,51.49668609
VCT,2013,UM,50.49127397,0.9927303,4.292648384,49.75579074
VCT,2014,UM,50.08304141,0.2995406,4.685240436,49.25450291
VCT,2015,UM,49.75777772,0.2974567,4.794933371,49.46079955
VCT,2016,UM,49.48975289,0.5506037,4.991312733,48.05928264
VCT,2017,UM,49.27456382,0.5508389,4.953245192,46.70702222
VCT,2018,UM,49.18177294,0.5521303,4.87835523,44.43152168
VCT,2019,UM,49.26418961,0.5533891,4.040597161,43.61282187
VCT,2020,UM,49.29051423,0.2973715,3.620739141,47.51783167
VCT,2021,UM,49.35157351,0.2995049,3.77256265,46.2241449
VCT,2022,UM,49.58223395,0.5327234,3.866991662,41.18967654
VCT,2023,UM,49.72219759,0.3287938,3.683541505,39.7035965
VCT,2024,UM,49.66011691,0.2682296,3.762890227,36.66227124
VCT,2025,UM,49.66011691,0.2682296,3.934082795,36.56690567
VCT,2026,UM,49.66011691,0.2682296,3.934082795,36.56690567
VNM,2000,L,59.94982211,-0.6960312,18.82328356,35.25907401
VNM,2001,L,57.96489026,-0.70519325,18.82328356,39.29039363
VNM,2002,L,56.23464548,-0.7143553,18.82328356,43.13077449
VNM,2003,L,54.65638726,-0.6782287,18.82328356,48.37235081
VNM,2004,L,53.05474143,-0.6498715,18.82328356,58.72243079
VNM,2005,L,51.34121547,-0.4528703,18.82328356,60.46678778
VNM,2006,L,49.54607863,-0.4177643,19.38072563,65.35954237
VNM,2007,L,47.87987836,-0.4295851,19.3804145,85.63968738
VNM,2008,L,46.42942105,-0.3687546,18.57965765,82.87277097
VNM,2009,LM,45.17109676,-0.3193011,18.30103546,103.3223538
VNM,2010,LM,44.15539369,-0.3572817,17.13057057,90.3531701
VNM,2011,LM,43.42950951,-0.3408009,18.69414554,79.94308182
VNM,2012,LM,43.05745995,-0.3349164,20.27409248,75.54939137
VNM,2013,LM,43.06537992,-0.3212997,20.68745369,77.55811082
VNM,2014,LM,43.3734893,0.0813258,20.37122923,80.00103149
VNM,2015,LM,43.76813253,0.0996825,20.96009168,90.39922733
VNM,2016,LM,44.38523019,0.0543506,21.4882532,98.85896077
VNM,2017,LM,45.32218186,0.070354,22.62712397,103.9720323
VNM,2018,LM,46.12335213,0.018463,23.36716792,105.2759847
VNM,2019,LM,46.60543162,0.0409358,23.7867165,108.0319009
VNM,2020,LM,46.96413614,0.0679668,23.94724304,115.5253499
VNM,2021,LM,47.23929826,0.0482402,24.45937268,124.2828987
VNM,2022,LM,47.41636476,-0.1033176,24.65638214,124.9614788
VNM,2023,LM,47.55141316,-0.1794045,24.11279414,124.9614788
VNM,2024,LM,47.64765103,-0.0922968,24.33308167,124.9614788
VNM,2025,UM,47.64765103,-0.0922968,24.52801596,124.9614788
VNM,2026,UM,47.64765103,-0.0922968,24.52801596,124.9614788
VUT,2000,LM,84.30076676,-0.314791,4.513768329,31.54611255
VUT,2001,LM,82.42770923,-0.314791,4.495731057,33.43318837
VUT,2002,LM,80.60619473,-0.314791,4.204853227,37.09012667
VUT,2003,LM,78.82874857,-0.314791,4.104098894,38.54497072
VUT,2004,LM,77.14007698,-0.314791,4.034017107,39.79175306
VUT,2005,LM,75.5484849,0.2782634,3.798553815,43.59995365
VUT,2006,LM,74.07950853,0.2761804,3.612351114,42.44131575
VUT,2007,LM,72.80437329,-0.0658407,3.109758403,43.79495633
VUT,2008,LM,71.80500659,0.0272666,2.557506306,55.05525116
VUT,2009,LM,71.09805767,-0.0038645,2.94354775,64.83207945
VUT,2010,LM,70.78219979,0.1082686,4.987999261,67.58730771
VUT,2011,LM,70.84885867,0.1073108,4.333502649,69.3541401
VUT,2012,LM,71.17831547,0.087697,3.758769018,73.70882013
VUT,2013,LM,71.74769862,0.0879664,5.341631648,63.78439785
VUT,2014,LM,72.46315343,-0.48966,5.471972253,66.49260679
VUT,2015,LM,73.19933871,-0.7359427,5.189595066,61.95064745
VUT,2016,LM,73.90704096,-0.735365,4.976971615,59.40854882
VUT,2017,LM,74.55344272,-0.7351774,4.556811532,56.83298237
VUT,2018,LM,75.08823186,-0.4375039,4.37014611,54.38400559
VUT,2019,LM,75.46753684,-0.6963905,4.59135918,52.12842853
VUT,2020,LM,75.63765016,-0.757826,4.117967765,53.82089867
VUT,2021,LM,75.61462939,-0.8022922,4.38599422,52.95147011
VUT,2022,LM,75.39359711,-0.8025484,3.830001806,50.60063822
VUT,2023,LM,74.92206821,-0.8432371,4.267181074,50.29417804
VUT,2024,LM,74.24513056,-0.8168523,4.048593466,48.52231222
VUT,2025,LM,74.24513056,-0.8168523,4.048593466,48.52231222
VUT,2026,LM,74.24513056,-0.8168523,4.048593466,48.52231222
WSM,2000,LM,81.65775134,-0.2793718,19.10265457,59.37089059
WSM,2001,LM,82.26660298,-0.2792462,20.09630195,59.37089059
WSM,2002,LM,82.06231557,-0.2791206,20.74489612,59.37089059
WSM,2003,LM,81.13528245,-0.2919728,21.82751382,59.37089059
WSM,2004,LM,80.46256552,-0.2730692,21.73873157,59.37089059
WSM,2005,LM,79.828805,0.0808821,19.72755973,59.37089059
WSM,2006,LM,79.12455985,0.0080041,18.70271875,59.37089059
WSM,2007,LM,78.22691821,-0.008701,16.94592872,59.37089059
WSM,2008,LM,77.33531091,-0.006244,16.49223668,57.19939746
WSM,2009,LM,76.73027943,-0.0183815,10.65596258,57.04432211
WSM,2010,LM,76.43461728,-0.0602476,8.151733297,61.98594054
WSM,2011,LM,76.38804591,-0.0422035,7.57857171,63.55814205
WSM,2012,LM,75.98516873,-0.042004,8.139214551,65.12500353
WSM,2013,LM,75.43356693,0.0167872,7.680412603,67.81505831
WSM,2014,LM,75.29202485,0.6297671,6.89993047,72.85790155
WSM,2015,LM,75.25013028,0.6281051,6.443929145,72.12327575
WSM,2016,UM,75.38934903,0.8251774,6.255926195,75.6587264
WSM,2017,UM,75.93528384,0.8254042,6.19206875,77.64804712
WSM,2018,UM,76.63396329,0.8266492,4.728204974,81.5490929
WSM,2019,UM,77.39415003,0.5845121,4.540111648,83.25522043
WSM,2020,LM,78.24200222,0.5102513,3.950344658,87.01174257
WSM,2021,LM,78.98658718,0.512308,5.029271878,94.89296627
WSM,2022,LM,79.66947667,0.2181469,4.305820232,88.93881052
WSM,2023,LM,79.96461559,0.419559,4.803020606,74.14891232
WSM,2024,UM,79.67825413,0.4344899,5.21437366,69.94392918
WSM,2025,UM,79.67825413,0.4344899,4.924838172,65.48230992
WSM,2026,UM,79.67825413,0.4344899,4.924838172,65.48230992
ZAF,2000,UM,65.70270523,0.4728977,18.96826643,117.0953665
ZAF,2001,LM,63.54386091,0.45100965,19.03695787,121.0697456
ZAF,2002,LM,61.40677841,0.4291216,19.0721823,97.31737283
ZAF,2003,LM,59.45525216,0.4573859,18.50211188,102.7677012
ZAF,2004,UM,57.85877215,0.4701653,17.98981452,112.8209134
ZAF,2005,UM,56.65103797,0.4932407,17.37057973,122.283168
ZAF,2006,UM,55.68531128,0.382498,15.59552455,139.0073677
ZAF,2007,UM,54.84779105,0.3321647,15.44192483,142.4220455
ZAF,2008,UM,54.19906046,0.3051168,15.60869108,125.9558803
ZAF,2009,UM,53.66699386,0.3762598,14.50780436,121.0945463
ZAF,2010,UM,53.02351831,0.2719786,13.85957361,124.0938999
ZAF,2011,UM,52.36100429,0.3051973,12.86177002,118.970676
ZAF,2012,UM,51.86550724,0.3162949,12.48259185,125.1677855
ZAF,2013,UM,51.46003027,0.3334887,12.36677578,127.0292725
ZAF,2014,UM,51.1390116,0.331414,12.48071139,128.8383748
ZAF,2015,UM,50.77981422,0.2444848,12.51794447,127.2032442
ZAF,2016,UM,51.0589577,0.2013163,12.48364435,124.3604961
ZAF,2017,UM,51.26678854,0.2227717,12.5127045,127.0302839
ZAF,2018,UM,50.67742758,0.148105,12.45703328,118.380858
ZAF,2019,UM,50.09433937,0.1893815,12.40089127,117.1855569
ZAF,2020,UM,49.49614179,0.0953251,11.72504678,109.0546914
ZAF,2021,UM,48.9162852,0.0420935,12.07755389,93.19638974
ZAF,2022,UM,48.55046604,-0.0015597,12.4454055,91.56972876
ZAF,2023,UM,48.36793447,-0.18467,12.98000555,89.71179959
ZAF,2024,UM,48.31141734,-0.2259135,12.79730097,89.44763602
ZAF,2025,UM,48.31141734,-0.2259135,12.25451087,89.44763602
ZAF,2026,UM,48.31141734,-0.2259135,12.25451087,89.44763602
ZMB,2000,L,101.547535,-1.3518124,9.453296547,13.69295912
ZMB,2001,L,100.4963288,-1.2076745,9.081867226,13.69295912
ZMB,2002,L,99.43094109,-1.0635366,9.585879251,13.69295912
ZMB,2003,L,98.47540189,-1.2111566,10.14813672,13.69295912
ZMB,2004,L,97.60306316,-1.0241145,10.06523898,13.69295912
ZMB,2005,L,96.77153027,-0.9222126,9.840460977,13.69295912
ZMB,2006,L,95.92597893,-0.9621106,9.407918982,13.69295912
ZMB,2007,L,95.09374762,-0.8891345,8.679804366,13.69295912
ZMB,2008,L,94.24832795,-0.8077746,8.453968149,13.69295912
ZMB,2009,L,93.41372842,-0.7010667,8.684927817,13.69295912
ZMB,2010,LM,92.62723546,-0.7193465,7.578283936,13.69295912
ZMB,2011,LM,91.94376572,-0.5109032,7.51615953,13.69295912
ZMB,2012,LM,91.24801217,-0.5002823,7.075813251,15.85901905
ZMB,2013,LM,90.41536253,-0.5312299,6.023734529,15.81697364
ZMB,2014,LM,89.42766688,-0.4462427,6.819983359,17.08812469
ZMB,2015,LM,88.38199832,-0.529713,7.522311308,19.76483406
ZMB,2016,LM,87.27264252,-0.5286172,7.68612523,15.44212051
ZMB,2017,LM,86.08802791,-0.4632759,8.127238236,14.90601054
ZMB,2018,LM,84.88484383,-0.5019925,6.84776648,14.97371923
ZMB,2019,LM,83.63371371,-0.6197185,6.788930097,15.62618991
ZMB,2020,LM,82.29107547,-0.7343493,7.70383075,15.16355456
ZMB,2021,L,80.89781708,-0.7266708,8.668314745,11.35950446
ZMB,2022,LM,79.51647008,-0.5899419,7.996352892,12.97508883
ZMB,2023,LM,78.10699209,-0.5628206,8.502958799,15.62630606
ZMB,2024,LM,76.69124074,-0.5330555,9.048585707,17.00737997
ZMB,2025,LM,76.69124074,-0.5330555,8.748954373,17.00737997
ZMB,2026,LM,76.69124074,-0.5330555,8.748954373,17.00737997
ZWE,2000,L,82.78282022,-0.7777133,13.38662085,21.56289645
ZWE,2001,L,81.55637515,-0.8146465,13.14382627,27.72454606
ZWE,2002,L,81.00789611,-0.8515797,11.87108467,84.81336967
ZWE,2003,L,81.1534991,-0.9477376,12.16735014,53.16830695
ZWE,2004,L,81.60916519,-0.9672447,13.94938452,17.04796859
ZWE,2005,L,82.20281887,-1.2871277,15.12178179,14.94854882
ZWE,2006,L,82.5129279,-1.4271357,16.01413687,13.00118448025
ZWE,2007,L,82.7732704,-1.3401672,16.09613296,11.0538201405
ZWE,2008,L,83.4642159,-1.5872219,16.33657764,9.10645580075
ZWE,2009,L,84.4783865,-1.5538378,11.03068531,7.159091461
ZWE,2010,L,85.67067996,-1.4654938,9.209188438,13.54368902
ZWE,2011,L,86.79895385,-1.3735719,9.173222766,18.98339797
ZWE,2012,L,87.85942105,-1.3576116,14.04356586,20.14072421
ZWE,2013,L,88.6378275,-1.2974962,12.91964975,18.73192977
ZWE,2014,L,88.92757091,-1.2009532,12.5913204,19.21034541
ZWE,2015,L,88.83635789,-0.9412802,11.88840074,18.31574378
ZWE,2016,L,88.32752798,-0.9135411,11.59575374,17.0984957
ZWE,2017,L,87.51235209,-0.9584327,14.02698683,5.810054181
ZWE,2018,LM,86.51683985,-1.0473123,13.67822941,5.83026743
ZWE,2019,LM,85.44790583,-1.1049584,12.15720733,3.428021764
ZWE,2020,LM,84.38438064,-1.1252829,13.78848296,3.642132035
ZWE,2021,LM,83.38495332,-1.0994958,11.16712271,4.759521822
ZWE,2022,LM,82.54760546,-1.0997627,18.06044693,5.826323074
ZWE,2023,LM,81.62535176,-0.9884796,15.27833091,6.477697265
ZWE,2024,LM,80.10041179,-0.9876299,15.57108685,6.477697265
ZWE,2025,LM,80.10041179,-0.9876299,14.90812264,6.477697265
ZWE,2026,LM,80.10041179,-0.9876299,14.90812264,6.477697265
