Code,Year,IncomeGroup,AGEDEP,GE,GFCF,TO
ABW,2000,H,43.31798693,0.8951417,,145.0728795
ABW,2001,H,43.23083912,0.8951417,,140.3911086
ABW,2002,H,43.07802278,0.8951417,,133.2307714
ABW,2003,H,42.87533368,0.8951417,,132.7942913
ABW,2004,H,42.69130396,0.8951417,,132.4309298
ABW,2005,H,42.63696129,1.2500659,,145.0502801
ABW,2006,H,42.76850602,1.2471197,,141.0426267
ABW,2007,H,42.99176173,1.2515751,,139.9723095
ABW,2008,H,43.2605085,1.2550503,,139.1101498
ABW,2009,H,43.53544486,1.3983691,,137.5565759
ABW,2010,H,43.4533955,1.0023954,,135.4646547
ABW,2011,H,43.04777043,1.0015699,,154.4377869
ABW,2012,H,42.86498429,1.0017778,,156.6451972
ABW,2013,H,43.03852297,1.00201,,155.7319044
ABW,2014,H,43.51535836,0.6967705,,156.4910528
ABW,2015,H,44.24778761,0.6950388,,140.4930011
ABW,2016,H,45.1551319,0.6956408,,136.8872633
ABW,2017,H,46.12500504,0.6958363,,138.7166201
ABW,2018,H,47.11667049,0.9066629,,138.8249722
ABW,2019,H,48.0999783,0.9077089,,137.9619293
ABW,2020,H,48.87846879,0.9047216,,122.723738
ABW,2021,H,49.31994953,0.9064944,,139.9177977
ABW,2022,H,49.80107489,1.0084741,,160.6345464
ABW,2023,H,50.49975468,0.6576186,,159.0185969
ABW,2024,H,51.28952272,0.6567856,,160.3652788
ABW,2025,H,51.28952272,0.6567856,,160.3652788
ABW,2026,H,51.28952272,0.6567856,,160.3652788
AFE,2000,,92.39795111,,18.03532334,46.55716908
AFE,2001,,91.95507017,,18.00023306,47.9559637
AFE,2002,,91.52700618,,16.96418962,57.29430389
AFE,2003,,91.1357231,,17.55008824,54.86581883
AFE,2004,,90.77287558,,18.30940598,55.90146908
AFE,2005,,90.45395726,,19.03668895,58.65830063
AFE,2006,,90.1559485,,19.4802019,59.22119685
AFE,2007,,89.83145301,,21.2249386,64.92655225
AFE,2008,,89.45567441,,23.74314806,72.11395298
AFE,2009,,89.05269864,,23.91958625,60.82678973
AFE,2010,,88.57257622,,21.34896309,61.1440016
AFE,2011,,87.97720861,,21.83465792,63.06839215
AFE,2012,,87.36077613,,22.19779681,61.02621519
AFE,2013,,86.73709858,,22.60527296,61.47494765
AFE,2014,,86.0934422,,23.1851832,59.89988482
AFE,2015,,85.37869102,,22.6383363,54.91933504
AFE,2016,,84.65201521,,22.12871906,52.95320186
AFE,2017,,83.88053165,,21.73110374,51.83320718
AFE,2018,,83.03409773,,21.2100174,55.02203789
AFE,2019,,82.23609751,,21.35527397,53.52812918
AFE,2020,,81.43377659,,19.61759031,49.52170478
AFE,2021,,80.63433833,,19.40578142,54.50126452
AFE,2022,,79.87946348,,19.49541231,57.15277627
AFE,2023,,79.14751991,,19.58256504,56.17052775
AFE,2024,,78.43805136,,18.61508228,54.42217832
AFE,2025,,78.43805136,,17.93173063,54.42217832
AFG,2000,L,109.5860477,-2.3446017,11.45562833,46.70989455
AFG,2001,L,110.2193414,-2.2217389,11.45562833,46.70989455
AFG,2002,L,110.534611,-2.0988761,11.45562833,46.70989455
AFG,2003,L,110.5575396,-2.1081208,11.45562833,46.70989455
AFG,2004,L,110.285308,-1.156126,11.45562833,46.70989455
AFG,2005,L,109.7285254,-1.3907016,11.45562833,46.70989455
AFG,2006,L,108.8891352,-1.6259661,11.45562833,46.70989455
AFG,2007,L,107.7372506,-1.5929686,11.45562833,46.70989455
AFG,2008,L,106.3343755,-1.6680318,11.45562833,46.70989455
AFG,2009,L,104.7994675,-1.5587942,11.45562833,46.70989455
AFG,2010,L,103.1444557,-1.5857412,11.45562833,46.70989455
AFG,2011,L,101.4583083,-1.6043337,11.45562833,46.70989455
AFG,2012,L,99.77313094,-1.4997935,11.45562833,46.70989455
AFG,2013,L,98.06355881,-1.5009938,11.45562833,46.70989455
AFG,2014,L,96.34639379,-1.5246032,11.45562833,46.70989455
AFG,2015,L,94.61323371,-1.4711716,11.45562833,46.70989455
AFG,2016,L,92.88987122,-1.4177302,11.45562833,46.70989455
AFG,2017,L,91.29361869,-1.4421872,11.45562833,46.70989455
AFG,2018,L,89.84960598,-1.6312498,11.45562833,46.70989455
AFG,2019,L,88.51202761,-1.6540805,11.45562833,46.70989455
AFG,2020,L,87.24781691,-1.7167282,11.45562833,46.70989455
AFG,2021,L,86.08346818,-1.7059035,12.98670367,51.41171637
AFG,2022,L,84.96248933,-1.9646115,16.66847171,72.88546961
AFG,2023,L,83.83617284,-2.0924592,15.24357655,67.58466515
AFG,2024,L,82.77684832,-1.9339966,17.0345351,67.58466515
AFG,2025,L,82.77684832,-1.9339966,17.0345351,67.58466515
AFG,2026,L,82.77684832,-1.9339966,17.0345351,67.58466515
AFW,2000,,90.62906436,,,
AFW,2001,,90.42243378,,,
AFW,2002,,90.26683189,,,
AFW,2003,,90.10975667,,,
AFW,2004,,89.98031358,,,
AFW,2005,,89.92596124,,,
AFW,2006,,89.95971111,,,
AFW,2007,,90.01565084,,,
AFW,2008,,89.95822347,,,
AFW,2009,,89.81649997,,,
AFW,2010,,89.71124359,,,
AFW,2011,,89.60345491,,,
AFW,2012,,89.50260767,,,
AFW,2013,,89.34868688,,,
AFW,2014,,89.11755736,,,
AFW,2015,,88.80857317,,,
AFW,2016,,88.30343881,,,
AFW,2017,,87.61882981,,,
AFW,2018,,86.81180755,,,
AFW,2019,,85.88616084,,,
AFW,2020,,84.79886232,,,
AFW,2021,,83.60965944,,,
AFW,2022,,82.39347559,,,
AFW,2023,,81.10228759,,,
AFW,2024,,79.80233737,,,
AFW,2025,,79.80233737,,,
AGO,2000,L,93.39505466,-1.1141214,31.26989135,90.57082097
AGO,2001,L,93.14260579,-1.17210745,31.26989135,90.57082097
AGO,2002,L,92.86898828,-1.2300935,31.26989135,90.57082097
AGO,2003,L,92.58015725,-1.4582044,30.34419309,90.68071618
AGO,2004,LM,92.30377474,-1.5316839,31.18053045,90.38603847
AGO,2005,LM,92.07169966,-1.5412074,28.98499667,95.34145929
AGO,2006,LM,91.89664781,-1.4924701,22.88872551,84.62460412
AGO,2007,LM,91.7757132,-1.4130187,26.25037611,97.2256307
AGO,2008,LM,91.74374437,-1.3238188,30.58105967,108.6804087
AGO,2009,LM,91.78354687,-1.0974384,43.00039714,102.2631833
AGO,2010,LM,91.82838662,-0.9515013,28.91945189,90.99406314
AGO,2011,UM,91.85690272,-1.0097747,27.4418409,89.03694434
AGO,2012,UM,91.899377,-1.0191994,27.78888117,81.93947855
AGO,2013,UM,91.94970355,-1.0286328,27.1594385,77.34980137
AGO,2014,UM,92.05056189,-0.9400114,28.43275736,69.58014245
AGO,2015,UM,92.1805019,-0.9378237,29.07212075,54.97938088
AGO,2016,LM,92.18800411,-0.9493847,29.63480859,47.01556614
AGO,2017,LM,92.07155429,-0.9681157,28.70570322,45.66434235
AGO,2018,LM,91.90276941,-0.9784602,23.89411373,58.91648008
AGO,2019,LM,91.64703963,-0.9116965,24.45135591,60.71482433
AGO,2020,LM,91.3698275,-1.0163604,19.66567476,54.34422868
AGO,2021,LM,91.03639831,-0.9347008,16.21942019,61.52621367
AGO,2022,LM,90.58951186,-0.8325718,14.46537032,55.25477327
AGO,2023,LM,90.05522528,-0.8287026,12.42119329,53.03348363
AGO,2024,LM,89.40608064,-0.7851909,10.62275443,50.84223056
AGO,2025,LM,89.40608064,-0.7851909,10.62275443,50.84223056
AGO,2026,LM,89.40608064,-0.7851909,10.62275443,50.84223056
AIA,2000,,,0.5613671,,
AIA,2002,,,0.5613671,,
AIA,2003,,,0.5613671,,
AIA,2004,,,0.5613671,,
AIA,2005,,,1.7663734,,
AIA,2006,,,1.7634272,,
AIA,2007,,,1.7678826,,
AIA,2008,,,1.7713578,,
AIA,2009,,,1.7834921,,
AIA,2010,,,1.7857949,,
AIA,2011,,,1.7844401,,
AIA,2012,,,1.7847814,,
AIA,2013,,,1.7851624,,
AIA,2014,,,1.4563681,,
AIA,2015,,,1.4535264,,
AIA,2016,,,1.4545142,,
AIA,2017,,,0.7664249,,
AIA,2018,,,0.7681859,,
AIA,2019,,,0.7699023,,
AIA,2020,,,0.7650002,,
AIA,2021,,,0.7679093,,
AIA,2022,,,1.1116761,,
AIA,2023,,,1.1132177,,
AIA,2024,,,1.1115868,,
ALB,2000,LM,58.59772903,-1.1093724,32.383471,61.60926104
ALB,2001,LM,57.8351706,-0.8832389,36.87448584,64.24744626
ALB,2002,LM,56.73670221,-0.6571054,36.02251685,65.99146503
ALB,2003,LM,55.61399781,-0.6637265,36.18441077,64.8232151
ALB,2004,LM,54.52112291,-0.4499559,38.17111364,65.03793832
ALB,2005,LM,53.44354077,-0.6979427,38.45288852,69.11629266
ALB,2006,LM,52.41323532,-0.6153929,38.37330646,72.20190895
ALB,2007,LM,51.4388392,-0.5171955,36.44509205,79.91190089
ALB,2008,LM,50.47596292,-0.4824716,35.06199285,75.24854728
ALB,2009,UM,49.46272901,-0.2900014,34.46966714,73.32135756
ALB,2010,UM,48.40341392,-0.2964483,30.17462318,75.53253297
ALB,2011,LM,47.39391652,-0.2490677,31.69034618,80.69899853
ALB,2012,UM,46.63056142,-0.3393566,28.62308041,76.96835832
ALB,2013,UM,46.22948913,-0.3564184,27.80694496,75.75061856
ALB,2014,UM,46.09907972,0.0801175,26.5299242,75.02120231
ALB,2015,UM,46.0636825,0.1835585,26.08104053,71.27944766
ALB,2016,UM,46.04186419,0.1974461,25.6267467,74.01445045
ALB,2017,UM,46.17477818,0.256049,26.25966857,76.78738179
ALB,2018,UM,46.50893245,0.2684643,25.91958386,75.69407837
ALB,2019,UM,47.04237531,0.0266494,24.6048342,75.38212893
ALB,2020,UM,47.68647127,0.0187103,25.19757554,59.52069944
ALB,2021,UM,48.44160172,0.1116368,27.21505618,75.59040409
ALB,2022,UM,49.25104634,0.1929668,25.69481294,84.69804359
ALB,2023,UM,50.02392582,0.293429,24.28651459,82.3524934
ALB,2024,UM,50.97429383,0.3123437,24.35524611,79.45463608
ALB,2025,UM,50.97429383,0.3123437,24.26641509,79.45463608
ALB,2026,UM,50.97429383,0.3123437,24.26641509,79.45463608
AND,2000,H,38.26092448,0.7532431,,
AND,2001,H,38.98984782,0.7533687,,
AND,2002,H,39.55640423,0.7534943,,
AND,2003,H,38.88033898,0.7406422,,
AND,2004,H,37.32678024,0.8951417,,
AND,2005,H,36.73065715,0.7337585,,
AND,2006,H,36.58909141,1.2471197,,
AND,2007,H,36.3435023,1.2515751,,
AND,2008,H,36.44311534,1.2550503,,
AND,2009,H,37.02651051,1.2671846,,
AND,2010,H,38.33496169,1.2694874,,
AND,2011,H,39.2481203,1.2681327,,
AND,2012,H,39.27276682,1.2684739,,
AND,2013,H,39.46177529,1.268855,,
AND,2014,H,39.53712815,1.8005729,,
AND,2015,H,39.3616405,1.7977313,,
AND,2016,H,39.10387358,1.7987191,,
AND,2017,H,38.79835918,1.7990398,,
AND,2018,H,38.32563447,1.8008008,,
AND,2019,H,38.01230803,1.8025173,,
AND,2020,H,38.15390109,1.7976151,,
AND,2021,H,38.19592629,1.8005243,,
AND,2022,H,38.16870645,1.1591046,,
AND,2023,H,38.24846972,1.1602754,,
AND,2024,H,38.56495417,1.1590368,,
AND,2025,H,38.56495417,1.1590368,,
AND,2026,H,38.56495417,1.1590368,,
ANT,2000,H,,0.7699764,,
ANT,2001,H,,0.7699764,,
ANT,2002,H,,0.7699764,,
ANT,2003,H,,0.7699764,,
ANT,2004,H,,0.7699764,,
ANT,2005,H,,0.7337585,,
ANT,2006,H,,0.7308122,,
ANT,2007,H,,0.7352677,,
ANT,2008,H,,0.7387428,,
ANT,2009,H,,0.7508772,,
ANT,2010,,,0.7531799,,
ANT,2011,,,0.7518252,,
ANT,2012,,,0.7521664,,
ANT,2013,,,0.7525475,,
ANT,2014,,,0.767958,,
ANT,2015,,,0.7651163,,
ANT,2016,,,0.7661041,,
ANT,2017,,,0.7664249,,
ANT,2018,,,0.7664249,,
ANT,2019,,,0.7664249,,
ANT,2020,,,0.7664249,,
ANT,2021,,,0.7664249,,
ANT,2022,,,0.7664249,,
ANT,2023,,,0.7664249,,
ANT,2024,,,0.7664249,,
ANT,2025,,,0.7664249,,
ANT,2026,,,0.7664249,,
ARB,2000,,75.0620389,,18.34935966,72.01320139
ARB,2001,,73.7283832,,19.46833743,73.22578749
ARB,2002,,72.40171459,,19.94209887,73.51966997
ARB,2003,,71.0991195,,20.12502179,80.17857909
ARB,2004,,69.82773038,,20.02594183,84.50680772
ARB,2005,,68.61031815,,20.06134478,88.64571645
ARB,2006,,67.35543343,,20.60515714,88.94087196
ARB,2007,,66.08120226,,22.59682822,92.9395641
ARB,2008,,65.10219585,,22.78514198,96.75734782
ARB,2009,,64.41059601,,25.02979457,88.78404998
ARB,2010,,63.9926835,,24.24681715,85.47222344
ARB,2011,,63.61704613,,22.15618865,88.27789257
ARB,2012,,63.38897566,,21.1313481,89.76974843
ARB,2013,,63.42028262,,22.29082989,88.75525732
ARB,2014,,63.55837532,,23.14383913,86.56253762
ARB,2015,,63.5340643,,25.57137281,81.68339044
ARB,2016,,63.42272929,,24.22889654,76.04302974
ARB,2017,,63.34581909,,23.56480807,79.45303449
ARB,2018,,63.28168001,,22.56108499,79.88203961
ARB,2019,,63.0627189,,23.09443128,79.06962264
ARB,2020,,62.71499802,,22.14998729,74.50459199
ARB,2021,,62.38669114,,21.30594118,79.45842845
ARB,2022,,61.66623203,,21.1936356,86.79323932
ARB,2023,,60.87368615,,23.29104759,86.74665862
ARB,2024,,60.17767943,,24.44039297,62.20971088
ARB,2025,,60.17767943,,25.05550879,62.20971088
ARE,2000,H,28.38947842,0.7403877,20.97810403,89.86457993
ARE,2001,H,26.83214111,0.79555975,20.97810403,89.86457993
ARE,2002,H,25.58071336,0.8507318,21.07143859,93.07165881
ARE,2003,H,24.7137727,0.8458791,20.79145662,102.3001695
ARE,2004,H,24.20340565,0.5800975,18.68413093,116.6226125
ARE,2005,H,23.85084342,0.6201962,18.37912798,119.5528716
ARE,2006,H,23.50120022,0.87732,17.57821191,119.4706696
ARE,2007,H,22.99348562,0.9034445,23.57302512,136.7981529
ARE,2008,H,22.57225254,0.8286183,22.3738986,148.513544
ARE,2009,H,22.45720015,0.8843205,28.9130022,153.4619444
ARE,2010,H,22.39292905,0.8322561,28.9130022,135.4857091
ARE,2011,H,22.32541883,0.9928203,28.9130022,144.1767869
ARE,2012,H,22.35112832,1.1560961,28.9130022,156.6376945
ARE,2013,H,22.41632266,1.1923106,28.9130022,157.398084
ARE,2014,H,22.45733334,1.4160016,28.9130022,159.5156151
ARE,2015,H,22.4526562,1.4040254,28.9130022,164.2861827
ARE,2016,H,22.39338088,1.4113666,28.9130022,165.3950192
ARE,2017,H,22.31315143,1.3782191,28.9130022,165.4765425
ARE,2018,H,22.2647153,1.4114572,28.9130022,154.747005
ARE,2019,H,22.21562064,1.3982083,28.9130022,163.8221529
ARE,2020,H,22.16525417,1.0036502,28.9130022,181.2918882
ARE,2021,H,22.14127931,1.0744083,28.9130022,182.9093551
ARE,2022,H,22.1229936,1.133184,28.9130022,185.741661
ARE,2023,H,22.00266238,1.3100836,28.9130022,199.0449792
ARE,2024,H,21.76996047,1.2599659,28.9130022,199.0449792
ARE,2025,H,21.76996047,1.2599659,28.9130022,199.0449792
ARE,2026,H,21.76996047,1.2599659,28.9130022,199.0449792
ARG,2000,UM,60.8399424,0.0107824,16.19264939,22.62244478
ARG,2001,UM,60.44208877,-0.10723675,14.17911832,21.85225545
ARG,2002,UM,60.01001815,-0.2252559,11.96064809,41.75272436
ARG,2003,UM,59.51577206,-0.1358752,15.13750756,40.64474803
ARG,2004,UM,58.99088086,-0.023834,15.89378728,40.69264611
ARG,2005,UM,58.48853172,0.013348,17.3511469,40.55127097
ARG,2006,UM,58.00035267,0.0518902,18.33118672,40.43347987
ARG,2007,UM,57.50504346,0.0008549,19.51607916,40.94517062
ARG,2008,UM,57.07418767,-0.0710406,19.01016098,40.40267338
ARG,2009,UM,56.73568577,-0.0584799,15.58175264,34.05712691
ARG,2010,UM,56.45214211,0.0072363,16.64146616,34.97101326
ARG,2011,UM,56.27395376,0.0717304,17.2482847,35.206155
ARG,2012,UM,56.1467748,0.0013935,15.85752542,30.52654237
ARG,2013,UM,56.04870447,-0.0162575,16.28951119,29.333929
ARG,2014,H,56.02564279,0.1781782,15.97995408,28.40679365
ARG,2015,UM,56.05228915,0.1187015,15.56474508,22.48622609
ARG,2016,UM,56.04617213,0.3427634,14.27236275,26.09388785
ARG,2017,H,55.97280152,0.2956525,15.16219875,25.28960114
ARG,2018,UM,55.85292541,0.257748,15.2510495,30.76253595
ARG,2019,UM,55.5931802,0.2629574,14.19904614,32.63061505
ARG,2020,UM,55.02079689,0.148927,14.28250537,30.20369881
ARG,2021,UM,54.21952444,0.1125651,17.29063258,33.07868957
ARG,2022,UM,53.33854639,0.1085858,17.61779019,31.58017926
ARG,2023,UM,52.42433668,0.0614731,18.49302899,26.67695125
ARG,2024,UM,51.560957,0.1837479,15.90356666,27.92976085
ARG,2025,UM,51.560957,0.1837479,16.00003475,27.92976085
ARG,2026,UM,51.560957,0.1837479,16.00003475,27.92976085
ARM,2000,L,54.81338861,-0.6449407,21.71400015,72.23333023
ARM,2001,L,52.48894837,-0.4703337,20.83744658,69.86426639
ARM,2002,LM,51.07035314,-0.2957267,24.8429527,73.98450184
ARM,2003,LM,50.0136226,-0.3023479,27.08676191,80.0513676
ARM,2004,LM,48.99193064,-0.1956257,28.1078274,73.07063399
ARM,2005,LM,47.81930747,-0.2233106,35.09419069,70.13973858
ARM,2006,LM,46.48622315,-0.239965,41.85068025,61.03013798
ARM,2007,LM,45.13055402,-0.3655469,43.50453186,56.97504709
ARM,2008,LM,44.02614313,-0.2999247,46.83331579,54.54232796
ARM,2009,LM,43.29412919,-0.0404606,42.88387857,57.27423574
ARM,2010,LM,42.91722367,-0.1432718,39.37510944,64.64297597
ARM,2011,LM,42.85889529,-0.0113661,30.73674486,69.43557366
ARM,2012,LM,43.10666536,0.0313392,23.59883562,75.96167596
ARM,2013,LM,43.59557353,0.0697532,21.212512,77.55504816
ARM,2014,LM,44.22034733,-0.1326294,19.99505739,75.77886696
ARM,2015,LM,45.007483,-0.1424065,20.6125616,71.68207434
ARM,2016,LM,45.91308902,-0.1056077,17.35771966,76.07796746
ARM,2017,UM,46.81888313,-0.010591,17.648376,87.20237654
ARM,2018,UM,47.41273032,-0.1730616,16.74091087,92.47310702
ARM,2019,UM,47.81075434,-0.2531827,15.81559843,97.84700487
ARM,2020,UM,48.17548707,-0.3375702,17.77392125,70.12135714
ARM,2021,UM,48.47599514,-0.3553578,21.20394186,79.24890576
ARM,2022,UM,48.76019808,-0.3306901,21.06911323,103.8786292
ARM,2023,UM,48.71296536,-0.163441,20.57366192,123.4187501
ARM,2024,UM,49.11988084,-0.3640294,21.35504476,150.0647266
ARM,2025,UM,49.11988084,-0.3640294,21.41552849,150.0647266
ARM,2026,UM,49.11988084,-0.3640294,21.41552849,150.0647266
ASM,2000,UM,72.19698346,-0.0644599,,210.9375
ASM,2001,UM,71.67574399,-0.0644599,,210.9375
ASM,2002,UM,71.12097403,-0.0644599,,210.9375
ASM,2003,UM,70.51869145,-0.0644599,,207.4427481
ASM,2004,UM,69.80365201,-0.0644599,,202.3575639
ASM,2005,UM,68.90811456,-0.2988565,,223.2
ASM,2006,UM,67.82971122,-0.3018027,,229.8174442
ASM,2007,UM,66.62113609,0.2189602,,218.1467181
ASM,2008,UM,65.41139522,0.2224354,,249.8214286
ASM,2009,UM,64.3520985,0.2345697,,161.3333333
ASM,2010,UM,63.0731981,0.2368725,,157.9406632
ASM,2011,UM,61.54140427,0.2355177,,157.5438596
ASM,2012,UM,60.33721751,0.2358589,,176.40625
ASM,2013,UM,59.57805159,0.23624,,173.8244514
ASM,2014,UM,59.08536404,0.767958,,174.8055988
ASM,2015,UM,58.68319179,0.7651163,,162.4071322
ASM,2016,UM,58.26542668,0.7661041,,159.1654247
ASM,2017,UM,57.8470671,0.7664249,,161.4379085
ASM,2018,UM,57.45569268,0.7681859,,171.8309859
ASM,2019,UM,57.13391544,0.7699023,,156.568779
ASM,2020,UM,56.34032927,0.7650002,,154.368932
ASM,2021,UM,55.17937078,0.7679093,,136.8
ASM,2022,H,54.25015954,0.7674713,,124.684271
ASM,2023,H,53.99397258,0.7690129,,124.684271
ASM,2024,H,53.96898561,0.767382,,124.684271
ASM,2025,H,53.96898561,0.767382,,124.684271
ASM,2026,H,53.96898561,0.767382,,124.684271
ATG,2000,UM,54.12723233,0.7532431,,141.5461611
ATG,2001,UM,53.4690419,0.7533687,,141.5461611
ATG,2002,H,52.55673941,0.7534943,,141.5461611
ATG,2003,UM,51.54197879,0.7406422,,141.5461611
ATG,2004,UM,50.46543189,0.5101852,,141.5461611
ATG,2005,H,49.24265147,0.5788558,,141.5461611
ATG,2006,H,48.09017252,0.5765812,,141.5461611
ATG,2007,H,47.09959672,0.580021,,141.5461611
ATG,2008,H,46.2576514,0.5827039,,141.5461611
ATG,2009,UM,45.54996455,0.592072,,141.5461611
ATG,2010,UM,44.73527965,0.7531799,,141.5461611
ATG,2011,UM,43.87707486,0.7518252,,141.5461611
ATG,2012,H,43.07732669,0.7521664,,141.5461611
ATG,2013,H,42.37167569,0.7525475,,141.5461611
ATG,2014,H,41.85150857,0.0795479,,141.5461611
ATG,2015,H,41.38269106,0.4209115,,130.0715499
ATG,2016,H,41.01945172,0.4218993,,132.0259179
ATG,2017,H,40.852263,-0.2661901,,127.6643236
ATG,2018,H,40.68108677,-0.2644291,,130.6551527
ATG,2019,H,40.60759026,-0.2627126,,137.5377836
ATG,2020,H,40.78388694,-0.6118196,,94.28952989
ATG,2021,H,41.08929799,-0.6089105,,101.0749606
ATG,2022,H,41.44829057,-0.0927924,,117.7035278
ATG,2023,H,41.75667259,0.4312085,,117.7035278
ATG,2024,H,42.01423595,0.4299698,,117.7035278
ATG,2025,H,42.01423595,0.4299698,,117.7035278
ATG,2026,H,42.01423595,0.4299698,,117.7035278
AUS,2000,H,49.45983715,1.7893043,25.89196542,40.86312577
AUS,2001,H,49.28683546,1.85585005,23.15820217,44.1337314
AUS,2002,H,49.07392787,1.9223958,24.25546236,41.38131281
AUS,2003,H,48.84456173,1.9394757,26.00703094,40.13480118
AUS,2004,H,48.64976507,1.7890482,26.58806592,36.95051596
AUS,2005,H,48.47529979,1.8033736,26.96762431,39.09788226
AUS,2006,H,48.3296764,1.7583757,27.74128666,41.48789235
AUS,2007,H,48.21832327,1.7472507,27.34717558,41.92974513
AUS,2008,H,48.12539033,1.734412,28.14940816,42.75222079
AUS,2009,H,48.14825717,1.65062,27.51298878,45.59361209
AUS,2010,H,48.36386111,1.7130228,26.94613524,40.39050709
AUS,2011,H,48.76823832,1.7037267,25.94328683,41.72198601
AUS,2012,H,49.32897269,1.7045531,27.31759085,43.01984955
AUS,2013,H,49.92436731,1.6221252,27.72863956,41.10051188
AUS,2014,H,50.4910609,1.7947484,26.75823016,42.29930954
AUS,2015,H,51.06330103,1.6762148,26.11138058,41.49475069
AUS,2016,H,51.60344557,1.6248454,25.28410439,40.81340222
AUS,2017,H,52.04242149,1.6442984,23.97442501,42.03541353
AUS,2018,H,52.44551517,1.7247815,24.38638801,43.57322536
AUS,2019,H,52.91975843,1.6666492,23.32198743,46.00168271
AUS,2020,H,53.60612464,1.6054566,22.72793546,44.4995641
AUS,2021,H,54.25581576,1.7024874,22.58263061,40.20223594
AUS,2022,H,54.58477184,1.7675146,23.11568906,45.69464188
AUS,2023,H,54.83305016,1.7818134,23.19324738,49.04433932
AUS,2024,H,55.21169219,1.8090452,24.09197675,47.14538111
AUS,2025,H,55.21169219,1.8090452,24.32871747,47.14538111
AUS,2026,H,55.21169219,1.8090452,24.32871747,47.14538111
AUT,2000,H,48.1071502,1.9747909,25.70604997,85.84260773
AUT,2001,H,47.66788899,1.9686441499999998,24.92791306,87.99625672
AUT,2002,H,47.21889279,1.9624974,23.62307749,87.58449371
AUT,2003,H,46.85243014,1.8622422,24.19412123,86.88222632
AUT,2004,H,46.97685411,1.8071699,23.76824666,91.47422019
AUT,2005,H,47.5504023,1.881578,23.23458642,94.67475478
AUT,2006,H,48.03186413,1.7737449,22.8306808,98.78572532
AUT,2007,H,48.21579739,1.7741679,23.13939735,101.3649584
AUT,2008,H,48.21324696,1.729943,23.53379701,102.7437044
AUT,2009,H,48.25400046,1.628888,22.6637108,87.6004931
AUT,2010,H,48.10464257,1.7509901,21.86115542,99.64488255
AUT,2011,H,47.88951521,1.5645026,22.70735925,105.7750984
AUT,2012,H,48.01622948,1.5204181,22.95274343,105.8407914
AUT,2013,H,48.30924803,1.5738779,23.31211015,104.985374
AUT,2014,H,48.56450701,1.6929112,22.96717884,104.49674
AUT,2015,H,48.7326907,1.6009157,22.8959622,103.1175817
AUT,2016,H,48.95586275,1.658232,23.32191024,101.5734946
AUT,2017,H,49.31093457,1.6138342,23.84594512,105.5560668
AUT,2018,H,49.68389606,1.6043579,24.31359376,108.37797
AUT,2019,H,50.06709987,1.7527565,25.08011172,108.2072849
AUT,2020,H,50.51840768,1.9079985,25.1342567,99.94821411
AUT,2021,H,51.11109499,1.8163061,25.86465416,111.0329321
AUT,2022,H,51.82779871,1.7373291,25.21272038,123.5795787
AUT,2023,H,52.59408377,1.5790569,24.68755842,115.1529148
AUT,2024,H,53.45521492,1.5145106,23.54791121,108.8257778
AUT,2025,H,53.45521492,1.5145106,23.52671002,108.8257778
AUT,2026,H,53.45521492,1.5145106,23.52671002,108.8257778
AZE,2000,L,55.93151382,-1.3849617,23.13643204,78.54856828
AZE,2001,L,53.84734003,-1.2847139,22.88170667,78.81518549
AZE,2002,L,51.78847556,-1.1844661,34.08,92.81814433
AZE,2003,LM,49.80645837,-1.1894435,52.88183027,107.5519485
AZE,2004,LM,48.02960129,-1.0690396,57.71025298,121.5071159
AZE,2005,LM,46.41505227,-0.9041952,41.30884408,115.8418846
AZE,2006,LM,44.87031157,-0.8634636,29.70095273,105.2623998
AZE,2007,LM,43.3860991,-0.8094255,21.39948167,96.64180815
AZE,2008,LM,41.86351904,-0.8223916,18.5787748,89.24289686
AZE,2009,UM,40.38579548,-0.7260011,18.81943177,74.74404168
AZE,2010,UM,39.27431123,-0.8597442,18.16672554,74.98598846
AZE,2011,UM,38.70789751,-0.7958644,20.17760455,80.50804501
AZE,2012,UM,38.81041962,-0.8083243,22.45518662,78.26306954
AZE,2013,UM,39.54931003,-0.6064243,25.79388814,74.67584476
AZE,2014,UM,40.44582305,-0.4254637,27.43039375,69.4832252
AZE,2015,UM,41.33856307,-0.3537252,27.82530342,72.60150791
AZE,2016,UM,42.26944994,-0.1263081,25.03458822,90.07731873
AZE,2017,UM,42.96977434,-0.1355348,23.81720782,90.40231568
AZE,2018,UM,43.12455003,-0.1558709,20.69407681,91.67257654
AZE,2019,UM,43.21400029,-0.0555998,21.1295518,85.81814541
AZE,2020,UM,43.41714935,-0.0570333,22.66647928,72.01786765
AZE,2021,UM,43.4555528,-0.0569923,16.22712525,76.28686569
AZE,2022,UM,43.52168401,-0.0543532,12.01162625,86.98227325
AZE,2023,UM,43.58530627,0.0656316,17.40061594,83.53588612
AZE,2024,UM,43.61089091,0.1661183,17.60856816,82.68986916
AZE,2025,UM,43.61089091,0.1661183,16.29161696,82.68986916
AZE,2026,UM,43.61089091,0.1661183,16.29161696,82.68986916
BDI,2000,L,102.6838674,-1.8282942,,
BDI,2001,L,100.4862597,-1.88639975,,
BDI,2002,L,98.41965177,-1.9445053,,
BDI,2003,L,96.42367798,-1.95375,,
BDI,2004,L,94.22440228,-1.5282262,,
BDI,2005,L,92.71300656,-1.3694248,,
BDI,2006,L,91.90584507,-1.3396498,,
BDI,2007,L,91.4102335,-1.3584566,,
BDI,2008,L,90.64399223,-1.2512833,,
BDI,2009,L,89.85395435,-1.0910389,,
BDI,2010,L,90.00889409,-1.2006202,,
BDI,2011,L,91.00876956,-1.1611384,,
BDI,2012,L,92.15639285,-1.1869228,,
BDI,2013,L,93.38387195,-0.8972943,,
BDI,2014,L,94.62207065,-0.8758081,,
BDI,2015,L,97.11045921,-0.9257032,,
BDI,2016,L,99.94342961,-1.0721309,,
BDI,2017,L,101.0676534,-0.9217583,,
BDI,2018,L,100.4896673,-1.0293582,,
BDI,2019,L,98.99976731,-0.9766193,,
BDI,2020,L,97.5964621,-1.0934389,,
BDI,2021,L,96.00543201,-1.1242343,,
BDI,2022,L,94.07956024,-1.1809945,,
BDI,2023,L,91.84666618,-1.108269,,
BDI,2024,L,89.50414668,-1.0060869,,
BDI,2025,L,89.50414668,-1.0060869,,
BDI,2026,L,89.50414668,-1.0060869,,
BEL,2000,H,52.46580014,1.7838968,22.50706383,142.2301351
BEL,2001,H,52.54945607,1.86010025,22.39027083,139.5768398
BEL,2002,H,52.52806542,1.9363037,20.69642412,136.0851495
BEL,2003,H,52.48313904,1.7075541,20.49418884,132.7155528
BEL,2004,H,52.4646246,1.6404506,21.46185041,136.9184053
BEL,2005,H,52.33342221,1.6989455,22.15389359,144.5290507
BEL,2006,H,51.96113191,1.5280568,22.32543906,149.5675093
BEL,2007,H,51.56263261,1.5124984,23.29301444,152.4684469
BEL,2008,H,51.41736769,1.5519592,24.11814191,161.0884478
BEL,2009,H,51.494438,1.7446252,22.55005178,135.1384057
BEL,2010,H,51.64736972,1.659156,21.93824289,150.1625636
BEL,2011,H,52.04180595,1.7960063,22.79000616,160.7655169
BEL,2012,H,52.60451488,1.8013661,22.82362324,160.3833014
BEL,2013,H,53.16027866,1.8156516,22.15585114,157.5736228
BEL,2014,H,53.75271165,1.5482903,22.84091967,158.571611
BEL,2015,H,54.21858607,1.5255063,23.1519861,155.068682
BEL,2016,H,54.65329254,1.3520474,23.51982218,159.0576966
BEL,2017,H,55.17678244,1.1503596,23.50415149,166.9040782
BEL,2018,H,55.65472684,1.2308189,23.77498358,168.2776929
BEL,2019,H,56.05633849,1.1205719,24.23120988,165.4654789
BEL,2020,H,56.30961718,1.1695968,24.03387249,156.9501213
BEL,2021,H,56.57984376,1.2282716,23.91638567,177.3818924
BEL,2022,H,56.97816551,1.3103839,23.91611424,191.1790313
BEL,2023,H,57.32180721,1.1646047,24.17458024,165.8469465
BEL,2024,H,57.61486666,1.1947395,24.27798488,158.9318263
BEL,2025,H,57.61486666,1.1947395,23.89457074,158.9318263
BEL,2026,H,57.61486666,1.1947395,23.89457074,158.9318263
BEN,2000,L,94.55610203,-0.7956793,18.72600357,47.3481515
BEN,2001,L,93.79645895,-0.7156921,19.06306631,48.25717064
BEN,2002,L,93.04211706,-0.6357049,16.91268416,43.76842254
BEN,2003,L,92.3298887,-0.6449496,17.5433639,41.61623056
BEN,2004,L,91.70587362,-0.4463045,16.08666085,39.90297434
BEN,2005,L,90.97284565,-0.6133987,15.04108686,39.09593119
BEN,2006,L,90.46407038,-0.6931451,14.16144095,39.77469871
BEN,2007,L,90.214722,-0.6041193,17.05747393,49.11378415
BEN,2008,L,89.81848444,-0.5327602,15.84500887,47.77535927
BEN,2009,L,89.20222448,-0.4612493,16.56555047,44.70262906
BEN,2010,L,88.54669567,-0.4821387,17.64999674,51.43085995
BEN,2011,L,88.06239865,-0.4467532,18.226328,47.21702881
BEN,2012,L,87.66222,-0.5014158,16.2040296,50.73673678
BEN,2013,L,87.33529844,-0.5198363,20.70826275,59.20019183
BEN,2014,L,87.01721219,-0.4471044,21.6376627,65.26827494
BEN,2015,L,86.69087258,-0.5410404,20.49573923,56.75631318
BEN,2016,L,86.37031188,-0.4948066,19.72249305,58.98692834
BEN,2017,L,85.99758631,-0.46663,23.4384504,61.47659696
BEN,2018,L,85.50699605,-0.362429,25.90056276,61.79519449
BEN,2019,LM,84.8779371,-0.3133743,25.17325563,63.68133231
BEN,2020,LM,84.13882337,-0.1887935,25.20651739,44.83323338
BEN,2021,LM,83.30426403,-0.2018892,28.44744444,48.05486083
BEN,2022,LM,82.42570821,-0.2149135,30.73287577,44.38159289
BEN,2023,LM,81.56778145,-0.216368,34.12177731,44.66313082
BEN,2024,LM,80.7358613,-0.1854211,34.66631864,40.63980224
BEN,2025,LM,80.7358613,-0.1854211,35.4311376,40.63980224
BEN,2026,LM,80.7358613,-0.1854211,35.4311376,40.63980224
BFA,2000,L,97.9986203,-0.973968,16.49092883,35.12294197
BFA,2001,L,96.84423258,-1.0282992,13.66418715,31.65817081
BFA,2002,L,95.7119731,-1.0826304,13.35961387,31.31252285
BFA,2003,L,94.71290094,-1.0893194,14.39923886,30.36823641
BFA,2004,L,93.86408452,-0.7835675,15.63492283,35.4809436
BFA,2005,L,93.16594836,-0.7423131,15.4378656,34.17216977
BFA,2006,L,92.73954822,-0.8342122,15.89519415,35.10654236
BFA,2007,L,92.64938761,-0.7284371,18.18322396,33.77971729
BFA,2008,L,92.83321534,-0.5880798,17.30189639,35.38531698
BFA,2009,L,93.11161116,-0.550792,18.79157105,40.29598367
BFA,2010,L,93.37035978,-0.518394,20.12277427,49.07323854
BFA,2011,L,93.53701099,-0.5279818,21.11375025,57.4972531
BFA,2012,L,93.52856567,-0.6191411,22.15505363,61.23860798
BFA,2013,L,93.38071844,-0.6252001,23.48258207,64.0358513
BFA,2014,L,93.07707657,-0.5627279,18.66126058,58.82356249
BFA,2015,L,92.60164045,-0.6531111,19.14721161,59.08918131
BFA,2016,L,91.94921186,-0.5249352,20.2451558,57.8931728
BFA,2017,L,91.13887578,-0.5109375,20.8835009,59.2687802
BFA,2018,L,90.14768288,-0.4822964,20.15229636,60.59562562
BFA,2019,L,88.90006323,-0.627609,18.84015652,60.40869288
BFA,2020,L,87.32057162,-0.6308904,17.75689484,60.73977864
BFA,2021,L,85.51438448,-0.7464479,18.10793988,62.42035866
BFA,2022,L,83.69849765,-0.8714085,18.14625725,67.52029013
BFA,2023,L,81.89081864,-0.864281,18.36619179,63.13268517
BFA,2024,L,80.03031699,-0.8748674,17.20086765,60.50242229
BFA,2025,L,80.03031699,-0.8748674,16.72921771,60.50242229
BFA,2026,L,80.03031699,-0.8748674,16.72921771,60.50242229
BGD,2000,L,68.87351077,-0.8710785,23.80856257,29.32171436
BGD,2001,L,67.82979224,-0.8626954499999999,24.17430673,32.09801707
BGD,2002,L,67.1451832,-0.8543124,24.34141614,28.96738072
BGD,2003,L,66.5127411,-1.0668967,24.67918886,27.6578849
BGD,2004,L,65.87312761,-0.906057,24.99183394,26.85823415
BGD,2005,L,65.19106486,-0.894647,25.83043551,34.39693486
BGD,2006,L,64.52403974,-0.9439661,26.14414575,38.11192443
BGD,2007,L,63.91228374,-0.8728241,26.17849707,39.94238265
BGD,2008,L,63.33568839,-0.844899,26.2022714,42.62091403
BGD,2009,L,62.70319389,-0.8145983,26.20605702,40.09279622
BGD,2010,L,61.96868286,-0.8070768,26.24665618,37.80284267
BGD,2011,L,61.09795495,-0.8372577,27.42097337,47.42084984
BGD,2012,L,60.03983624,-0.7988014,28.26233501,48.11092275
BGD,2013,L,58.85760607,-0.7739057,28.38962075,46.29640272
BGD,2014,LM,57.63639998,-0.6851605,28.57787571,44.5140802
BGD,2015,LM,56.45765399,-0.6547007,28.88668925,42.08599631
BGD,2016,LM,55.37187683,-0.5337691,30.23976392,31.33415013
BGD,2017,LM,54.64363954,-0.573203,30.94687312,29.99973067
BGD,2018,LM,54.32737517,-0.6193938,31.82257477,32.51463172
BGD,2019,LM,54.17518793,-0.5970582,32.21373311,31.57805449
BGD,2020,LM,54.06798937,-0.7213698,31.30794134,26.27144738
BGD,2021,LM,53.96059214,-0.5638994,31.01873874,27.7240047
BGD,2022,LM,53.62221377,-0.62345,32.04727558,33.77996727
BGD,2023,LM,53.09581931,-0.5574534,30.95120008,30.98297141
BGD,2024,LM,52.64237806,-0.6189746,30.70049002,26.7780758
BGD,2025,LM,52.64237806,-0.6189746,28.54110038,26.7780758
BGD,2026,LM,52.64237806,-0.6189746,28.54110038,26.7780758
BGR,2000,LM,47.61821133,-0.3193332,16.73118093,77.74570416
BGR,2001,LM,47.12010475,-0.18066569999999998,19.26591914,79.08136875
BGR,2002,LM,46.54618475,-0.0419982,18.97727626,75.26961101
BGR,2003,LM,45.94580542,-0.0474568,19.80514146,79.01388537
BGR,2004,LM,45.36605049,-0.0150204,20.95072,93.06389796
BGR,2005,LM,44.94247509,-0.0613293,25.66516793,99.71421121
BGR,2006,UM,44.73863907,-0.1664398,27.43775265,111.0474628
BGR,2007,UM,44.77511937,-0.1576116,28.28880702,123.5325577
BGR,2008,UM,45.03734355,-0.2498712,32.97962383,124.6887475
BGR,2009,UM,45.51204918,-0.0587278,27.78101204,92.6926456
BGR,2010,UM,46.20763757,-0.2958077,22.18222771,103.3805223
BGR,2011,UM,47.13337983,-0.2805498,20.83924754,117.4181039
BGR,2012,UM,48.16634718,-0.202198,21.12244097,123.9713227
BGR,2013,UM,49.30865543,-0.1532468,21.1825267,129.688683
BGR,2014,UM,50.55792181,-0.1542943,21.06086015,130.2483771
BGR,2015,UM,51.78454073,-0.1097245,20.8597785,126.7366422
BGR,2016,UM,52.90748996,-0.0689039,18.41046508,122.8055144
BGR,2017,UM,53.94363195,-0.0494362,18.30380607,129.634429
BGR,2018,UM,54.9714988,-0.0244659,18.82992432,129.1665029
BGR,2019,UM,55.9246761,0.0359426,18.71883846,125.2604183
BGR,2020,UM,56.53995049,-0.0577386,18.99596276,110.4238998
BGR,2021,UM,56.706635,-0.014807,16.28225819,121.2140883
BGR,2022,UM,56.82959075,-0.0737381,17.0042274,138.8448772
BGR,2023,H,57.16014518,0.1061571,18.728454,119.899506
BGR,2024,H,57.49222554,0.0428203,18.31254436,110.2263146
BGR,2025,H,57.49222554,0.0428203,20.13225952,110.2263146
BGR,2026,H,57.49222554,0.0428203,20.13225952,110.2263146
BHR,2000,UM,47.06213412,0.4698725,16.38842017,135.8091353
BHR,2001,H,45.25925503,0.42595065,16.97367446,127.0262663
BHR,2002,H,42.43335398,0.3820288,23.11181095,131.1336342
BHR,2003,H,39.52880584,0.3777992,23.5722708,128.0915822
BHR,2004,H,37.0133996,0.3772643,22.51388423,140.73731
BHR,2005,H,34.92902284,0.2695948,25.68651486,148.3135251
BHR,2006,H,33.19612792,0.2778683,29.49945313,147.1041811
BHR,2007,H,31.73959724,0.3484973,33.55127239,137.7850506
BHR,2008,H,30.49734629,0.3002283,34.5226692,145.8825111
BHR,2009,H,29.34886289,0.3685138,25.25991997,117.9637254
BHR,2010,H,29.086028,0.3995029,27.41173623,115.5614864
BHR,2011,H,29.21957011,0.4333329,21.48707939,167.529641
BHR,2012,H,28.49440252,0.3354941,27.17295544,178.8240208
BHR,2013,H,28.55973377,0.3589139,25.11251678,184.5895088
BHR,2014,H,29.79575273,0.4256973,26.09021092,168.5758581
BHR,2015,H,30.03479751,0.44791,24.42366356,147.9160602
BHR,2016,H,29.24200048,0.4226535,26.83237655,132.8229979
BHR,2017,H,28.85171181,0.4227562,28.45552401,136.4292398
BHR,2018,H,29.2252286,0.4181683,29.64739514,144.0753726
BHR,2019,H,30.04737343,0.4361988,27.54537086,135.4175434
BHR,2020,H,30.16339785,0.4205912,29.08552536,135.460985
BHR,2021,H,29.4587459,0.7183116,24.84181996,153.7993165
BHR,2022,H,29.1621239,0.7297568,26.84918034,167.1412412
BHR,2023,H,29.24882721,0.7325207,27.51335912,157.4478547
BHR,2024,H,29.14921897,0.6002525,28.87649201,157.8184921
BHR,2025,H,29.14921897,0.6002525,28.87649201,157.8184921
BHR,2026,H,29.14921897,0.6002525,28.87649201,157.8184921
BHS,2000,H,52.68994653,1.1423342,27.99614188,79.64494389
BHS,2001,H,52.4953368,1.1424162,25.40205799,72.50088064
BHS,2002,H,52.23453044,1.1424982,22.89790973,70.27798171
BHS,2003,H,51.86311374,1.1341046,23.04260723,71.06354051
BHS,2004,H,51.42992116,0.9250596,22.01586034,76.00198337
BHS,2005,H,50.99869592,1.129609,26.1442427,81.39627092
BHS,2006,H,50.53082776,1.1276848,32.34404583,87.5507143
BHS,2007,H,49.84944358,1.1305946,29.38029862,88.01281556
BHS,2008,H,49.07504537,1.1328642,28.28614858,87.42922288
BHS,2009,H,48.5416462,0.9769895,26.77430084,76.52104396
BHS,2010,H,48.08107672,0.9780496,26.69338415,78.67560243
BHS,2011,H,47.55464877,0.977426,28.3661604,88.33368916
BHS,2012,H,47.09103944,0.9775831,30.30950338,84.25152047
BHS,2013,H,46.67822694,0.9777585,28.31040638,84.54841389
BHS,2014,H,46.31606343,0.7471619,30.2654613,80.53702723
BHS,2015,H,45.95333687,0.7458537,23.58670676,69.67797527
BHS,2016,H,45.54282028,0.7463085,24.78010925,67.21292158
BHS,2017,H,45.10631656,0.7464561,26.46763451,68.33428404
BHS,2018,H,44.67751977,0.7472668,24.42898153,72.1542686
BHS,2019,H,44.24623189,0.748057,24.20576938,68.78662348
BHS,2020,H,43.80898754,0.5873396,21.9999614,53.42075807
BHS,2021,H,43.32846377,0.5886789,23.30231785,65.93254133
BHS,2022,H,42.86376557,0.7093344,22.55771113,75.98296011
BHS,2023,H,42.50308596,0.7099538,21.77417771,76.54947516
BHS,2024,H,42.22429363,0.7092986,25.74970946,79.24245869
BHS,2025,H,42.22429363,0.7092986,25.74970946,79.24245869
BHS,2026,H,42.22429363,0.7092986,25.74970946,79.24245869
BIH,2000,LM,44.60514885,-1.4050976,31.1070294,85.35774313
BIH,2001,LM,43.98294434,-1.3762202000000001,29.01327818,86.03573401
BIH,2002,LM,43.53144067,-1.3473428,28.96813327,78.72747836
BIH,2003,LM,43.31115798,-1.3536094,27.76350784,80.56945726
BIH,2004,LM,43.40693135,-0.7838016,26.91776429,81.81268618
BIH,2005,LM,43.57492088,-0.7211271,29.37813539,84.35546282
BIH,2006,LM,43.5084351,-0.6810722,23.26641484,79.82994778
BIH,2007,LM,43.45977761,-0.7722494,27.43223873,83.55185889
BIH,2008,UM,43.6036605,-0.6884491,29.38700866,86.16287984
BIH,2009,UM,43.89354425,-0.6804742,24.17088521,73.74749423
BIH,2010,UM,44.27895575,-0.7085987,21.19037904,80.96821596
BIH,2011,UM,44.64575157,-0.7322155,22.45294603,87.83634771
BIH,2012,UM,44.91814943,-0.5915425,22.31367103,88.14510886
BIH,2013,UM,45.13631533,-0.5381602,21.45866938,87.93123803
BIH,2014,UM,45.47391076,-0.2379292,23.40176998,90.55227804
BIH,2015,UM,46.0547617,-0.4626996,21.35356159,88.29199259
BIH,2016,UM,46.81550553,-0.4139216,21.09124457,88.244034
BIH,2017,UM,47.71352378,-0.4707049,22.18209775,96.64588036
BIH,2018,UM,48.79812709,-0.6666,22.82227039,98.43206942
BIH,2019,UM,49.99195239,-0.7937191,23.06392152,94.51612515
BIH,2020,UM,51.07123773,-0.7051218,23.15091338,82.5216468
BIH,2021,UM,51.88255515,-0.8403621,21.62668317,96.73911444
BIH,2022,UM,52.62459079,-0.7459726,22.57744969,110.2052844
BIH,2023,UM,53.52102153,-0.6453703,23.79318392,99.6330318
BIH,2024,UM,54.48324279,-0.6353163,24.36512397,95.15629571
BIH,2025,UM,54.48324279,-0.6353163,24.36512397,95.15629571
BIH,2026,UM,54.48324279,-0.6353163,24.36512397,95.15629571
BLR,2000,LM,47.36111411,-1.3091068,25.2015481,141.609166
BLR,2001,LM,46.41012687,-1.3614174499999998,22.66904246,137.0449305
BLR,2002,LM,45.55159145,-1.4137281,21.9847427,131.0020583
BLR,2003,LM,44.76783208,-1.4203492,23.74824968,134.1418523
BLR,2004,LM,44.0220568,-1.2599731,25.31735205,142.1365104
BLR,2005,LM,43.33712345,-1.2876715,26.51662668,118.8843517
BLR,2006,LM,42.77255951,-0.9909852,29.66076678,124.2951039
BLR,2007,UM,42.21465043,-0.9883947,31.37632468,128.153878
BLR,2008,UM,41.48495569,-1.0478556,33.30374726,129.5994785
BLR,2009,UM,40.8605572,-1.0481149,35.53743262,108.6356448
BLR,2010,UM,40.43681878,-1.0551971,38.82708438,115.917973
BLR,2011,UM,40.34676839,-1.0673804,37.68588586,157.9742551
BLR,2012,UM,40.86312257,-1.0741204,33.41611021,153.0852693
BLR,2013,UM,41.69028244,-1.0027888,37.18684605,119.8159652
BLR,2014,UM,42.71756407,-0.4791856,33.22436403,110.6514244
BLR,2015,UM,43.84910453,-0.3341197,28.65431481,115.9148262
BLR,2016,UM,44.94476202,-0.3286362,25.44007836,125.2093229
BLR,2017,UM,46.00965897,-0.201457,26.15798661,133.3677547
BLR,2018,UM,46.88669827,-0.229958,26.2274188,139.3937363
BLR,2019,UM,47.80955364,-0.2387162,27.03453743,130.8504061
BLR,2020,UM,48.76653985,-0.6167824,25.3653467,118.9341761
BLR,2021,UM,49.57261453,-0.6825409,22.5711362,136.0141679
BLR,2022,UM,50.30053361,-0.5969261,19.44771628,120.0242076
BLR,2023,UM,50.91436866,-0.5964061,22.55536338,131.5846749
BLR,2024,UM,51.43207201,-0.7015463,23.50659012,131.9179291
BLR,2025,UM,51.43207201,-0.7015463,25.08219014,131.9179291
BLR,2026,UM,51.43207201,-0.7015463,25.08219014,131.9179291
BLZ,2000,LM,78.14529851,-0.2793718,24.79992103,96.60184471
BLZ,2001,LM,76.86906737,-0.2792462,22.13479148,93.16240505
BLZ,2002,UM,75.67109489,-0.2791206,20.04770353,93.07945847
BLZ,2003,UM,74.4784432,-0.2919728,16.95032467,94.36312289
BLZ,2004,UM,73.2803541,-0.392167,15.77388834,86.38535368
BLZ,2005,UM,72.10614395,-0.4764967,16.54471374,92.99712663
BLZ,2006,UM,70.92152683,-0.469515,16.75620139,98.88107432
BLZ,2007,UM,69.70718204,-0.5193893,17.59906697,95.95555115
BLZ,2008,LM,68.47489151,-0.5237277,22.04342411,105.4618743
BLZ,2009,LM,67.19525501,-0.5186637,16.53100961,89.58088439
BLZ,2010,LM,65.36626424,-0.2767142,13.87679301,94.85815915
BLZ,2011,LM,63.16521514,-0.2683306,14.24469693,106.9149602
BLZ,2012,UM,61.18667759,-0.268194,13.54813966,111.1666524
BLZ,2013,UM,59.36548069,-0.2680415,14.66077307,108.6726141
BLZ,2014,UM,57.65303356,-0.4369717,16.46533774,107.1125175
BLZ,2015,UM,56.03797463,-0.3941298,16.36015884,104.0709588
BLZ,2016,UM,54.39928199,-0.41265,18.02598266,96.49983583
BLZ,2017,UM,52.9365964,-0.4124914,15.41761008,97.70725718
BLZ,2018,UM,51.89718678,-0.3950567,16.58225445,100.9892144
BLZ,2019,UM,51.03875107,-0.3772395,16.75690979,102.4418569
BLZ,2020,LM,50.10562379,-0.3797712,17.15691116,81.64314331
BLZ,2021,UM,49.06398109,-0.3782688,19.93539093,98.98243694
BLZ,2022,UM,47.75234524,-0.1413049,20.51926535,107.8402501
BLZ,2023,UM,46.70044784,-0.0642292,20.50100764,106.4005059
BLZ,2024,UM,46.20356998,-0.129095,21.13405167,108.9724465
BLZ,2025,UM,46.20356998,-0.129095,21.13405167,108.9724465
BLZ,2026,UM,46.20356998,-0.129095,21.13405167,108.9724465
BMU,2000,H,42.87372331,0.7532431,13.04302674,74.59508034
BMU,2001,H,43.36994809,0.7533687,13.04302674,74.59508034
BMU,2002,H,43.81161768,0.7534943,13.04302674,74.59508034
BMU,2003,H,44.19840976,0.7406422,13.04302674,74.59508034
BMU,2004,H,44.53995101,0.6448107,13.04302674,74.59508034
BMU,2005,H,44.75117718,0.7337585,13.04302674,74.59508034
BMU,2006,H,44.8946179,0.7308122,13.04302674,74.59508034
BMU,2007,H,44.4520862,0.7352677,13.04302674,74.59508034
BMU,2008,H,43.56345822,0.7387428,13.04302674,74.59508034
BMU,2009,H,42.8972866,0.7508772,13.04302674,74.59508034
BMU,2010,H,43.05758222,0.7531799,13.04302674,74.59508034
BMU,2011,H,43.91879686,0.7518252,12.58254206,76.27043681
BMU,2012,H,44.72792596,0.7521664,11.01442918,73.78230306
BMU,2013,H,45.26219582,0.7525475,10.89311134,76.2701067
BMU,2014,H,45.50847458,1.4563681,12.094597,76.51674746
BMU,2015,H,45.79705484,1.4535264,11.89258583,73.29549852
BMU,2016,H,46.42865385,1.4545142,12.80320862,72.74990938
BMU,2017,H,47.24969312,1.454835,13.76364473,72.39242845
BMU,2018,H,48.01502644,1.456596,13.4097576,77.55527038
BMU,2019,H,48.92326991,1.4583124,14.74851703,77.56010165
BMU,2020,H,49.9499243,1.4534103,12.23790408,69.19370023
BMU,2021,H,51.00672709,1.4563194,12.90292491,71.40816981
BMU,2022,H,52.13580827,1.214283,12.70260987,75.19722503
BMU,2023,H,53.3515051,1.4768692,11.21508516,73.59091864
BMU,2024,H,54.67968507,1.4756305,11.03875263,75.29024433
BMU,2025,H,54.67968507,1.4756305,11.03875263,75.29024433
BMU,2026,H,54.67968507,1.4756305,11.03875263,75.29024433
BOL,2000,LM,76.33366491,-0.4884996,17.88747896,45.59777502
BOL,2001,LM,75.68273551,-0.4891339,13.92677322,45.22782243
BOL,2002,LM,74.83791796,-0.4897682,15.64964696,49.35026037
BOL,2003,LM,73.82658365,-0.5017882,12.66392267,51.96783644
BOL,2004,LM,72.72825539,-0.5545755,11.68712102,57.46426609
BOL,2005,LM,71.58077688,-0.4652255,12.99084691,67.64194136
BOL,2006,LM,70.43183202,-0.4843923,14.29667967,74.53784843
BOL,2007,LM,69.3299621,-0.4495042,16.13959369,76.06191145
BOL,2008,LM,68.28748995,-0.4878087,17.24871715,82.8670209
BOL,2009,LM,67.29855659,-0.3618237,16.4792608,68.62707391
BOL,2010,LM,66.35793519,-0.3055989,16.57224535,75.51162625
BOL,2011,LM,65.44326682,-0.2672438,18.96562563,82.48039542
BOL,2012,LM,64.55764224,-0.2476484,18.36287724,84.94876117
BOL,2013,LM,63.66731188,-0.1627207,19.06008183,81.23090753
BOL,2014,LM,62.72712137,-0.3868723,20.98204962,85.26446956
BOL,2015,LM,61.8121002,-0.4320931,21.37105961,67.93284519
BOL,2016,LM,60.97437114,-0.3327318,20.67048419,56.4010345
BOL,2017,LM,60.19138095,-0.313079,23.11766583,45.57611237
BOL,2018,LM,59.43995528,-0.364265,22.82329911,46.92619534
BOL,2019,LM,58.71375803,-0.4578656,22.91420534,45.82097327
BOL,2020,LM,57.91258899,-0.4718419,15.79373053,37.51643424
BOL,2021,LM,57.0117014,-0.4784584,17.04314899,47.66708432
BOL,2022,LM,56.19534865,-0.4335715,17.38066963,57.52493358
BOL,2023,LM,55.50373717,-0.4093864,17.70805633,49.60832556
BOL,2024,LM,54.86597814,-0.6104172,16.60881176,46.97787161
BOL,2025,LM,54.86597814,-0.6104172,16.60881176,46.97787161
BOL,2026,LM,54.86597814,-0.6104172,16.60881176,46.97787161
BRA,2000,UM,53.93203413,-0.161961,18.30448803,22.63976136
BRA,2001,UM,52.81830173,-0.10780435,18.4180865,26.93628502
BRA,2002,LM,51.75324971,-0.0536477,17.92625082,27.61835741
BRA,2003,LM,50.75000139,-0.1177712,16.60475915,28.14038472
BRA,2004,LM,49.83206027,-0.2171344,17.32023332,29.67825248
BRA,2005,LM,49.01296994,-0.3449277,17.05618346,27.08679521
BRA,2006,UM,48.26847113,-0.378799,17.21029958,26.04169989
BRA,2007,UM,47.58261245,-0.3870143,17.99576134,25.29261138
BRA,2008,UM,46.92959227,-0.1188332,19.38532956,27.25756942
BRA,2009,UM,46.30616746,-0.0252665,19.10195804,22.10597561
BRA,2010,UM,45.71872567,-0.0076855,20.53467365,22.77217811
BRA,2011,UM,45.16099944,-0.0357455,20.60896421,23.93440518
BRA,2012,UM,44.64290094,-0.0055523,20.71671277,25.11427361
BRA,2013,UM,44.17511735,0.1384625,20.91192187,25.78595733
BRA,2014,UM,43.81837033,-0.0203333,19.87302891,24.68540581
BRA,2015,UM,43.59359344,-0.1018264,17.83580705,26.95362594
BRA,2016,UM,43.43981091,-0.1005395,15.52432732,24.53368208
BRA,2017,UM,43.37133009,-0.1049895,14.55898652,24.31973437
BRA,2018,UM,43.43165223,-0.2064206,15.09691196,28.87620338
BRA,2019,UM,43.5397483,0.0428329,15.47116974,28.89025787
BRA,2020,UM,43.58606703,-0.0873995,16.56102156,32.30207854
BRA,2021,UM,43.64046984,-0.0686134,17.91784905,37.65633076
BRA,2022,UM,43.79026299,-0.2352194,17.80040239,38.81606598
BRA,2023,UM,44.02909476,-0.2666224,16.41097511,33.66622983
BRA,2024,UM,44.32997639,-0.224003,16.90936132,35.58452394
BRA,2025,UM,44.32997639,-0.224003,16.83902523,35.58452394
BRA,2026,UM,44.32997639,-0.224003,16.83902523,35.58452394
BRB,2000,H,49.616342,0.7532431,,
BRB,2001,UM,49.22126883,0.7533687,,
BRB,2002,H,49.00297275,0.7534943,,
BRB,2003,UM,48.7596691,0.7406422,,
BRB,2004,UM,48.34889168,0.6014911,,
BRB,2005,UM,47.82204471,1.3423683,,
BRB,2006,H,47.21787539,1.4131061,,
BRB,2007,H,46.73416845,1.3271495,,
BRB,2008,H,46.64171681,1.5294458,,
BRB,2009,H,46.85449178,1.3184236,,
BRB,2010,H,47.00952849,1.2232303,,
BRB,2011,H,47.03862067,1.2759677,,
BRB,2012,H,47.08525419,1.2905412,,
BRB,2013,H,47.15147275,1.2093535,,
BRB,2014,H,47.23070006,1.164952,,
BRB,2015,H,47.28800853,1.1636099,,
BRB,2016,H,47.30181811,0.9780647,,
BRB,2017,H,47.43746941,0.9782162,,
BRB,2018,H,47.75585184,0.9790479,,
BRB,2019,H,48.22627745,0.7790151,,
BRB,2020,H,48.88113736,0.6105647,,
BRB,2021,H,49.61660834,0.6625554,,
BRB,2022,H,50.20510229,0.7073038,,
BRB,2023,H,50.55805297,0.6052291,,
BRB,2024,H,51.03814092,0.60457,,
BRB,2025,H,51.03814092,0.60457,,
BRB,2026,H,51.03814092,0.60457,,
BRN,2000,H,49.49097121,0.4679436,18.64919484,87.05533299
BRN,2001,H,47.99350035,0.46802560000000004,21.06258181,91.09978762
BRN,2002,H,46.51040567,0.4681076,33.79787685,93.21618147
BRN,2003,H,45.06189372,0.459714,21.92381653,89.0856161
BRN,2004,H,43.67117466,0.4073455,19.53785752,84.88216666
BRN,2005,H,42.35241857,0.4552184,16.10423637,81.62011402
BRN,2006,H,41.09817487,0.6451745,15.19736036,81.57095474
BRN,2007,H,40.47687588,0.6480843,19.76227309,81.01141464
BRN,2008,H,40.46139832,0.6779864,20.6452002,89.74542535
BRN,2009,H,40.45462009,0.7798184,26.21346596,90.28708826
BRN,2010,H,40.40891701,0.7436709,23.53213958,95.37154602
BRN,2011,H,40.20191879,0.7425023,25.91402053,99.5379309
BRN,2012,H,39.79504255,0.7478848,32.76609054,105.6409021
BRN,2013,H,39.3225002,0.8076506,39.45760176,110.9395996
BRN,2014,H,38.84320924,1.1383825,27.27830211,102.421001
BRN,2015,H,38.37786285,1.1373096,35.02798519,89.89618825
BRN,2016,H,38.00622952,0.9756594,34.36847535,87.31980133
BRN,2017,H,37.74049708,1.0134455,34.58756769,85.17686043
BRN,2018,H,37.55282216,1.0202584,40.89148804,93.89806177
BRN,2019,H,37.42875237,1.0771038,38.50702739,108.5096584
BRN,2020,H,37.38714947,1.0752528,40.37762875,110.2910037
BRN,2021,H,37.47995118,1.0763513,31.08439132,147.1231124
BRN,2022,H,37.71006402,0.9849534,25.67803325,146.9739659
BRN,2023,H,37.99864692,0.9854734,29.42540136,136.8634347
BRN,2024,H,38.29947486,0.8351988,27.69775102,132.5874396
BRN,2025,H,38.29947486,0.8351988,26.91452271,132.5874396
BRN,2026,H,38.29947486,0.8351988,26.91452271,132.5874396
BTN,2000,L,73.48298343,0.2369357,52.3538772,74.02649711
BTN,2001,L,71.28363031,0.23706125,62.23825397,71.09457473
BTN,2002,L,68.87786012,0.2371868,67.93486875,70.2833172
BTN,2003,L,66.30033382,0.2243347,66.51477893,72.84990066
BTN,2004,L,63.56587198,0.2677191,68.93443326,89.0605518
BTN,2005,L,61.07337634,0.3537186,61.71060973,97.74341354
BTN,2006,LM,59.09131874,0.1891631,48.27469707,108.1577949
BTN,2007,LM,57.32371119,0.2046584,40.22476021,106.9290224
BTN,2008,LM,55.63338284,0.2599671,45.2241686,101.9542357
BTN,2009,LM,54.10461101,0.4132294,49.7747232,101.5594116
BTN,2010,LM,52.75716724,0.4330688,62.73690059,105.0106667
BTN,2011,LM,51.58891446,0.4711814,67.79043837,102.7956002
BTN,2012,LM,50.62304707,0.5172017,69.15492624,94.04502715
BTN,2013,LM,49.83617192,0.6398365,63.35056632,95.05253828
BTN,2014,LM,49.1110962,0.4198133,54.62804126,87.9342562
BTN,2015,LM,48.34136512,0.3649184,56.1511419,89.63916046
BTN,2016,LM,47.54873624,0.440651,56.92566527,76.38475285
BTN,2017,LM,46.31882562,0.4832628,54.26420338,76.78840169
BTN,2018,LM,44.65309417,0.5384773,53.60363352,79.73972033
BTN,2019,LM,43.04411822,0.4846393,45.79967956,76.1235167
BTN,2020,LM,41.62592654,0.4837444,38.57053483,71.83035104
BTN,2021,LM,40.44343906,0.5963822,43.98969894,77.58244827
BTN,2022,LM,39.44021356,0.5347986,55.10768815,85.57121652
BTN,2023,LM,38.56216291,0.5353028,44.60665446,81.73662787
BTN,2024,LM,37.74786032,0.5808357,42.14550629,81.73662787
BTN,2025,LM,37.74786032,0.5808357,42.14550629,81.73662787
BTN,2026,LM,37.74786032,0.5808357,42.14550629,81.73662787
BWA,2000,UM,71.60093709,0.2321815,25.14247788,91.92472969
BWA,2001,UM,69.70410272,0.33824125,25.91849909,87.52506557
BWA,2002,UM,67.9250404,0.444301,27.47239656,91.83577406
BWA,2003,UM,66.29077118,0.6238241,28.01585283,85.83404252
BWA,2004,UM,64.86542704,0.5092061,27.84177356,90.99782289
BWA,2005,UM,63.65372471,0.5932223,25.33981253,88.50535206
BWA,2006,UM,62.63976532,0.3623225,20.26153137,86.61243391
BWA,2007,UM,61.7737878,0.5667941,24.56792259,98.49652494
BWA,2008,UM,61.0149548,0.5227345,25.38575028,99.00822201
BWA,2009,UM,60.3740691,0.5628411,28.33510353,88.48078863
BWA,2010,UM,59.93296241,0.5312259,26.76489412,94.63900209
BWA,2011,UM,59.80504662,0.5431636,30.19829213,98.96146778
BWA,2012,UM,60.18823447,0.5525088,31.46583173,111.8752806
BWA,2013,UM,60.73925511,0.5476863,27.58975352,125.7830399
BWA,2014,UM,61.0233976,0.5180867,25.43543744,119.4975418
BWA,2015,UM,61.06008705,0.5694337,27.10328568,112.900891
BWA,2016,UM,60.83657798,0.5361603,24.51917227,100.4646898
BWA,2017,UM,60.39227257,0.4156169,24.17917645,81.92395138
BWA,2018,UM,59.77944968,0.3467776,26.3934732,87.45510399
BWA,2019,UM,59.02123594,0.4033395,28.84966512,83.09298136
BWA,2020,UM,58.13953799,0.310377,27.63081994,77.66341786
BWA,2021,UM,57.36752363,0.4025631,26.39405425,88.75874959
BWA,2022,UM,56.99423922,0.4593723,24.41313513,85.61170775
BWA,2023,UM,56.86498226,0.5409963,25.484374,68.80335784
BWA,2024,UM,56.65514653,0.4168893,28.45919449,71.10525791
BWA,2025,UM,56.65514653,0.4168893,28.22582124,71.10525791
BWA,2026,UM,56.65514653,0.4168893,28.22582124,71.10525791
CAF,2000,L,91.46129135,-1.3119868,11.07229594,45.65978199
CAF,2001,L,91.17136073,-1.5197379,10.24082921,39.73049974
CAF,2002,L,90.72020506,-1.727489,9.624946666,36.10856478
CAF,2003,L,90.08207684,-1.7367337,6.404792507,36.231226
CAF,2004,L,89.77653598,-1.6558153,6.812138026,33.24395492
CAF,2005,L,89.48390398,-1.7555964,9.864817356,35.07093687
CAF,2006,L,89.64441069,-1.67014,10.23421102,36.39587023
CAF,2007,L,90.11277425,-1.6327306,10.68724058,37.58089902
CAF,2008,L,90.42941787,-1.6332668,12.72838729,34.43752181
CAF,2009,L,90.87642092,-1.5246398,12.92174239,31.49424649
CAF,2010,L,91.59104787,-1.4094241,16.13642323,34.43048195
CAF,2011,L,92.98220175,-1.4041863,13.4133986,34.47561833
CAF,2012,L,95.31768651,-1.4247717,10.76960051,33.05944859
CAF,2013,L,97.9595631,-1.5187178,6.349848525,38.39928757
CAF,2014,L,101.4546168,-1.6249509,21.15590576,53.09509202
CAF,2015,L,103.9170152,-1.6179467,20.57277537,53.14514778
CAF,2016,L,104.2122105,-1.5617326,20.87763843,50.53064402
CAF,2017,L,104.593669,-1.5629538,24.23802733,57.14354571
CAF,2018,L,104.9582451,-1.5339025,16.39798,49.6602
CAF,2019,L,104.9544762,-1.5816743,14.38813,50.0658
CAF,2020,L,104.5493315,-1.6123187,18.29877,49.52102
CAF,2021,L,105.0233755,-1.5775561,15.72306,44.15912
CAF,2022,L,105.5875593,-1.5903191,14.93227,45.23357
CAF,2023,L,105.1775624,-1.5707645,14.59484649,43.48057021
CAF,2024,L,104.7268498,-1.57655,15.12661217,46.43189998
CAF,2025,L,104.7268498,-1.57655,14.78257706,46.43189998
CAF,2026,L,104.7268498,-1.57655,14.78257706,46.43189998
CAN,2000,H,46.50546817,1.9204677,19.59933566,82.76535785
CAN,2001,H,46.04909939,1.94840115,20.15176469,78.34421839
CAN,2002,H,45.61621329,1.9763346,19.97488458,75.70703208
CAN,2003,H,45.22497565,1.9080933,20.01236906,69.84009462
CAN,2004,H,44.82396633,1.8705174,20.87458122,70.19241999
CAN,2005,H,44.41245305,1.861353,21.83724505,69.75913302
CAN,2006,H,44.10567014,1.7978845,22.88474439,68.05216448
CAN,2007,H,43.97283413,1.820534,23.33899573,66.28341975
CAN,2008,H,43.97981018,1.8470855,23.46896039,67.02360836
CAN,2009,H,44.06832963,1.7892317,22.30692716,58.47439182
CAN,2010,H,44.24260347,1.8008051,23.46115247,60.2081215
CAN,2011,H,44.61663929,1.8561632,23.51037613,62.49873877
CAN,2012,H,45.23949936,1.9358475,24.49428031,62.59554894
CAN,2013,H,45.98567192,1.8530136,24.1873901,62.2310749
CAN,2014,H,46.76566503,1.9138517,24.38930492,64.37866216
CAN,2015,H,47.58596316,1.8766375,23.85055797,66.16490207
CAN,2016,H,48.38950826,1.8665128,22.77235397,65.36368452
CAN,2017,H,49.09811431,1.9509261,22.69627953,65.10106085
CAN,2018,H,49.73347951,1.8344901,22.67606995,66.59988585
CAN,2019,H,50.41057292,1.8495246,22.57992849,66.17148528
CAN,2020,H,51.19835048,1.6877631,23.18420521,61.15677096
CAN,2021,H,52.03424854,1.682819,23.78933305,62.24683672
CAN,2022,H,52.64531693,1.8072447,23.08270543,67.31762156
CAN,2023,H,53.05184551,1.7452669,23.04039423,66.63233134
CAN,2024,H,53.63558435,1.7591249,22.91015975,65.14992127
CAN,2025,H,53.63558435,1.7591249,22.90232822,65.14992127
CAN,2026,H,53.63558435,1.7591249,22.90232822,65.14992127
CEB,2000,,46.5741028,,24.50108821,79.96618278
CEB,2001,,45.87114906,,23.51076365,80.59117531
CEB,2002,,45.20520088,,22.6647456,79.54472196
CEB,2003,,44.57721195,,22.82801813,83.84674673
CEB,2004,,44.02630536,,23.03073096,90.76346203
CEB,2005,,43.59939876,,23.58410132,93.73208088
CEB,2006,,43.29232619,,24.80670766,101.8881969
CEB,2007,,43.10456471,,27.24209655,104.6820372
CEB,2008,,43.07036632,,27.47402999,104.1851669
CEB,2009,,43.13013492,,23.66721368,92.93197551
CEB,2010,,43.37836815,,21.86597601,104.4649849
CEB,2011,,43.90185904,,22.39606181,112.8839667
CEB,2012,,44.53918218,,21.72958866,116.1208458
CEB,2013,,45.26842871,,21.2342865,117.6828583
CEB,2014,,46.16838749,,21.7046123,119.8751448
CEB,2015,,47.1970122,,22.17920693,119.4135557
CEB,2016,,48.31363195,,20.47313546,120.335513
CEB,2017,,49.50839127,,20.37324087,123.3518798
CEB,2018,,50.71924651,,21.17057906,123.8195006
CEB,2019,,51.93208389,,22.08935355,121.3630139
CEB,2020,,53.04799305,,21.69057421,114.6583109
CEB,2021,,53.84176788,,21.38944114,125.5524259
CEB,2022,,54.3056473,,21.66830457,139.8365093
CEB,2023,,54.69396363,,22.5234378,123.6050078
CEB,2024,,55.11222179,,21.28716274,116.3195126
CEB,2025,,55.11222179,,21.35808978,116.3195126
CHE,2000,H,48.60317053,2.0696735,27.52920298,97.93685621
CHE,2001,H,48.27152493,2.07091485,26.91507638,96.03983789
CHE,2002,H,47.79988776,2.0721562,27.10071553,91.78185086
CHE,2003,H,47.50521464,2.0303577,26.56961693,90.33549611
CHE,2004,H,47.25534196,1.9871918,27.37095255,95.51709446
CHE,2005,H,47.04255627,1.9793939,27.26453529,102.2611721
CHE,2006,H,46.890118,1.8501751,27.06799701,106.2451548
CHE,2007,H,46.78475227,1.8757502,27.23127793,113.3318578
CHE,2008,H,46.7146643,1.8685125,26.89785549,116.7780001
CHE,2009,H,46.80409756,1.8264497,25.37213793,109.7759846
CHE,2010,H,47.0257983,1.7959169,25.36827759,120.0651233
CHE,2011,H,47.32106799,1.8422401,25.61241351,125.5562732
CHE,2012,H,47.65531035,1.9392653,26.15402836,126.4538605
CHE,2013,H,47.99640755,1.8855359,26.15236966,133.6937084
CHE,2014,H,48.35248133,2.0976109,26.3235666,120.2134234
CHE,2015,H,48.69388294,2.0359711,26.4939782,117.1384822
CHE,2016,H,49.06411867,2.0910112,26.73411637,123.5659245
CHE,2017,H,49.54162642,2.0953521,27.51543585,123.6218076
CHE,2018,H,50.09373005,2.1122705,26.99993468,124.4285043
CHE,2019,H,50.63277754,2.0556232,27.00187816,124.1276122
CHE,2020,H,51.06523591,1.9595956,27.63339035,121.785978
CHE,2021,H,51.53130325,2.0800555,26.77501907,130.0162613
CHE,2022,H,52.18171462,2.0265432,26.25619165,138.5006988
CHE,2023,H,52.9575219,2.0409373,26.89208703,135.3200022
CHE,2024,H,53.77486492,1.8402935,26.45017618,134.0951485
CHE,2025,H,53.77486492,1.8402935,25.99662012,134.0951485
CHE,2026,H,53.77486492,1.8402935,25.99662012,134.0951485
CHI,2000,H,46.12273086,,,
CHI,2001,H,46.17212664,,,
CHI,2002,H,46.32860476,,,
CHI,2003,H,46.40675007,,,
CHI,2004,H,46.41237252,,,
CHI,2005,H,46.26236962,,,
CHI,2006,H,45.92267368,,,
CHI,2007,H,45.55354582,,,
CHI,2008,H,45.31467752,,,
CHI,2009,H,45.22898476,,,
CHI,2010,H,45.21876059,,,
CHI,2011,H,45.67196308,,,
CHI,2012,H,46.63079168,,,
CHI,2013,H,47.50715758,,,
CHI,2014,H,48.18868955,,,
CHI,2015,H,48.76359499,,,
CHI,2016,H,49.30034254,,,
CHI,2017,H,49.92199119,,,
CHI,2018,H,50.44920966,,,
CHI,2019,H,50.77463635,,,
CHI,2020,H,51.08015014,,,
CHI,2021,H,51.28428464,,,
CHI,2022,H,51.40984082,,,
CHI,2023,H,51.6540959,,,
CHI,2024,H,52.05480691,,,
CHI,2025,H,52.05480691,,,
CHI,2026,H,52.05480691,,,
CHL,2000,UM,53.82390994,0.9391959,22.0430828,58.71192309
CHL,2001,UM,53.16281225,1.02221165,22.48808094,62.14476697
CHL,2002,UM,52.40799637,1.1052274,22.27450537,62.4838519
CHL,2003,UM,51.54824174,1.1599142,22.08962916,65.69341959
CHL,2004,UM,50.6197974,1.1459329,21.39858041,69.88936005
CHL,2005,UM,49.6636025,1.3054961,23.36879573,72.06253424
CHL,2006,UM,48.70800134,1.2768856,21.0647065,73.71163504
CHL,2007,UM,47.84828427,1.2860486,21.97984302,76.97702471
CHL,2008,UM,47.14141385,1.1968363,26.88106512,80.67662624
CHL,2009,UM,46.56312248,1.2743821,24.12031546,66.68603096
CHL,2010,UM,46.072055,1.155394,23.01546032,69.71768014
CHL,2011,UM,45.6658086,1.2408511,24.7203929,72.48164281
CHL,2012,H,45.39216446,1.2838887,26.75266216,68.15614289
CHL,2013,H,45.26026439,1.2255779,26.34868319,65.14328795
CHL,2014,H,45.25181205,1.1023819,25.47353997,65.63462812
CHL,2015,H,45.32540587,1.0506453,25.4703711,59.34911048
CHL,2016,H,45.35790539,0.9734877,24.12919758,56.05786109
CHL,2017,H,45.24138774,0.9620758,22.25766445,56.02615897
CHL,2018,H,45.07873012,1.0356277,23.04979257,58.17705063
CHL,2019,H,44.98846262,1.0469727,24.5476232,57.61175457
CHL,2020,H,45.01082268,0.8727629,22.56054194,58.18286356
CHL,2021,H,45.03898191,0.8697585,23.31217246,64.87740632
CHL,2022,H,45.04869133,0.8753581,25.65405462,75.20161774
CHL,2023,H,45.09083475,0.9969509,24.39753147,60.72472369
CHL,2024,H,45.14050852,0.964461,23.6573015,63.85985725
CHL,2025,H,45.14050852,0.964461,24.08696675,63.85985725
CHL,2026,H,45.14050852,0.964461,24.08696675,63.85985725
CHN,2000,LM,46.11674052,-0.4964127,32.64717902,39.01094248
CHN,2001,LM,44.96931365,-0.50689005,33.45988179,38.08264695
CHN,2002,LM,43.53367413,-0.5173674,34.98786411,42.19444234
CHN,2003,LM,42.09097884,-0.5050609,38.08468093,51.07748013
CHN,2004,LM,40.69383682,-0.3548072,39.35053706,58.64033404
CHN,2005,LM,39.24492386,-0.4690918,39.27032898,61.36007494
CHN,2006,LM,38.20944139,-0.3960377,38.52157262,63.56957986
CHN,2007,LM,37.70811379,-0.2451269,37.67098731,61.266464
CHN,2008,LM,37.40432649,-0.1403096,38.80308142,56.711133
CHN,2009,LM,37.25673499,-0.14832,43.40976685,44.41976443
CHN,2010,UM,37.24108329,-0.1269778,43.52018219,49.85407223
CHN,2011,UM,37.36486663,-0.104167,43.51539093,49.94582723
CHN,2012,UM,37.71555632,-0.1320098,43.87370765,47.48021308
CHN,2013,UM,38.23929717,-0.1410284,44.07554314,45.91604138
CHN,2014,UM,38.87892493,0.4896286,43.38034737,44.06845648
CHN,2015,UM,39.60936132,0.5336101,41.61667104,38.69718484
CHN,2016,UM,40.44065578,0.543189,41.08058009,36.17717069
CHN,2017,UM,41.51094494,0.5787617,41.4184898,36.95085262
CHN,2018,UM,42.54087269,0.5311035,42.38037602,36.89438439
CHN,2019,UM,43.38736337,0.6706547,42.25034905,35.19942027
CHN,2020,UM,44.09237484,0.5674972,41.84941146,34.03895079
CHN,2021,UM,44.48277019,0.6669456,41.35212038,36.52069118
CHN,2022,UM,44.72561282,0.5292387,41.23293173,37.44071988
CHN,2023,UM,44.7297141,0.7776287,40.45443472,36.10519237
CHN,2024,UM,44.24411429,0.8957842,39.65193252,37.19842014
CHN,2025,UM,44.24411429,0.8957842,39.65193252,37.19842014
CHN,2026,UM,44.24411429,0.8957842,39.65193252,37.19842014
CIV,2000,L,94.05305709,-1.1469455,16.36206805,54.96399163
CIV,2001,L,94.19922743,-1.23034995,15.34076825,53.11410472
CIV,2002,L,94.34059287,-1.3137544,15.45886395,55.90194823
CIV,2003,L,94.47573367,-1.3187701,12.8438508,53.26006068
CIV,2004,L,94.57716084,-1.6168878,13.49333136,58.1182963
CIV,2005,L,94.60222895,-1.5345441,13.73747376,62.82093604
CIV,2006,L,94.55360185,-1.3783377,14.2436392,63.69037706
CIV,2007,L,94.43380259,-1.4015618,16.69714714,61.43094235
CIV,2008,LM,92.46894943,-1.3605844,16.11778346,61.9406213
CIV,2009,LM,89.072007,-1.1486226,16.10816078,66.67290375
CIV,2010,LM,86.24733753,-1.2514065,20.70317397,67.47294008
CIV,2011,LM,83.98256529,-1.20852,17.84705923,64.71590306
CIV,2012,LM,82.19969197,-1.0666458,17.11227154,70.30108932
CIV,2013,LM,80.75907292,-0.9238056,20.73120222,58.35267925
CIV,2014,LM,80.44127396,-0.7218402,22.47607017,53.68041756
CIV,2015,LM,80.97406685,-0.5999604,23.5616685,52.71536046
CIV,2016,LM,81.30619208,-0.6103532,23.2965013,47.56631389
CIV,2017,LM,81.45821323,-0.5958625,21.91091875,48.65960504
CIV,2018,LM,81.37020017,-0.5079239,22.46655036,46.04002824
CIV,2019,LM,81.11439311,-0.4891342,22.17664811,44.66041058
CIV,2020,LM,80.75565128,-0.4875808,20.34476314,41.94263182
CIV,2021,LM,80.13930046,-0.5005974,21.0571796,45.11403278
CIV,2022,LM,79.19700178,-0.354842,22.28952187,52.86639104
CIV,2023,LM,78.07747445,-0.3185096,20.60274258,48.81700391
CIV,2024,LM,76.92954815,-0.3157177,19.72198937,51.26403794
CIV,2025,LM,76.92954815,-0.3157177,20.04443413,51.26403794
CIV,2026,LM,76.92954815,-0.3157177,20.04443413,51.26403794
CMR,2000,L,93.17379984,-1.0516097,17.49022333,47.92794425
CMR,2001,L,92.34897966,-1.1283143999999998,19.23158532,51.57226919
CMR,2002,L,91.47318479,-1.2050191,19.51490012,48.48172273
CMR,2003,L,90.69035299,-1.2859289,18.36332315,40.24319259
CMR,2004,L,90.06519125,-1.048838,18.8910238,41.83774243
CMR,2005,LM,89.56635291,-1.0799827,18.58028377,44.99768135
CMR,2006,LM,89.14183973,-1.0844884,17.85567821,47.10443418
CMR,2007,LM,88.70664218,-0.9545798,18.58305078,53.21569086
CMR,2008,LM,88.28829779,-0.894691,19.8958105,56.92441716
CMR,2009,LM,87.94344226,-0.8292826,18.59924321,42.17610736
CMR,2010,LM,87.64995941,-0.8190524,18.52583587,47.2385854
CMR,2011,LM,87.39238321,-0.8421703,18.93489064,51.5219876
CMR,2012,LM,87.11522045,-0.8326177,18.19665798,50.03601273
CMR,2013,LM,86.74010555,-0.7950544,18.39354376,49.67453635
CMR,2014,LM,86.00433681,-0.5751346,19.436914,50.83238931
CMR,2015,LM,85.20322843,-0.6267228,18.61178163,45.54014683
CMR,2016,LM,84.72873165,-0.6124981,19.45761488,40.63863153
CMR,2017,LM,84.45293502,-0.6251,19.29614069,39.19902161
CMR,2018,LM,84.12266748,-0.6780214,19.55004135,40.58760288
CMR,2019,LM,83.58064135,-0.7379684,19.08850679,43.37851325
CMR,2020,LM,82.88431227,-0.8271415,18.19229915,33.73883136
CMR,2021,LM,82.08936504,-0.7877108,18.18953947,36.73083472
CMR,2022,LM,81.22958666,-0.7843452,18.81642687,41.28660256
CMR,2023,LM,80.29516041,-0.7787017,19.14696009,37.89033212
CMR,2024,LM,79.33046171,-0.8007887,18.18190258,34.40317859
CMR,2025,LM,79.33046171,-0.8007887,19.34255248,34.40317859
CMR,2026,LM,79.33046171,-0.8007887,19.34255248,34.40317859
COD,2000,L,94.64734693,-2.0321191,14.41831117,27.01440292
COD,2001,L,94.82708582,-2.0906951,6.662787904,25.04193751
COD,2002,L,95.06157172,-2.1492711,7.428933449,29.31684564
COD,2003,L,95.39737869,-2.15596,9.424783611,54.03135618
COD,2004,L,95.65053343,-1.8129762,12.14211295,49.33641463
COD,2005,L,95.74576018,-1.7346249,17.03808071,51.02767491
COD,2006,L,95.8995825,-1.596995,15.5353662,44.76670899
COD,2007,L,96.20538695,-1.6286105,16.91645638,72.99830318
COD,2008,L,96.54942259,-1.6446415,23.31125252,72.95270932
COD,2009,L,96.80014181,-1.6494137,22.09726068,63.08600455
COD,2010,L,96.75622591,-1.6776721,27.82496843,80.99751539
COD,2011,L,96.51439431,-1.6387841,29.47187991,83.4133638
COD,2012,L,96.43144244,-1.5733358,27.5116098,66.70567475
COD,2013,L,96.45487492,-1.369127,30.21450481,72.55575451
COD,2014,L,96.48496669,-1.4008887,31.23932637,74.11317294
COD,2015,L,96.52781872,-1.4727107,26.25397563,57.75392362
COD,2016,L,96.19789361,-1.3846284,28.27741946,68.00833429
COD,2017,L,95.7976313,-1.4588281,27.52911872,65.91845253
COD,2018,L,95.94153874,-1.5190922,28.67115193,72.55917391
COD,2019,L,96.35179732,-1.57826,22.29934385,60.91435237
COD,2020,L,96.61302061,-1.6808836,21.84540797,61.02847077
COD,2021,L,96.72622995,-1.7049551,32.55839412,75.38705239
COD,2022,L,96.76581216,-1.7341162,36.68315454,85.82216919
COD,2023,L,96.68253412,-1.6579504,34.07555493,86.74005818
COD,2024,L,96.49665666,-1.6934449,31.38464491,100.5540883
COD,2025,L,96.49665666,-1.6934449,28.79028864,100.5540883
COD,2026,L,96.49665666,-1.6934449,28.79028864,100.5540883
COG,2000,L,83.75601544,-1.3111633,20.91166848,123.9098844
COG,2001,L,81.81977789,-1.3110813000000001,26.26875946,130.7324811
COG,2002,L,81.66288967,-1.3109993,22.54294741,135.4560711
COG,2003,L,81.1364892,-1.3193929,25.48002788,156.8617773
COG,2004,L,80.06975419,-1.1452811,21.90546992,131.3681987
COG,2005,LM,78.99311609,-1.285593,23.42333118,119.5528923
COG,2006,LM,77.96213619,-1.2884306,25.35507741,125.600763
COG,2007,LM,77.20614456,-1.3116547,58.68632809,148.5866254
COG,2008,LM,77.04382931,-1.1272144,39.54562085,133.1084867
COG,2009,LM,76.45012624,-1.12546,52.82920501,135.5523657
COG,2010,LM,75.99792066,-1.1177022,38.77981189,124.0647544
COG,2011,LM,76.5415853,-1.1032116,33.86871681,124.5917427
COG,2012,LM,77.45552242,-1.0475415,38.15147808,97.44443515
COG,2013,LM,78.60547161,-1.1096762,47.06191186,93.00286339
COG,2014,LM,79.59841317,-0.929383,54.82598071,104.1976201
COG,2015,LM,80.40087101,-0.8351827,78.00091728,117.3207216
COG,2016,LM,80.90041178,-0.8123243,77.8214899,122.2598183
COG,2017,LM,81.06104056,-0.8685556,36.66445802,94.61709526
COG,2018,LM,81.00465822,-0.9770525,26.34578193,100.5832168
COG,2019,LM,80.73334479,-0.9420603,26.11553015,91.57575479
COG,2020,LM,80.26258562,-1.1735413,23.25573046,69.30662472
COG,2021,LM,79.66609727,-1.1895932,22.13867637,85.54620316
COG,2022,LM,78.91098302,-1.1313765,20.6905597,98.16133669
COG,2023,LM,77.93058535,-1.1669408,24.90451981,96.2103944
COG,2024,LM,76.77648481,-1.110638,26.53933987,93.18812208
COG,2025,LM,76.77648481,-1.110638,29.08126185,93.18812208
COG,2026,LM,76.77648481,-1.110638,29.08126185,93.18812208
COK,2000,,,0.3782609,,
COK,2002,,,0.3782609,,
COK,2003,,,0.3782609,,
COK,2004,,,0.3782609,,
COK,2005,,,0.3782609,,
COK,2006,,,0.3652926,,
COK,2007,,,0.5085186,,
COK,2008,,,0.5238152,,
COK,2009,,,-0.3673689,,
COK,2010,,,-0.4916805,,
COK,2011,,,-0.4670792,,
COK,2012,,,-0.7884165,,
COK,2013,,,-0.7876085,,
COK,2014,,,-0.7549339,,
COK,2015,,,-0.7609589,,
COK,2016,,,-0.6476514428571428,,
COK,2017,,,-0.5343439857142858,,
COK,2018,,,-0.4210365285714286,,
COK,2019,,,-0.3077290714285714,,
COK,2020,,,-0.19442161428571425,,
COK,2021,,,-0.08111415714285719,,
COK,2022,,,0.0321933,,
COK,2023,,,0.0389791,,
COK,2024,,,0.5262603,,
COL,2000,LM,58.81334501,-0.4859849,14.12931411,32.66708547
COL,2001,LM,58.04174401,-0.6273659,15.39953332,33.90111179
COL,2002,LM,57.25313772,-0.7687469,16.72529685,32.98263921
COL,2003,LM,56.45984885,-0.4180993,18.1097505,36.51618352
COL,2004,LM,55.62786292,-0.2488422,18.83175961,35.86342693
COL,2005,LM,54.73282193,-0.3124671,20.95615432,37.42269749
COL,2006,LM,53.78239606,-0.2040905,22.57759353,39.64135596
COL,2007,LM,52.79888667,-0.1895281,24.07737581,37.0988971
COL,2008,UM,51.81904536,-0.1818918,21.91378102,39.16764942
COL,2009,UM,50.85414823,-0.2490387,22.64670816,35.15612851
COL,2010,UM,49.92804496,-0.1486694,22.0429732,34.26460317
COL,2011,UM,49.07268653,-0.0530657,21.91582542,39.47042355
COL,2012,UM,48.27420671,-0.1049844,21.12520949,38.83515102
COL,2013,UM,47.4997949,-0.0488965,21.3383971,37.9866488
COL,2014,UM,46.80441743,-0.2072724,22.67050988,37.48746564
COL,2015,UM,46.19586785,-0.134012,23.3747819,38.36076412
COL,2016,UM,45.56979695,-0.1150666,22.12965771,36.20265298
COL,2017,UM,44.83947584,-0.1489232,21.72279192,35.28291494
COL,2018,UM,44.08660221,-0.1139281,21.22787108,36.5347528
COL,2019,UM,43.49892568,-0.0738128,21.26910726,37.55853398
COL,2020,UM,43.12054711,-0.082969,18.36207561,34.05557097
COL,2021,UM,42.88163493,-0.0318011,18.98973197,40.05914639
COL,2022,UM,42.77522578,0.0015825,19.0704918,48.28265511
COL,2023,UM,42.80261985,-0.0421246,16.42408014,40.38813249
COL,2024,UM,42.96037698,-0.1110991,16.2164481,37.02546871
COL,2025,UM,42.96037698,-0.1110991,16.01012975,37.02546871
COL,2026,UM,42.96037698,-0.1110991,16.01012975,37.02546871
COM,2000,L,104.8816376,-1.3119868,17.11642693,35.75747853
COM,2001,L,103.4853843,-1.0537074499999999,17.11646953,35.75722885
COM,2002,L,102.3565659,-0.7954281,17.11644262,35.75711903
COM,2003,L,101.1224493,-1.3245877,17.11645199,35.75695912
COM,2004,L,99.04300972,-1.4426344,17.11646375,35.75706313
COM,2005,L,96.46078422,-1.6013118,17.11644399,35.75740932
COM,2006,L,94.0210783,-1.5923588,17.11645598,35.75727457
COM,2007,L,91.62853833,-1.5906167,16.01074128,33.15617921
COM,2008,L,89.22201241,-1.6707387,18.69449668,36.21852635
COM,2009,L,86.83028763,-1.6389712,16.6441196,37.89692233
COM,2010,L,84.55962346,-1.6305278,17.86243907,39.5501058
COM,2011,L,82.49505556,-1.6969104,16.72721184,40.00094857
COM,2012,L,80.68293873,-1.5902603,16.69606908,40.81044241
COM,2013,L,79.58155564,-1.527998,16.21639415,39.24333041
COM,2014,L,79.14409016,-1.3214626,15.237497,39.23582442
COM,2015,L,78.81067328,-1.4105773,13.4963324,37.80495207
COM,2016,L,78.42235917,-1.3535015,12.47559196,37.13287972
COM,2017,L,77.58723066,-1.2955426,13.32325981,40.16435892
COM,2018,LM,76.4719336,-1.313442,14.75945763,42.99615334
COM,2019,LM,75.50375628,-1.3431515,12.62817351,42.26807854
COM,2020,LM,74.62811986,-1.374859,10.9568843,33.7299346
COM,2021,LM,73.7911551,-1.5520366,13.26157644,42.06772364
COM,2022,LM,72.93243058,-1.3767923,11.93729487,50.38877048
COM,2023,LM,72.04093111,-1.2489279,12.1036211,45.68377892
COM,2024,LM,71.21398909,-1.2085975,11.99159357,44.37317675
COM,2025,LM,71.21398909,-1.2085975,11.84521409,44.37317675
COM,2026,LM,71.21398909,-1.2085975,11.84521409,44.37317675
CPV,2000,LM,87.37372485,-0.3020434,,87.52060836
CPV,2001,LM,84.45619941,-0.3020434,,92.1637225
CPV,2002,LM,81.40597144,-0.3020434,,101.0897023
CPV,2003,LM,78.37027212,-0.3144311,,98.76838081
CPV,2004,LM,75.38204874,-0.3541324,,101.56717
CPV,2005,LM,72.4718422,-0.2222417,,104.3438399
CPV,2006,LM,69.6582482,0.1384059,,117.8166972
CPV,2007,LM,66.92402146,0.2908065,,94.20620755
CPV,2008,LM,64.22792191,0.1812377,,90.96638824
CPV,2009,LM,61.55928308,0.1808895,,80.46095613
CPV,2010,LM,58.97315957,0.107822,,85.54844988
CPV,2011,LM,56.62710006,0.1311091,,90.55645011
CPV,2012,LM,54.68367128,0.1117572,,90.64991655
CPV,2013,LM,53.16954581,0.07416,,86.16986003
CPV,2014,LM,52.0485296,0.1923468,,91.30385241
CPV,2015,LM,51.34823794,0.3232931,,94.00848702
CPV,2016,LM,51.10404887,0.2898294,,95.37813986
CPV,2017,LM,51.22761703,0.3194131,,100.0521339
CPV,2018,LM,51.54372915,0.345416,,105.8675241
CPV,2019,LM,51.95207089,0.383949,,103.6026565
CPV,2020,LM,52.38821349,0.3949941,,78.39345459
CPV,2021,LM,51.80973537,0.2774591,,77.45505863
CPV,2022,LM,50.38323433,0.3600121,,96.99413685
CPV,2023,LM,49.14325526,0.361672,,95.03249433
CPV,2024,UM,47.94102394,0.4151952,,96.50535367
CPV,2025,UM,47.94102394,0.4151952,,96.50535367
CPV,2026,UM,47.94102394,0.4151952,,96.50535367
CRI,2000,UM,57.95461292,0.1089203,19.68958195,86.52492351
CRI,2001,UM,56.65630223,0.15470594999999998,19.83481613,80.85275872
CRI,2002,UM,55.34831635,0.2004916,19.7839964,80.41394434
CRI,2003,UM,54.04729301,0.1932721,19.79017538,83.32770754
CRI,2004,UM,52.80590082,0.2661532,19.87815593,85.2564772
CRI,2005,UM,51.67642666,0.2312006,19.95180297,89.22266389
CRI,2006,UM,50.63804362,0.1677132,20.29306693,89.81455461
CRI,2007,UM,49.69260075,0.2444248,22.36499942,86.45659584
CRI,2008,UM,48.89493851,0.2763826,23.74497136,86.40151271
CRI,2009,UM,48.20664919,0.4024005,21.00356279,69.75931773
CRI,2010,UM,47.53810731,0.4026744,19.45640914,67.51208968
CRI,2011,UM,46.95967422,0.3641095,19.43251564,68.63914651
CRI,2012,UM,46.52990349,0.4335446,20.0288558,67.0485393
CRI,2013,UM,46.14781048,0.3382818,19.81561009,64.06641059
CRI,2014,UM,45.80561633,0.3669615,19.83994966,65.19124205
CRI,2015,UM,45.5365509,0.3596651,18.98892616,60.75356194
CRI,2016,UM,45.33931533,0.315527,18.82454314,62.17847818
CRI,2017,UM,45.26174994,0.3339142,18.17776082,65.07195374
CRI,2018,UM,45.32568006,0.3528682,18.29052957,66.94534202
CRI,2019,UM,45.42234871,0.3043657,16.469033,65.76053002
CRI,2020,UM,45.39401179,0.2258033,16.25116909,60.13988625
CRI,2021,UM,45.26977891,0.2714874,17.07140115,70.7816423
CRI,2022,UM,45.14147804,0.1212348,17.32009786,82.22753254
CRI,2023,UM,45.03225323,0.3340948,16.6428398,72.47199908
CRI,2024,H,44.97885335,0.2868975,16.29621033,71.33101377
CRI,2025,H,44.97885335,0.2868975,16.25424273,71.33101377
CRI,2026,H,44.97885335,0.2868975,16.25424273,71.33101377
CSK,2000,,,,,
CSK,2001,,,,,
CSK,2002,,,,,
CSK,2003,,,,,
CSK,2004,,,,,
CSK,2005,,,,,
CSK,2006,,,,,
CSK,2007,,,,,
CSK,2008,,,,,
CSK,2009,,,,,
CSK,2010,,,,,
CSK,2011,,,,,
CSK,2012,,,,,
CSK,2013,,,,,
CSK,2014,,,,,
CSK,2015,,,,,
CSK,2016,,,,,
CSK,2017,,,,,
CSK,2018,,,,,
CSK,2019,,,,,
CSK,2020,,,,,
CSK,2021,,,,,
CSK,2022,,,,,
CSK,2023,,,,,
CSK,2024,,,,,
CSK,2025,,,,,
CSK,2026,,,,,
CSS,2000,,56.68416261,,,
CSS,2001,,55.66409068,,,
CSS,2002,,54.64556711,,,
CSS,2003,,53.67378991,,,
CSS,2004,,52.73548355,,,
CSS,2005,,52.03785862,,,
CSS,2006,,51.20080572,,,
CSS,2007,,50.41431675,,,
CSS,2008,,49.72408963,,,
CSS,2009,,49.15543984,,,
CSS,2010,,48.57803749,,,
CSS,2011,,47.99930743,,,
CSS,2012,,47.56552376,,,
CSS,2013,,47.24691954,,,
CSS,2014,,46.99931239,,,
CSS,2015,,46.82519616,,,
CSS,2016,,46.72340849,,,
CSS,2017,,46.70837798,,,
CSS,2018,,46.43173672,,,
CSS,2019,,46.42545811,,,
CSS,2020,,46.78926871,,,
CSS,2021,,46.86811928,,,
CSS,2022,,46.90360885,,,
CSS,2023,,47.02108839,,,
CSS,2024,,47.1877178,,,
CSS,2025,,47.1877178,,,
CUB,2000,LM,45.09557223,-0.4808917,11.87682805,31.07598788
CUB,2001,LM,44.95485303,-0.64292885,10.78611469,29.36109638
CUB,2002,LM,44.82771176,-0.804966,9.151694676,24.72931335
CUB,2003,LM,44.59693675,-0.8099817,8.202789879,26.58713358
CUB,2004,LM,44.25270375,-0.580456,8.474465356,31.31141533
CUB,2005,LM,43.8987908,-0.8989728,8.961435812,39.36137443
CUB,2006,LM,43.5772857,-0.4655686,10.40141972,37.18801429
CUB,2007,UM,43.37475227,-0.464055,9.688433705,37.96760966
CUB,2008,UM,43.342913,-0.4304076,10.82700312,44.91722075
CUB,2009,UM,43.4349353,-0.4262852,8.675902062,32.91398196
CUB,2010,UM,43.59654049,-0.5959661,8.646312648,40.2919413
CUB,2011,UM,43.79834945,-0.5964777,7.711262502,46.96042905
CUB,2012,UM,44.06606212,-0.4747673,7.761720512,45.86620363
CUB,2013,UM,44.35189093,-0.4746378,8.243894851,44.32389693
CUB,2014,UM,44.55556092,-0.0016531,7.303849306,39.27415285
CUB,2015,UM,44.71655421,-0.0026185,8.64312865,31.61381248
CUB,2016,UM,44.85347384,-0.0350921,8.811386733,27.26911324
CUB,2017,UM,44.9911055,-0.0638778,9.874998288,26.22243638
CUB,2018,UM,45.25520436,-0.211616,11.44727223,27.08354845
CUB,2019,UM,45.60546287,-0.1082032,11.21170751,22.82089114
CUB,2020,UM,45.93219069,-0.1099187,9.814442209,15.68298681
CUB,2021,UM,46.00783143,-0.0976359,10.49928652,80.02377031
CUB,2022,UM,46.09818406,0.0198019,11.48535839,93.86077559
CUB,2023,UM,46.43327112,-0.0018925,12.85637621,120.5338784
CUB,2024,UM,46.76319277,-0.2695183,12.75635223,124.8632389
CUB,2025,UM,46.76319277,-0.2695183,12.75635223,124.8632389
CUB,2026,UM,46.76319277,-0.2695183,12.75635223,124.8632389
CUW,2000,,55.46496638,,24.89456088,134.9114598
CUW,2001,,55.3591852,,24.89456088,134.9114598
CUW,2002,,54.6716945,,24.89456088,134.9114598
CUW,2003,,53.48461046,,24.89456088,134.9114598
CUW,2004,,52.29361963,,24.89456088,134.9114598
CUW,2005,,51.19001856,,24.89456088,134.9114598
CUW,2006,,50.25265689,,24.82796767,144.5555111
CUW,2007,,49.47444877,,26.22250503,146.0491225
CUW,2008,,48.83284362,,28.0465653,166.7395417
CUW,2009,,48.32065618,,27.2986548,144.7023417
CUW,2010,H,48.01915152,,27.45270612,143.9322118
CUW,2011,H,47.65158486,,31.10089524,172.9234178
CUW,2012,H,47.48545384,,26.99993022,183.2364608
CUW,2013,H,47.76226933,,28.86877814,166.4061489
CUW,2014,H,48.12597976,,26.50858781,164.3598175
CUW,2015,H,48.55004325,,26.24189283,148.3138162
CUW,2016,H,48.94724567,,29.26565968,139.0529782
CUW,2017,H,49.21746907,,28.72641588,139.8124492
CUW,2018,H,45.84755925,,34.04735711,155.268858
CUW,2019,H,44.16089807,,34.04735711,155.268858
CUW,2020,H,45.44757201,,34.04735711,155.268858
CUW,2021,H,45.52363667,,34.04735711,155.268858
CUW,2022,H,45.73546885,,34.04735711,155.268858
CUW,2023,H,46.03777148,,34.04735711,155.268858
CUW,2024,H,46.43413764,,34.04735711,155.268858
CUW,2025,H,46.43413764,,34.04735711,155.268858
CUW,2026,H,46.43413764,,34.04735711,155.268858
CYM,2000,H,33.627484,1.7858581,,117.436584
CYM,2001,H,33.64014831,1.78598365,,117.436584
CYM,2002,H,33.49032906,1.7861092,,117.436584
CYM,2003,H,33.2423498,1.2569496,,117.436584
CYM,2004,H,32.90352831,0.8951417,,117.436584
CYM,2005,H,32.49044315,1.2500659,,117.436584
CYM,2006,H,32.04391152,1.2471197,,117.436584
CYM,2007,H,31.60111244,1.2515751,,117.436584
CYM,2008,H,31.2102401,1.2550503,,117.436584
CYM,2009,H,30.91985768,1.0009922,,117.436584
CYM,2010,H,30.82875868,1.0023954,,117.436584
CYM,2011,H,30.96707334,1.0015699,,117.436584
CYM,2012,H,31.15115345,1.0017778,,117.436584
CYM,2013,H,31.21630389,1.00201,,117.436584
CYM,2014,H,31.247682,1.1162778,,117.436584
CYM,2015,H,31.27049704,1.1145462,,117.436584
CYM,2016,H,31.27509518,1.1151481,,117.436584
CYM,2017,H,31.31549496,1.1153436,,117.436584
CYM,2018,H,31.39583541,1.1164167,,117.1171221
CYM,2019,H,31.46014762,1.1174627,,114.8385399
CYM,2020,H,31.43753827,0.9047216,,105.4727902
CYM,2021,H,31.76957053,1.1162482,,105.4727902
CYM,2022,H,32.43858221,1.1842957,,105.4727902
CYM,2023,H,33.04067469,1.1850832,,105.4727902
CYM,2024,H,33.66304641,1.1842501,,105.4727902
CYM,2025,H,33.66304641,1.1842501,,105.4727902
CYM,2026,H,33.66304641,1.1842501,,105.4727902
CYP,2000,H,47.54794653,1.3111056,20.0836358,137.4949032
CYP,2001,H,46.55660155,1.43000895,19.02272361,131.8490679
CYP,2002,H,45.81645782,1.5489123,20.94763863,123.6413321
CYP,2003,H,45.14915837,1.2427928,20.28618734,114.004633
CYP,2004,H,44.32354563,1.1952669,20.64573436,113.9036135
CYP,2005,H,43.38550827,1.299176,21.52668947,111.9170653
CYP,2006,H,42.40943906,1.2048195,25.07756097,109.806498
CYP,2007,H,41.48123919,1.2334071,25.54834089,111.2751228
CYP,2008,H,40.66157065,1.3890009,27.18330901,112.9259309
CYP,2009,H,39.9857916,1.3244041,23.43934291,102.7910919
CYP,2010,H,39.47968558,1.4784399,22.39315328,108.9016993
CYP,2011,H,39.22637509,1.4990644,18.983541,110.6171313
CYP,2012,H,39.22718796,1.485049,15.46179268,112.3442733
CYP,2013,H,39.34258365,1.4722986,14.07952486,120.9262006
CYP,2014,H,39.53305577,1.1190613,13.30433988,130.8443631
CYP,2015,H,39.82164314,1.0770285,12.83300471,137.2764265
CYP,2016,H,40.20034271,1.0483689,18.03462808,139.0220985
CYP,2017,H,40.61300105,1.1146166,20.79473753,148.0133556
CYP,2018,H,41.02632113,0.860738,18.58061932,147.6235674
CYP,2019,H,41.46454896,0.9974556,18.68391988,150.5061696
CYP,2020,H,41.96568832,1.0026015,20.81838456,160.6687165
CYP,2021,H,42.53320667,0.86,19.21713285,176.8277368
CYP,2022,H,43.08447585,0.9509266,20.36535248,205.7535437
CYP,2023,H,43.63110176,0.9314768,21.98672561,190.7407884
CYP,2024,H,44.27588595,0.8696373,20.548534,190.4028709
CYP,2025,H,44.27588595,0.8696373,20.03448295,190.4028709
CYP,2026,H,44.27588595,0.8696373,20.03448295,190.4028709
CZE,2000,UM,43.31247781,0.5125501,31.10584656,97.49839563
CZE,2001,UM,42.58295727,0.6987647,31.00007949,98.53687373
CZE,2002,UM,41.89050866,0.8849793,29.63446388,90.87927155
CZE,2003,UM,41.23228448,0.8087247,29.25158399,94.64686007
CZE,2004,UM,40.70222367,0.7384194,28.5804642,113.173976
CZE,2005,UM,40.38467143,0.9422649,28.52485926,121.1912873
CZE,2006,H,40.25001966,0.8055261,28.15107817,127.0510151
CZE,2007,H,40.36862816,0.6145105,29.66655595,129.8767395
CZE,2008,H,40.82634927,0.7918796,28.90567184,123.9048099
CZE,2009,H,41.59836849,0.8451827,27.18415006,113.0492548
CZE,2010,H,42.57534017,0.713873,26.52196208,126.7564801
CZE,2011,H,43.8657197,0.7416914,26.09834801,136.7508555
CZE,2012,H,45.47471109,0.7285974,25.37511054,145.4801954
CZE,2013,H,47.07665119,0.6929877,24.77537238,145.5022306
CZE,2014,H,48.59265862,0.9017758,24.7408229,156.4151228
CZE,2015,H,50.08363708,0.9304102,25.67646206,154.018401
CZE,2016,H,51.60667754,1.0079335,24.30934766,148.5470047
CZE,2017,H,53.13893655,1.0284233,23.72740641,147.7508349
CZE,2018,H,54.5796532,1.0258091,24.84566106,145.1417179
CZE,2019,H,55.90882203,0.971418,25.77204553,138.15461
CZE,2020,H,56.97795955,1.0855924,25.53536029,128.7804303
CZE,2021,H,57.74381826,1.1010113,26.23695752,137.3781163
CZE,2022,H,57.39605883,1.1951482,27.68776511,144.0114941
CZE,2023,H,56.78781597,1.2354239,27.94086679,131.8925983
CZE,2024,H,56.84472656,1.1773279,26.50247116,131.4849811
CZE,2025,H,56.84472656,1.1773279,26.40839918,131.4849811
CZE,2026,H,56.84472656,1.1773279,26.40839918,131.4849811
DEU,2000,H,47.30649082,1.7619844,22.88294845,59.1955993
DEU,2001,H,47.78863052,1.7540661,21.54336311,59.55928637
DEU,2002,H,48.20875252,1.7461478,19.88670301,58.33256872
DEU,2003,H,48.65825289,1.5716359,19.26388226,58.91454429
DEU,2004,H,49.29789267,1.5450395,18.83146391,62.90649095
DEU,2005,H,50.04172343,1.6484947,18.76442033,66.95310249
DEU,2006,H,50.84438221,1.6976514,19.46240592,72.75919346
DEU,2007,H,51.46125035,1.7597094,19.71517021,74.88384168
DEU,2008,H,51.81499877,1.737643,19.96303992,76.11316659
DEU,2009,H,52.15786378,1.7720019,18.83819773,66.13912758
DEU,2010,H,52.11753022,1.538577,19.18616122,73.88523512
DEU,2011,H,51.74623518,1.645879,20.00811821,78.4330029
DEU,2012,H,51.58050627,1.7583687,19.96631277,79.33164957
DEU,2013,H,51.61974906,1.8105078,19.57714688,77.58602886
DEU,2014,H,51.83217322,1.9655186,19.78257446,76.84835163
DEU,2015,H,52.12240699,1.9623466,19.74775107,77.75658157
DEU,2016,H,52.58204586,1.9057837,20.04384688,76.00599022
DEU,2017,H,53.2582531,1.8901031,20.13392897,77.45483947
DEU,2018,H,53.87545525,1.8019092,20.81752343,79.12522605
DEU,2019,H,54.53798686,1.8881241,21.15229781,79.07324272
DEU,2020,H,55.2950666,1.7812546,21.34267631,72.93353271
DEU,2021,H,56.23112721,1.8265941,21.18150415,79.91953486
DEU,2022,H,57.16212274,1.7792628,21.60104678,88.78575421
DEU,2023,H,57.99189539,1.5613864,21.19168774,81.96254838
DEU,2024,H,58.99703995,1.5462994,20.46031735,79.09073059
DEU,2025,H,58.99703995,1.5462994,20.31255663,79.09073059
DEU,2026,H,58.99703995,1.5462994,20.31255663,79.09073059
DJI,2000,LM,74.61598493,-1.3119868,25.02587108,347.7203171
DJI,2001,LM,73.33889171,-1.0537074499999999,25.02587108,347.7203171
DJI,2002,LM,72.21409275,-0.7954281,25.02587108,347.7203171
DJI,2003,LM,71.87018046,-0.8082803,25.02587108,347.7203171
DJI,2004,LM,71.97982351,-0.7162118,25.02587108,347.7203171
DJI,2005,LM,71.80413722,-0.8400325,25.02587108,347.7203171
DJI,2006,LM,71.04928623,-1.0430659,25.02587108,347.7203171
DJI,2007,LM,69.95118311,-0.8772624,25.02587108,347.7203171
DJI,2008,LM,68.82791461,-0.8117514,25.02587108,347.7203171
DJI,2009,LM,67.73339369,-0.7338482,25.02587108,347.7203171
DJI,2010,LM,66.75288871,-0.7292418,25.02587108,347.7203171
DJI,2011,LM,65.8080485,-0.7251155,25.02587108,347.7203171
DJI,2012,LM,64.89425755,-0.7689658,25.02587108,347.7203171
DJI,2013,LM,63.94770049,-0.7216376,25.02587108,347.7203171
DJI,2014,LM,62.89307257,-0.6905333,28.04091176,298.5645358
DJI,2015,LM,61.70075865,-0.7524266,30.33558946,268.3634563
DJI,2016,LM,60.37244195,-0.7128754,27.72287723,213.0719986
DJI,2017,LM,58.95998879,-0.7792345,26.11206826,305.9679664
DJI,2018,LM,57.53865781,-0.7720107,28.49375868,300.3989005
DJI,2019,LM,56.20398893,-0.6529552,29.79521014,320.9392304
DJI,2020,LM,54.99946005,-0.6750074,30.06819315,225.7448713
DJI,2021,LM,53.93828728,-0.6477013,29.6579988,263.4777287
DJI,2022,LM,53.02374967,-0.5581809,28.97631423,302.2854092
DJI,2023,LM,52.23109069,-0.536184,24.64590783,285.9020438
DJI,2024,LM,51.56300049,-0.4930443,24.16494691,241.2374631
DJI,2025,LM,51.56300049,-0.4930443,25.46294521,241.2374631
DJI,2026,LM,51.56300049,-0.4930443,25.46294521,241.2374631
DMA,2000,UM,66.22267511,0.7532431,,
DMA,2001,UM,65.03854799,0.7533687,,
DMA,2002,UM,63.49092474,0.7534943,,
DMA,2003,UM,61.92377667,0.7406422,,
DMA,2004,UM,60.47876195,0.3813429,,
DMA,2005,UM,59.09175076,0.3823937,,
DMA,2006,UM,57.70702973,0.3806177,,
DMA,2007,UM,56.30832104,0.5040295,,
DMA,2008,UM,54.97186586,0.5061243,,
DMA,2009,UM,53.82416011,0.5134391,,
DMA,2010,UM,52.92145062,0.6879945,,
DMA,2011,UM,51.53503478,0.6135665,,
DMA,2012,UM,50.21733461,0.6138167,,
DMA,2013,UM,48.39293316,0.6140962,,
DMA,2014,UM,46.62666167,0.1205519,,
DMA,2015,UM,45.60663399,0.118468,,
DMA,2016,UM,45.59583325,0.0457581,,
DMA,2017,UM,46.01986868,-0.4588519,,
DMA,2018,UM,45.5869477,-0.4575605,,
DMA,2019,UM,45.26000428,-0.4563017,,
DMA,2020,UM,44.99399193,-0.3864624,,
DMA,2021,UM,44.7922951,-0.384329,,
DMA,2022,UM,44.67103981,-0.0222235,,
DMA,2023,UM,44.62153993,0.3883874,,
DMA,2024,UM,44.57134122,0.1490422,,
DMA,2025,UM,44.57134122,0.1490422,,
DMA,2026,UM,44.57134122,0.1490422,,
DNK,2000,H,49.96444407,1.9471575,21.45958661,83.04208595
DNK,2001,H,50.28954129,2.06971865,21.26379179,83.9226646
DNK,2002,H,50.57488649,2.1922798,20.58711393,84.48459255
DNK,2003,H,50.83980001,2.1441789,20.69764567,80.76130018
DNK,2004,H,51.04839091,2.0993907,20.65793992,82.00773082
DNK,2005,H,51.1905549,2.0614768,21.17237973,89.39879525
DNK,2006,H,51.3208674,2.1627643,23.27476471,97.42986077
DNK,2007,H,51.4818852,2.2040874,23.49838631,100.0476746
DNK,2008,H,51.74914418,2.1465669,22.93938775,104.4703102
DNK,2009,H,52.18902638,2.1667207,20.10243138,89.39485666
DNK,2010,H,52.78751191,1.920097,17.99391446,94.38772823
DNK,2011,H,53.51763108,2.0426979,18.14753095,102.0129305
DNK,2012,H,54.23692955,1.9667251,18.79864356,104.3622805
DNK,2013,H,54.75767796,1.9589905,18.80653812,103.6128132
DNK,2014,H,55.09942376,1.8095293,19.33425699,103.2108592
DNK,2015,H,55.32686516,1.7943827,19.8029126,105.1303625
DNK,2016,H,55.56316592,1.8352349,20.98488206,101.4527838
DNK,2017,H,55.88981621,1.8254188,21.23038287,104.2156769
DNK,2018,H,56.23146253,1.920528,21.76294543,108.8139855
DNK,2019,H,56.59996434,1.9444854,21.35340899,111.8914751
DNK,2020,H,57.00376476,1.9999488,22.18442448,104.4334327
DNK,2021,H,57.28726847,2.1905145,23.20623783,112.3214727
DNK,2022,H,57.32428855,2.0983389,23.08974209,131.9958249
DNK,2023,H,57.39885117,1.9559634,23.53053567,129.6253374
DNK,2024,H,57.63535573,1.9128986,23.33203841,131.765031
DNK,2025,H,57.63535573,1.9128986,21.8499949,131.765031
DNK,2026,H,57.63535573,1.9128986,21.8499949,131.765031
DOM,2000,LM,65.57911666,-0.8764303,25.04435713,79.3003931
DOM,2001,LM,64.83765813,-0.86029125,23.57825989,70.51056781
DOM,2002,LM,64.07957833,-0.8441522,24.75224704,68.7232829
DOM,2003,LM,63.22960003,-0.8381869,20.05372035,84.44950319
DOM,2004,LM,62.23309847,-0.797519,20.43936113,81.35142294
DOM,2005,LM,61.12516839,-0.8364096,22.61261991,61.65355874
DOM,2006,LM,59.97022602,-0.6870847,25.88014001,63.76648264
DOM,2007,LM,58.83117127,-0.7085351,27.03742999,61.22925915
DOM,2008,UM,57.78540753,-0.6984304,28.01608958,61.42850583
DOM,2009,UM,56.87030342,-0.6709237,22.99268488,50.65093768
DOM,2010,UM,56.08479863,-0.7108721,24.92005174,56.05739642
DOM,2011,UM,55.40601016,-0.6735468,24.37784399,59.06925784
DOM,2012,UM,54.86557156,-0.5008993,23.64417637,58.50625367
DOM,2013,UM,54.47577165,-0.4176139,21.82225695,56.8137658
DOM,2014,UM,54.10881782,-0.1120342,22.19851166,55.66010415
DOM,2015,UM,53.69033669,-0.3030553,22.57738623,52.34712387
DOM,2016,UM,53.29847803,-0.2432639,22.16851061,51.73065712
DOM,2017,UM,53.00409977,-0.3142266,20.9638453,50.75953555
DOM,2018,UM,52.82550027,-0.3568186,24.82057524,52.33517096
DOM,2019,UM,52.73428195,-0.2994857,24.98431382,50.9129822
DOM,2020,UM,52.65440583,-0.3603632,24.8098539,44.73316135
DOM,2021,UM,52.59197721,-0.1501487,28.94956121,51.95002273
DOM,2022,UM,52.62304887,-0.1210713,29.96700548,54.37819767
DOM,2023,UM,52.65977605,0.045792,28.98354844,49.84361318
DOM,2024,UM,52.57421559,0.0746487,26.12109216,51.7835144
DOM,2025,UM,52.57421559,0.0746487,24.86974052,51.7835144
DOM,2026,UM,52.57421559,0.0746487,24.86974052,51.7835144
DZA,2000,LM,61.52108925,-1.0812973,20.67724276,62.85834364
DZA,2001,LM,58.8828884,-0.89983345,25.12438402,54.52964912
DZA,2002,LM,56.45534532,-0.7183696,27.12319349,56.58960528
DZA,2003,LM,54.28873168,-0.8617248,26.11910905,57.7691353
DZA,2004,LM,52.4454103,-0.680783,26.10143953,61.35799757
DZA,2005,LM,50.94310351,-0.6847363,24.83338499,66.84046022
DZA,2006,LM,49.7732744,-0.7349677,25.16692939,65.91529197
DZA,2007,LM,48.88882144,-0.7517159,27.99862372,67.54547339
DZA,2008,UM,48.26905048,-0.7243628,30.03976757,71.02849225
DZA,2009,UM,47.91518885,-0.6983821,38.77385347,64.28475472
DZA,2010,UM,47.82363516,-0.6027467,36.82474542,63.49121599
DZA,2011,UM,47.99799688,-0.7223981,32.55504196,62.22008996
DZA,2012,UM,48.49542836,-0.6595197,32.37227747,60.75763933
DZA,2013,UM,49.42683661,-0.5509556,35.54827249,59.15100816
DZA,2014,UM,50.69559579,-0.3152327,38.59920384,56.92354197
DZA,2015,UM,52.06274862,-0.3555636,42.8089904,53.20462259
DZA,2016,UM,53.43550117,-0.4244363,43.38669353,49.76093279
DZA,2017,UM,54.82956595,-0.5231578,41.5075398,49.82081617
DZA,2018,UM,56.15008588,-0.2892145,41.0086253,52.43616768
DZA,2019,LM,57.26780869,-0.315897,39.87225001,46.50684261
DZA,2020,LM,58.06915491,-0.2693237,39.08982169,40.38975656
DZA,2021,LM,58.55634731,-0.4641151,35.11750351,46.83705926
DZA,2022,LM,58.80112722,-0.2671351,30.38479045,51.19008937
DZA,2023,UM,58.77099848,-0.355561,32.72236868,43.73979845
DZA,2024,UM,58.50678342,-0.2511914,35.19785395,40.13457412
DZA,2025,UM,58.50678342,-0.2511914,39.39828474,40.13457412
DZA,2026,UM,58.50678342,-0.2511914,39.39828474,40.13457412
EAP,2000,,49.98328456,,29.40585947,50.73912118
EAP,2001,,48.9169996,,30.36871712,49.39960198
EAP,2002,,47.68749739,,31.31562699,51.89548494
EAP,2003,,46.46652538,,33.59439113,59.0380544
EAP,2004,,45.27871671,,35.07189534,66.61575427
EAP,2005,,44.06108013,,35.42642835,69.0835745
EAP,2006,,43.13686353,,34.85066985,70.32434968
EAP,2007,,42.59036632,,34.49882022,67.94252011
EAP,2008,,42.19197562,,35.75938272,64.16793619
EAP,2009,,41.90880703,,39.91552235,51.55375885
EAP,2010,,41.72522616,,39.9053096,56.14818651
EAP,2011,,41.65796922,,40.10811687,56.80650176
EAP,2012,,41.76553075,,40.8100647,54.36740475
EAP,2013,,42.01427655,,41.10170297,52.76178297
EAP,2014,,42.36759927,,40.70604279,51.14359064
EAP,2015,,42.7880858,,39.49359691,46.03527117
EAP,2016,,43.28020033,,39.00297645,43.46618343
EAP,2017,,43.94803333,,39.29420309,44.77194194
EAP,2018,,44.59752259,,40.21584867,45.07256727
EAP,2019,,45.12322325,,40.00060188,42.68001466
EAP,2020,,45.5320192,,39.63146621,40.57620099
EAP,2021,,45.69607821,,39.43947954,44.65420357
EAP,2022,,45.76521736,,39.13957859,46.7579624
EAP,2023,,45.69814605,,38.40294644,44.50369235
EAP,2024,,45.31394385,,37.66418556,45.94956492
EAP,2025,,45.31394385,,37.66418556,45.94956492
EAR,2000,,68.88781924,,20.83227933,48.77099659
EAR,2001,,67.82239956,,20.89001102,47.59583071
EAR,2002,,66.83389214,,21.08051396,49.10120546
EAR,2003,,65.86603793,,21.52972984,49.95395471
EAR,2004,,64.86803461,,22.76204236,54.1592975
EAR,2005,,63.88387094,,23.35734497,56.55897826
EAR,2006,,62.91545353,,24.22471159,57.95375926
EAR,2007,,61.96316766,,25.57926447,58.24738151
EAR,2008,,61.08307159,,25.60376075,61.27362893
EAR,2009,,60.263096,,25.19906353,53.287779
EAR,2010,,59.47240556,,25.04048739,54.83153233
EAR,2011,,58.73224593,,25.79081034,58.06381476
EAR,2012,,58.05483109,,25.57370104,57.74336614
EAR,2013,,57.42178193,,25.33952455,56.66881125
EAR,2014,,56.82923595,,25.25256158,55.00232369
EAR,2015,,56.24832455,,25.45657555,51.05261361
EAR,2016,,55.69019466,,25.2292582,48.69552014
EAR,2017,,55.17143093,,25.09311916,50.69722624
EAR,2018,,54.70153122,,25.45910098,54.62589228
EAR,2019,,54.26159968,,24.98008329,52.21367661
EAR,2020,,53.77844268,,24.32734947,47.33756965
EAR,2021,,53.24559782,,25.09115963,53.40802001
EAR,2022,,52.73654122,,25.92521581,58.93414454
EAR,2023,,52.2880415,,26.50119051,53.07132432
EAR,2024,,51.84083644,,26.41028681,51.66586278
EAR,2025,,51.84083644,,26.15956715,51.66586278
EAS,2000,,49.36580709,,29.40052435,52.49294498
EAS,2001,,48.47795278,,28.8013009,51.20440342
EAS,2002,,47.43974535,,28.21071471,52.72603176
EAS,2003,,46.39606734,,28.62082969,58.21276272
EAS,2004,,45.38329856,,28.98342758,64.71351233
EAS,2005,,44.35984596,,29.53295507,67.22663757
EAS,2006,,43.59937367,,29.84669071,69.65797585
EAS,2007,,43.16933379,,29.75408975,68.89748726
EAS,2008,,42.86773901,,30.63376103,69.33810791
EAS,2009,,42.65318775,,31.9114299,57.27866088
EAS,2010,,42.50404734,,31.79904373,62.45765774
EAS,2011,,42.48872739,,32.45632863,64.63462747
EAS,2012,,42.67954277,,33.35396084,63.22118568
EAS,2013,,43.01264011,,34.44428594,62.4560491
EAS,2014,,43.43476097,,34.71620772,61.49537494
EAS,2015,,43.90270616,,34.27895263,55.97520613
EAS,2016,,44.42162772,,33.7923431,52.34531713
EAS,2017,,45.09025952,,34.23411443,54.29445796
EAS,2018,,45.7331041,,34.9993744,55.29695713
EAS,2019,,46.25555765,,34.97863265,53.03127247
EAS,2020,,46.68339033,,34.85748925,50.06352217
EAS,2021,,46.89426002,,35.09040623,55.12213303
EAS,2022,,46.98952423,,35.24356037,60.10959923
EAS,2023,,46.95209478,,34.66521706,57.19072954
EAS,2024,,46.65185544,,34.12935718,58.46874166
EAS,2025,,46.65185544,,34.12935718,58.46874166
ECA,2000,,55.55725395,,22.02415041,64.24753806
ECA,2001,,54.34826759,,19.62080427,66.46319641
ECA,2002,,53.27897452,,20.45330102,65.31902173
ECA,2003,,52.38800626,,21.71143365,65.93379683
ECA,2004,,51.59670729,,25.35553849,70.00608455
ECA,2005,,50.81817339,,26.23840525,66.16740129
ECA,2006,,50.0461789,,28.03328451,66.4960483
ECA,2007,,49.33456151,,28.11693057,66.46607594
ECA,2008,,48.56869329,,27.19931762,69.56002907
ECA,2009,,47.82439958,,24.04931357,61.94173356
ECA,2010,,47.20783626,,24.44618071,61.72115559
ECA,2011,,46.75643609,,25.6408503,68.71862076
ECA,2012,,46.62837055,,25.69264328,68.10335569
ECA,2013,,46.69113075,,26.24787185,64.50716486
ECA,2014,,46.92963009,,26.37197945,64.61290209
ECA,2015,,47.3694604,,27.19156771,62.04544987
ECA,2016,,47.92074452,,27.16081791,61.71770306
ECA,2017,,48.52971435,,26.9612832,66.56353514
ECA,2018,,49.12235159,,26.65488227,72.4218659
ECA,2019,,49.82532729,,25.05160096,71.31330053
ECA,2020,,50.57706932,,25.25136057,65.55372711
ECA,2021,,51.18928945,,24.7088298,73.32206036
ECA,2022,,51.69473211,,25.34805406,82.32197715
ECA,2023,,52.09399676,,28.37787232,72.44537855
ECA,2024,,52.31321819,,27.85513736,64.98576242
ECA,2025,,52.31321819,,27.82297245,64.98576242
ECS,2000,,49.78524307,,21.87845895,69.14621604
ECS,2001,,49.26414285,,21.47560636,68.17877363
ECS,2002,,48.83583421,,20.96474509,66.00833622
ECS,2003,,48.51990031,,20.89769338,65.07937592
ECS,2004,,48.29166438,,21.1397672,67.45241039
ECS,2005,,48.09646236,,21.4525145,69.8313493
ECS,2006,,47.91080207,,22.1298159,73.33323472
ECS,2007,,47.70869462,,22.85479121,74.02786197
ECS,2008,,47.50530038,,22.76314738,75.69902884
ECS,2009,,47.39530036,,20.97012289,67.31670068
ECS,2010,,47.35727784,,20.5434346,73.53752101
ECS,2011,,47.52217652,,20.68573664,78.08953794
ECS,2012,,47.99573886,,20.46404991,78.87598742
ECS,2013,,48.57090104,,20.24979664,78.53480451
ECS,2014,,49.24209639,,20.2453557,78.3407556
ECS,2015,,49.96763587,,20.58745197,78.76592511
ECS,2016,,50.68275521,,20.90623313,78.45367801
ECS,2017,,51.41164658,,21.17841082,81.22146779
ECS,2018,,52.08160429,,21.23796548,83.4200982
ECS,2019,,52.75142258,,21.97837949,83.25473363
ECS,2020,,53.38808034,,21.95636918,77.13019713
ECS,2021,,53.90457849,,21.61782859,83.30691139
ECS,2022,,54.37158131,,21.81275791,93.58662049
ECS,2023,,54.82634598,,22.37538952,86.37088268
ECS,2024,,55.25454878,,21.72262684,83.04181951
ECS,2025,,55.25454878,,21.90691708,83.04181951
ECU,2000,LM,66.93487107,-1.0664178,15.0108795,65.40429538
ECU,2001,LM,66.20094875,-1.0725878,15.29701901,56.12848674
ECU,2002,LM,65.47452378,-1.0787578,16.71900297,54.79664394
ECU,2003,LM,64.73163168,-1.0385274,15.43656674,52.3575427
ECU,2004,LM,63.94462889,-0.911567,15.76995982,56.07454672
ECU,2005,LM,63.11102739,-0.926587,16.29527448,61.95815079
ECU,2006,LM,62.23895991,-0.902354,16.57733351,65.84235562
ECU,2007,LM,61.35722165,-0.83636,16.46631484,68.85058545
ECU,2008,LM,60.5461379,-0.7597485,17.43633954,74.59029636
ECU,2009,LM,59.84435558,-0.4783124,18.1411515,57.34734606
ECU,2010,UM,59.17367586,-0.4838765,19.71277185,65.77738491
ECU,2011,UM,58.48603304,-0.3010584,20.94101778,70.03568375
ECU,2012,UM,57.78895374,-0.2920188,22.13959238,67.00292909
ECU,2013,UM,57.05802018,-0.1859129,23.92534647,63.43330033
ECU,2014,UM,56.29126189,-0.1076037,23.48388927,61.42637662
ECU,2015,UM,55.49201028,-0.193813,22.54150461,47.82803971
ECU,2016,UM,54.62593208,-0.1531976,20.71483378,40.5344918
ECU,2017,UM,53.74041652,-0.1425925,21.46122862,43.61772332
ECU,2018,UM,52.89576124,-0.213034,20.9884221,48.00934762
ECU,2019,UM,52.13079373,-0.1952963,20.6549278,48.08284949
ECU,2020,UM,51.41332241,-0.3435075,17.99544243,43.98931094
ECU,2021,UM,50.70912097,-0.1107469,19.2305888,53.26127561
ECU,2022,UM,50.07610782,0.0016249,20.57954939,61.88079282
ECU,2023,UM,49.47140737,-0.1625339,19.87328202,56.99775356
ECU,2024,UM,48.80918455,-0.2196127,18.96662095,57.20313955
ECU,2025,UM,48.80918455,-0.2196127,19.93678152,57.20313955
ECU,2026,UM,48.80918455,-0.2196127,19.93678152,57.20313955
EGY,2000,LM,69.39345498,-0.2541717,18.9499559,39.0179359
EGY,2001,LM,67.94024225,-0.49149185,17.7256203,39.81042654
EGY,2002,LM,66.5601462,-0.728812,17.81472684,40.98706783
EGY,2003,LM,65.20380924,-0.6388485,16.31137725,46.17964072
EGY,2004,LM,63.91170377,-0.5720178,16.40222543,57.81990521
EGY,2005,LM,62.78035684,-0.6310497,17.92014856,62.95264624
EGY,2006,LM,61.88387044,-0.6146272,18.73077546,61.51853651
EGY,2007,LM,61.26571548,-0.5786331,20.85123523,65.07787325
EGY,2008,LM,60.90755683,-0.5179342,22.27805695,71.68062535
EGY,2009,LM,60.75953658,-0.3337177,18.9119171,56.55344464
EGY,2010,LM,60.81639188,-0.4820938,19.21100613,47.93635007
EGY,2011,LM,60.90621336,-0.493349,16.70921158,45.25563416
EGY,2012,LM,61.04069373,-0.5323164,14.69516928,40.71176927
EGY,2013,LM,61.26146321,-0.7648363,12.98645453,40.37303806
EGY,2014,LM,61.54196141,-0.6440128,12.44600939,36.92018779
EGY,2015,LM,61.97786562,-0.5216722,13.65440484,34.84594296
EGY,2016,LM,62.33535021,-0.4409504,14.46814793,30.24654905
EGY,2017,LM,62.52503992,-0.4068952,16.31335649,42.83213436
EGY,2018,LM,62.48360244,-0.4058855,18.40898376,45.91101967
EGY,2019,LM,62.16820594,-0.1186417,18.77233738,41.12401716
EGY,2020,LM,61.72155271,-0.2343559,16.95868413,32.12625557
EGY,2021,LM,61.11556545,-0.2251023,16.28521259,29.85697348
EGY,2022,LM,60.46147253,-0.1434309,18.04399107,36.98310488
EGY,2023,LM,59.75667104,-0.0397463,15.13185103,40.45040077
EGY,2024,LM,59.01019546,-0.0970579,11.69813791,39.60075209
EGY,2025,LM,59.01019546,-0.0970579,11.70531864,39.60075209
EGY,2026,LM,59.01019546,-0.0970579,11.70531864,39.60075209
EMU,2000,,48.78709138,,22.66715654,70.51185175
EMU,2001,,49.04022209,,22.21275621,69.6581866
EMU,2002,,49.24347969,,21.51481923,67.26783835
EMU,2003,,49.37325496,,21.4095291,65.7762309
EMU,2004,,49.54487166,,21.53789557,68.55795578
EMU,2005,,49.80698847,,21.87141541,71.61399093
EMU,2006,,50.08021192,,22.5284338,75.65593143
EMU,2007,,50.24893618,,22.99669736,77.31963555
EMU,2008,,50.43755813,,22.69364737,78.23460331
EMU,2009,,50.78592602,,20.84641661,68.0015634
EMU,2010,,51.09719732,,20.39223237,75.87461399
EMU,2011,,51.46451726,,20.42427909,81.02776637
EMU,2012,,52.01906814,,19.92494537,82.64663259
EMU,2013,,52.62290816,,19.33100121,82.33464632
EMU,2014,,53.2553794,,19.2834434,82.77415589
EMU,2015,,53.81041257,,19.68609087,84.12502392
EMU,2016,,54.29814037,,19.98578345,83.13914348
EMU,2017,,54.81000731,,20.32033671,86.14195152
EMU,2018,,55.25938586,,20.70504225,87.79644295
EMU,2019,,55.67467594,,21.90389123,87.96970407
EMU,2020,,56.06843416,,21.79909925,81.20549873
EMU,2021,,56.49537812,,21.64813716,88.42004535
EMU,2022,,56.92369182,,21.90233846,100.6050842
EMU,2023,,57.32475776,,21.90479418,92.04037692
EMU,2024,,57.84410532,,20.9662661,88.58215911
EMU,2025,,57.84410532,,21.17980353,88.58215911
ERI,2000,L,93.81575259,-1.3119868,21.99675676,67.88136193
ERI,2001,L,92.98604822,-1.1226223499999999,35.26062176,72.06271096
ERI,2002,L,91.19114105,-0.9332579,29.54893233,76.59016366
ERI,2003,L,88.60241986,-0.9425026,26.54396041,74.00782429
ERI,2004,L,86.34909023,-1.0685702,20.26292175,65.57090685
ERI,2005,L,86.28269832,-0.9143152,20.33943972,61.10603102
ERI,2006,L,87.1369487,-1.1331014,13.68111654,45.26084605
ERI,2007,L,87.94907492,-1.1318599,12.67357541,34.55955953
ERI,2008,L,87.15523841,-1.141717,12.71354048,30.56095005
ERI,2009,L,86.34635487,-1.1515328,9.263795978,27.97214161
ERI,2010,L,85.98047864,-1.1909988,12.38540149,37.47146546
ERI,2011,L,85.28404183,-1.2937716,12.62631766,47.39379012
ERI,2012,L,84.80559737,-1.3263806,12.62631766,47.39379012
ERI,2013,L,84.46056702,-1.3919184,12.62631766,47.39379012
ERI,2014,L,84.77089391,-1.2490594,12.62631766,47.39379012
ERI,2015,L,85.31523113,-1.2742181,12.62631766,47.39379012
ERI,2016,L,85.33136893,-1.2669749,12.62631766,47.39379012
ERI,2017,L,84.88977678,-1.2739169,12.62631766,47.39379012
ERI,2018,L,83.62201491,-1.4237759,12.62631766,47.39379012
ERI,2019,L,82.01251093,-1.4628029,12.62631766,47.39379012
ERI,2020,L,80.15980408,-1.3975653,12.62631766,47.39379012
ERI,2021,L,78.17203352,-1.394653,12.62631766,47.39379012
ERI,2022,L,76.42003691,-1.3434874,12.62631766,47.39379012
ERI,2023,L,74.91202463,-1.3802453,12.62631766,47.39379012
ERI,2024,L,73.43013676,-1.4561789,12.62631766,47.39379012
ERI,2025,L,73.43013676,-1.4561789,12.62631766,47.39379012
ERI,2026,L,73.43013676,-1.4561789,12.62631766,47.39379012
ESP,2000,H,45.69551417,1.5699109,25.97267627,60.1216241
ESP,2001,H,45.92264799,1.681604,25.9006959,58.01388956
ESP,2002,H,45.96974133,1.7932971,26.1773352,55.10214153
ESP,2003,H,45.68590258,1.7833136,27.12390819,53.43578972
ESP,2004,H,45.22068441,1.1933,27.82530036,54.47951827
ESP,2005,H,45.03603129,1.3037255,29.02840359,54.6991667
ESP,2006,H,45.09378232,1.0174137,30.04549362,56.08392638
ESP,2007,H,44.9846417,1.1248022,29.87580055,57.62694877
ESP,2008,H,45.19881787,1.0498806,27.85662405,55.82813152
ESP,2009,H,45.84982782,0.9351955,23.16219163,46.83669
ESP,2010,H,46.65770708,0.7962866,21.87421378,52.69336997
ESP,2011,H,47.44404224,0.8760127,20.1470024,58.51182289
ESP,2012,H,48.18443001,0.9026107,18.71059226,60.5540347
ESP,2013,H,49.08231306,1.0239507,17.5983667,61.66877264
ESP,2014,H,49.94056367,1.0206256,18.02995142,63.39926214
ESP,2015,H,50.463152,1.0684401,18.29894252,63.58204122
ESP,2016,H,50.7968795,1.0540321,18.1917189,63.18867785
ESP,2017,H,51.08798643,1.0199904,18.90619338,66.16744614
ESP,2018,H,51.21278723,1.0702333,19.67390264,67.0094104
ESP,2019,H,51.12731348,1.118598,20.30501472,66.36622504
ESP,2020,H,50.96418707,1.0477979,20.61593285,59.44612801
ESP,2021,H,50.87894374,1.1202722,20.19953475,66.52458894
ESP,2022,H,51.02069588,1.1419015,20.48823175,78.46573387
ESP,2023,H,51.31422284,1.0779914,20.46581531,71.79763661
ESP,2024,H,51.66955198,1.110811,20.28783251,69.95026124
ESP,2025,H,51.66955198,1.110811,20.60857587,69.95026124
ESP,2026,H,51.66955198,1.110811,20.60857587,69.95026124
EST,2000,UM,48.42168786,0.58135,26.68719604,126.4956264
EST,2001,UM,48.01634016,0.6107184,27.4503342,126.5466401
EST,2002,UM,47.69671927,0.6400868,30.55281784,123.2823454
EST,2003,UM,47.36278539,0.8739661,32.75095456,122.7447728
EST,2004,UM,47.05633485,0.8750238,31.71449726,129.9495001
EST,2005,UM,46.90510089,0.9156236,32.85643697,135.9127921
EST,2006,H,47.1420674,1.0357675,36.7942379,136.6207377
EST,2007,H,47.5473866,0.9948635,36.39057239,133.9808292
EST,2008,H,47.7747962,1.0468986,31.12901065,136.6819882
EST,2009,H,48.07855121,0.9229304,22.67714471,116.7590799
EST,2010,H,48.53614131,1.0389597,21.23326337,143.6717623
EST,2011,H,49.26376746,1.0559372,26.35564263,166.7460724
EST,2012,H,50.27238159,1.0577763,28.44042363,169.1560678
EST,2013,H,51.37107129,1.0627505,27.53276835,164.6016322
EST,2014,H,52.54790966,1.1638114,25.34276952,157.9539448
EST,2015,H,53.61717831,1.0344114,24.0517427,148.5071571
EST,2016,H,54.6487233,1.0636815,23.94490431,147.7462327
EST,2017,H,55.62496456,1.0682358,25.40394707,144.6356509
EST,2018,H,56.34614361,1.2651627,26.57605175,143.4852249
EST,2019,H,57.06354993,1.1953645,26.61533869,140.352148
EST,2020,H,57.82449318,1.3201957,31.17536488,137.3926413
EST,2021,H,58.2662362,1.3707206,29.98213892,160.4719223
EST,2022,H,58.38619375,1.3587321,25.16082578,175.6871195
EST,2023,H,58.43434787,1.2678954,25.40868395,154.5926171
EST,2024,H,58.56634792,1.2969908,23.89654983,151.0377024
EST,2025,H,58.56634792,1.2969908,24.22458054,151.0377024
EST,2026,H,58.56634792,1.2969908,24.22458054,151.0377024
ETH,2000,L,101.4643001,-1.3518124,32.10766647,48.23293541
ETH,2001,L,101.7541153,-1.31887065,32.10766647,48.23293541
ETH,2002,L,101.6743907,-1.2859289,32.10766647,48.23293541
ETH,2003,L,101.3407397,-1.4424574,32.10766647,48.23293541
ETH,2004,L,100.8653262,-1.0120279,32.10766647,48.23293541
ETH,2005,L,100.2747203,-0.9183428,32.10766647,48.23293541
ETH,2006,L,99.50057796,-0.7589014,32.10766647,48.23293541
ETH,2007,L,98.45154801,-0.6386095,32.10766647,48.23293541
ETH,2008,L,97.17303467,-0.530582,32.10766647,48.23293541
ETH,2009,L,95.68891586,-0.5208217,32.10766647,48.23293541
ETH,2010,L,93.99875555,-0.4772744,32.10766647,48.23293541
ETH,2011,L,92.16596171,-0.5169232,32.10766647,48.23293541
ETH,2012,L,90.23613195,-0.4212532,37.09796197,45.39790418
ETH,2013,L,88.27615482,-0.5207719,34.08111832,41.47178708
ETH,2014,L,86.33465986,-0.451423,37.9937253,40.74108415
ETH,2015,L,84.45717951,-0.5298526,40.67127298,39.65612414
ETH,2016,L,82.66224258,-0.4771006,37.34876297,34.89902108
ETH,2017,L,80.98542606,-0.5281279,38.44398716,31.10364949
ETH,2018,L,79.51791957,-0.5328814,34.16295511,31.19936898
ETH,2019,L,78.24976702,-0.5253376,35.26397562,28.81529393
ETH,2020,L,77.05321019,-0.5516895,30.57896866,24.00611434
ETH,2021,L,75.92750654,-0.6504621,28.02529541,24.34505746
ETH,2022,L,74.91758522,-0.7000773,25.34222683,26.5954997
ETH,2023,L,74.02486572,-0.6883758,22.16940396,20.59820151
ETH,2024,,73.27989517,-0.645991,20.57547232,17.40043586
ETH,2025,L,73.27989517,-0.645991,20.11997216,17.40043586
ETH,2026,L,73.27989517,-0.645991,20.11997216,17.40043586
EUU,2000,,48.44181903,,22.70593263,71.5705362
EUU,2001,,48.47755987,,22.24139847,70.72997128
EUU,2002,,48.48832071,,21.5352798,68.43616134
EUU,2003,,48.45197821,,21.42018553,67.35820618
EUU,2004,,48.46419908,,21.54818836,70.39687641
EUU,2005,,48.57014008,,21.88075916,73.5521063
EUU,2006,,48.7120432,,22.61297507,77.98399572
EUU,2007,,48.809938,,23.25403864,79.79708256
EUU,2008,,48.96499906,,23.04451516,80.78452291
EUU,2009,,49.26638897,,21.05453993,70.50611172
EUU,2010,,49.5887721,,20.51677545,78.28220153
EUU,2011,,50.01431035,,20.59733648,83.4716469
EUU,2012,,50.6127497,,20.12769819,85.08729941
EUU,2013,,51.26422197,,19.55269428,84.78025447
EUU,2014,,51.9661444,,19.59942433,85.49456193
EUU,2015,,52.62720548,,20.01382953,86.67847482
EUU,2016,,53.24471395,,20.19339249,85.78435199
EUU,2017,,53.88858688,,20.49899101,88.71535672
EUU,2018,,54.48794513,,20.90411017,90.42879443
EUU,2019,,55.06205584,,21.99050187,90.55351856
EUU,2020,,55.60244149,,21.90586061,83.81784548
EUU,2021,,56.09881169,,21.80519372,91.20311156
EUU,2022,,56.51568814,,22.04864475,103.7064337
EUU,2023,,56.89761233,,22.1143807,95.21603718
EUU,2024,,57.3787465,,21.17027617,91.65134349
EUU,2025,,57.3787465,,21.31403336,91.65134349
FCS,2000,,85.59240812,,,
FCS,2001,,85.35182618,,,
FCS,2002,,85.19323941,,,
FCS,2003,,85.07340465,,,
FCS,2004,,84.89658598,,,
FCS,2005,,84.70313084,,,
FCS,2006,,84.47820661,,,
FCS,2007,,84.18000793,,,
FCS,2008,,83.90833078,,,
FCS,2009,,83.67805379,,,
FCS,2010,,83.4068739,,,
FCS,2011,,83.14677089,,,
FCS,2012,,82.97110595,,,
FCS,2013,,82.83677041,,,
FCS,2014,,82.68850353,,,
FCS,2015,,82.45651129,,,
FCS,2016,,82.05294866,,,
FCS,2017,,81.55473571,,,
FCS,2018,,81.00525512,,,
FCS,2019,,80.39897623,,,
FCS,2020,,79.7130285,,,
FCS,2021,,78.96207255,,,
FCS,2022,,78.2493864,,,
FCS,2023,,77.46002001,,,
FCS,2024,,76.58746341,,,
FCS,2025,,76.58746341,,,
FIN,2000,H,49.41024879,2.118098,23.0668837,74.92557887
FIN,2001,H,49.43060632,2.220144,22.87761128,70.28413766
FIN,2002,H,49.50996556,2.32219,21.6087308,69.32093775
FIN,2003,H,49.64105476,2.3184526,21.78836495,68.07150296
FIN,2004,H,49.85393451,2.1608063,22.26015963,70.9678029
FIN,2005,H,49.91522772,2.1754916,22.920943,76.58897404
FIN,2006,H,50.14922922,2.0312012,22.76858285,82.00056693
FIN,2007,H,50.29369773,1.8931493,24.19717843,82.86316082
FIN,2008,H,50.22583074,1.9976827,24.49537459,86.18965988
FIN,2009,H,50.47840558,2.1588192,22.9565026,70.12793353
FIN,2010,H,51.09506448,2.1469591,22.82098572,75.46120852
FIN,2011,H,52.22569399,2.2380912,22.90860337,78.71594445
FIN,2012,H,53.59209987,2.2730989,23.31493477,79.43037659
FIN,2013,H,55.02822388,2.2328225,22.33153314,77.48517177
FIN,2014,H,56.4163038,2.0675854,21.71674237,74.62777198
FIN,2015,H,57.64433315,1.9234691,21.41993986,71.96182538
FIN,2016,H,58.65911997,1.9380968,23.05242517,71.72221012
FIN,2017,H,59.60346397,2.1101082,23.68917608,75.93878223
FIN,2018,H,60.47413776,2.1598194,24.59326017,79.14361484
FIN,2019,H,61.12788228,2.1491065,24.42079843,80.56415029
FIN,2020,H,61.68415125,2.1354229,24.65617822,72.1845956
FIN,2021,H,62.1515552,2.1560517,24.42073612,79.78927819
FIN,2022,H,62.46878837,1.8972063,24.6641742,94.56253405
FIN,2023,H,62.63571879,1.787685,23.39847256,85.56339061
FIN,2024,H,62.68207945,1.8171611,22.05309555,83.46010154
FIN,2025,H,62.68207945,1.8171611,21.83412339,83.46010154
FIN,2026,H,62.68207945,1.8171611,21.83412339,83.46010154
FJI,2000,LM,60.65725672,0.2369357,18.19276097,
FJI,2001,LM,59.65498126,0.23706125,19.33545986,
FJI,2002,LM,58.77428667,0.2371868,22.58804749,
FJI,2003,LM,57.98452044,0.2243347,26.87333761,
FJI,2004,LM,57.277893,-0.1479039,27.35505316,
FJI,2005,LM,56.63514008,0.217451,18.75992063,
FJI,2006,LM,56.05763703,0.2145048,17.91313818,
FJI,2007,UM,55.55062752,-0.2973473,14.53833569,
FJI,2008,UM,55.13017108,-0.8101796,20.86056222,
FJI,2009,UM,54.78134175,-0.8655432,15.95452691,
FJI,2010,LM,54.44625963,-0.5441368,15.9384159,
FJI,2011,LM,54.10891733,-0.5254383,18.07641449,
FJI,2012,UM,53.82227983,-0.5785579,14.92649566,
FJI,2013,UM,53.64962525,-0.5782637,25.97291608,
FJI,2014,UM,53.55888919,-0.0992434,19.2526864,
FJI,2015,UM,53.4676359,-0.1014372,19.81142484,
FJI,2016,UM,53.33386715,-0.1006746,19.37389475,
FJI,2017,UM,53.13968354,-0.100427,19.21743607,
FJI,2018,UM,52.86766458,0.4324074,18.79652847,
FJI,2019,UM,52.53935199,1.1141072,17.35760494,
FJI,2020,UM,52.18936762,0.6553479,17.7062089,
FJI,2021,UM,51.77225354,0.7309158,18.42071648,
FJI,2022,UM,51.3123919,0.5025006,20.03047918,
FJI,2023,UM,50.89411964,0.5033911,19.46491171,
FJI,2024,UM,50.55763046,0.6089609,20.08790397,
FJI,2025,UM,50.55763046,0.6089609,20.08790397,
FJI,2026,UM,50.55763046,0.6089609,20.08790397,
FRA,2000,H,53.69197196,1.6644076,20.8814379,57.78604703
FRA,2001,H,53.82635442,1.6065798500000001,20.86028824,56.89323286
FRA,2002,H,53.8550812,1.5487521,20.33633135,55.13252485
FRA,2003,H,53.77827557,1.6348006,20.49895063,52.59888229
FRA,2004,H,53.73053969,1.553699,20.83727938,53.74976483
FRA,2005,H,53.7054008,1.7144505,21.25526454,55.82283612
FRA,2006,H,53.60949221,1.463733,21.89778685,57.86927753
FRA,2007,H,53.61805246,1.5196924,22.5857089,58.15256113
FRA,2008,H,53.8644416,1.6286144,22.93301351,59.17979284
FRA,2009,H,54.24469582,1.5501891,21.44952357,52.1991123
FRA,2010,H,54.59154856,1.4409639,21.48216768,56.58755525
FRA,2011,H,55.27640536,1.4686756,21.69929278,60.60563548
FRA,2012,H,56.29346427,1.5129077,21.65592493,61.65895708
FRA,2013,H,57.16792247,1.4742784,21.26956379,61.81923387
FRA,2014,H,58.06263676,1.4539502,20.95838616,62.19926694
FRA,2015,H,58.97389113,1.4592807,20.55986968,63.5046872
FRA,2016,H,59.66234973,1.4200425,20.92126011,63.34275644
FRA,2017,H,60.26134917,1.4018117,21.42043361,65.39584816
FRA,2018,H,60.82497868,1.5186813,21.87539007,66.80226078
FRA,2019,H,61.33933363,1.4821333,22.41609554,66.42897717
FRA,2020,H,61.77721561,1.4906558,22.43623085,58.83889072
FRA,2021,H,62.06394357,1.5363267,23.48322873,63.78848263
FRA,2022,H,62.36076266,1.4637769,23.48577082,75.9630078
FRA,2023,H,62.69136,1.3517693,22.83446749,70.62614506
FRA,2024,H,63.00365578,1.2007009,22.09684654,68.10818754
FRA,2025,H,63.00365578,1.2007009,22.0193072,68.10818754
FRA,2026,H,63.00365578,1.2007009,22.0193072,68.10818754
FRO,2000,H,59.47716975,,,110.5453534
FRO,2001,H,59.06067738,,,104.9043669
FRO,2002,H,58.70184732,,,98.62315601
FRO,2003,H,58.30916282,,,108.2582901
FRO,2004,H,57.55641669,,,93.41539891
FRO,2005,H,56.78067758,,,100.9627594
FRO,2006,H,56.30254818,,,97.39471776
FRO,2007,H,56.26473723,,,99.50600413
FRO,2008,H,56.72962066,,,103.4962225
FRO,2009,H,57.28884591,,,96.86080803
FRO,2010,H,57.60373142,,,97.18244346
FRO,2011,H,57.98672134,,,105.8464535
FRO,2012,H,58.5755098,,,117.1577937
FRO,2013,H,59.375,,,114.0622828
FRO,2014,H,60.52771148,,,106.1425392
FRO,2015,H,61.18069748,,,105.6106716
FRO,2016,H,61.47492818,,,104.552703
FRO,2017,H,61.96501194,,,107.2389084
FRO,2018,H,62.19585891,,,106.8746648
FRO,2019,H,62.2372584,,,108.623246
FRO,2020,H,62.43626588,,,96.22419375
FRO,2021,H,62.4958078,,,103.4880371
FRO,2022,H,61.88331382,,,122.8633414
FRO,2023,H,60.9852071,,,113.3364008
FRO,2024,H,60.52430719,,,105.752803
FRO,2025,H,60.52430719,,,105.752803
FRO,2026,H,60.52430719,,,105.752803
FSM,2000,LM,77.06785929,-0.1479039,,91.89221185
FSM,2001,LM,75.59893107,-0.1479039,,97.29778219
FSM,2002,LM,74.35034731,-0.1479039,,91.7298644
FSM,2003,LM,73.26060456,-0.1479039,,96.70061603
FSM,2004,LM,72.10228496,-0.1479039,,95.52594302
FSM,2005,LM,70.78562122,-0.3495235,,94.34535778
FSM,2006,LM,69.34923912,-0.3523272,,97.35158051
FSM,2007,LM,67.75060304,-0.4549879,,100.7891496
FSM,2008,LM,66.16989795,-0.478406,,111.1865543
FSM,2009,LM,64.75696299,-0.4668586,,111.0485651
FSM,2010,LM,63.74571755,-0.4379422,,108.0378595
FSM,2011,LM,63.20598888,-0.691111,,108.5399862
FSM,2012,LM,62.69226129,-0.6908698,,113.0597737
FSM,2013,LM,62.07521998,-0.6707454,,114.7666724
FSM,2014,LM,61.52711342,-0.1731488,,107.6453574
FSM,2015,LM,61.07505852,-0.1751578,,107.6811277
FSM,2016,LM,60.86571787,-0.1744595,,102.7692308
FSM,2017,LM,60.85008228,0.0691179,,103.3426184
FSM,2018,LM,60.82439531,0.0703629,,103.5714286
FSM,2019,LM,60.87673231,0.0007813,,95.68527919
FSM,2020,LM,60.77345664,0.1389059,,85.00877038
FSM,2021,LM,60.71181755,0.1409627,,87.33359057
FSM,2022,LM,60.87068817,-0.0852637,,90.63439025
FSM,2023,LM,60.92758759,-0.0843731,,97.85502687
FSM,2024,LM,60.76461897,-0.1847801,,98.4249673
FSM,2025,UM,60.76461897,-0.1847801,,98.4249673
FSM,2026,UM,60.76461897,-0.1847801,,98.4249673
GAB,2000,UM,84.32029316,-0.6059151,21.90205643,101.7019289
GAB,2001,UM,82.91728706,-0.6058573,22.74519248,83.63861324
GAB,2002,UM,81.48021727,-0.6057995,25.10644311,84.75908154
GAB,2003,UM,80.02268595,-0.6117162,22.63881283,80.30260821
GAB,2004,UM,78.5698674,-1.0988503,21.49601272,81.76753714
GAB,2005,UM,77.13460945,-1.041666,20.98150201,83.94959984
GAB,2006,UM,75.72926497,-0.7785827,23.16961739,88.64940926
GAB,2007,UM,74.38099133,-0.776777,23.64492696,85.13247916
GAB,2008,UM,73.13117864,-0.7753686,25.02588259,88.99887259
GAB,2009,UM,72.0433392,-0.6129917,29.52852496,83.50457742
GAB,2010,UM,71.14858733,-0.5813481,31.40718532,89.15766272
GAB,2011,UM,70.41447789,-0.7953663,28.680217,90.49837733
GAB,2012,UM,69.76040914,-0.9553429,27.73728223,92.34280894
GAB,2013,UM,69.13889473,-0.8356498,29.94537965,90.63503615
GAB,2014,UM,68.63501377,-0.6813684,35.69513641,73.52032902
GAB,2015,UM,68.34690041,-0.702389,29.23095629,73.94978146
GAB,2016,UM,68.29442426,-0.6634804,26.98226104,70.13338106
GAB,2017,UM,68.42281161,-0.8272048,21.29646742,75.06874045
GAB,2018,UM,68.62938196,-0.7795313,19.25823243,77.0365977
GAB,2019,UM,68.82836684,-0.7880906,21.89879657,73.42808945
GAB,2020,UM,68.95058217,-0.8134549,19.86346911,70.11405465
GAB,2021,UM,68.96935874,-0.5886647,17.45655062,85.34831221
GAB,2022,UM,68.87657943,-0.5943568,16.02694049,92.06308885
GAB,2023,UM,68.64549539,-0.5840974,18.07606611,91.47865332
GAB,2024,UM,68.25695357,-0.5671547,19.13522905,92.04680552
GAB,2025,UM,68.25695357,-0.5671547,24.82591347,92.04680552
GAB,2026,UM,68.25695357,-0.5671547,24.82591347,92.04680552
GBR,2000,H,53.43148587,1.7413326,18.2268712,52.33802123
GBR,2001,H,52.88233278,1.76219355,18.10677055,52.63423673
GBR,2002,H,52.49643016,1.7830545,18.1258716,51.2361821
GBR,2003,H,52.35729295,1.6613602,17.86547665,50.0681187
GBR,2004,H,52.21578634,1.5846989,17.79876019,50.28855218
GBR,2005,H,51.82757156,1.8367501,18.13006815,52.54427404
GBR,2006,H,51.40084829,1.7080687,18.35475752,56.70477917
GBR,2007,H,51.15618621,1.6664793,18.81978103,52.7493525
GBR,2008,H,51.19472266,1.7054858,18.41261202,56.43655011
GBR,2009,H,51.44068526,1.4845712,16.98885152,54.65373011
GBR,2010,H,51.73802316,1.4807208,16.59280411,59.05118022
GBR,2011,H,52.28144451,1.4681563,16.18113171,63.32406157
GBR,2012,H,53.22979209,1.5077865,16.27215532,61.96887045
GBR,2013,H,54.15481216,1.4464475,16.59458088,61.71953952
GBR,2014,H,54.84385954,1.6582915,17.178062,58.82102283
GBR,2015,H,55.40156159,1.6362652,17.94995477,57.12504461
GBR,2016,H,55.92459265,1.6528388,18.56895232,59.83953151
GBR,2017,H,56.47995952,1.5660677,18.96766294,63.18992458
GBR,2018,H,57.00444496,1.5248207,18.69012078,64.9097722
GBR,2019,H,57.43102136,1.3966716,18.83130689,65.00356642
GBR,2020,H,57.65938086,1.3728014,18.22164803,59.1598893
GBR,2021,H,57.61296084,1.3289695,18.53661246,58.53838629
GBR,2022,H,57.62819234,1.2932604,19.00266142,69.19892644
GBR,2023,H,57.84639733,1.1378943,18.89752936,64.99238417
GBR,2024,H,57.93999124,1.1849099,18.66859604,62.84016053
GBR,2025,H,57.93999124,1.1849099,18.88359369,62.84016053
GBR,2026,H,57.93999124,1.1849099,18.88359369,62.84016053
GEO,2000,L,53.39295288,-0.8765203,25.44738297,62.66139564
GEO,2001,L,52.65325415,-1.04347055,27.23491459,63.32992508
GEO,2002,L,52.09053453,-1.2104208,24.48476931,71.62912554
GEO,2003,LM,51.89123369,-1.2195365,27.3525531,77.63337654
GEO,2004,LM,51.65118237,-0.7313035,28.16180288,79.04074591
GEO,2005,LM,51.13184223,-0.6108964,28.786927,84.52959754
GEO,2006,LM,50.5376974,-0.3869641,26.21338806,89.12537437
GEO,2007,LM,49.77980166,-0.2227139,26.37903235,88.39341407
GEO,2008,LM,48.91611133,-0.0154298,22.03838552,86.29822437
GEO,2009,LM,48.17069689,0.0841957,15.71333259,78.19303903
GEO,2010,LM,47.72215699,0.2118458,18.63997652,81.67338706
GEO,2011,LM,47.623756,0.5431231,19.83091038,85.46593509
GEO,2012,LM,47.85752068,0.6137741,21.58413091,89.73488009
GEO,2013,LM,48.39755885,0.5511037,18.43789107,93.81391379
GEO,2014,LM,49.32596007,0.5296758,21.44252159,94.95069794
GEO,2015,UM,50.52082407,0.4698911,23.92013517,97.01631151
GEO,2016,LM,51.75154225,0.5977322,26.00244084,94.92625284
GEO,2017,LM,52.90557268,0.6334817,25.1354717,102.5842777
GEO,2018,UM,53.99809163,0.5020219,24.79275334,109.8477406
GEO,2019,UM,55.05710189,0.511363,23.96279572,117.8100802
GEO,2020,UM,55.97662728,0.3081567,22.23280946,92.89108418
GEO,2021,UM,56.64700453,0.4515433,20.75809235,101.6009075
GEO,2022,UM,56.9467003,0.4424252,19.75015729,114.6954377
GEO,2023,UM,57.12962626,0.5876041,21.46007015,107.1511792
GEO,2024,UM,57.32285239,0.4562672,21.3178431,103.4564714
GEO,2025,UM,57.32285239,0.4562672,19.01855847,103.4564714
GEO,2026,UM,57.32285239,0.4562672,19.01855847,103.4564714
GHA,2000,L,83.17998751,-0.0680213,23.09813093,116.0484302
GHA,2001,L,82.03178988,-0.14602900000000002,27.1229213,110.0458542
GHA,2002,L,80.82698385,-0.2240367,18.77494577,97.48924317
GHA,2003,L,79.71652715,-0.4389193,22.93692798,97.28714571
GHA,2004,L,78.67727179,-0.3962772,28.37750668,99.67033435
GHA,2005,L,77.71925782,-0.2673343,29.00214064,98.17151411
GHA,2006,L,76.84252368,0.0739642,22.46580574,64.51905424
GHA,2007,L,75.97297006,0.0561228,15.38454499,65.35432229
GHA,2008,L,75.13077603,0.0686849,16.49196394,69.51422561
GHA,2009,L,74.39787973,0.078926,15.47882959,71.59473853
GHA,2010,LM,73.87642029,0.0369136,11.76409219,75.37781579
GHA,2011,LM,73.54861446,0.0061563,11.97694023,86.29545385
GHA,2012,LM,73.29017349,0.0221723,16.10990938,93.16803513
GHA,2013,LM,73.03647546,-0.0886219,24.03899898,60.7593219
GHA,2014,LM,72.7330535,-0.0881126,26.42288052,63.83656244
GHA,2015,LM,72.31164507,-0.085856,27.01262554,76.52127092
GHA,2016,LM,71.73132577,0.0177698,24.82616879,67.87699944
GHA,2017,LM,71.00074085,0.0366097,18.88642524,70.54836529
GHA,2018,LM,70.22201277,-0.0138733,21.19909375,67.95851746
GHA,2019,LM,69.45619261,-0.0546834,18.03819368,76.82480273
GHA,2020,LM,68.61462281,-0.0103657,17.66074711,66.57549872
GHA,2021,LM,67.73640843,-0.0445107,16.75365045,62.70783091
GHA,2022,LM,66.91880695,-0.0662946,16.20458356,70.1154558
GHA,2023,LM,66.14258126,-0.0177779,9.867318425,64.38786153
GHA,2024,LM,65.36158573,0.0595796,9.741924422,69.78842274
GHA,2025,LM,65.36158573,0.0595796,9.741924422,69.78842274
GHA,2026,LM,65.36158573,0.0595796,9.741924422,69.78842274
GIB,2000,,52.21379917,,,
GIB,2001,,51.70030715,,,
GIB,2002,,51.53264006,,,
GIB,2003,,51.99978497,,,
GIB,2004,,52.40420338,,,
GIB,2005,,52.71784667,,,
GIB,2006,,52.41283411,,,
GIB,2007,,51.54545455,,,
GIB,2008,,50.8107304,,,
GIB,2009,H,50.53233053,,,
GIB,2010,H,51.24878993,,,
GIB,2011,,52.17245025,,,
GIB,2012,,52.73472891,,,
GIB,2013,,53.42044217,,,
GIB,2014,,54.22541831,,,
GIB,2015,H,54.99159507,,,
GIB,2016,H,55.43548536,,,
GIB,2017,H,55.56464068,,,
GIB,2018,H,55.51490273,,,
GIB,2019,H,55.30080945,,,
GIB,2020,H,55.00278528,,,
GIB,2021,H,54.7875021,,,
GIB,2022,H,54.68904245,,,
GIB,2023,H,54.47098976,,,
GIB,2024,H,54.47154472,,,
GIB,2025,H,54.47154472,,,
GIB,2026,H,54.47154472,,,
GIN,2000,L,95.48916404,-0.9274028,13.43804676,36.67969549
GIN,2001,L,96.90098532,-0.9637990999999999,10.63007632,40.18787814
GIN,2002,L,97.66405433,-1.0001954,9.806805539,38.02840327
GIN,2003,L,97.18582583,-1.0068843,13.58869769,35.07512699
GIN,2004,L,96.79285053,-0.8587699,13.54283094,34.59509592
GIN,2005,L,96.60843661,-0.8517131,12.72542006,47.93770039
GIN,2006,L,96.25965924,-1.2749881,19.95275809,69.38629371
GIN,2007,L,95.51577365,-1.2277332,24.66995872,71.12103223
GIN,2008,L,94.61235772,-1.1636273,22.58947508,64.18424339
GIN,2009,L,93.70128721,-1.1868935,20.93560311,69.81534542
GIN,2010,L,92.78869432,-1.1136703,19.13718924,73.54657393
GIN,2011,L,91.80095252,-1.1619696,23.60218868,85.95467327
GIN,2012,L,90.77540548,-1.2211888,25.11778155,86.67433183
GIN,2013,L,89.8424961,-1.110455,23.42938647,80.42644772
GIN,2014,L,88.93308829,-1.0008725,22.71137065,76.7719659
GIN,2015,L,87.99464729,-0.9452185,23.96917417,72.44273075
GIN,2016,L,87.12317395,-0.8784328,52.41831913,111.8394674
GIN,2017,L,86.34511295,-0.888003,25.76582414,101.2516338
GIN,2018,L,85.56930184,-0.838006,19.46740955,88.98411154
GIN,2019,L,84.71626173,-0.6765097,17.79924111,78.41531323
GIN,2020,L,83.78652795,-0.8118614,16.57538689,115.7652595
GIN,2021,L,82.81851601,-0.808594,15.02252636,115.1955328
GIN,2022,LM,81.8207432,-0.9248516,15.21749545,94.16527269
GIN,2023,LM,80.77951401,-0.8735118,24.50161136,95.82952676
GIN,2024,LM,79.71478343,-0.8881627,33.17755836,97.77781773
GIN,2025,LM,79.71478343,-0.8881627,38.0745728,97.77781773
GIN,2026,LM,79.71478343,-0.8881627,38.0745728,97.77781773
GMB,2000,L,99.42574184,-0.5902075,4.562497397,56.35981989
GMB,2001,L,98.67744169,-0.5901255000000001,11.17274014,46.92926319
GMB,2002,L,97.80388217,-0.5900435,7.278327629,59.64295092
GMB,2003,L,96.82347393,-0.5953216,10.03888601,68.85879303
GMB,2004,L,95.76688783,-0.6714764,14.31837652,49.93429956
GMB,2005,L,94.65192312,-0.7874411,13.83185067,50.0187234
GMB,2006,L,93.52150623,-0.9187555,15.69068531,50.37446858
GMB,2007,L,92.40711845,-0.7778148,12.56652088,44.29384447
GMB,2008,L,91.30048618,-0.7696386,10.52243473,39.08909946
GMB,2009,L,90.21783213,-0.6502235,12.8914138,41.77739443
GMB,2010,L,89.2340785,-0.638967,13.87671053,41.01251503
GMB,2011,L,88.42396208,-0.6268448,12.89616829,42.63970205
GMB,2012,L,87.77781658,-0.5767663,20.87716865,47.70067311
GMB,2013,L,87.17218726,-0.6098694,14.71153313,45.46191936
GMB,2014,L,86.48318701,-0.5410093,16.6526122,58.25793078
GMB,2015,L,85.75542896,-0.6335683,20.34981404,44.52237308
GMB,2016,L,85.00430559,-0.6110704,24.91993419,38.11408796
GMB,2017,L,84.184311,-0.5220746,22.95972668,55.73357961
GMB,2018,L,83.27048992,-0.5023406,20.87842426,64.812464
GMB,2019,L,82.28103927,-0.5361521,24.65384316,55.99791162
GMB,2020,L,81.19329456,-0.5874216,32.34205469,47.39552017
GMB,2021,L,80.00272519,-0.5131901,30.37079025,42.0979828
GMB,2022,L,78.808221,-0.5024958,28.62364921,44.72192154
GMB,2023,L,77.64734778,-0.4683483,27.44597499,39.96201732
GMB,2024,L,76.44849823,-0.5358243,29.93907429,42.17061723
GMB,2025,L,76.44849823,-0.5358243,40.38628422,42.17061723
GMB,2026,L,76.44849823,-0.5358243,40.38628422,42.17061723
GNB,2000,L,93.20178252,-0.973968,19.94361476,52.73734612
GNB,2001,L,92.16206375,-0.973886,18.76802945,47.58321728
GNB,2002,L,91.19057117,-0.973804,23.47846727,39.67606356
GNB,2003,L,90.29263781,-1.3193929,27.52951898,38.03347093
GNB,2004,L,89.41116203,-1.532916,20.8349347,43.19213163
GNB,2005,L,88.62310194,-1.4154101,18.13513114,45.78423155
GNB,2006,L,87.95948913,-1.0792857,19.96036838,48.76050339
GNB,2007,L,87.31500702,-1.0464922,24.14806248,46.24452847
GNB,2008,L,86.6437802,-0.9904376,17.23079661,45.13888937
GNB,2009,L,85.94069393,-0.9508997,18.25736059,43.59574741
GNB,2010,L,85.24374379,-0.9602743,19.36645239,43.51458764
GNB,2011,L,84.59453658,-1.0116558,15.72471446,48.61746021
GNB,2012,L,83.97914018,-1.2131091,19.20984137,44.12806656
GNB,2013,L,83.36904906,-1.4128951,17.64943044,39.95746178
GNB,2014,L,82.73212241,-1.4525813,18.43614583,46.86965831
GNB,2015,L,82.02806345,-1.3953114,16.19440983,54.37037559
GNB,2016,L,81.25448958,-1.4408281,17.97101803,54.30067305
GNB,2017,L,80.36317235,-1.5425984,17.9786141,56.91374759
GNB,2018,L,79.35004819,-1.235343,19.02117377,55.01958904
GNB,2019,L,78.29098721,-1.2804308,23.90307681,49.94351014
GNB,2020,L,77.18057192,-1.2811844,25.40937253,42.88538569
GNB,2021,L,76.02152091,-1.3839632,21.24930716,44.80945568
GNB,2022,L,74.8100197,-1.5281779,20.6330286,45.75849523
GNB,2023,L,73.56566891,-1.4517345,21.32373686,40.47454529
GNB,2024,L,72.34774997,-1.3676142,23.33219966,38.80658479
GNB,2025,L,72.34774997,-1.3676142,22.29345889,38.80658479
GNB,2026,L,72.34774997,-1.3676142,22.29345889,38.80658479
GNQ,2000,LM,85.39568725,-1.3654721,38.80482498,131.0244718
GNQ,2001,L,83.5995289,-1.3653956,38.80482498,131.0244718
GNQ,2002,L,81.50608124,-1.3653191,38.80482498,131.0244718
GNQ,2003,L,79.34755938,-1.373151,38.80482498,131.0244718
GNQ,2004,UM,77.35395033,-1.374142,38.80482498,131.0244718
GNQ,2005,UM,75.78618453,-1.4036206,38.80482498,131.0244718
GNQ,2006,UM,74.61285517,-1.4051422,27.14018535,118.5327824
GNQ,2007,H,73.66051449,-1.4028412,30.19735145,134.0837899
GNQ,2008,H,72.86459554,-1.4010464,28.1900366,128.6880066
GNQ,2009,H,72.1762768,-1.3669139,53.61273149,122.2120771
GNQ,2010,H,71.58216597,-1.3172768,42.32165507,144.668225
GNQ,2011,H,71.25687808,-1.3209115,38.16056081,114.3773466
GNQ,2012,H,71.15549763,-1.3207353,46.55954576,116.6754225
GNQ,2013,H,71.096275,-1.3530473,30.17013666,106.8932849
GNQ,2014,H,71.13000021,-0.9774502,28.57708471,104.3791987
GNQ,2015,UM,71.20485616,-0.9975418,24.53096818,98.87805917
GNQ,2016,UM,71.25146903,-0.9739752,16.55043316,92.60073072
GNQ,2017,UM,71.24193465,-1.0052134,13.95655302,102.4282583
GNQ,2018,UM,71.08796664,-0.9846747,12.68014344,103.6456816
GNQ,2019,UM,70.72569129,-1.009579,11.39298186,94.87879243
GNQ,2020,UM,70.58440035,-1.0623792,7.555197368,77.92788464
GNQ,2021,UM,70.52083535,-1.041591,8.056909953,76.9666486
GNQ,2022,UM,70.20012042,-1.1757572,7.574527062,81.81301614
GNQ,2023,UM,69.80165671,-1.1523444,8.621598534,61.44328152
GNQ,2024,UM,69.41497052,-1.1825117,6.489935715,60.5414511
GNQ,2025,UM,69.41497052,-1.1825117,6.371460478,60.5414511
GNQ,2026,UM,69.41497052,-1.1825117,6.371460478,60.5414511
GRC,2000,H,48.91606034,0.3180535,25.93735478,59.11265775
GRC,2001,H,49.25752778,0.3767953,25.5981997,56.85763396
GRC,2002,H,49.60123567,0.4355371,23.87585455,50.05333719
GRC,2003,H,49.81394017,0.5176036,24.87800682,47.89431216
GRC,2004,H,49.923739,0.6671438,25.04492253,49.82531767
GRC,2005,H,49.97786637,0.4979127,21.35688706,50.35553344
GRC,2006,H,49.96525874,0.5463793,24.05658499,51.10474658
GRC,2007,H,49.9217314,0.4958193,25.53087734,54.52568182
GRC,2008,H,50.02891464,0.4581092,23.28069624,57.10528363
GRC,2009,H,50.41427172,0.4951187,20.43844698,46.3779594
GRC,2010,H,51.03713477,0.3044238,16.82005721,50.9225182
GRC,2011,H,51.87156568,0.2558843,13.86559554,56.29299579
GRC,2012,H,52.81100017,0.2269435,12.27953128,62.39421174
GRC,2013,H,53.73203445,0.396537,11.5362301,62.95472722
GRC,2014,H,54.52210404,0.2447728,11.23378143,66.43353645
GRC,2015,H,55.19246383,0.1817351,11.1610942,65.27164546
GRC,2016,H,55.85158019,0.0838989,11.36847082,63.65754909
GRC,2017,H,56.43663225,0.2623317,12.04928341,70.88249674
GRC,2018,H,56.90006045,0.3398991,11.33105261,79.23799086
GRC,2019,H,57.28972865,0.4589741,10.97046318,80.59009495
GRC,2020,H,57.6385194,0.5867351,12.29986587,70.29374646
GRC,2021,H,58.38234388,0.5727218,13.79154665,88.01266545
GRC,2022,H,58.92292981,0.5636045,15.72133585,108.1218432
GRC,2023,H,58.90624511,0.2578486,15.8842465,92.47108829
GRC,2024,H,59.13220605,0.1912731,16.03952316,89.77652794
GRC,2025,H,59.13220605,0.1912731,16.88120281,89.77652794
GRC,2026,H,59.13220605,0.1912731,16.88120281,89.77652794
GRD,2000,UM,70.66550191,0.7532431,,
GRD,2001,UM,68.94458525,0.7533687,,
GRD,2002,UM,66.07531329,0.7534943,,
GRD,2003,UM,63.29729,0.7406422,,
GRD,2004,UM,60.69585924,0.4779746,,
GRD,2005,UM,58.34403544,0.4427567,,
GRD,2006,UM,56.27305749,0.484785,,
GRD,2007,UM,54.49411502,0.4874708,,
GRD,2008,UM,52.99449526,0.4895657,,
GRD,2009,UM,51.73344971,0.5379916,,
GRD,2010,UM,50.69617945,0.5616484,,
GRD,2011,UM,49.97925839,0.5608317,,
GRD,2012,UM,49.48371618,0.5610374,,
GRD,2013,UM,49.02434541,0.5009041,,
GRD,2014,UM,48.55071521,0.2423394,,
GRD,2015,UM,48.0008776,0.0331347,,
GRD,2016,UM,47.64671181,0.0337302,,
GRD,2017,UM,47.40652774,0.0339235,,
GRD,2018,UM,47.1427663,-0.1545834,,
GRD,2019,UM,46.98688296,-0.0931857,,
GRD,2020,UM,46.81237696,-0.0961408,,
GRD,2021,UM,46.61875204,-0.0943871,,
GRD,2022,UM,46.5020112,-0.0438885,,
GRD,2023,UM,46.44827198,0.0807086,,
GRD,2024,UM,46.37027786,0.0201444,,
GRD,2025,UM,46.37027786,0.0201444,,
GRD,2026,UM,46.37027786,0.0201444,,
GRL,2000,H,47.03881081,0.4629939,19.35609528,87.29719728
GRL,2001,H,46.45798156,0.4629939,19.35609528,87.29719728
GRL,2002,H,45.78074288,0.4629939,19.35609528,87.29719728
GRL,2003,H,45.10982127,0.4629939,19.35609528,87.29719728
GRL,2004,H,44.46870636,0.4629939,16.31696081,88.15243573
GRL,2005,H,43.8344744,0.4629939,23.9590376,99.70792655
GRL,2006,H,43.21570012,0.4629939,23.32122123,89.69385624
GRL,2007,H,42.6679448,0.4629939,31.35629894,94.96705396
GRL,2008,H,42.25213395,0.4629939,40.58960654,107.3732213
GRL,2009,H,41.92768048,0.4629939,31.60999204,85.75736574
GRL,2010,H,41.52001402,0.4658113,52.17999716,110.4723682
GRL,2011,H,41.08573271,0.4641538,64.83510384,130.5479424
GRL,2012,H,40.7756164,0.4645713,38.35477789,100.9784011
GRL,2013,H,40.57141435,0.4650375,30.10577274,95.91166816
GRL,2014,H,40.48112195,0.4838917,23.39414457,87.08858379
GRL,2015,H,40.50277931,0.4804151,24.02431336,83.10138101
GRL,2016,H,40.6031031,0.4816236,25.27038966,85.83767292
GRL,2017,H,40.80312829,0.482016,23.1335872,84.20725587
GRL,2018,H,41.13260782,0.4841706,21.40225227,89.77669063
GRL,2019,H,41.66393711,0.4862706,30.78277573,92.19075156
GRL,2020,H,42.28342084,0.480273,33.08349165,82.65950289
GRL,2021,H,42.91516359,0.4838322,36.86754785,83.68385723
GRL,2022,H,43.63940577,0.7779131,36.49132088,93.36513288
GRL,2023,H,44.76464448,0.7792725,34.68665599,91.89009944
GRL,2024,H,46.22449767,1.3528493,34.68665599,91.89009944
GRL,2025,H,46.22449767,1.3528493,34.68665599,91.89009944
GRL,2026,H,46.22449767,1.3528493,34.68665599,91.89009944
GTM,2000,LM,90.76306413,-1.0470244,16.12561254,49.1455879
GTM,2001,LM,90.01033916,-0.9865342500000001,18.60193668,70.66903318
GTM,2002,LM,89.00238234,-0.9260441,19.61979751,67.10481152
GTM,2003,LM,87.72626988,-0.9461887,18.96159189,67.00233919
GTM,2004,LM,86.25068931,-0.8896651,18.64025871,70.21487236
GTM,2005,LM,84.65983278,-0.8990503,18.58989157,67.10369961
GTM,2006,LM,82.9981312,-0.7008041,20.43683642,67.91192374
GTM,2007,LM,81.28684868,-0.6725821,19.90588467,69.00136431
GTM,2008,LM,79.53682011,-0.6490196,18.22684543,65.17873052
GTM,2009,LM,77.7631319,-0.581593,15.37760321,58.04068697
GTM,2010,LM,75.98815378,-0.6073928,15.04883901,63.12519257
GTM,2011,LM,74.24991716,-0.6813602,15.04591634,65.04705104
GTM,2012,LM,72.59727324,-0.6922625,15.02692489,61.95941934
GTM,2013,LM,71.03816123,-0.6452598,15.09057516,56.68524902
GTM,2014,LM,69.58718174,-0.5721862,15.17177593,55.08327359
GTM,2015,LM,68.24840824,-0.6527228,14.51658028,49.89345177
GTM,2016,LM,66.95572288,-0.6757539,13.87171603,46.37273447
GTM,2017,UM,65.72087674,-0.6982041,13.60942418,46.06940335
GTM,2018,UM,64.58006776,-0.7651424,13.6958971,47.01168527
GTM,2019,UM,63.45028547,-0.7779291,14.37928996,45.51673415
GTM,2020,UM,62.20545384,-0.7764521,13.70245985,41.14075945
GTM,2021,UM,60.88326201,-0.7444335,16.13311758,49.26114946
GTM,2022,UM,59.60143184,-0.8842065,16.70697664,54.43103848
GTM,2023,UM,58.40954175,-0.8628806,16.34763846,48.29707075
GTM,2024,UM,57.29814639,-0.9093696,15.96244234,47.34419676
GTM,2025,UM,57.29814639,-0.9093696,16.7094645,47.34419676
GTM,2026,UM,57.29814639,-0.9093696,16.7094645,47.34419676
GUF,2000,,,0.7532431,,
GUF,2002,,,0.7534943,,
GUF,2003,,,0.7406422,,
GUF,2004,,,0.39448,,
GUF,2005,,,0.7337585,,
GUF,2006,,,0.7308122,,
GUF,2007,,,0.7352677,,
GUF,2008,,,0.7387428,,
GUF,2009,,,1.4811155,,
GUF,2010,,,1.4825188,,
GUF,2011,,,1.4816932,,
GUF,2012,,,1.4819011,,
GUF,2013,,,1.4821334,,
GUF,2014,,,1.4915243,,
GUF,2015,,,1.4897926,,
GUF,2016,,,1.4903946,,
GUF,2017,,,1.4905901,,
GUF,2018,,,1.4916632,,
GUF,2019,,,1.4927092,,
GUF,2020,,,1.4897219,,
GUF,2021,,,1.4914946,,
GUF,2022,,,1.2859047,,
GUF,2023,,,1.2866922,,
GUF,2024,,,1.2858591,,
GUM,2000,H,55.01762609,0.2693143,,68.88626989
GUM,2001,H,55.31572816,0.2693143,,68.88626989
GUM,2002,H,55.50988733,0.2693143,,68.88626989
GUM,2003,H,55.52854364,0.2693143,,64.023536
GUM,2004,H,55.30399992,0.2693143,,68.00206772
GUM,2005,H,54.84366315,-0.2988565,,66.43721813
GUM,2006,H,54.23965117,-0.3018027,,72.77017461
GUM,2007,H,53.56532243,-0.2973473,,79.46327041
GUM,2008,H,52.94552034,-0.2938721,,78.27393731
GUM,2009,H,52.53114014,-0.2817378,,72.01739851
GUM,2010,H,52.27792308,-0.279435,,72.0347545
GUM,2011,H,52.10100918,-0.2807897,,77.78892456
GUM,2012,H,52.04903422,-0.2804485,,76.75213675
GUM,2013,H,52.15210994,-0.2800675,,79.5332469
GUM,2014,H,52.43455353,0.767958,,78.3600713
GUM,2015,H,52.9035967,0.7651163,,71.33988619
GUM,2016,H,53.54618549,0.7661041,,70.41179461
GUM,2017,H,54.3640003,0.7664249,,69.26658906
GUM,2018,H,55.34960561,0.7681859,,72.96314659
GUM,2019,H,56.48137403,0.7699023,,78.06451613
GUM,2020,H,57.72590215,0.7650002,,63.67478026
GUM,2021,H,59.00690486,0.7679093,,61.83830606
GUM,2022,H,60.33001699,0.952868,,71.86685962
GUM,2023,H,61.64689436,0.9540388,,71.86685962
GUM,2024,H,62.82608696,1.269394,,71.86685962
GUM,2025,H,62.82608696,1.269394,,71.86685962
GUM,2026,H,62.82608696,1.269394,,71.86685962
GUY,2000,LM,67.87209945,0.1307483,23.77598249,206.7673705
GUY,2001,LM,67.78755196,0.1308303,21.5703447,199.5770007
GUY,2002,LM,67.49340358,0.1309123,20.86049903,196.7250784
GUY,2003,LM,66.93062896,0.1225187,20.95211587,189.1624856
GUY,2004,LM,66.09219816,-0.0177433,23.54568087,200.7252869
GUY,2005,LM,65.01302256,-0.3480773,32.33397827,194.3507573
GUY,2006,LM,63.71152656,-0.1107271,32.33397827,194.3507573
GUY,2007,LM,62.31746679,0.0182251,32.33397827,194.3507573
GUY,2008,LM,60.95480034,-0.1494954,32.33397827,194.3507573
GUY,2009,LM,59.60447601,-0.0858978,32.33397827,194.3507573
GUY,2010,LM,58.2842693,-0.042627,32.33397827,194.3507573
GUY,2011,LM,57.07380945,-0.045055,32.33397827,194.3507573
GUY,2012,LM,56.2223027,-0.0195935,32.33397827,194.3507573
GUY,2013,LM,55.72943702,-0.0235782,32.33397827,194.3507573
GUY,2014,LM,55.39887628,-0.0947731,32.33397827,194.3507573
GUY,2015,UM,55.24252617,-0.1184435,32.33397827,194.3507573
GUY,2016,UM,55.25599837,-0.1181524,32.33397827,194.3507573
GUY,2017,UM,55.43574776,-0.1613265,32.33397827,194.3507573
GUY,2018,UM,54.30242305,-0.0849901,32.33397827,194.3507573
GUY,2019,UM,53.97204858,-0.0844712,32.33397827,194.3507573
GUY,2020,UM,54.96147462,-0.2652471,32.33397827,194.3507573
GUY,2021,UM,55.09169714,-0.1426381,32.33397827,194.3507573
GUY,2022,H,55.34092735,-0.1291709,32.33397827,194.3507573
GUY,2023,H,55.76998841,-0.0976685,32.33397827,194.3507573
GUY,2024,H,55.99533752,-0.0982402,32.33397827,194.3507573
GUY,2025,H,55.99533752,-0.0982402,32.33397827,194.3507573
GUY,2026,H,55.99533752,-0.0982402,32.33397827,194.3507573
HIC,2000,,48.17298109,,24.1091216,52.01853016
HIC,2001,,47.97228881,,23.38338412,50.64091984
HIC,2002,,47.79622063,,22.46533394,49.47731988
HIC,2003,,47.64074865,,22.32865923,49.76356064
HIC,2004,,47.5253383,,22.49502512,52.47245412
HIC,2005,,47.44844864,,22.92960107,54.66971298
HIC,2006,,47.40069148,,23.22182054,57.43270102
HIC,2007,,47.38054967,,23.26167962,58.53173416
HIC,2008,,47.4134283,,22.9161627,61.08416361
HIC,2009,,47.50821679,,21.19459943,53.24771269
HIC,2010,,47.607202,,20.74636109,58.17614047
HIC,2011,,47.89079157,,20.97761028,61.90007122
HIC,2012,,48.46627014,,21.25569327,62.24228597
HIC,2013,,49.12502808,,21.20186386,61.94040594
HIC,2014,,49.81258656,,21.46129229,61.84265447
HIC,2015,,50.46152468,,21.72414677,60.09101979
HIC,2016,,51.0678533,,21.8100684,58.41073601
HIC,2017,,51.70668038,,22.02861266,60.22990364
HIC,2018,,52.31812511,,22.13177797,61.44932522
HIC,2019,,52.87599688,,22.48594607,60.58885267
HIC,2020,,53.3922761,,22.6257748,56.10432222
HIC,2021,,53.86141415,,22.38648685,60.61045937
HIC,2022,,54.18658737,,22.39663605,67.38917589
HIC,2023,,54.51983132,,22.53733378,63.0258324
HIC,2024,,54.93038307,,22.20577124,60.83280443
HIC,2025,,54.93038307,,22.20577124,60.83280443
HKG,2000,H,39.06563335,1.5133566,26.50584934,247.6540204
HKG,2001,H,38.67664113,1.38191335,25.79851371,240.8489776
HKG,2002,H,38.44636473,1.2504701,22.74467546,255.9964574
HKG,2003,H,38.08173343,1.5744373,21.65462823,292.4546559
HKG,2004,H,37.48092626,1.5131642,21.82013123,326.8410546
HKG,2005,H,36.71244416,1.6041045,21.39697265,342.6892095
HKG,2006,H,35.93031715,1.756447,22.42676527,359.2086612
HKG,2007,H,35.32617064,1.6859842,20.61818948,362.1494636
HKG,2008,H,34.87927493,1.6855332,20.54457808,376.6568062
HKG,2009,H,34.48355138,1.6388612,20.46424729,348.3975543
HKG,2010,H,34.09698731,1.6058929,21.77813607,404.7705609
HKG,2011,H,33.9176148,1.6227774,23.53633887,421.8547066
HKG,2012,H,34.25131156,1.8817297,25.39990251,430.5685304
HKG,2013,H,34.96159303,1.7309633,24.1086281,442.6200191
HKG,2014,H,35.85207598,1.8462661,23.49180643,425.9758717
HKG,2015,H,36.84312466,1.8408043,22.39959471,389.4059493
HKG,2016,H,37.9119774,1.9071365,21.48945755,371.7272318
HKG,2017,H,39.12858894,1.9265977,21.65643773,376.7956667
HKG,2018,H,40.40215989,1.9404871,21.5995181,376.8927735
HKG,2019,H,41.71432066,1.888806,18.29774954,353.7435211
HKG,2020,H,43.06646844,1.5914491,17.0302785,350.679705
HKG,2021,H,44.58701192,1.6245817,16.84304559,402.4596815
HKG,2022,H,46.1893957,1.6433381,16.07011515,384.8811432
HKG,2023,H,47.80715423,1.5374202,16.95653778,353.0075001
HKG,2024,H,49.64452936,1.6374532,16.58677041,359.5067107
HKG,2025,H,49.64452936,1.6374532,16.93914413,359.5067107
HKG,2026,H,49.64452936,1.6374532,16.93914413,359.5067107
HND,2000,LM,85.34978865,-1.0776822,25.77244966,120.3921646
HND,2001,LM,84.13071169,-1.0512278,23.93745086,115.9430717
HND,2002,LM,82.80494719,-1.0247734,21.51763691,117.9974545
HND,2003,LM,81.38020628,-1.0735697,22.9262739,122.2482772
HND,2004,LM,79.8958826,-0.7452631,27.08035231,135.4617587
HND,2005,LM,78.33946132,-0.697415,24.91442056,136.489768
HND,2006,LM,76.69684756,-0.7164582,27.32635926,133.1318351
HND,2007,LM,74.99599074,-0.6132121,32.1934758,135.0706349
HND,2008,LM,73.27037497,-0.6867311,33.59737883,135.7489552
HND,2009,LM,71.54570451,-0.6465044,22.0079149,96.90500602
HND,2010,LM,69.83278352,-0.6254799,21.55586964,109.4418382
HND,2011,LM,68.15564164,-0.6040037,24.44077775,122.2169026
HND,2012,LM,66.55634993,-0.6881574,24.37101579,121.1882158
HND,2013,LM,65.03701195,-0.8050534,23.58542028,116.3060492
HND,2014,LM,63.57952596,-0.6009781,22.28544003,112.9750973
HND,2015,LM,62.16575156,-0.5555614,23.68300792,107.2644054
HND,2016,LM,60.82062699,-0.4312883,22.0345381,99.81571695
HND,2017,LM,59.59199428,-0.4193229,23.53214833,101.8131111
HND,2018,LM,58.50714638,-0.5271479,24.74735561,103.5511622
HND,2019,LM,57.55252512,-0.5125275,22.80469707,99.45997799
HND,2020,LM,56.6772345,-0.5825031,18.28406921,88.00085638
HND,2021,LM,55.87477698,-0.6672516,22.66619147,103.3726435
HND,2022,LM,55.16632019,-0.6862582,22.49108863,112.6985249
HND,2023,LM,54.5329302,-0.6579014,23.75620763,98.79197983
HND,2024,LM,53.93834022,-0.6196728,24.24750161,91.11015859
HND,2025,LM,53.93834022,-0.6196728,23.33361063,91.11015859
HND,2026,LM,53.93834022,-0.6196728,23.33361063,91.11015859
HPC,2000,,95.58102392,,18.8617963,53.56153123
HPC,2001,,95.36213654,,18.73085595,52.8976659
HPC,2002,,95.12446373,,18.7601814,54.94514393
HPC,2003,,94.83748664,,19.64423928,55.81418083
HPC,2004,,94.52018892,,20.50039511,58.50017434
HPC,2005,,94.21623443,,20.89658986,60.13707434
HPC,2006,,93.92791817,,21.24220425,57.18251016
HPC,2007,,93.58232935,,22.43560302,61.12103815
HPC,2008,,93.08966306,,23.17369151,62.81485839
HPC,2009,,92.51138673,,22.28387285,57.26224677
HPC,2010,,91.92086212,,22.78566966,61.36430103
HPC,2011,,91.27275286,,23.66574044,63.4586803
HPC,2012,,90.61970519,,23.58310679,63.3430134
HPC,2013,,89.95999887,,25.27242535,59.76035205
HPC,2014,,89.24677181,,26.13785042,58.58086701
HPC,2015,,88.50205982,,26.27789845,56.22441836
HPC,2016,,87.66232635,,26.39871434,53.49248244
HPC,2017,,86.75865024,,25.54028593,52.35029933
HPC,2018,,85.92340322,,25.53883736,53.90211965
HPC,2019,,85.15362958,,25.59161673,53.21509624
HPC,2020,,84.33827959,,23.3585645,47.36028014
HPC,2021,,83.47304793,,24.3319925,51.05498075
HPC,2022,,82.61199826,,24.14097891,55.97361056
HPC,2023,,81.73858551,,23.26850869,52.3169494
HPC,2024,,80.89188468,,22.14711733,52.07035775
HPC,2025,,80.89188468,,21.63642396,52.07035775
HRV,2000,UM,48.88295352,0.1833787,19.91237221,74.60168547
HRV,2001,UM,49.35654967,0.1947093,20.41077807,79.4405856
HRV,2002,UM,49.64494677,0.2060399,22.12602043,81.1609978
HRV,2003,UM,49.79264883,0.1631364,25.5640787,81.44325144
HRV,2004,UM,49.84678001,0.3693341,25.43335415,81.64441266
HRV,2005,UM,49.96139754,0.354903,25.1844891,81.49233557
HRV,2006,UM,49.97839639,0.302513,26.3003292,83.51708359
HRV,2007,UM,50.01581874,0.3753871,26.49900606,83.26221038
HRV,2008,H,50.07901452,0.3957849,27.855225,82.07907911
HRV,2009,H,49.94841713,0.4213095,24.78456476,69.70155789
HRV,2010,H,49.63584103,0.2868905,20.82003327,72.64670399
HRV,2011,H,49.45444833,0.240585,19.82115585,77.78395281
HRV,2012,H,49.60360226,0.4012631,19.20698355,79.00754931
HRV,2013,H,49.89407387,0.4156062,19.22018552,80.9188132
HRV,2014,H,50.4049904,0.4256344,18.79290363,85.21662413
HRV,2015,H,51.1801169,0.2567445,19.08802158,90.65227055
HRV,2016,UM,52.0598914,0.2649439,19.55808771,92.13920094
HRV,2017,H,53.15396809,0.404068,19.47237191,97.24452565
HRV,2018,H,54.40417476,0.4927546,19.97625294,99.08485464
HRV,2019,H,55.56263683,0.4191078,21.91017375,101.3947666
HRV,2020,H,56.53849769,0.5056587,22.35338168,89.54805231
HRV,2021,H,57.43250236,0.7557995,20.94852853,102.3286972
HRV,2022,H,58.19189035,0.7162336,21.6629938,125.410878
HRV,2023,H,58.61412578,0.7487411,24.74679868,107.278314
HRV,2024,H,59.01028825,0.7097625,25.19061754,104.9123261
HRV,2025,H,59.01028825,0.7097625,25.73487497,104.9123261
HRV,2026,H,59.01028825,0.7097625,25.73487497,104.9123261
HTI,2000,L,78.64833039,-1.3577285,8.322396005,27.15352206
HTI,2001,L,77.67019503,-1.5976399,8.048111819,27.56993302
HTI,2002,L,76.58097646,-1.8375513,9.495958322,24.93967848
HTI,2003,L,75.41173608,-1.8356586,16.67925856,37.19734344
HTI,2004,L,74.15478794,-1.8983869,11.40765729,33.78097035
HTI,2005,L,72.84219855,-1.6556466,9.815927731,34.9651045
HTI,2006,L,71.5666152,-1.6592686,14.35277123,37.05707041
HTI,2007,L,70.36359565,-1.658091,9.224667533,34.28254896
HTI,2008,L,69.24179794,-1.4364822,12.61716207,36.14503815
HTI,2009,L,68.20489666,-1.4421191,12.60692422,33.09649982
HTI,2010,L,67.11318625,-1.5677862,24.98821766,44.72152413
HTI,2011,L,66.05010658,-1.6189617,20.99674948,44.1635704
HTI,2012,L,65.11326585,-1.599663,17.50923442,40.2582415
HTI,2013,L,64.18774755,-1.523841,17.88085932,40.33250976
HTI,2014,L,63.28434494,-1.9298374,16.55686633,42.35152591
HTI,2015,L,62.40340399,-1.869399,13.97372865,41.94573812
HTI,2016,L,61.58771047,-1.8833592,16.83684659,41.41090222
HTI,2017,L,60.85913946,-1.8904667,20.13510645,42.07454779
HTI,2018,L,60.17124695,-1.7517146,16.051092,45.1385763
HTI,2019,L,59.49667008,-1.8885565,18.53625002,44.56871878
HTI,2020,LM,58.81890473,-1.9163196,17.70308378,37.41388013
HTI,2021,LM,58.12088297,-2.0602282,18.08044821,37.04655946
HTI,2022,LM,57.41391713,-2.0132007,15.88197347,36.52955028
HTI,2023,LM,56.71610657,-2.0108367,13.88456279,30.7854237
HTI,2024,LM,55.99129554,-2.0156868,12.13878169,22.24788537
HTI,2025,LM,55.99129554,-2.0156868,12.05957654,22.24788537
HTI,2026,LM,55.99129554,-2.0156868,12.05957654,22.24788537
HUN,2000,UM,46.5134969,0.9862345,25.47136341,137.2623131
HUN,2001,UM,46.07969475,0.9777666,24.82925667,130.9037142
HUN,2002,UM,45.74841954,0.9692987,24.70434689,118.2693352
HUN,2003,UM,45.52609579,0.8500324,23.65141535,116.7870885
HUN,2004,UM,45.28827598,0.7962749,24.06485129,123.6156861
HUN,2005,UM,45.11497126,0.7528133,23.85772927,128.0048106
HUN,2006,UM,44.9804922,0.7191893,23.51489184,149.2315316
HUN,2007,H,44.95785448,0.4939081,23.70336123,155.6014324
HUN,2008,H,45.05488154,0.4953579,23.35844326,158.4532241
HUN,2009,H,45.24082443,0.5418594,22.68497193,145.3058773
HUN,2010,H,45.34743917,0.4504472,20.11154979,157.8389601
HUN,2011,H,45.49213713,0.4689702,19.56893055,166.7543472
HUN,2012,UM,45.91831932,0.4322592,19.20097494,166.1756986
HUN,2013,UM,46.55185646,0.5712638,20.8591446,164.4760248
HUN,2014,H,47.3832345,0.6662414,22.1003955,168.3583551
HUN,2015,H,48.25169704,0.579719,22.29370479,167.2907385
HUN,2016,H,49.14196899,0.5552886,19.61276202,163.9719445
HUN,2017,H,49.95950668,0.6076573,22.31751791,165.0328558
HUN,2018,H,50.77444017,0.6259032,24.87733843,162.7008588
HUN,2019,H,51.86615485,0.5238239,27.12434389,159.9255565
HUN,2020,H,53.01828545,0.7208016,26.44763335,154.5270029
HUN,2021,H,53.77584557,0.784219,27.2593628,159.1875273
HUN,2022,H,54.22137831,0.657731,27.54700713,185.0002041
HUN,2023,H,54.57034805,0.5461907,25.55418909,158.3857475
HUN,2024,H,54.78576511,0.501908,23.20611197,146.5045615
HUN,2025,H,54.78576511,0.501908,21.94458318,146.5045615
HUN,2026,H,54.78576511,0.501908,21.94458318,146.5045615
IBD,2000,,56.59217162,,22.78019469,48.75278032
IBD,2001,,55.55177448,,23.36877503,47.6852567
IBD,2002,,54.48072304,,23.9924792,50.00231411
IBD,2003,,53.44986758,,25.08882013,54.40239796
IBD,2004,,52.44426949,,26.03718612,59.30468231
IBD,2005,,51.44150842,,26.23797286,60.91853419
IBD,2006,,50.58009252,,26.60144963,61.79555977
IBD,2007,,49.89964743,,27.54548422,60.553029
IBD,2008,,49.30871152,,28.51957471,60.25735983
IBD,2009,,48.79634371,,30.05924471,50.51068933
IBD,2010,,48.3561729,,29.87866887,53.79072848
IBD,2011,,48.02023223,,30.47790404,55.46659579
IBD,2012,,47.8204165,,31.0192657,54.25792925
IBD,2013,,47.70938535,,31.42088007,53.04418805
IBD,2014,,47.68147708,,31.4552031,51.77534132
IBD,2015,,47.72163386,,31.58339029,48.44634697
IBD,2016,,47.8074149,,31.11844442,46.4759642
IBD,2017,,47.96927703,,31.01035912,47.85464528
IBD,2018,,48.12408083,,32.0593923,50.13543028
IBD,2019,,48.23690228,,31.98301966,48.1269431
IBD,2020,,48.26957879,,32.15061323,45.38410487
IBD,2021,,48.14194157,,32.30518305,50.69520821
IBD,2022,,47.99094114,,32.00793847,53.74455313
IBD,2023,,47.81816058,,31.63332788,49.41897562
IBD,2024,,47.50508528,,31.05766649,49.34606709
IBD,2025,,47.50508528,,31.05766649,49.34606709
IBT,2000,,63.25017356,,22.68744315,48.82261548
IBT,2001,,62.3654077,,23.26069898,47.83006203
IBT,2002,,61.48897369,,23.72871208,50.04059585
IBT,2003,,60.65166715,,24.79597084,54.26780232
IBT,2004,,59.82303096,,25.70680548,59.03523057
IBT,2005,,58.99965007,,25.91521093,60.61147063
IBT,2006,,58.29211407,,26.24113079,61.43984368
IBT,2007,,57.71798285,,27.211496,60.34892827
IBT,2008,,57.21743964,,28.14637024,60.18492383
IBT,2009,,56.78785115,,29.62389842,50.60967005
IBT,2010,,56.41324949,,29.46218895,53.75464414
IBT,2011,,56.11746029,,30.08418831,55.48956567
IBT,2012,,55.93219702,,30.58757016,54.28409043
IBT,2013,,55.82300831,,30.9691069,53.01909883
IBT,2014,,55.77002614,,30.9630401,51.73991936
IBT,2015,,55.74917841,,31.10725793,48.4236979
IBT,2016,,55.73432222,,30.79426392,46.41025611
IBT,2017,,55.7638116,,30.77651934,47.77123033
IBT,2018,,55.7876028,,31.80472441,50.09334122
IBT,2019,,55.77693485,,31.51429771,48.16151357
IBT,2020,,55.69684114,,31.63087467,45.30621558
IBT,2021,,55.49226819,,31.92278365,50.52337646
IBT,2022,,55.26802007,,31.63685962,53.62077523
IBT,2023,,55.0179223,,31.38640817,49.36653483
IBT,2024,,54.65717185,,30.97211092,49.23349783
IBT,2025,,54.65717185,,30.97211092,49.23349783
IDA,2000,,86.6497839,,22.9735958,48.00458176
IDA,2001,,86.01739913,,22.96646193,48.00458176
IDA,2002,,85.50262193,,21.49286268,48.00458176
IDA,2003,,85.00756867,,22.2188425,48.00458176
IDA,2004,,84.46129089,,22.22087275,48.00458176
IDA,2005,,83.91411938,,22.105223,48.00458176
IDA,2006,,83.3753068,,21.89359316,48.00458176
IDA,2007,,82.79181983,,22.31239958,48.00458176
IDA,2008,,82.23737353,,22.39536324,48.00458176
IDA,2009,,81.73716181,,22.8502883,48.00458176
IDA,2010,,81.23871764,,21.84795533,48.00458176
IDA,2011,,80.75232577,,21.76540023,48.00458176
IDA,2012,,80.32958967,,21.29186907,48.00458176
IDA,2013,,79.98701508,,22.13592237,48.00458176
IDA,2014,,79.61146557,,22.47983558,48.00458176
IDA,2015,,79.15229669,,23.71130954,48.00458176
IDA,2016,,78.57560613,,25.80160193,45.19434214
IDA,2017,,77.95120461,,26.50849805,46.21963101
IDA,2018,,77.31697924,,27.10139325,49.31044374
IDA,2019,,76.66262362,,24.79625504,48.80455798
IDA,2020,,75.95907355,,24.21279373,43.87800099
IDA,2021,,75.22202311,,25.18116554,47.37258895
IDA,2022,,74.48170008,,25.46946458,51.33267969
IDA,2023,,73.72147023,,25.92935643,48.39051174
IDA,2024,,72.95039365,,27.82503295,47.10911935
IDA,2025,,72.95039365,,27.06644715,47.10911935
IDB,2000,,87.15192627,,,
IDB,2001,,86.31442921,,,
IDB,2002,,85.6445342,,,
IDB,2003,,85.01994957,,,
IDB,2004,,84.29657146,,,
IDB,2005,,83.58245123,,,
IDB,2006,,82.94028356,,,
IDB,2007,,82.28611851,,,
IDB,2008,,81.66096487,,,
IDB,2009,,81.12650239,,,
IDB,2010,,80.6852398,,,
IDB,2011,,80.35472772,,,
IDB,2012,,80.12762086,,,
IDB,2013,,79.93822691,,,
IDB,2014,,79.71259176,,,
IDB,2015,,79.43618833,,,
IDB,2016,,79.05302728,,,
IDB,2017,,78.51847455,,,
IDB,2018,,77.86896192,,,
IDB,2019,,77.16262057,,,
IDB,2020,,76.33543057,,,
IDB,2021,,75.40872769,,,
IDB,2022,,74.50587357,,,
IDB,2023,,73.60721573,,,
IDB,2024,,72.59191058,,,
IDB,2025,,72.59191058,,,
IDN,2000,L,55.80089071,-0.5497447,19.85085445,71.43687592
IDN,2001,L,55.11314054,-0.6590799,19.6726582,69.79320753
IDN,2002,L,54.51557415,-0.7684151,19.42916405,59.07946177
IDN,2003,LM,53.92727,-0.9085265,19.50605922,53.61649375
IDN,2004,LM,53.35400322,-0.7626847,22.44861697,59.76129484
IDN,2005,LM,52.88157358,-0.7337593,23.64051177,63.98793587
IDN,2006,LM,52.48460884,-0.5173516,24.13099153,56.65712681
IDN,2007,LM,52.13119026,-0.4571356,24.94694364,54.82924998
IDN,2008,LM,51.7963916,-0.4526811,27.69859122,58.56139963
IDN,2009,LM,51.43121848,-0.3302307,31.11476656,45.51212137
IDN,2010,LM,51.06590393,-0.2531404,30.99940883,46.70127388
IDN,2011,LM,50.72511477,-0.3273953,31.30745404,50.18001318
IDN,2012,LM,50.39506252,-0.2570836,32.71962807,49.5828983
IDN,2013,LM,50.04391433,-0.1633885,31.96577957,48.63737268
IDN,2014,LM,49.68398051,0.3191278,32.51674144,48.08017559
IDN,2015,LM,49.35964379,-0.062646,32.81192658,41.93764024
IDN,2016,LM,49.08062418,0.1221929,32.5777315,37.4213418
IDN,2017,LM,48.81331766,0.1565617,32.16063886,39.35549707
IDN,2018,LM,48.55728556,0.2534613,32.28849709,43.07430896
IDN,2019,UM,48.31873105,0.3122885,32.34688455,37.62777754
IDN,2020,LM,48.02167984,0.213754,31.70975645,32.9721754
IDN,2021,LM,47.62798101,0.1470804,30.79419506,40.20475827
IDN,2022,UM,47.27265769,0.2328093,29.08487553,45.4646702
IDN,2023,UM,47.02245688,0.2732116,29.15271725,41.33628687
IDN,2024,UM,46.81355501,0.179804,29.14555042,42.5726473
IDN,2025,UM,46.81355501,0.179804,28.76700399,42.5726473
IDN,2026,UM,46.81355501,0.179804,28.76700399,42.5726473
IDX,2000,,86.38207303,,22.08314447,54.83498564
IDX,2001,,85.85853582,,22.30074251,53.4245751
IDX,2002,,85.42664029,,22.15933556,53.49297167
IDX,2003,,85.00093469,,23.28211275,53.47300323
IDX,2004,,84.5497331,,24.01762446,55.84219178
IDX,2005,,84.09252168,,24.38480608,57.91592898
IDX,2006,,83.60962967,,24.28859128,56.90294945
IDX,2007,,83.06498978,,24.07900616,59.42788054
IDX,2008,,82.54987238,,24.22723584,60.95112397
IDX,2009,,82.06938042,,23.63025708,54.58212806
IDX,2010,,81.54080905,,23.2771169,57.21304005
IDX,2011,,80.96977941,,24.06215351,60.8583944
IDX,2012,,80.4401224,,23.83366163,60.99128361
IDX,2013,,80.01373628,,25.15698096,58.91825153
IDX,2014,,79.55609059,,25.47500409,57.61951039
IDX,2015,,78.99700245,,25.88195426,54.04070957
IDX,2016,,78.31509788,,27.38856782,51.14735379
IDX,2017,,77.64249912,,27.90475756,51.70758411
IDX,2018,,77.01740331,,28.55813063,54.05868754
IDX,2019,,76.39216264,,28.50901784,53.27184837
IDX,2020,,75.75613092,,26.9352957,47.99786746
IDX,2021,,75.12158829,,27.87185299,52.21419445
IDX,2022,,74.46872611,,28.08718471,55.00140023
IDX,2023,,73.78259382,,26.60027541,51.97793034
IDX,2024,,73.14150221,,25.84301491,50.83873429
IDX,2025,,73.14150221,,24.63954025,50.83873429
IMN,2000,UM,53.53193044,,,
IMN,2001,UM,52.99789937,,,
IMN,2002,H,52.82914384,,,
IMN,2003,H,52.66802285,,,
IMN,2004,H,52.36695545,,,
IMN,2005,H,51.92785357,,,
IMN,2006,H,51.56674721,,,
IMN,2007,H,51.4416886,,,
IMN,2008,H,51.48476454,,,
IMN,2009,H,51.70843241,,,
IMN,2010,H,52.0622949,,,
IMN,2011,H,52.82718151,,,
IMN,2012,H,54.05341225,,,
IMN,2013,H,55.22451389,,,
IMN,2014,H,56.16820864,,,
IMN,2015,H,57.09426445,,,
IMN,2016,H,57.84039334,,,
IMN,2017,H,58.26944555,,,
IMN,2018,H,58.55942786,,,
IMN,2019,H,58.71377531,,,
IMN,2020,H,58.74310749,,,
IMN,2021,H,58.73138694,,,
IMN,2022,H,58.93454236,,,
IMN,2023,H,59.32607667,,,
IMN,2024,H,59.68237705,,,
IMN,2025,H,59.68237705,,,
IMN,2026,H,59.68237705,,,
IND,2000,L,66.56581294,-0.5480326,26.02178485,26.90092291
IND,2001,L,65.6393614,-0.51493895,29.93230964,25.99325475
IND,2002,L,64.73522141,-0.4818453,28.33252481,29.50866294
IND,2003,L,63.83605379,-0.4274791,28.33482571,30.59243613
IND,2004,L,62.88270394,-0.1952701,30.70814142,37.50381406
IND,2005,L,61.90817091,-0.1809739,32.75533704,42.00166961
IND,2006,L,60.90247285,-0.1259439,33.58489158,45.7244805
IND,2007,LM,59.87806455,-0.0160503,35.81287812,45.68626868
IND,2008,LM,58.88782844,-0.1554864,34.71795935,53.36822044
IND,2009,LM,57.91646978,-0.0934347,33.95162693,46.27286964
IND,2010,LM,56.94352994,-0.1141477,33.23001467,49.2552065
IND,2011,LM,55.98767627,-0.0726295,34.31341665,55.62388001
IND,2012,LM,55.06007807,-0.0887591,33.43693433,55.79372173
IND,2013,LM,54.13783766,-0.0587027,31.29580085,53.84413195
IND,2014,LM,53.24210902,-0.0134938,30.08023706,48.92218575
IND,2015,LM,52.39770582,0.3968483,28.73314413,41.92291387
IND,2016,LM,51.57689373,0.3761225,28.18843788,40.08248571
IND,2017,LM,50.76720335,0.3527821,28.17781362,40.74249695
IND,2018,LM,50.03079002,0.5015296,29.46306815,43.61696933
IND,2019,LM,49.37813139,0.5054858,28.45454433,39.90540353
IND,2020,LM,48.72592536,0.3492894,27.32432137,37.75810533
IND,2021,LM,48.04057662,0.2400136,29.57803452,45.42308878
IND,2022,LM,47.46370596,0.3392526,32.36705206,50.07527015
IND,2023,LM,47.01321811,0.422603,31.89960318,44.99284229
IND,2024,LM,46.56399731,0.4046051,31.64344153,44.64929351
IND,2025,LM,46.56399731,0.4046051,31.67909775,44.64929351
IND,2026,LM,46.56399731,0.4046051,31.67909775,44.64929351
INX,2000,,,,,
INX,2001,,,,,
INX,2002,,,,,
INX,2003,,,,,
INX,2004,,,,,
INX,2005,,,,,
INX,2006,,,,,
INX,2007,,,,,
INX,2008,,,,,
INX,2009,,,,,
INX,2010,,,,,
INX,2011,,,,,
INX,2012,,,,,
INX,2013,,,,,
INX,2014,,,,,
INX,2015,,,,,
INX,2016,,,,,
INX,2017,,,,,
INX,2018,,,,,
INX,2019,,,,,
INX,2020,,,,,
INX,2021,,,,,
INX,2022,,,,,
INX,2023,,,,,
INX,2024,,,,,
INX,2025,,,,,
IRL,2000,H,49.18559368,1.4121198,23.74204838,174.9545181
IRL,2001,H,48.28963679,1.4154927499999999,23.93639095,174.8407111
IRL,2002,H,47.56126577,1.4188657,23.59308667,163.7193294
IRL,2003,H,47.15419315,1.266241,24.91107206,146.531474
IRL,2004,H,46.8096917,1.330715,26.95025164,146.5874964
IRL,2005,H,46.24045375,1.6000506,29.82892664,148.1755643
IRL,2006,H,45.46998382,1.4595392,30.98669163,150.0217858
IRL,2007,H,45.09139988,1.376367,28.70708245,153.3968471
IRL,2008,H,45.55784632,1.3164903,24.84211873,160.0394201
IRL,2009,H,46.6772507,1.1434304,21.16312455,173.5914749
IRL,2010,H,48.07486489,1.0340843,17.59138556,190.0802728
IRL,2011,H,49.41734828,1.2438016,16.5650712,186.3048792
IRL,2012,H,50.53694781,1.3719864,19.5031733,190.3556823
IRL,2013,H,51.39799874,1.3399878,18.27556673,199.7425862
IRL,2014,H,52.04645738,1.4680962,20.19171328,211.181602
IRL,2015,H,52.50467378,1.4129064,24.28158498,223.7029383
IRL,2016,H,52.77743651,1.4160358,34.11093342,239.7085278
IRL,2017,H,52.94159765,1.3768564,32.47545036,233.3040833
IRL,2018,H,53.02875603,1.4575251,27.89889686,222.453716
IRL,2019,H,53.0371687,1.3035565,53.21066286,257.6527729
IRL,2020,H,53.05355717,1.5003528,41.38781126,258.780437
IRL,2021,H,53.04482352,1.6184384,22.07773191,231.0323509
IRL,2022,H,52.94664069,1.7057914,21.14405953,237.7554196
IRL,2023,H,52.80881098,1.6609005,24.88827085,239.6496276
IRL,2024,H,52.54962296,1.6115533,17.34801433,246.1698749
IRL,2025,H,52.54962296,1.6115533,22.23580294,246.1698749
IRL,2026,H,52.54962296,1.6115533,22.23580294,246.1698749
IRN,2000,LM,60.64925815,-0.5434034,31.30545392,41.25724746
IRN,2001,LM,56.3422902,-0.6308865,35.79939754,40.53556648
IRN,2002,LM,52.83710035,-0.7183696,33.24578326,48.17268655
IRN,2003,LM,49.82937001,-0.7233853,32.6580827,50.67910578
IRN,2004,LM,47.07656497,-0.6691357,31.23817549,51.31385733
IRN,2005,LM,44.79197483,-0.74235,28.55716877,54.44049526
IRN,2006,LM,42.9687321,-0.7346343,27.24709615,53.16735871
IRN,2007,LM,41.63665253,-0.7287645,28.342124,49.88730692
IRN,2008,LM,40.75848326,-0.7500004,31.92269305,48.22940277
IRN,2009,UM,40.25893865,-0.745878,30.85489639,43.69958022
IRN,2010,UM,40.06296288,-0.6340289,27.35283332,43.77064374
IRN,2011,UM,40.08857273,-0.5369306,29.05372873,41.21941479
IRN,2012,UM,40.26752818,-0.5324399,30.05396543,44.08934668
IRN,2013,UM,40.61070063,-0.5687029,27.44560637,47.08671792
IRN,2014,UM,41.20914549,-0.2574672,28.5708134,45.35142014
IRN,2015,UM,42.04071827,-0.1918034,25.3650139,39.42258866
IRN,2016,UM,42.89344774,-0.2031626,23.81604521,39.87724177
IRN,2017,UM,43.67052198,-0.1973883,23.97438189,43.15569314
IRN,2018,UM,44.33837503,-0.2727406,24.53216427,56.61534961
IRN,2019,UM,44.77869478,-0.4172702,25.24461307,48.59177121
IRN,2020,LM,44.93492162,-0.7071428,30.25955381,43.88446749
IRN,2021,LM,44.83428858,-0.6566521,28.62302764,42.67237954
IRN,2022,LM,44.61365762,-0.7076616,26.64418701,48.91835082
IRN,2023,UM,44.41448105,-0.7402272,27.41632219,49.3935501
IRN,2024,UM,44.25764759,-0.7061233,28.10716023,52.06213068
IRN,2025,UM,44.25764759,-0.7061233,28.79810192,52.06213068
IRN,2026,UM,44.25764759,-0.7061233,28.79810192,52.06213068
IRQ,2000,LM,87.815498,-2.0977097,2.91803373,125.3365956
IRQ,2001,LM,87.11769858,-2.1505972,6.127235481,126.780256
IRQ,2002,LM,86.38375682,-2.2034847,5.360604275,119.7620477
IRQ,2003,LM,85.61495892,-2.0070061,10.65095422,154.2345253
IRQ,2004,LM,84.8012279,-1.5863173,5.368249731,120.2339771
IRQ,2005,LM,83.88749657,-1.9343147,13.84722412,115.7425403
IRQ,2006,LM,82.93110757,-1.8349607,17.69172145,89.65051986
IRQ,2007,LM,81.98497514,-1.6317277,6.75640343,74.09285311
IRQ,2008,LM,81.03063045,-1.2292464,14.80043431,81.05554327
IRQ,2009,LM,80.11484774,-1.0843867,10.31147596,78.68737882
IRQ,2010,LM,79.34520966,-1.1789936,16.19896164,73.49747962
IRQ,2011,LM,78.82691844,-1.1846155,17.1424862,72.17132822
IRQ,2012,UM,78.40843761,-1.1168342,15.00237875,73.60868459
IRQ,2013,UM,77.95954947,-1.0710124,20.11666115,67.41001841
IRQ,2014,UM,77.43227329,-0.9609496,20.96528602,68.98248686
IRQ,2015,UM,76.745769,-1.0793082,26.01721793,69.5917686
IRQ,2016,UM,75.94115139,-1.0919194,14.57576961,54.58832019
IRQ,2017,UM,75.05990776,-1.0918167,14.58514976,59.78091239
IRQ,2018,UM,74.10652932,-1.0744668,14.17051397,65.80179177
IRQ,2019,UM,73.09514193,-1.1066349,19.76406121,68.98993842
IRQ,2020,UM,71.98405107,-1.217842,7.769075574,57.7423164
IRQ,2021,UM,70.77458191,-1.2310377,10.1215293,61.50326831
IRQ,2022,UM,69.44745288,-1.223854,9.687051505,68.75879409
IRQ,2023,UM,68.03361996,-1.3398894,12.46885638,69.4613208
IRQ,2024,UM,66.65482446,-1.1018847,14.35600789,70.70874347
IRQ,2025,UM,66.65482446,-1.1018847,14.35600789,70.70874347
IRQ,2026,UM,66.65482446,-1.1018847,14.35600789,70.70874347
ISL,2000,H,53.5109699,1.9624344,24.24761446,70.2477742
ISL,2001,H,53.33143217,1.9953837500000002,22.9243407,73.93953258
ISL,2002,H,53.12591535,2.0283331,19.60240458,68.71083147
ISL,2003,H,52.69209065,2.0805814,21.18157196,67.40099875
ISL,2004,H,52.07039284,1.9606064,24.6369177,69.73262045
ISL,2005,H,51.02376311,2.0321618,29.10143706,71.21067939
ISL,2006,H,49.60356154,1.581421,34.9959953,76.63085377
ISL,2007,H,48.47364258,1.502124,29.01192255,73.62496688
ISL,2008,H,48.07934538,1.6156504,25.1262762,81.90274819
ISL,2009,H,48.59106305,1.636125,15.26462566,89.00144406
ISL,2010,H,49.39849024,1.4263824,13.90902714,92.49015281
ISL,2011,H,49.88934987,1.4235563,15.1954436,100.1332526
ISL,2012,H,50.32247178,1.4729315,15.78317626,102.4331371
ISL,2013,H,50.74075109,1.5285978,15.44324668,97.69802219
ISL,2014,H,51.0724108,1.3980102,17.00741993,95.28791942
ISL,2015,H,51.22210997,1.3946724,19.11775278,94.88880275
ISL,2016,H,51.07891311,1.382973,20.66905478,87.7600166
ISL,2017,H,50.55042372,1.4685991,21.54789292,86.35853369
ISL,2018,H,49.92434096,1.5836283,21.65779731,88.93499697
ISL,2019,H,49.6379022,1.5796502,20.59820324,83.79236595
ISL,2020,H,49.90714227,1.5637066,21.00636147,68.65502335
ISL,2021,H,50.35882367,1.8005665,22.48679164,76.23172499
ISL,2022,H,50.35167058,1.6330091,23.75540977,93.04871996
ISL,2023,H,50.15983024,1.6402729,24.93115021,87.40494191
ISL,2024,H,50.16881588,1.645973,26.7786299,85.96719327
ISL,2025,H,50.16881588,1.645973,26.66123002,85.96719327
ISL,2026,H,50.16881588,1.645973,26.66123002,85.96719327
ISR,2000,H,61.36537822,1.4483316,24.16654359,68.34685904
ISR,2001,H,60.93549034,1.4708888,23.68850366,62.13958476
ISR,2002,H,60.78260259,1.493446,23.43576607,65.47110541
ISR,2003,H,60.83692808,1.4410103,22.31361616,66.88175037
ISR,2004,H,60.86951283,1.3780584,21.69040751,74.97319953
ISR,2005,H,60.79653241,1.4177286,22.16529157,78.32426138
ISR,2006,H,60.67858724,1.2719866,22.54476962,78.43528897
ISR,2007,H,60.52998303,1.1804772,23.31233746,78.8371063
ISR,2008,H,60.40610697,1.2768979,22.83300127,75.38092231
ISR,2009,H,60.51870949,1.2296943,21.43234821,61.67564796
ISR,2010,H,60.95140275,1.3031018,21.52317396,65.63307987
ISR,2011,H,61.65011823,1.3431697,22.82845008,68.90943785
ISR,2012,H,62.55026719,1.3000012,23.53435799,69.96502508
ISR,2013,H,63.34616944,1.2984187,22.6695243,64.13405113
ISR,2014,H,63.9784018,1.3011387,22.01463378,61.71335412
ISR,2015,H,64.63840984,1.4633523,21.29845326,58.89797192
ISR,2016,H,65.32542082,1.526777,22.60224941,57.79903169
ISR,2017,H,65.95137162,1.545783,22.28805263,56.28011425
ISR,2018,H,66.4016569,1.397369,23.48680484,58.74375424
ISR,2019,H,66.69434473,1.5693245,23.13242173,56.32534864
ISR,2020,H,66.90961729,1.1657244,23.02329602,51.23667379
ISR,2021,H,67.06102271,1.5896737,24.03873877,54.9016842
ISR,2022,H,66.96322617,1.5237704,25.27274953,60.64485267
ISR,2023,H,66.75093665,1.3569151,24.65594025,57.99032071
ISR,2024,H,66.56104642,1.1726244,23.06684616,54.4520003
ISR,2025,H,66.56104642,1.1726244,23.80453408,54.4520003
ISR,2026,H,66.56104642,1.1726244,23.80453408,54.4520003
ITA,2000,H,48.12944463,0.7494275,21.22575867,50.27473115
ITA,2001,H,48.70751759,0.7634158,21.19189246,49.86327232
ITA,2002,H,49.3473808,0.7774041,21.81208675,47.87131868
ITA,2003,H,49.86291526,0.5560185,21.28423466,45.99408598
ITA,2004,H,50.33720348,0.3632507,21.35980209,47.26639239
ITA,2005,H,50.94991372,0.4420055,21.67343941,49.12217423
ITA,2006,H,51.56151685,0.3090963,21.92424187,52.92354296
ITA,2007,H,51.90292804,0.1999166,21.9944756,54.82804156
ITA,2008,H,52.04706581,0.26155,21.56204577,54.2142549
ITA,2009,H,52.32755133,0.3589566,20.31595976,45.14147657
ITA,2010,H,52.66012782,0.3361573,20.23866452,51.66211181
ITA,2011,H,53.1271378,0.275086,19.90884672,54.47221494
ITA,2012,H,53.7707897,0.4071077,18.48239189,54.88449527
ITA,2013,H,54.43637544,0.4695114,17.31189808,54.03418463
ITA,2014,H,55.0998998,0.3588429,16.83972945,54.45452993
ITA,2015,H,55.60664253,0.3701946,17.080918,55.43568581
ITA,2016,H,55.91976901,0.4338893,17.29346519,54.4321467
ITA,2017,H,56.12998478,0.3879336,17.57946292,57.58299403
ITA,2018,H,56.30790262,0.4350955,17.97220118,59.27498351
ITA,2019,H,56.56328473,0.4586098,18.12917903,58.69419026
ITA,2020,H,56.75260914,0.5477288,18.20181641,53.9394839
ITA,2021,H,56.92835478,0.574774,20.77052174,60.30197762
ITA,2022,H,57.03263588,0.7178718,21.77573528,72.0165023
ITA,2023,H,57.14182384,0.8533467,22.65366788,65.10717788
ITA,2024,H,57.52268871,0.7922891,21.51294677,62.82376851
ITA,2025,H,57.52268871,0.7922891,21.83473722,62.82376851
ITA,2026,H,57.52268871,0.7922891,21.83473722,62.82376851
JAM,2000,LM,64.74749561,-0.0732758,,
JAM,2001,LM,63.06611549,-0.10053435,,
JAM,2002,LM,61.45280943,-0.1277929,,
JAM,2003,LM,59.90940993,-0.12582,,
JAM,2004,LM,58.44176866,-0.0669283,,
JAM,2005,LM,56.99051946,-0.298197,,
JAM,2006,LM,55.46365382,0.1152721,,
JAM,2007,UM,53.84964256,0.0841003,,
JAM,2008,UM,52.22036374,0.1234829,,
JAM,2009,UM,50.63512331,0.1987236,,
JAM,2010,UM,49.10285537,0.1785637,,
JAM,2011,UM,47.62189461,0.165791,,
JAM,2012,UM,46.19675812,0.1538521,,
JAM,2013,UM,44.85302841,0.2032651,,
JAM,2014,UM,43.57628548,0.4521342,,
JAM,2015,UM,42.46717193,0.4342705,,
JAM,2016,UM,41.54347558,0.4750324,,
JAM,2017,UM,40.66244777,0.4596789,,
JAM,2018,UM,39.81010277,0.4999179,,
JAM,2019,UM,39.03574693,0.5016204,,
JAM,2020,UM,38.32456936,0.3867314,,
JAM,2021,UM,37.66507834,0.3396406,,
JAM,2022,UM,37.20614424,0.2544889,,
JAM,2023,UM,36.97934881,0.1649969,,
JAM,2024,UM,36.82136305,0.1712622,,
JAM,2025,UM,36.82136305,0.1712622,,
JAM,2026,UM,36.82136305,0.1712622,,
JEY,2000,,,1.2619702,,
JEY,2002,,,1.2619702,,
JEY,2003,,,1.2619702,,
JEY,2004,,,1.2619702,,
JEY,2005,,,1.2619702,,
JEY,2006,,,1.2619702,,
JEY,2007,,,1.2619702,,
JEY,2008,,,1.2619702,,
JEY,2009,,,1.2619702,,
JEY,2010,,,1.2619702,,
JEY,2011,,,1.2619702,,
JEY,2012,,,1.2623876,,
JEY,2013,,,1.2628538,,
JEY,2014,,,1.2817081,,
JEY,2015,,,1.2782314,,
JEY,2016,,,1.2794399,,
JEY,2017,,,1.2798324,,
JEY,2018,,,1.2819869,,
JEY,2019,,,1.2840869,,
JEY,2020,,,1.2780893,,
JEY,2021,,,1.2816485,,
JEY,2022,,,1.2811126,,
JEY,2023,,,1.2829987,,
JEY,2024,,,1.2810034,,
JOR,2000,LM,74.6577652,-0.1715824,21.11457482,110.3289046
JOR,2001,LM,74.17509131,-0.16232239999999998,19.41952009,109.2854786
JOR,2002,LM,73.58527015,-0.1530624,18.94760082,114.0388578
JOR,2003,LM,72.92133529,0.0946268,20.6233486,115.7068353
JOR,2004,LM,72.0805558,0.0497677,24.78587055,134.6216119
JOR,2005,LM,71.11186914,-0.079024,30.62763288,146.9088913
JOR,2006,LM,69.97430566,0.0988902,25.4519737,141.7473818
JOR,2007,LM,68.74515093,0.1912328,27.4834519,145.9942463
JOR,2008,LM,67.52903832,0.1884765,27.4834519,140.912926
JOR,2009,LM,66.34295976,0.2225533,27.4834519,112.1519982
JOR,2010,UM,65.15076793,0.0759657,27.4834519,114.2226777
JOR,2011,UM,64.01543149,0.1349915,27.4834519,118.6996795
JOR,2012,UM,62.99723852,0.2203515,27.4834519,117.8555877
JOR,2013,UM,62.30849546,0.2411636,27.4834519,111.451528
JOR,2014,UM,62.06031712,0.3808336,27.4834519,109.9388055
JOR,2015,UM,61.62348089,0.3820942,27.4834519,95.35791223
JOR,2016,LM,60.95829892,0.3625455,27.4834519,88.7207179
JOR,2017,UM,60.33881284,0.2771646,27.4834519,89.73160051
JOR,2018,UM,59.64008329,0.089873,27.4834519,87.63591519
JOR,2019,UM,58.8802727,0.011123,27.4834519,85.6878335
JOR,2020,UM,58.0792661,0.1138845,27.4834519,66.05994881
JOR,2021,UM,57.2273523,0.1228638,27.4834519,80.33286994
JOR,2022,LM,56.23816547,0.1428514,27.4834519,104.0954594
JOR,2023,LM,55.1554978,0.3908884,27.4834519,100.3478688
JOR,2024,LM,54.30097416,0.2162114,27.4834519,99.67944774
JOR,2025,UM,54.30097416,0.2162114,27.4834519,99.67944774
JOR,2026,UM,54.30097416,0.2162114,27.4834519,99.67944774
JPN,2000,H,46.67558355,1.4003303,29.7197544,19.56237158
JPN,2001,H,47.60585312,1.3552328500000002,28.98035672,19.55960447
JPN,2002,H,48.53444826,1.3101354,27.55132132,20.44712207
JPN,2003,H,49.34828018,1.2980431,26.84197145,21.32612527
JPN,2004,H,50.29324835,1.3168605,26.36550867,23.66435342
JPN,2005,H,51.59385324,1.4051026,26.8812204,26.22995458
JPN,2006,H,53.01465218,1.4570228,27.05009194,30.0163761
JPN,2007,H,54.37021995,1.2948017,26.45794094,32.81657805
JPN,2008,H,55.72901097,1.2899509,26.38694574,34.12947654
JPN,2009,H,56.78668825,1.3261157,24.68399158,24.39016653
JPN,2010,H,57.40335954,1.3323082,23.56351085,28.49847269
JPN,2011,H,58.58475378,1.3314858,24.26348221,30.19496073
JPN,2012,H,60.53624633,1.3144799,24.76077765,30.47091092
JPN,2013,H,62.60730222,1.4512486,25.51959146,33.97876865
JPN,2014,H,64.46533808,1.7731694,26.40139746,37.43143457
JPN,2015,H,66.0229942,1.7060508,26.3727058,35.42740835
JPN,2016,H,67.3227876,1.8137387,26.128396,31.31024685
JPN,2017,H,68.30951862,1.7125133,26.42029378,34.42321357
JPN,2018,H,69.02295373,1.8248998,26.73342077,36.6099318
JPN,2019,H,69.47811026,1.8365282,27.17785457,35.21641811
JPN,2020,H,69.89156911,1.8051167,27.13669861,31.33520864
JPN,2021,H,70.25699363,1.653038,27.07788499,36.73844623
JPN,2022,H,70.24633317,2.0307507,27.83466114,46.81298684
JPN,2023,H,70.10013993,1.9883877,27.84769647,45.15087956
JPN,2024,H,70.11684038,2.0879101,27.81361849,46.40695162
JPN,2025,H,70.11684038,2.0879101,27.81361849,46.40695162
JPN,2026,H,70.11684038,2.0879101,27.81361849,46.40695162
KAZ,2000,LM,52.27574131,-1.0960203,17.3182862,105.6996926
KAZ,2001,LM,50.88929021,-1.11284125,23.73057866,92.84906851
KAZ,2002,LM,49.71527501,-1.1296622,24.02169989,94.03168565
KAZ,2003,LM,48.79287164,-1.1338646,23.04127041,91.46333243
KAZ,2004,LM,48.14390171,-0.9256831,25.08331368,96.4091997
KAZ,2005,LM,47.68838571,-0.9470669,27.96459987,97.76250302
KAZ,2006,UM,47.35700268,-0.9172701,30.19844501,91.4535268
KAZ,2007,UM,47.11172725,-0.9265416,30.0175388,92.1616331
KAZ,2008,UM,46.93565844,-0.8344328,26.84117976,94.29480465
KAZ,2009,UM,46.77078775,-0.7609,27.79172627,75.76606746
KAZ,2010,UM,46.79149679,-0.7934049,24.32734736,74.1382659
KAZ,2011,UM,47.29187021,-0.749787,21.46470236,73.11785705
KAZ,2012,UM,48.26661234,-0.6199698,22.80315637,73.72373249
KAZ,2013,UM,49.53098727,-0.5895608,21.88218786,65.40760933
KAZ,2014,UM,50.9797084,-0.006638,21.55591068,64.97203465
KAZ,2015,UM,52.52076056,-0.011417,22.88152096,53.04972881
KAZ,2016,UM,54.03187466,-0.1075078,22.71926427,60.31159659
KAZ,2017,UM,55.41480331,0.012276,21.69754106,56.82538794
KAZ,2018,UM,56.52356262,-0.1036204,21.17682655,63.52795651
KAZ,2019,UM,57.46559121,0.0590993,23.46743295,64.85861655
KAZ,2020,UM,58.37651632,0.0522732,24.71858242,57.02644237
KAZ,2021,UM,59.38483032,0.017817,23.03897125,58.66860858
KAZ,2022,UM,60.2870919,0.1603392,22.12566255,68.33431474
KAZ,2023,UM,60.89393575,0.1520225,24.95917985,62.33428377
KAZ,2024,UM,61.35932845,0.1467641,24.31758181,57.1613432
KAZ,2025,UM,61.35932845,0.1467641,24.31758181,57.1613432
KAZ,2026,UM,61.35932845,0.1467641,24.31758181,57.1613432
KEN,2000,L,93.44353904,-0.8436062,16.70880651,53.30904439
KEN,2001,L,91.9471681,-0.9160848500000001,18.15155736,55.94683603
KEN,2002,L,90.52932312,-0.9885635,17.23687985,55.17267226
KEN,2003,L,89.25894521,-1.104281,15.83820913,54.1322659
KEN,2004,L,88.05968055,-0.7215366,16.25922348,59.47700335
KEN,2005,L,87.04866941,-0.7229603,18.69911176,64.47886616
KEN,2006,L,86.23728747,-0.6671859,19.42443802,55.23648513
KEN,2007,L,85.63220105,-0.5239398,19.96472911,53.8947888
KEN,2008,L,85.14106337,-0.6190145,18.86492382,57.57859865
KEN,2009,L,84.67126948,-0.6026748,18.28649163,45.94519181
KEN,2010,L,84.22010544,-0.5014835,20.84705765,50.39428735
KEN,2011,L,83.69550849,-0.530936,20.70863906,58.40220597
KEN,2012,L,83.01057066,-0.468612,21.58503823,51.62369202
KEN,2013,L,82.12674764,-0.418694,20.78578554,47.46464251
KEN,2014,LM,81.12149994,-0.4155586,23.88473367,46.17048936
KEN,2015,LM,79.99241248,-0.3675673,22.09103677,40.32738469
KEN,2016,LM,78.63644141,-0.3165797,19.39173807,34.86501957
KEN,2017,LM,77.16038262,-0.3033052,19.89572218,35.99505788
KEN,2018,LM,75.73642302,-0.3449543,19.09799539,34.41475318
KEN,2019,LM,74.26394057,-0.2914418,18.96157223,31.75946184
KEN,2020,LM,72.6322381,-0.3759713,19.32158166,30.39913878
KEN,2021,LM,70.95791674,-0.3468069,19.68626155,35.00204778
KEN,2022,LM,69.30547895,-0.3324798,18.60525283,40.27532384
KEN,2023,LM,67.67393734,-0.3131112,17.46380277,41.11109042
KEN,2024,LM,66.1190998,-0.2978904,17.56491611,40.186014
KEN,2025,LM,66.1190998,-0.2978904,17.91693806,40.186014
KEN,2026,LM,66.1190998,-0.2978904,17.91693806,40.186014
KGZ,2000,L,68.20067763,-0.3533817,18.02664414,89.43093163
KGZ,2001,L,66.4224942,-0.4781729,16.79752583,73.74691237
KGZ,2002,L,64.6293986,-0.6029641,16.25782175,82.92072902
KGZ,2003,L,62.9832483,-0.6120798,13.63074898,83.93278281
KGZ,2004,L,61.50086877,-0.5562428,14.56173616,93.81573216
KGZ,2005,L,60.10196629,-0.7841751,16.00607339,95.08400463
KGZ,2006,L,58.64858604,-0.8741635,23.03302018,120.7499818
KGZ,2007,L,57.0648841,-0.7425505,24.62104742,137.0583878
KGZ,2008,L,55.3380271,-0.9613572,26.77929209,146.1060822
KGZ,2009,L,53.83069511,-1.001767,28.21155047,133.3791532
KGZ,2010,L,53.14173875,-0.7697326,27.76471133,133.2328505
KGZ,2011,L,53.40572453,-0.8697708,23.69125257,136.1798404
KGZ,2012,L,54.44047358,-0.8926853,31.39140397,139.6759378
KGZ,2013,LM,55.67414424,-0.8625472,29.55950946,134.0267856
KGZ,2014,LM,56.90696686,-0.8594428,32.49102807,125.1261811
KGZ,2015,LM,58.15015692,-0.8949145,32.58800333,110.9615707
KGZ,2016,LM,59.06394639,-0.8966118,31.79472602,105.823574
KGZ,2017,LM,59.48827767,-0.7139172,31.46573915,100.6174458
KGZ,2018,LM,59.95202492,-0.5418628,31.65044919,98.8755599
KGZ,2019,LM,60.72774401,-0.6704151,30.00804874,94.43028235
KGZ,2020,LM,61.35205165,-0.5862513,25.93744831,78.99227843
KGZ,2021,LM,61.5982159,-0.8422528,24.13949824,100.2613769
KGZ,2022,LM,61.60688945,-0.9984392,21.47616554,133.786718
KGZ,2023,LM,61.54751587,-1.0041023,22.03247284,132.3734039
KGZ,2024,LM,61.35148075,-0.8885033,23.32759116,127.6505778
KGZ,2025,LM,61.35148075,-0.8885033,25.75550142,127.6505778
KGZ,2026,LM,61.35148075,-0.8885033,25.75550142,127.6505778
KHM,2000,L,83.03106069,-1.0508417,18.38953012,110.3971253
KHM,2001,L,79.95025898,-1.0948515,17.38968083,111.7717412
KHM,2002,L,77.08383699,-1.1388613,20.9017584,118.2695621
KHM,2003,L,74.38405577,-1.1451886,21.27234647,120.0749691
KHM,2004,L,71.76646443,-1.0660651,21.74744903,131.3514811
KHM,2005,L,69.29303114,-1.2866826,22.0482982,133.5519653
KHM,2006,L,66.80513865,-1.1887831,23.07938947,140.3487343
KHM,2007,L,64.32963394,-0.9474048,24.16170008,133.7000238
KHM,2008,L,62.14261164,-1.0035669,21.85957756,130.3935107
KHM,2009,L,60.41696606,-0.8036431,25.23613521,102.287949
KHM,2010,L,59.11587357,-0.814118,21.28662801,109.9984006
KHM,2011,L,58.15219563,-0.7478373,21.38549929,109.7905052
KHM,2012,L,57.6022595,-0.7009489,23.67490743,116.7402334
KHM,2013,L,57.39275677,-0.8143031,25.90014297,124.8875528
KHM,2014,L,57.37156683,-0.5981221,29.11484224,124.4549085
KHM,2015,LM,57.47628923,-0.5898441,29.00922052,122.1095968
KHM,2016,LM,57.63372085,-0.572328,29.51134825,122.7045556
KHM,2017,LM,57.76071925,-0.4673244,29.77944876,121.1554513
KHM,2018,LM,57.77880091,-0.4851255,29.98318007,118.4376554
KHM,2019,LM,57.72056691,-0.5152334,30.65983784,115.7366791
KHM,2020,LM,57.52134836,-0.5904535,30.63188601,122.1053963
KHM,2021,LM,57.17339097,-0.643403,29.74068819,146.1798465
KHM,2022,LM,56.79233771,-0.4625515,33.98321775,145.8736328
KHM,2023,LM,56.42534737,-0.4160661,32.67938041,134.2068424
KHM,2024,LM,56.14473015,-0.2935013,31.58534979,143.4470097
KHM,2025,LM,56.14473015,-0.2935013,30.91073816,143.4470097
KHM,2026,LM,56.14473015,-0.2935013,30.91073816,143.4470097
KIR,2000,LM,77.14805486,-0.2313474,15.7117835,94.16652413
KIR,2001,LM,75.89960277,-0.2313474,15.7117835,110.7847331
KIR,2002,LM,74.62997312,-0.2313474,15.7117835,125.6254961
KIR,2003,LM,73.26685311,-0.2313474,15.7117835,103.9289652
KIR,2004,LM,72.00730384,-0.2313474,15.7117835,101.3597021
KIR,2005,LM,70.89093033,-0.4517887,15.7117835,123.5942686
KIR,2006,LM,69.84275234,-0.4849567,15.7117835,94.04680814
KIR,2007,LM,68.95484341,-0.5215167,15.39873783,96.1590423
KIR,2008,LM,68.29382509,-0.5389148,13.80321387,95.44192476
KIR,2009,LM,67.75703143,-0.6277076,17.64074557,97.63603249
KIR,2010,LM,67.25750862,-0.6677172,15.65551958,85.69724853
KIR,2011,LM,66.57934752,-0.6319074,19.44240043,93.43139389
KIR,2012,LM,65.72061103,-0.6849304,25.23355324,96.12870924
KIR,2013,LM,64.88224559,-0.6847075,29.90632246,96.78140028
KIR,2014,LM,64.12164855,-0.411963,28.11190177,104.18798
KIR,2015,LM,63.53315041,-0.4136251,38.55632615,109.8891125
KIR,2016,LM,63.28505079,-0.4130473,30.55251718,111.2697977
KIR,2017,LM,63.37716319,-0.4128597,25.44003436,100.561254
KIR,2018,LM,63.6835331,-0.4118297,18.29261981,83.36643112
KIR,2019,LM,64.01212346,-0.2735346,15.76197524,98.31404218
KIR,2020,LM,64.23073417,-0.2571455,14.60192896,78.40521343
KIR,2021,LM,64.26578974,-0.2550887,17.40358398,74.50054301
KIR,2022,LM,64.19043065,-0.2553984,22.26117971,107.685878
KIR,2023,LM,64.06085589,-0.4079699,24.67630706,107.6037785
KIR,2024,LM,63.74879792,-0.4343103,29.03677012,107.6037785
KIR,2025,LM,63.74879792,-0.4343103,29.03677012,107.6037785
KIR,2026,LM,63.74879792,-0.4343103,29.03677012,107.6037785
KNA,2000,UM,58.89314183,0.2202897,,
KNA,2001,UM,57.36588721,0.2202897,,
KNA,2002,UM,55.42571515,0.2202897,,
KNA,2003,UM,53.41373468,0.2202897,,
KNA,2004,UM,51.54440154,0.2202897,,
KNA,2005,UM,49.83866804,0.9774621,,
KNA,2006,UM,48.40662843,0.9751875,,
KNA,2007,UM,47.31895029,0.9786272,,
KNA,2008,UM,46.46922692,0.9813102,,
KNA,2009,UM,45.60238346,0.9906783,,
KNA,2010,UM,44.3591877,1.2694874,,
KNA,2011,H,43.07598413,1.2681327,,
KNA,2012,H,42.05503035,1.2684739,,
KNA,2013,H,41.06875262,1.268855,,
KNA,2014,H,40.11664237,0.4237531,,
KNA,2015,H,39.37250259,0.7651163,,
KNA,2016,H,38.99140807,0.7661041,,
KNA,2017,H,38.91874336,0.7664249,,
KNA,2018,H,39.0810379,0.7681859,,
KNA,2019,H,39.41859429,0.7699023,,
KNA,2020,H,39.8645221,0.7650002,,
KNA,2021,H,40.21889055,0.4237045,,
KNA,2022,H,40.47819549,0.691453,,
KNA,2023,H,40.90826905,0.6926238,,
KNA,2024,H,41.67069925,0.6913852,,
KNA,2025,H,41.67069925,0.6913852,,
KNA,2026,H,41.67069925,0.6913852,,
KOR,2000,UM,39.02626833,0.6589077,31.495121,64.05881557
KOR,2001,H,39.28245643,0.8390324,30.50583501,60.42773866
KOR,2002,H,39.44414962,1.0191571,30.18757161,56.6688768
KOR,2003,H,39.52927577,0.9613302,31.07196249,59.42429455
KOR,2004,H,39.52591763,0.8638735,30.91489495,67.92706388
KOR,2005,H,39.36356101,1.0210353,30.45856736,66.16951482
KOR,2006,H,39.11496842,0.9280549,30.50428666,68.37495094
KOR,2007,H,38.82938448,1.146123,30.06912133,71.3239615
KOR,2008,H,38.43541789,0.9389247,30.89175159,92.0833545
KOR,2009,H,38.03386191,1.025545,30.88705498,83.12460991
KOR,2010,H,37.70390748,1.2722652,30.46279987,88.02786771
KOR,2011,H,37.25475742,1.323113,30.5799573,101.6806165
KOR,2012,H,36.78287959,1.3333071,29.85542849,101.5172721
KOR,2013,H,36.53429309,1.2238913,29.23486105,94.16752359
KOR,2014,H,36.47204105,1.1863908,29.19258085,86.9342578
KOR,2015,H,36.46012675,1.1983681,29.18008405,75.38817746
KOR,2016,H,36.46006547,1.186349,29.86621689,69.89972213
KOR,2017,H,36.77931322,1.1827271,31.69851381,73.19214083
KOR,2018,H,37.29962953,1.3865026,30.49498636,74.70751621
KOR,2019,H,37.88138825,1.6276354,30.11252653,71.44706324
KOR,2020,H,38.76713269,1.5914906,31.04090837,65.54495786
KOR,2021,H,39.78121628,1.6261842,31.48776444,75.30630476
KOR,2022,H,40.64481147,1.4844938,31.9338931,90.58514753
KOR,2023,H,41.45440258,1.4955907,31.4470155,82.25800907
KOR,2024,H,42.53468665,1.4867237,30.02937121,84.64249512
KOR,2025,H,42.53468665,1.4867237,28.32993397,84.64249512
KOR,2026,H,42.53468665,1.4867237,28.32993397,84.64249512
KWT,2000,H,44.75516086,-0.3057124,16.68630605,86.6183245
KWT,2001,H,42.7214965,-0.16896044999999998,16.68630605,86.85046729
KWT,2002,H,40.81691246,-0.0322085,16.68630605,81.22519413
KWT,2003,H,39.07341517,0.1578868,16.68630605,86.55517551
KWT,2004,H,37.47222447,0.1276102,16.68630605,89.29764168
KWT,2005,H,36.24124733,0.0907877,16.68630605,92.24268009
KWT,2006,H,35.45736218,-0.0339183,16.68630605,89.7130932
KWT,2007,H,34.82081947,-0.0808076,16.68630605,91.73250339
KWT,2008,H,34.18855889,-0.0990446,16.68630605,92.68345625
KWT,2009,H,33.53006701,0.1063085,16.68630605,88.81106499
KWT,2010,H,32.99931814,0.1289714,16.68630605,97.02802166
KWT,2011,H,32.17224674,0.0334503,12.80225702,99.11649276
KWT,2012,H,31.59803378,0.0282044,12.12833003,101.0114351
KWT,2013,H,31.68571214,0.016508,13.71304581,97.60549133
KWT,2014,H,31.84489107,0.1409051,16.35199297,100.0371898
KWT,2015,H,31.9540907,0.237773,25.48022798,98.69998845
KWT,2016,H,32.00882631,-0.0028171,29.27307081,96.15767238
KWT,2017,H,32.10247289,-0.0073085,27.00853905,97.84004646
KWT,2018,H,32.13507039,0.1281525,24.73776126,102.7856307
KWT,2019,H,32.24224866,-0.1122757,22.74927154,91.68571239
KWT,2020,H,32.65308522,-0.11216,20.00064336,82.01251013
KWT,2021,H,30.73916534,0.0296612,15.61852848,82.00193946
KWT,2022,H,28.14348052,0.3336204,16.09584639,90.9204117
KWT,2023,H,27.47883241,0.3091212,18.16864237,96.07978816
KWT,2024,H,27.10299124,0.3278963,16.74715644,96.07978816
KWT,2025,H,27.10299124,0.3278963,16.74715644,96.07978816
KWT,2026,H,27.10299124,0.3278963,16.74715644,96.07978816
LAC,2000,,61.21500599,,18.86457374,34.24345837
LAC,2001,,60.32475969,,17.97786073,34.58521663
LAC,2002,,59.44746797,,18.14915847,37.07429394
LAC,2003,,58.57764889,,18.21730818,38.72066763
LAC,2004,,57.71463975,,18.60714162,40.59970585
LAC,2005,,56.86647936,,18.65138711,39.99901045
LAC,2006,,56.03564789,,19.22199336,40.59519825
LAC,2007,,55.22078366,,19.86944221,40.55198042
LAC,2008,,54.42581193,,20.47519713,42.16537762
LAC,2009,,53.66723714,,19.31979301,36.86462348
LAC,2010,,52.95128367,,20.18441811,39.23483772
LAC,2011,,52.29469408,,20.97721445,41.38372001
LAC,2012,,51.70806894,,20.7372103,41.57290773
LAC,2013,,51.1716882,,20.92746186,40.91814774
LAC,2014,,50.69758245,,20.06452825,40.35277422
LAC,2015,,50.28019106,,19.48742522,41.58080413
LAC,2016,,49.87922377,,18.12205571,41.74619889
LAC,2017,,49.49825744,,17.56913351,41.90886388
LAC,2018,,49.16393078,,18.03801062,45.61606783
LAC,2019,,48.87290901,,17.86909002,44.99757252
LAC,2020,,48.55668118,,17.50816649,45.0877733
LAC,2021,,48.21755984,,19.11040105,51.94110473
LAC,2022,,47.94822397,,19.32974304,55.08845445
LAC,2023,,47.76764042,,18.93252803,47.71634729
LAC,2024,,47.63626166,,18.81734604,48.69968037
LAC,2025,,47.63626166,,18.40931474,48.69968037
LAO,2000,L,87.23729708,-0.7956793,13.41565796,68.83730137
LAO,2001,L,86.04798952,-0.97297675,13.54360717,65.89943688
LAO,2002,L,84.67186606,-1.1502742,29.04042318,67.25490285
LAO,2003,L,83.14856517,-1.5309061,27.77152163,60.57209588
LAO,2004,L,81.53378656,-1.0127681,31.75424351,66.07975162
LAO,2005,L,79.59645955,-1.3102987,34.0580868,71.79264627
LAO,2006,L,76.94073411,-0.9221857,30.06954104,81.96137542
LAO,2007,L,73.98274604,-0.8734057,32.31224303,79.2126289
LAO,2008,L,71.29068418,-0.8754327,31.68198579,81.84918209
LAO,2009,L,68.91320768,-0.8878944,33.93847055,76.93082622
LAO,2010,LM,66.87015034,-0.8602557,27.46248774,84.72033789
LAO,2011,LM,65.10608748,-0.8422502,28.06780252,91.69869587
LAO,2012,LM,63.56196458,-0.8376374,32.50425528,98.18512643
LAO,2013,LM,62.1659309,-0.7057833,30.64732204,98.17914662
LAO,2014,LM,60.85148555,-0.2761781,29.8013514,99.05973829
LAO,2015,LM,59.65485804,-0.3539783,31.5566516,85.7983217
LAO,2016,LM,58.63482429,-0.2622768,29.0076541,75.09189092
LAO,2017,LM,57.80226832,-0.2334031,29.0076541,75.09189092
LAO,2018,LM,57.10924776,-0.649149,29.0076541,75.09189092
LAO,2019,LM,56.49036221,-0.7571518,29.0076541,75.09189092
LAO,2020,LM,55.88120278,-0.765948,29.0076541,75.09189092
LAO,2021,LM,55.25181364,-0.7431648,29.0076541,75.09189092
LAO,2022,LM,54.64079543,-0.710404,29.0076541,75.09189092
LAO,2023,LM,54.06692842,-0.7534642,29.0076541,75.09189092
LAO,2024,LM,53.5253967,-0.5819014,29.0076541,75.09189092
LAO,2025,LM,53.5253967,-0.5819014,29.0076541,75.09189092
LAO,2026,LM,53.5253967,-0.5819014,29.0076541,75.09189092
LBN,2000,UM,58.77511083,-0.0055096,21.02613374,50.11529593
LBN,2001,UM,57.6232605,-0.1465914,20.77272898,55.55680836
LBN,2002,UM,56.46764486,-0.2876732,19.39941812,51.04253256
LBN,2003,UM,55.25207706,-0.2919027,19.78860446,54.09083402
LBN,2004,UM,53.94835762,-0.1571532,22.36727236,90.97279703
LBN,2005,UM,52.61298701,-0.164888,21.98658012,92.76265627
LBN,2006,UM,51.35977812,-0.2041281,21.91662014,91.06939703
LBN,2007,UM,50.22840736,-0.266994,24.48520939,97.96770797
LBN,2008,UM,49.22864184,-0.2995435,27.31841287,106.6256732
LBN,2009,UM,48.41096168,-0.3214416,28.04248077,90.39783886
LBN,2010,UM,47.82858966,-0.2435528,25.03619096,95.09665294
LBN,2011,UM,47.44836578,-0.2594872,25.63542698,102.1398824
LBN,2012,UM,47.20646728,-0.2600992,25.29712806,88.54550192
LBN,2013,UM,47.09081675,-0.325726,27.01256804,86.17432859
LBN,2014,UM,47.07758397,-0.266612,24.37542436,79.81715659
LBN,2015,UM,48.33645821,-0.2826924,21.71920203,71.83904263
LBN,2016,UM,50.87212951,-0.2459212,22.59222288,67.72361779
LBN,2017,UM,53.35923125,-0.2219587,21.39405689,68.45542926
LBN,2018,UM,55.74444573,-0.4996897,21.78162765,68.2573073
LBN,2019,UM,57.94793977,-0.6222753,13.55915499,62.98091601
LBN,2020,UM,58.90738871,-0.9492217,8.098176142,50.12980429
LBN,2021,LM,58.48888315,-1.0567104,5.359484461,78.8286204
LBN,2022,LM,57.97499565,-1.0420809,1.225170749,114.8882783
LBN,2023,LM,57.5802354,-1.1658333,1.897544099,104.2064101
LBN,2024,LM,57.04758929,-1.1301199,1.44489296,104.2064101
LBN,2025,LM,57.04758929,-1.1301199,1.44489296,104.2064101
LBN,2026,LM,57.04758929,-1.1301199,1.44489296,104.2064101
LBR,2000,L,85.73954115,-2.0321191,,
LBR,2001,L,85.58027494,-1.84059595,,
LBR,2002,L,85.49700816,-1.6490728,,
LBR,2003,L,85.50589159,-1.6557618,,
LBR,2004,L,85.61927637,-1.6610758,,
LBR,2005,L,85.84860248,-1.6617126,,
LBR,2006,L,86.17913323,-1.3070227,,
LBR,2007,L,86.54006793,-1.3265554,,
LBR,2008,L,86.56166295,-1.2155432,,
LBR,2009,L,86.44612937,-1.1046515,,
LBR,2010,L,86.38451538,-1.0232677,,
LBR,2011,L,84.93879227,-0.9978425,,
LBR,2012,L,83.89293354,-0.8815583,,
LBR,2013,L,84.14057702,-1.1231932,,
LBR,2014,L,84.10398061,-1.115021,,
LBR,2015,L,83.76962256,-1.2026737,,
LBR,2016,L,83.31569795,-1.1576727,,
LBR,2017,L,82.88699642,-1.1579163,,
LBR,2018,L,82.32735559,-1.1977202,,
LBR,2019,L,81.57805966,-1.2862251,,
LBR,2020,L,80.49924638,-1.3754275,,
LBR,2021,L,79.17582818,-1.3272215,,
LBR,2022,L,77.73554874,-1.3315969,,
LBR,2023,L,76.28704357,-1.2153121,,
LBR,2024,L,74.93098214,-1.246293,,
LBR,2025,L,74.93098214,-1.246293,,
LBR,2026,L,74.93098214,-1.246293,,
LBY,2000,UM,55.37571486,-1.3518124,11.6365677,45.28109377
LBY,2001,UM,54.86880555,-1.4056589499999999,10.45542636,43.17344961
LBY,2002,UM,54.50382514,-1.4595055,12.94018145,78.85975704
LBY,2003,UM,54.23121787,-1.4645212,8.948526175,90.61273052
LBY,2004,UM,54.07905643,-1.2264938,13.96134142,96.12933208
LBY,2005,UM,54.02142809,-1.3464635,15.167945,90.86088969
LBY,2006,UM,53.56223571,-1.3287689,20.98479695,97.73810112
LBY,2007,UM,52.81641342,-1.4187378,20.69777594,102.7323155
LBY,2008,UM,52.19724965,-1.3014774,22.05851304,103.242158
LBY,2009,UM,51.69188755,-1.2930174,25.03804496,107.6209305
LBY,2010,UM,51.38317065,-1.2821058,21.79888074,98.07721307
LBY,2011,UM,53.61247788,-1.2825394,17.39445278,63.00543529
LBY,2012,UM,55.98679572,-1.3979031,15.93616387,98.22431892
LBY,2013,UM,55.51427449,-1.3728325,16.75947629,106.3343609
LBY,2014,UM,55.18274847,-1.5663079,23.20251724,76.52488264
LBY,2015,UM,55.04785918,-1.6501127,17.09444769,56.90490733
LBY,2016,UM,54.81294064,-1.666709,19.43348483,41.11017606
LBY,2017,UM,54.31678087,-1.5287142,16.18314755,47.54896619
LBY,2018,UM,53.5606314,-1.5515532,16.07430315,63.7811336
LBY,2019,UM,52.69048987,-1.5537488,13.75707413,78.99396919
LBY,2020,UM,51.76643298,-1.6327551,9.449828172,50.97579344
LBY,2021,UM,50.78777548,-1.4589466,12.16090711,164.28407
LBY,2022,UM,49.8326471,-1.563716,10.52019678,156.3216847
LBY,2023,UM,48.8966237,-1.447749,16.88042539,159.4338253
LBY,2024,UM,47.99823068,-1.419488,14.27094601,128.8161758
LBY,2025,UM,47.99823068,-1.419488,14.27189323,128.8161758
LBY,2026,UM,47.99823068,-1.419488,14.27189323,128.8161758
LCA,2000,UM,63.11302613,0.1558686,,
LCA,2001,UM,61.30483803,0.1558686,,
LCA,2002,UM,59.50149,0.1558686,,
LCA,2003,UM,57.68106968,0.1558686,,
LCA,2004,UM,55.81708648,0.1558686,,
LCA,2005,UM,53.94564216,0.8143569,,
LCA,2006,UM,52.1127532,0.7522179,,
LCA,2007,UM,50.35581766,0.8152667,,
LCA,2008,UM,48.81080414,0.8173616,,
LCA,2009,UM,47.56973704,0.8850395,,
LCA,2010,UM,46.32112464,1.0666286,,
LCA,2011,UM,44.92433317,1.0656351,,
LCA,2012,UM,43.63696892,0.8304307,,
LCA,2013,UM,42.5435351,0.8306604,,
LCA,2014,UM,41.54257567,0.2608582,,
LCA,2015,UM,40.58079347,0.1384193,,
LCA,2016,UM,39.72539536,0.1993777,,
LCA,2017,UM,39.05422029,0.1995711,,
LCA,2018,UM,38.5420906,0.2006326,,
LCA,2019,UM,38.12996626,0.3009665,,
LCA,2020,UM,37.82252016,0.1183828,,
LCA,2021,UM,37.52561436,-0.1319064,,
LCA,2022,UM,37.33369181,0.1826232,,
LCA,2023,UM,37.30317976,0.3883874,,
LCA,2024,UM,37.27594187,0.2682296,,
LCA,2025,UM,37.27594187,0.2682296,,
LCA,2026,UM,37.27594187,0.2682296,,
LCN,2000,,60.9350982,,18.93473453,38.55212163
LCN,2001,,60.0609923,,18.06998135,38.66388305
LCN,2002,,59.19581663,,18.15532259,41.19984012
LCN,2003,,58.3345396,,18.24502521,43.12561837
LCN,2004,,57.47803073,,18.53970239,45.38757204
LCN,2005,,56.64020996,,18.67292014,45.40054971
LCN,2006,,55.82227839,,19.15245331,45.9540681
LCN,2007,,55.02551708,,19.88159117,45.95579675
LCN,2008,,54.25481434,,20.6373088,47.69955698
LCN,2009,,53.52389159,,19.41965787,40.94007977
LCN,2010,,52.83259371,,20.13328158,43.56802597
LCN,2011,,52.19711833,,20.976476,46.01585038
LCN,2012,,51.63324633,,20.94549845,45.57368734
LCN,2013,,51.12207034,,21.12923156,45.18832186
LCN,2014,,50.67314824,,20.30132519,44.65083924
LCN,2015,,50.28154069,,19.78009583,44.98776816
LCN,2016,,49.91303078,,18.44464055,44.03238709
LCN,2017,,49.5891222,,17.88449742,44.33916955
LCN,2018,,49.33705812,,18.49752826,48.19590888
LCN,2019,,49.12425352,,18.36261185,47.71283935
LCN,2020,,48.85755164,,17.6606669,45.97700005
LCN,2021,,48.53864391,,19.27648464,52.61802791
LCN,2022,,48.26738355,,19.58908584,56.05550331
LCN,2023,,48.07351309,,19.18991915,48.74882997
LCN,2024,,47.9267218,,18.99680772,49.51026515
LCN,2025,,47.9267218,,18.6524265,49.51026515
LDC,2000,,88.09008418,,21.95621343,40.52155641
LDC,2001,,87.66974088,,22.39712973,40.97433937
LDC,2002,,87.33787541,,22.07241981,50.44314423
LDC,2003,,86.99715251,,22.78220267,50.29391349
LDC,2004,,86.6214163,,23.4168056,51.62089505
LDC,2005,,86.23283571,,23.71271453,55.17694158
LDC,2006,,85.84953565,,22.96307392,55.19294329
LDC,2007,,85.43094744,,23.73514216,59.92459799
LDC,2008,,84.9655029,,25.06184458,63.7796252
LDC,2009,,84.4817549,,26.49093044,58.81725615
LDC,2010,,83.95231471,,24.16458332,58.33399491
LDC,2011,,83.34919525,,24.76711568,60.37914685
LDC,2012,,82.73668051,,25.05815252,59.0169463
LDC,2013,,82.12230042,,25.44797324,58.56014836
LDC,2014,,81.48868157,,25.98399229,55.8805334
LDC,2015,,80.83011082,,25.7902155,50.50462189
LDC,2016,,80.12872373,,27.27446794,46.91820048
LDC,2017,,79.47544468,,28.21509059,47.03038801
LDC,2018,,78.89927207,,28.51522857,51.46194379
LDC,2019,,78.33816591,,29.2069477,50.56703537
LDC,2020,,77.74452427,,27.48714482,46.47107561
LDC,2021,,77.13942637,,28.17361699,50.67930635
LDC,2022,,76.51746836,,28.31495804,51.1776653
LDC,2023,,75.86468025,,27.37266489,48.60386616
LDC,2024,,75.23807774,,26.37254059,47.22008808
LDC,2025,,75.23807774,,25.10768666,47.22008808
LIC,2000,,93.9954312,,22.75350856,41.05411479
LIC,2001,,93.73382919,,22.75350856,38.92597072
LIC,2002,,93.51711613,,22.75350856,45.91440279
LIC,2003,,93.30286533,,22.75350856,46.58170079
LIC,2004,,93.01456801,,22.75350856,48.60631176
LIC,2005,,92.70390021,,22.75350856,50.57141859
LIC,2006,,92.33538807,,22.75350856,50.39643424
LIC,2007,,91.85713368,,22.75350856,53.54725539
LIC,2008,,91.4630933,,22.75350856,57.72290872
LIC,2009,,91.14788755,,22.75350856,52.14959825
LIC,2010,,90.77372602,,22.75350856,54.15090649
LIC,2011,,90.37596419,,22.75350856,54.18063226
LIC,2012,,90.11961082,,21.33770485,51.94906281
LIC,2013,,90.0773041,,22.22950358,52.76548662
LIC,2014,,90.02402159,,21.80677092,50.83976948
LIC,2015,,89.75711572,,21.17743912,45.41656412
LIC,2016,,89.1819304,,22.08648971,48.5507452
LIC,2017,,88.44571277,,22.83602356,51.77462726
LIC,2018,,87.6215741,,23.03767697,56.4951993
LIC,2019,,86.75324746,,23.41229001,54.42009238
LIC,2020,,85.93329034,,21.59018834,51.02540072
LIC,2021,,85.14130657,,22.94467954,55.69821119
LIC,2022,,84.31674253,,22.12518229,54.75461575
LIC,2023,,83.40269553,,21.64983859,52.6715631
LIC,2024,,82.5373027,,20.72203891,55.57017766
LIC,2025,,82.5373027,,19.90020531,55.57017766
LIE,2000,H,40.56579401,1.2695506,,
LIE,2001,H,40.49181022,1.2696762000000001,,
LIE,2002,H,40.70238443,1.2698018,,
LIE,2003,H,40.73508156,1.2569496,,
LIE,2004,H,40.71320616,1.3540817,,
LIE,2005,H,40.78755469,1.2500659,,
LIE,2006,H,40.91292982,1.7634272,,
LIE,2007,H,41.14233109,1.7678826,,
LIE,2008,H,41.5579233,1.7713578,,
LIE,2009,H,42.25671642,1.7129995,,
LIE,2010,H,42.73091096,1.7144028,,
LIE,2011,H,43.06764903,1.7135772,,
LIE,2012,H,43.59356026,1.7137852,,
LIE,2013,H,44.20962333,1.7140174,,
LIE,2014,H,44.97333904,1.7234083,,
LIE,2015,H,45.64170292,1.7216767,,
LIE,2016,H,46.43578195,1.7222786,,
LIE,2017,H,47.3051104,1.7224741,,
LIE,2018,H,48.20010075,1.7235472,,
LIE,2019,H,49.09336942,1.7245932,,
LIE,2020,H,49.76899977,1.7216059,,
LIE,2021,H,50.54366619,1.5136251,,
LIE,2022,H,51.59296791,1.5173885,,
LIE,2023,H,52.69591876,1.6939974,,
LIE,2024,H,53.81982736,1.6931644,,
LIE,2025,H,53.81982736,1.6931644,,
LIE,2026,H,53.81982736,1.6931644,,
LKA,2000,LM,49.7157016,-0.4898792,28.03609311,88.6364417
LKA,2001,LM,49.01985143,-0.3020087,22.00116811,80.89860153
LKA,2002,LM,48.54481848,-0.1141382,20.0732624,76.33513178
LKA,2003,LM,48.26696929,-0.3891401,20.0384314,75.33624733
LKA,2004,LM,48.1075839,-0.4611783,22.63792417,79.4829449
LKA,2005,LM,48.05777707,-0.356012,23.37195071,73.60397296
LKA,2006,LM,48.10686183,-0.2889264,24.8720514,71.26117849
LKA,2007,LM,48.22794495,-0.2217118,24.72101508,68.60651166
LKA,2008,LM,48.40972708,-0.2277659,25.28656566,63.36904361
LKA,2009,LM,48.639674,-0.0956118,23.73051643,49.14914153
LKA,2010,LM,48.91315395,-0.185523,24.485200940000002,48.77727974333334
LKA,2011,LM,49.23949407,-0.1636119,25.239885450000003,48.40541795666667
LKA,2012,LM,49.58600291,-0.1739743,25.99456996,48.03355617
LKA,2013,LM,49.96845453,-0.1437062,26.74925447,47.661694383333334
LKA,2014,LM,50.39382292,0.1397088,27.50393898,47.28983259666667
LKA,2015,LM,50.79186587,0.0898368,28.25862349,46.91797081
LKA,2016,LM,51.1118502,-0.0370535,30.08910024,46.47153703
LKA,2017,LM,51.33805762,-0.0698946,31.60018791,47.1404098
LKA,2018,UM,51.48991061,-0.0975671,30.74196308,49.80939675
LKA,2019,LM,51.58393848,-0.0713311,28.54616773,49.42552389
LKA,2020,LM,51.63729748,-0.1134357,25.56406176,37.08911886
LKA,2021,LM,51.65677982,-0.2353399,26.34573426,41.22884633
LKA,2022,LM,51.68231906,-0.5037831,23.9141453,46.68260802
LKA,2023,LM,51.74503338,-0.2845545,18.16491714,43.5362303
LKA,2024,LM,51.82392028,-0.2745215,19.0827226,42.39750087
LKA,2025,UM,51.82392028,-0.2745215,20.77259192,42.39750087
LKA,2026,UM,51.82392028,-0.2745215,20.77259192,42.39750087
LMC,2000,,72.06654191,,23.37826784,44.95883492
LMC,2001,,71.12572867,,25.2813715,44.97167139
LMC,2002,,70.27200885,,24.53873371,47.7291823
LMC,2003,,69.44155449,,25.0743286,49.43795832
LMC,2004,,68.57409769,,26.24062154,55.04038406
LMC,2005,,67.70380475,,27.19453137,57.81289982
LMC,2006,,66.84905411,,27.1539259,59.41564401
LMC,2007,,66.00984447,,29.43110937,60.97359858
LMC,2008,,65.22366681,,27.63387037,65.735172
LMC,2009,,64.4914643,,28.11804584,57.14492164
LMC,2010,,63.79177753,,27.2330703,57.57127243
LMC,2011,,63.13465421,,28.15621326,61.76786417
LMC,2012,,62.52460295,,26.8990639,60.74156558
LMC,2013,,61.94201134,,26.25588646,58.85609558
LMC,2014,,61.3830204,,25.32898813,55.80816345
LMC,2015,,60.84617842,,25.3711812,51.23544708
LMC,2016,,60.30091602,,25.85933297,48.88260735
LMC,2017,,59.7641587,,26.53435724,51.42439203
LMC,2018,,59.2632894,,27.40885882,54.67919116
LMC,2019,,58.77819801,,25.826817,52.25157313
LMC,2020,,58.23962803,,24.78882757,47.50884077
LMC,2021,,57.64155595,,26.49779909,54.12096305
LMC,2022,,57.08761722,,28.07576034,60.0642338
LMC,2023,,56.58252159,,28.44014964,55.55788669
LMC,2024,,56.04658158,,29.09243172,54.65262543
LMC,2025,,56.04658158,,28.85978967,54.65262543
LMY,2000,,63.50815035,,22.99152411,46.72645191
LMY,2001,,62.59494537,,23.62842508,46.15130427
LMY,2002,,61.68454595,,24.29519027,48.60181965
LMY,2003,,60.80785424,,25.46681985,53.13491024
LMY,2004,,59.93555021,,26.594352,58.46068392
LMY,2005,,59.0682389,,26.87936062,60.15758889
LMY,2006,,58.32594842,,27.1664087,61.0314026
LMY,2007,,57.73112579,,27.8504964,59.91298199
LMY,2008,,57.22284789,,28.722514,59.58122757
LMY,2009,,56.79363788,,30.52257549,49.77032614
LMY,2010,,56.41922792,,30.47245652,52.80722524
LMY,2011,,56.11207661,,31.23332606,54.67651827
LMY,2012,,55.90693786,,31.74506982,53.36485082
LMY,2013,,55.77862996,,32.16099763,51.87626692
LMY,2014,,55.70177437,,32.06091137,50.25974316
LMY,2015,,55.6528042,,32.00772117,46.5474413
LMY,2016,,55.61011362,,31.63890166,44.61581014
LMY,2017,,55.61197322,,31.71599635,46.00699998
LMY,2018,,55.6075565,,32.92755553,48.09870804
LMY,2019,,55.5666786,,32.54041149,46.08880813
LMY,2020,,55.45967076,,32.63607577,43.62441383
LMY,2021,,55.23416446,,33.09563704,48.87638034
LMY,2022,,54.99234906,,32.82240664,52.42012413
LMY,2023,,54.72195141,,32.3591611,48.48230273
LMY,2024,,54.33354831,,31.97553818,48.7194052
LMY,2025,,54.33354831,,31.97553818,48.7194052
LSO,2000,L,78.9987959,0.2369357,23.5298086,165.0489488
LSO,2001,L,77.52191017,0.2528035,23.5298086,165.0489488
LSO,2002,L,76.12142061,0.2686713,23.5298086,165.0489488
LSO,2003,L,74.80235153,0.2562836,23.5298086,165.0489488
LSO,2004,L,73.64626949,-0.4058341,23.5298086,165.0489488
LSO,2005,LM,72.66027032,-0.2471195,23.5298086,165.0489488
LSO,2006,LM,71.65521453,-0.4790454,23.5298086,165.0489488
LSO,2007,LM,70.65920634,-0.5200403,23.5298086,165.0489488
LSO,2008,LM,69.90738021,-0.4839484,26.36866221,161.1265906
LSO,2009,LM,69.33857422,-0.3333708,28.37755119,158.8947376
LSO,2010,LM,68.85107794,-0.3521504,29.35201536,150.1024355
LSO,2011,LM,68.4840104,-0.3753852,28.031808,149.7966067
LSO,2012,LM,68.21573511,-0.4430567,35.94741498,150.2085754
LSO,2013,LM,68.07841842,-0.4522419,30.99269993,133.3654898
LSO,2014,LM,68.13732028,-0.4988176,29.38948372,126.2924754
LSO,2015,LM,68.14168695,-0.56995,28.33961471,129.7227731
LSO,2016,LM,67.93449172,-0.6209408,26.63107928,136.3152477
LSO,2017,LM,67.49009824,-0.6330237,27.38722722,146.3667713
LSO,2018,LM,66.87004467,-0.6318314,25.97845662,144.4349555
LSO,2019,LM,66.25523074,-0.6744181,25.85149052,140.5166335
LSO,2020,LM,65.64818135,-0.7085808,24.31159488,141.0966051
LSO,2021,LM,64.96804647,-0.7136054,25.67004551,139.1864795
LSO,2022,LM,64.17582781,-0.7479261,27.07148982,142.3739811
LSO,2023,LM,63.26652851,-0.7503177,28.1875103,141.5137559
LSO,2024,LM,62.2736686,-0.6470887,29.3435853,141.5137559
LSO,2025,LM,62.2736686,-0.6470887,30.88969981,141.5137559
LSO,2026,LM,62.2736686,-0.6470887,30.88969981,141.5137559
LTE,2000,,48.20416541,,24.51921717,51.79088837
LTE,2001,,47.08948257,,25.40562672,51.6836692
LTE,2002,,45.84526428,,25.98765551,53.79135895
LTE,2003,,44.64833917,,27.21345206,59.43964521
LTE,2004,,43.50876732,,27.77120736,65.17154683
LTE,2005,,42.34427517,,27.62988231,66.80934011
LTE,2006,,41.43804666,,27.57147278,68.09949638
LTE,2007,,40.86584302,,28.37902984,66.89302559
LTE,2008,,40.42199117,,29.29494875,65.0922563
LTE,2009,,40.0978982,,31.99136508,54.90967445
LTE,2010,,39.90218005,,31.86654874,58.77478653
LTE,2011,,39.86846675,,32.01021071,59.9767159
LTE,2012,,40.05549314,,32.97473865,58.73011709
LTE,2013,,40.40634719,,33.56802781,57.71928714
LTE,2014,,40.89665347,,33.65224482,56.73202482
LTE,2015,,41.48894149,,34.07913999,53.73838884
LTE,2016,,42.15515081,,33.84812661,51.96645555
LTE,2017,,42.98013488,,33.68876965,52.85264981
LTE,2018,,43.77620388,,34.64539851,53.67263774
LTE,2019,,44.45617863,,35.22824385,52.57757524
LTE,2020,,45.03487835,,35.64738078,51.21717592
LTE,2021,,45.38042662,,35.03702324,55.39105338
LTE,2022,,45.61593521,,34.27380176,57.70238905
LTE,2023,,45.72750133,,33.72719107,54.3107068
LTE,2024,,45.54515237,,32.8929213,51.40146038
LTE,2025,,45.54515237,,32.8929213,51.40146038
LTU,2000,LM,51.04519872,-0.0691171,19.10614378,83.19149427
LTU,2001,UM,50.53331315,0.2315376,20.50139495,93.48713737
LTU,2002,UM,49.97880823,0.5321923,20.68804514,100.3322295
LTU,2003,UM,49.4729821,0.7480841,21.5317487,98.09140432
LTU,2004,UM,49.20176423,0.5898262,22.80372151,104.0720707
LTU,2005,UM,48.99930266,0.6552222,23.40315266,117.4496912
LTU,2006,UM,48.72389527,0.549991,26.01252755,124.613633
LTU,2007,UM,48.31940623,0.4643619,28.58253671,116.2958103
LTU,2008,UM,47.95569422,0.295576,26.04808308,126.7597078
LTU,2009,UM,47.76356268,0.5365352,17.83426944,105.0402512
LTU,2010,UM,48.21835931,0.5772759,17.0850047,131.6265074
LTU,2011,UM,48.85872718,0.5794635,18.79886644,149.6453069
LTU,2012,H,49.06562819,0.7054268,17.57791287,156.6389257
LTU,2013,H,49.26791303,0.7087016,18.67065137,156.6266379
LTU,2014,H,49.67476431,0.7945609,19.10753461,143.2901158
LTU,2015,H,50.36191911,0.8794501,19.59724646,138.195575
LTU,2016,H,51.32689281,0.8452214,19.91901691,134.6904497
LTU,2017,H,52.46970064,0.7582409,20.1373564,144.9183931
LTU,2018,H,53.32182912,0.86117,20.69208914,147.2021325
LTU,2019,H,53.76880271,0.8510012,21.20030992,148.374996
LTU,2020,H,53.9636321,0.9591268,21.43371578,135.7965656
LTU,2021,H,53.98120236,0.9787009,22.47424458,154.8067277
LTU,2022,H,53.63283257,0.9431482,22.43557484,175.6516122
LTU,2023,H,53.24101967,0.9448653,23.81857308,149.041909
LTU,2024,H,53.54490863,1.2014922,22.41177059,143.0483909
LTU,2025,H,53.54490863,1.2014922,22.94156113,143.0483909
LTU,2026,H,53.54490863,1.2014922,22.94156113,143.0483909
LUX,2000,H,49.20013952,1.9764288,20.62505226,272.4123268
LUX,2001,H,48.94295285,2.0967804,21.87915046,270.7656304
LUX,2002,H,48.99866087,2.217132,21.30268357,250.6891982
LUX,2003,H,48.83520134,2.0282325,21.04899756,244.9779461
LUX,2004,H,48.64141368,1.9125262,21.24328209,265.2268849
LUX,2005,H,48.4273639,1.7422656,19.34777541,284.0774769
LUX,2006,H,48.06877171,1.8449016,18.21505109,305.8795475
LUX,2007,H,47.68015704,1.8128865,18.91763814,307.4850201
LUX,2008,H,47.21300017,1.8311499,20.14408357,292.2134808
LUX,2009,H,46.75422692,1.9030234,18.01924742,263.5327015
LUX,2010,H,46.30298203,1.8503746,16.8240878,293.6718769
LUX,2011,H,45.59708326,1.9488475,19.21325376,308.7144539
LUX,2012,H,44.99392384,1.9034421,19.17753161,311.7868352
LUX,2013,H,44.80062466,1.8352325,18.45427294,320.5335063
LUX,2014,H,44.65925756,1.8322174,19.15173476,333.4288532
LUX,2015,H,44.41962531,1.8995712,17.30945547,351.1319744
LUX,2016,H,44.0799897,1.8926746,17.2848389,348.4374094
LUX,2017,H,43.86285725,1.9443969,17.81132299,353.793992
LUX,2018,H,43.8270057,1.9421635,16.15162456,361.8654452
LUX,2019,H,43.86308897,1.9821714,18.04838194,382.6607806
LUX,2020,H,44.0085434,1.9824291,17.17515094,375.5813964
LUX,2021,H,44.19753086,1.9512038,18.14527096,397.5061809
LUX,2022,H,44.34437443,1.9655271,16.60136142,412.1771699
LUX,2023,H,44.77254312,2.1455984,16.06862751,402.5669682
LUX,2024,H,45.46228039,2.0397137,15.37514499,351.2679212
LUX,2025,H,45.46228039,2.0397137,14.97457724,351.2679212
LUX,2026,H,45.46228039,2.0397137,14.97457724,351.2679212
LVA,2000,LM,48.493272,-0.0326632,25.19817598,83.61213211
LVA,2001,UM,47.77830188,0.1589526,27.16948129,88.17682782
LVA,2002,UM,47.17439943,0.3505684,24.30129531,85.97720568
LVA,2003,UM,46.73103378,0.4408646,25.37651878,88.58155804
LVA,2004,UM,46.41989494,0.4196126,29.4387766,97.23526558
LVA,2005,UM,46.19350331,0.4020553,32.02972412,104.5171566
LVA,2006,UM,46.16551866,0.4270382,35.32125296,105.6953421
LVA,2007,UM,46.23830931,0.3072813,38.11352164,100.8809109
LVA,2008,UM,46.55738521,0.3403341,33.41812875,95.76816284
LVA,2009,H,47.28069699,0.4275381,22.91652633,88.8320495
LVA,2010,UM,47.99852676,0.5604066,19.51983223,110.8623539
LVA,2011,UM,48.62434508,0.5698289,23.72497419,129.734758
LVA,2012,H,49.34036997,0.6097852,27.01157573,133.2115037
LVA,2013,H,50.38158642,0.7056307,24.96488804,129.6771849
LVA,2014,H,51.71704797,0.874541,23.64421938,130.0422522
LVA,2015,H,53.00224452,0.7616412,22.30759489,126.3800144
LVA,2016,H,54.27578746,0.6882968,20.16987878,123.3305184
LVA,2017,H,55.47984464,0.6711156,21.52656127,128.7140033
LVA,2018,H,56.32563105,0.7981066,22.90376349,128.2340956
LVA,2019,H,57.10283312,0.8291601,22.72403955,125.2916317
LVA,2020,H,57.90309367,0.7965198,23.02961162,123.883198
LVA,2021,H,58.35371761,0.8795712,22.9289576,136.7966154
LVA,2022,H,58.57350059,0.7275574,23.28807545,159.8927782
LVA,2023,H,58.79103047,0.6374221,24.02272498,135.6429892
LVA,2024,H,59.10681019,0.7431802,22.24483731,132.2625079
LVA,2025,H,59.10681019,0.7431802,23.46878262,132.2625079
LVA,2026,H,59.10681019,0.7431802,23.46878262,132.2625079
MAC,2000,H,42.67741112,0.2369357,10.24334615,147.7697868
MAC,2001,H,40.62505064,0.49521499999999996,9.206706343,150.0235883
MAC,2002,H,38.36069092,0.7534943,9.483282675,152.382641
MAC,2003,H,36.01145489,1.2569496,13.15252392,150.7883955
MAC,2004,H,33.65313675,1.3123599,15.32758661,148.9037502
MAC,2005,H,31.45803199,1.2500659,24.87296618,136.3722219
MAC,2006,H,29.55480306,0.7308122,32.64657939,128.7856891
MAC,2007,H,27.89664164,0.7352677,35.945904,130.6705988
MAC,2008,H,26.50054161,0.7387428,29.62837778,126.6071312
MAC,2009,H,25.41345417,1.0837386,18.37600144,113.5545926
MAC,2010,H,24.55177596,1.0851419,12.47699278,119.9384114
MAC,2011,H,24.13886567,1.0843163,12.32273524,122.8868687
MAC,2012,H,24.55859452,0.6871473,13.5165991,123.7113492
MAC,2013,H,25.50949221,0.6873796,13.34267174,121.3750762
MAC,2014,H,26.58124757,1.3260314,18.96284106,118.5808354
MAC,2015,H,27.68340712,1.3242998,24.86059596,119.2504368
MAC,2016,H,28.73047095,1.1151481,21.94149047,112.8902327
MAC,2017,H,29.83658292,1.3250972,19.85884999,115.4546626
MAC,2018,H,31.20342972,1.1164167,16.7924715,116.5686768
MAC,2019,H,32.85910016,1.1174627,13.87568428,115.2312989
MAC,2020,H,34.56075357,1.1144754,26.58097483,123.4343744
MAC,2021,H,35.94750932,1.1162482,22.52722832,171.3159708
MAC,2022,H,37.01955659,1.1159813,22.41619417,170.3680493
MAC,2023,H,38.07207889,1.1169207,14.62365182,145.8744673
MAC,2024,H,39.2342723,1.1159269,13.74434048,142.0794346
MAC,2025,H,39.2342723,1.1159269,11.9371352,142.0794346
MAC,2026,H,39.2342723,1.1159269,11.9371352,142.0794346
MAF,2000,,49.10771984,,,
MAF,2001,,49.1622276,,,
MAF,2002,,49.29145017,,,
MAF,2003,,49.51308441,,,
MAF,2004,,49.81708143,,,
MAF,2005,,50.07077141,,,
MAF,2006,,50.15813873,,,
MAF,2007,,50.01273561,,,
MAF,2008,,49.55704363,,,
MAF,2009,,48.76309247,,,
MAF,2010,H,48.52307072,,,
MAF,2011,H,49.17702926,,,
MAF,2012,H,49.93162256,,,
MAF,2013,H,50.41402042,,,
MAF,2014,H,50.44389989,,,
MAF,2015,H,50.41661635,,,
MAF,2016,H,50.56093313,,,
MAF,2017,H,50.34282916,,,
MAF,2018,H,51.41271443,,,
MAF,2019,H,57.10618008,,,
MAF,2020,H,60.0584118,,,
MAF,2021,H,58.61302276,,,
MAF,2022,H,59.51157523,,,
MAF,2023,H,62.16773737,,,
MAF,2024,H,65.95109559,,,
MAF,2025,H,65.95109559,,,
MAF,2026,H,65.95109559,,,
MAR,2000,LM,62.22768078,-0.0055096,24.36437542,53.44030584
MAR,2001,LM,61.04190232,-0.13654775,23.27573127,53.49157102
MAR,2002,LM,59.85930063,-0.2675859,23.62154013,54.31012791
MAR,2003,LM,58.68123795,-0.2984293,23.26215601,52.33185827
MAR,2004,LM,57.44967322,-0.3771806,24.61435436,55.55163847
MAR,2005,LM,56.191649,-0.5017546,25.79361334,61.49382769
MAR,2006,LM,55.0741291,-0.3257233,26.38507475,64.67219778
MAR,2007,LM,54.15730611,-0.2764328,29.23124671,71.34964678
MAR,2008,LM,53.40003415,-0.3040519,31.26828599,77.83447164
MAR,2009,LM,52.79541558,-0.2775582,29.07735876,62.37095602
MAR,2010,LM,52.36219,-0.1168914,28.33170386,69.54197961
MAR,2011,LM,52.06104362,-0.1652959,29.00323638,76.82587149
MAR,2012,LM,51.79737856,-0.2011827,29.95437078,78.2221019
MAR,2013,LM,51.53362696,-0.2189575,28.42132298,73.85775653
MAR,2014,LM,51.3322746,-0.2696224,27.01591885,71.89356675
MAR,2015,LM,51.21566027,-0.2363813,25.86977875,67.28867593
MAR,2016,LM,51.1432,-0.1396764,28.68359944,71.12266038
MAR,2017,LM,51.15561807,-0.2631327,28.1354693,74.17335788
MAR,2018,LM,51.26650885,-0.3161959,27.85857533,77.25488752
MAR,2019,LM,51.40456556,-0.1333028,27.19270936,75.99811588
MAR,2020,LM,51.44553202,-0.0577222,26.22568607,68.84380339
MAR,2021,LM,51.39070366,-0.1241745,26.28800929,75.52341718
MAR,2022,LM,51.31823659,-0.1200179,26.61631943,100.9063102
MAR,2023,LM,51.19658276,-0.0188321,25.075975,93.11788442
MAR,2024,LM,50.99253522,0.1763559,26.45893441,92.18724461
MAR,2025,LM,50.99253522,0.1763559,26.80544547,92.18724461
MAR,2026,LM,50.99253522,0.1763559,26.80544547,92.18724461
MCO,2000,H,55.44805786,1.7977313,,
MCO,2001,H,55.90524697,1.7977313,,
MCO,2002,H,56.73402301,1.7977313,,
MCO,2003,H,57.50705459,1.7977313,,
MCO,2004,H,58.18929638,1.7977313,,
MCO,2005,H,58.67487685,1.7977313,,
MCO,2006,H,58.85034688,1.7977313,,
MCO,2007,H,58.7721923,1.7977313,,
MCO,2008,H,59.69101124,1.7977313,,
MCO,2009,H,62.85412369,1.7977313,,
MCO,2010,H,67.21121363,1.7977313,,
MCO,2011,H,71.54841318,1.7977313,,
MCO,2012,H,75.76079802,1.7977313,,
MCO,2013,H,79.68773762,1.7977313,,
MCO,2014,H,83.21923018,1.7977313,,
MCO,2015,H,86.52694611,1.7977313,,
MCO,2016,H,89.37207885,1.7987191,,
MCO,2017,H,91.69676927,1.7990398,,
MCO,2018,H,94.29648113,1.8008008,,
MCO,2019,H,95.43566337,1.8025173,,
MCO,2020,H,97.07877972,1.7976151,,
MCO,2021,H,100.4161465,1.8005243,,
MCO,2022,H,99.84599589,1.7371134,,
MCO,2023,H,98.1586042,1.7382842,,
MCO,2024,H,98.56592136,1.7370456,,
MCO,2025,H,98.56592136,1.7370456,,
MCO,2026,H,98.56592136,1.7370456,,
MDA,2000,L,50.55624622,-0.6693344,15.43405879,126.1631001
MDA,2001,L,48.7709381,-0.69776135,16.74387743,124.5007396
MDA,2002,L,46.97373097,-0.7261883,16.32294812,129.8395255
MDA,2003,L,45.22772135,-0.7311657,18.56430356,140.0565299
MDA,2004,L,43.71074472,-0.8264427,21.18771229,132.6990697
MDA,2005,LM,42.65761304,-0.9015247,24.58815468,143.0235685
MDA,2006,LM,41.99195156,-0.8426635,28.35834786,137.1547638
MDA,2007,LM,41.42012562,-0.7566373,34.10391166,142.720539
MDA,2008,LM,40.75333174,-0.7274061,33.99666253,134.4216013
MDA,2009,LM,39.98416074,-0.7462463,22.59638675,110.3633269
MDA,2010,LM,39.22761094,-0.6041275,22.52427922,87.9378519
MDA,2011,LM,38.70217156,-0.5793138,23.16204598,98.61759653
MDA,2012,LM,38.53681974,-0.5624904,23.63391139,96.30640983
MDA,2013,LM,38.98635099,-0.5012795,23.03386043,95.68729683
MDA,2014,LM,40.51782548,-0.4639188,25.98955143,94.22829197
MDA,2015,LM,42.73696735,-0.6288785,24.02805472,88.96641546
MDA,2016,LM,44.96176065,-0.6014068,22.22960275,89.00468372
MDA,2017,LM,47.00794002,-0.4025781,22.42560473,88.62339028
MDA,2018,LM,48.81569291,-0.2156019,23.34427133,87.44678743
MDA,2019,LM,50.55906743,-0.2731316,23.39386987,87.63223711
MDA,2020,UM,52.16889163,-0.2721944,24.93836091,79.26572212
MDA,2021,UM,53.47705035,-0.2101436,24.08838845,88.47088654
MDA,2022,UM,54.47054396,-0.133791,22.11447315,112.1176716
MDA,2023,UM,55.29620723,-0.0336705,19.43651397,93.99462115
MDA,2024,UM,56.25059351,0.2576379,20.51677409,88.66611543
MDA,2025,UM,56.25059351,0.2576379,22.03820392,88.66611543
MDA,2026,UM,56.25059351,0.2576379,22.03820392,88.66611543
MDG,2000,L,93.19789171,-0.973968,11.93054641,42.77712266
MDG,2001,L,93.17766104,-0.7409688,14.50921734,41.03512609
MDG,2002,L,93.13536292,-0.5079696,10.97024314,50.18169194
MDG,2003,L,92.95648717,-0.8781019,13.72456569,34.03060292
MDG,2004,L,92.60131216,-0.675701,21.15102512,48.77538189
MDG,2005,L,92.03435142,-0.5664991,19.3271127,59.13008494
MDG,2006,L,91.29081321,-0.5842788,20.311268,62.10283894
MDG,2007,L,90.4683448,-0.4517328,26.33136613,66.70273536
MDG,2008,L,89.5836295,-0.5164841,37.7908727,74.35735396
MDG,2009,L,88.62591827,-0.5389524,37.15833588,62.4116976
MDG,2010,L,87.55146743,-0.6564666,25.88589412,57.87489451
MDG,2011,L,86.29496974,-0.7418961,24.68602481,56.4830926
MDG,2012,L,84.89192079,-0.908933,23.36572814,52.65171408
MDG,2013,L,83.45021813,-0.9315533,19.75481036,56.36758179
MDG,2014,L,82.14379728,-0.9922593,18.27815069,61.96943221
MDG,2015,L,81.02741793,-0.9995334,18.95947254,61.22037884
MDG,2016,L,80.03258389,-0.8355651,18.97725542,60.83469848
MDG,2017,L,79.1610727,-0.819978,18.13942399,65.34340151
MDG,2018,L,78.41462138,-0.8877092,21.03202232,67.84150467
MDG,2019,L,77.755685,-0.867749,21.24780392,62.60132305
MDG,2020,L,77.12504526,-0.9069144,19.52815732,49.01070737
MDG,2021,L,76.49820946,-0.9458829,23.23219022,55.21585859
MDG,2022,L,75.85126544,-0.9182243,21.89810389,70.54713441
MDG,2023,L,75.15373007,-0.9548243,20.48535735,61.13304169
MDG,2024,L,74.40443792,-0.8631928,20.44107376,54.97958814
MDG,2025,L,74.40443792,-0.8631928,21.03628852,54.97958814
MDG,2026,L,74.40443792,-0.8631928,21.03628852,54.97958814
MDV,2000,LM,78.43431276,0.7532431,26.73091206,165.9792512
MDV,2001,LM,74.17185963,0.7533687,26.73091206,165.9792512
MDV,2002,LM,70.15555893,0.7534943,26.73091206,165.9792512
MDV,2003,LM,66.420629,0.7406422,26.73091206,165.9792512
MDV,2004,LM,62.89126675,0.1883553,26.73091206,165.9792512
MDV,2005,LM,59.57433513,-0.0164818,26.73091206,165.9792512
MDV,2006,LM,55.90742452,-0.018205,26.73091206,165.9792512
MDV,2007,LM,51.9067995,-0.0155991,26.73091206,165.9792512
MDV,2008,LM,48.32643552,-0.1240919,26.73091206,165.9792512
MDV,2009,LM,45.39852713,-0.1568621,26.73091206,165.9792512
MDV,2010,UM,43.07831411,-0.0057589,26.73091206,165.9792512
MDV,2011,UM,41.28148997,-0.0970952,26.73091206,165.9792512
MDV,2012,UM,39.93343704,-0.0383274,26.73091206,165.9792512
MDV,2013,UM,38.94117565,-0.0966727,26.73091206,165.9792512
MDV,2014,UM,38.17262851,-0.1718945,26.73091206,165.9792512
MDV,2015,UM,37.40985722,-0.232125,33.31664322,143.7205067
MDV,2016,UM,36.5731855,-0.06644,39.9583038,144.3802123
MDV,2017,UM,35.74168362,-0.3095637,41.16657583,141.9121106
MDV,2018,UM,34.95829435,-0.3083187,47.78211835,142.4911285
MDV,2019,UM,34.2339491,0.0070407,44.05120139,137.1252309
MDV,2020,UM,33.5342081,-0.0983055,38.81762255,114.3619029
MDV,2021,UM,32.79425347,0.1471021,28.03536262,142.6072967
MDV,2022,UM,32.38710851,-0.2212354,36.66227634,162.2434329
MDV,2023,UM,32.26497553,-0.2203449,34.81517681,149.3499762
MDV,2024,UM,31.98241565,-0.221287,34.84123625,156.4739557
MDV,2025,UM,31.98241565,-0.221287,34.84123625,156.4739557
MDV,2026,UM,31.98241565,-0.221287,34.84123625,156.4739557
MEA,2000,,76.64925749,,20.36738328,64.94600128
MEA,2001,,74.96068572,,21.95345044,66.23095193
MEA,2002,,73.51538555,,21.7171846,67.508202
MEA,2003,,72.12509651,,21.72415887,72.95730773
MEA,2004,,70.60549109,,21.44461444,76.8490758
MEA,2005,,69.13506808,,21.23722947,80.82489665
MEA,2006,,67.7321515,,21.59050204,81.20844175
MEA,2007,,66.33871216,,23.33578653,83.71942627
MEA,2008,,65.26380021,,24.00395475,86.28323105
MEA,2009,,64.53770182,,25.36507325,78.60937572
MEA,2010,,64.03061289,,24.09949754,76.40829184
MEA,2011,,63.67982468,,23.17213547,78.62453046
MEA,2012,,63.51755956,,22.69625725,80.18174626
MEA,2013,,63.52430009,,22.4994338,79.16459816
MEA,2014,,63.61838506,,23.08219061,77.12520705
MEA,2015,,63.62399849,,24.29330366,72.51388723
MEA,2016,,63.5611532,,23.46815231,68.20106952
MEA,2017,,63.51751967,,23.05609483,71.0100716
MEA,2018,,63.44053403,,22.4099559,73.20486243
MEA,2019,,63.21358458,,22.55778791,71.49316361
MEA,2020,,62.84474555,,22.38389435,67.14581912
MEA,2021,,62.40857082,,22.05922502,71.05888976
MEA,2022,,61.73593052,,21.87619093,78.3055019
MEA,2023,,61.06063156,,23.277903,77.1901577
MEA,2024,,60.36692497,,23.86368926,58.64005702
MEA,2025,,60.36692497,,24.33824431,58.64005702
MEX,2000,UM,64.83747208,0.01828,21.23036151,49.91040919
MEX,2001,UM,63.9944301,-0.1484252,19.67343653,44.74010901
MEX,2002,UM,63.18096214,-0.3151304,19.367931,45.20982926
MEX,2003,UM,62.38401175,-0.2703013,20.10404131,48.70041688
MEX,2004,UM,61.54799724,-0.2433608,20.78090723,52.04062003
MEX,2005,UM,60.63449374,-0.1302682,20.71034972,52.56264465
MEX,2006,UM,59.67320828,-0.0851155,21.67994818,54.48211609
MEX,2007,UM,58.68885426,-0.1597859,22.35488185,55.25852439
MEX,2008,UM,57.71940708,0.0066138,23.55917396,56.36528189
MEX,2009,UM,56.7944957,0.103917,22.77438581,54.59174213
MEX,2010,UM,55.93212686,-0.0704234,22.55309716,59.27338453
MEX,2011,UM,55.17943207,0.0989004,23.47206879,62.16238728
MEX,2012,UM,54.56321416,0.198193,23.68820734,64.25793189
MEX,2013,UM,54.02748895,0.2228276,21.99018578,62.69167477
MEX,2014,UM,53.51313947,0.131427,21.67130707,64.09840904
MEX,2015,UM,52.97209889,0.0999957,23.164183,70.41297468
MEX,2016,UM,52.39685188,0.1280596,23.72771944,75.69030341
MEX,2017,UM,51.81825778,0.0099863,23.22553978,76.95212604
MEX,2018,UM,51.2690019,-0.0269292,23.04747279,80.21266166
MEX,2019,UM,50.7872946,-0.0086685,21.665974,77.46197226
MEX,2020,UM,50.30897734,-0.0462658,20.10752807,76.85455571
MEX,2021,UM,49.8060368,-0.0457429,21.30973256,83.06929764
MEX,2022,UM,49.37990375,-0.0874176,22.42375788,88.79848559
MEX,2023,UM,49.04155385,-0.0748652,23.27738278,73.57886164
MEX,2024,UM,48.71671509,-0.2199329,23.76230667,74.58890798
MEX,2025,UM,48.71671509,-0.2199329,22.40576426,74.58890798
MEX,2026,UM,48.71671509,-0.2199329,22.40576426,74.58890798
MHL,2000,LM,79.45850292,-0.6106585,16.88397291,130.0831167
MHL,2001,LM,77.1352344,-0.6106585,16.88397291,118.7343605
MHL,2002,LM,74.92686577,-0.6106585,16.88397291,102.3205517
MHL,2003,LM,72.95441605,-0.6106585,16.88397291,117.0246743
MHL,2004,LM,71.31185499,-0.6106585,16.88397291,114.0231001
MHL,2005,LM,70.17802695,-0.6106585,19.06333333,124.7010145
MHL,2006,LM,69.70329993,-0.8708568,27.78156425,112.4085196
MHL,2007,LM,69.82148102,-0.9748603,25.16498339,114.5277076
MHL,2008,LM,70.26965116,-0.9595638,20.87564802,122.046794
MHL,2009,LM,70.87110761,-0.9670683,35.89927249,128.8622354
MHL,2010,LM,71.57315224,-0.7741146,43.6016139,144.8049659
MHL,2011,LM,71.83196504,-1.2346237,19.42623331,153.2401625
MHL,2012,UM,71.21166717,-1.2342386,16.32313226,157.5171002
MHL,2013,UM,70.0704698,-1.202114,24.30418455,161.9197425
MHL,2014,UM,68.76567478,-1.1847221,19.9638172,149.8534946
MHL,2015,UM,67.39503293,-0.316748,17.94376701,138.4898204
MHL,2016,UM,66.16397325,-0.3160496,20.28419227,116.3263627
MHL,2017,UM,65.10769668,-0.3158228,22.98306036,125.1452504
MHL,2018,UM,64.08797739,-0.3344329,21.02309091,128.4822727
MHL,2019,UM,63.03115623,-0.3332193,50.22567626,153.0077286
MHL,2020,UM,61.95532633,-0.21495,20.47055418,107.8259719
MHL,2021,UM,62.0582935,-0.2128932,20.03341684,120.0561805
MHL,2022,UM,63.21319487,-0.1660294,22.90221027,128.3379755
MHL,2023,UM,64.16913319,-0.1651389,19.74772727,118.4935975
MHL,2024,UM,64.24478369,-0.2909441,22.85515789,123.809134
MHL,2025,UM,64.24478369,-0.2909441,22.85515789,123.809134
MHL,2026,UM,64.24478369,-0.2909441,22.85515789,123.809134
MIC,2000,,61.31799172,,23.09978436,46.7882032
MIC,2001,,60.33145511,,23.72554794,46.22996208
MIC,2002,,59.33520893,,24.41669822,48.63092475
MIC,2003,,58.37089535,,25.58133638,53.20588241
MIC,2004,,57.41776146,,26.72527825,58.56740814
MIC,2005,,56.46825366,,27.01463698,60.26145296
MIC,2006,,55.65215969,,27.31288738,61.14660681
MIC,2007,,55.00276389,,28.00801008,59.98193166
MIC,2008,,54.44146774,,28.89460722,59.60223424
MIC,2009,,53.95844193,,30.7200739,49.74343056
MIC,2010,,53.53934189,,30.62877381,52.79198716
MIC,2011,,53.19548293,,31.37687601,54.68214303
MIC,2012,,52.95370948,,31.8938825,53.38102674
MIC,2013,,52.78145076,,32.29849493,51.86611002
MIC,2014,,52.66700672,,32.2071937,50.2531189
MIC,2015,,52.59876451,,32.16424708,46.56031516
MIC,2016,,52.55996719,,31.75815735,44.57101501
MIC,2017,,52.58176437,,31.81957834,45.93991948
MIC,2018,,52.60193288,,33.04153395,48.00105249
MIC,2019,,52.58416692,,32.64773353,45.99191097
MIC,2020,,52.49008623,,32.77055339,43.53212173
MIC,2021,,52.26483132,,33.20769925,48.79131046
MIC,2022,,52.02562695,,32.95814669,52.39212381
MIC,2023,,51.76300838,,32.49154775,48.43360327
MIC,2024,,51.36728986,,32.12424831,48.64136921
MIC,2025,,51.36728986,,32.12424831,48.64136921
MKD,2000,LM,49.65358889,-1.0517492,20.29672707,80.16014736
MKD,2001,LM,49.02538339,-0.8391827999999999,21.99427084,71.47821057
MKD,2002,LM,48.4950971,-0.6266164,21.29893534,71.53348467
MKD,2003,LM,48.02578619,-0.7460712,20.07376421,71.06932049
MKD,2004,LM,47.47052142,-0.2049756,21.22791022,80.870485
MKD,2005,LM,46.81736948,-0.4250752,19.03730625,85.84100348
MKD,2006,LM,46.22051632,-0.3434785,20.08362203,92.55166647
MKD,2007,LM,45.80264424,-0.3422349,22.69495748,106.092966
MKD,2008,UM,45.46511002,-0.2809392,25.7593579,111.5700547
MKD,2009,UM,45.12094381,-0.2346589,24.55730762,87.17675377
MKD,2010,UM,44.83377548,-0.522895,23.06241082,97.88106912
MKD,2011,UM,44.62111751,-0.3540498,23.52914564,113.1919101
MKD,2012,UM,44.62857361,-0.0959845,23.37053758,112.2148347
MKD,2013,UM,45.01334576,-0.0831043,23.71092528,104.85723
MKD,2014,UM,45.47765704,0.1406151,23.41579627,112.537929
MKD,2015,UM,45.87878307,-0.0722863,23.83988665,113.6984439
MKD,2016,UM,46.38658624,-0.1218578,24.3848721,116.1854084
MKD,2017,UM,47.0672255,-0.0997098,22.49096433,124.1372839
MKD,2018,UM,48.01068407,0.0333879,20.03198775,133.2152076
MKD,2019,UM,49.2556156,-0.1182044,21.04223721,138.5762318
MKD,2020,UM,50.50732012,-0.0922934,21.59126225,128.2412443
MKD,2021,UM,51.39219435,-0.0787865,23.45542608,146.7214115
MKD,2022,UM,52.08300122,0.0111046,24.02044397,166.1473574
MKD,2023,UM,52.83406971,0.022351,24.66227905,147.7942535
MKD,2024,UM,53.48598706,-0.0323427,23.4918706,136.3248762
MKD,2025,UM,53.48598706,-0.0323427,23.4918706,136.3248762
MKD,2026,UM,53.48598706,-0.0323427,23.4918706,136.3248762
MLI,2000,L,99.2877095,-1.3577285,17.81892788,44.66576098
MLI,2001,L,98.60953506,-1.0842591499999998,17.58152049,49.32390699
MLI,2002,L,98.02296915,-0.8107898,17.62150892,46.35292274
MLI,2003,L,97.61967523,-1.0756994,19.3003705,46.89153467
MLI,2004,L,97.43348996,-1.0002198,21.33551874,44.01209864
MLI,2005,L,97.54181768,-0.887585,18.4530017,44.91240851
MLI,2006,L,97.83384696,-0.9167964,21.6944451,49.01907734
MLI,2007,L,98.18547395,-0.8640029,19.36254397,46.89779162
MLI,2008,L,98.63047864,-0.8339004,21.79318338,53.64301931
MLI,2009,L,99.15966202,-0.8048193,19.97768485,40.54138158
MLI,2010,L,99.77460643,-0.9244336,21.07358555,48.81669537
MLI,2011,L,100.4485951,-0.8221921,22.17852846,43.18146991
MLI,2012,L,101.5200192,-0.9100926,17.99356965,49.42523562
MLI,2013,L,102.371895,-0.8529578,24.81105765,54.60324399
MLI,2014,L,102.5300256,-1.0499743,26.04393721,51.07868219
MLI,2015,L,102.5279199,-0.9383384,23.75470248,53.57517601
MLI,2016,L,102.3137808,-0.929614,25.55927618,53.61261936
MLI,2017,L,101.8800933,-0.8719879,24.17024226,49.49199849
MLI,2018,L,101.280426,-0.9789893,22.84918108,50.69984625
MLI,2019,L,100.4165689,-1.0954319,24.04161312,53.99871328
MLI,2020,L,99.24265385,-1.1224054,22.18678806,56.04154744
MLI,2021,L,97.96636576,-1.1810763,23.48693764,56.71505256
MLI,2022,L,96.75853736,-1.2060162,21.13727651,61.56132749
MLI,2023,L,95.56274282,-1.2258828,20.95946984,57.53326218
MLI,2024,L,94.27396217,-1.2871409,20.88206624,49.89604143
MLI,2025,L,94.27396217,-1.2871409,21.66935444,49.89604143
MLI,2026,L,94.27396217,-1.2871409,21.66935444,49.89604143
MLT,2000,H,46.95642019,0.8051389,23.72034505,189.6012193
MLT,2001,UM,46.56692373,0.8052209,21.37188703,161.3253603
MLT,2002,H,46.23543532,0.8053029,17.44559812,162.5240762
MLT,2003,H,45.79779062,0.7114165,21.85539562,154.5741617
MLT,2004,H,45.24013769,0.6858015,21.14416258,155.8899183
MLT,2005,H,44.607055,0.8230735,22.54368817,157.5484978
MLT,2006,H,43.85683457,0.9316963,20.44475261,182.4340556
MLT,2007,H,43.00421217,1.0171682,21.9768517,184.8313343
MLT,2008,H,42.44620588,1.1402107,20.21575325,185.7495238
MLT,2009,H,42.70387899,0.9895339,19.72999591,163.5568484
MLT,2010,H,43.46312256,0.9877609,20.82230233,178.2329553
MLT,2011,H,44.33618469,0.9882811,17.98916778,192.0273414
MLT,2012,H,45.45215289,1.0718539,19.77666715,199.2138651
MLT,2013,H,46.70018682,1.1879853,17.2955194,187.4322529
MLT,2014,H,47.67960808,1.0645056,16.84004184,181.3011271
MLT,2015,H,48.27482618,1.008955,23.6633678,207.1960199
MLT,2016,H,48.83324928,1.1103655,21.31590301,213.3594732
MLT,2017,H,48.90498384,1.0116786,18.69792344,213.047591
MLT,2018,H,48.25141618,1.0139731,19.11142076,228.0985507
MLT,2019,H,47.35475419,0.9937489,20.07687404,233.0704419
MLT,2020,H,46.69745814,1.0778299,19.93596034,242.3611907
MLT,2021,H,47.05506725,1.0227164,22.31067577,220.1656341
MLT,2022,H,48.13917099,0.9128888,24.91159201,245.1603751
MLT,2023,H,49.14653298,0.7610244,19.10842636,221.0618355
MLT,2024,H,49.79670622,0.622496,18.51085073,218.1705524
MLT,2025,H,49.79670622,0.622496,17.78925183,218.1705524
MLT,2026,H,49.79670622,0.622496,17.78925183,218.1705524
MMR,2000,L,58.22175396,-1.3518124,,
MMR,2001,L,57.2352074,-1.4614943500000002,,
MMR,2002,L,56.44034153,-1.5711763,,
MMR,2003,L,55.76756172,-1.576192,,
MMR,2004,L,55.08065146,-1.6415171,,
MMR,2005,L,54.33293246,-1.7237552,,
MMR,2006,L,53.5569486,-1.5909977,,
MMR,2007,L,52.77884383,-1.5894841,,
MMR,2008,L,51.93313934,-1.6096857,,
MMR,2009,L,51.09719094,-1.6679918,,
MMR,2010,L,50.35227498,-1.3166107,,
MMR,2011,L,49.61807139,-1.3109568,,
MMR,2012,L,48.90349098,-1.5557382,,
MMR,2013,L,48.23996037,-1.5485581,,
MMR,2014,LM,47.71689309,-1.3003242,,
MMR,2015,LM,47.3459615,-1.2574663,,
MMR,2016,LM,47.03840893,-1.1523629,,
MMR,2017,LM,46.75634722,-1.2517085,,
MMR,2018,LM,46.53232582,-1.3199541,,
MMR,2019,LM,46.39647205,-1.3177807,,
MMR,2020,LM,46.31340948,-1.318284,,
MMR,2021,LM,46.24748422,-1.5416258,,
MMR,2022,LM,46.21005695,-1.6445781,,
MMR,2023,LM,46.20925422,-1.5813496,,
MMR,2024,LM,46.20942504,-1.5583075,,
MMR,2025,LM,46.20942504,-1.5583075,,
MMR,2026,LM,46.20942504,-1.5583075,,
MNA,2000,,77.84184486,,19.85423725,55.32408244
MNA,2001,,76.16291364,,22.02232009,54.97809685
MNA,2002,,74.76547882,,21.87981934,57.10214346
MNA,2003,,73.43846912,,22.21491624,63.33486921
MNA,2004,,71.97903053,,22.1069921,63.82992425
MNA,2005,,70.57724788,,22.13024782,67.13956583
MNA,2006,,69.26743925,,22.71305098,64.12687207
MNA,2007,,67.9928354,,23.02485113,63.0367814
MNA,2008,,67.03980447,,25.11116591,66.32144275
MNA,2009,,66.41060737,,24.96804732,58.43834187
MNA,2010,,65.91836871,,23.89235769,56.46213699
MNA,2011,,65.65817306,,23.61347179,55.02060052
MNA,2012,,65.61503119,,22.90431572,55.16803745
MNA,2013,,65.74043724,,22.31987488,54.76459135
MNA,2014,,65.91553947,,22.70995187,52.28281922
MNA,2015,,66.03115953,,21.9630098,47.85826008
MNA,2016,,66.03762539,,21.08030226,44.20663275
MNA,2017,,65.9530679,,21.4044664,49.00913272
MNA,2018,,65.75030076,,21.58114293,55.16379402
MNA,2019,,65.43484461,,21.56782125,52.35172863
MNA,2020,,65.03384302,,19.79309289,44.92206735
MNA,2021,,64.49768076,,19.89318343,50.04546608
MNA,2022,,63.89423671,,19.19651689,58.62857246
MNA,2023,,63.27114105,,19.80348485,57.11989463
MNA,2024,,62.6000386,,19.84024287,55.85122942
MNA,2025,,62.6000386,,20.57397956,55.85122942
MNE,2000,,49.3198597,0.1240062,16.8735262,87.92520214
MNE,2001,,49.23342653,0.1240062,17.50299202,100.4093861
MNE,2002,,49.24268566,0.1240062,14.6223811,95.22940002
MNE,2003,,49.36510918,0.1240062,13.29887268,77.59838901
MNE,2004,,49.59756294,0.1240062,17.13228605,100.109655
MNE,2005,,49.78918902,0.1240062,17.97961867,104.6251393
MNE,2006,UM,49.76136557,0.1240062,22.75829867,118.1771294
MNE,2007,UM,49.48785165,-0.3320251,32.77432167,128.8442142
MNE,2008,UM,49.13619937,-0.2727389,39.01910433,132.4805407
MNE,2009,UM,48.77356266,-0.1421388,27.24158729,99.82557604
MNE,2010,UM,48.24597093,-0.3366901,22.05156486,98.86849925
MNE,2011,UM,47.77578206,-0.3313272,20.08814376,106.7527283
MNE,2012,UM,47.7143448,-0.0931564,20.29765249,108.7799876
MNE,2013,UM,47.93877022,-0.008552,20.42758396,103.7859664
MNE,2014,UM,48.48443009,0.3125985,19.39393669,100.4384315
MNE,2015,UM,49.31718056,0.3138915,20.70634113,104.1251089
MNE,2016,UM,50.10261223,0.2498332,24.92891571,104.1359546
MNE,2017,UM,50.89721338,0.2868544,27.22091449,106.7113667
MNE,2018,UM,51.84535208,0.190468,29.76752681,111.0989355
MNE,2019,UM,52.94828213,0.2001456,27.60127568,110.0161239
MNE,2020,UM,54.03279333,0.0904093,28.20472919,87.86120271
MNE,2021,UM,54.79770275,-0.0246249,22.24219667,105.7192492
MNE,2022,UM,55.32112034,0.0193238,21.74819731,125.4559378
MNE,2023,UM,55.76036751,0.2766963,20.43585463,116.8066695
MNE,2024,UM,56.14957727,0.3664948,21.06037644,109.9441045
MNE,2025,UM,56.14957727,0.3664948,22.33050303,109.9441045
MNE,2026,UM,56.14957727,0.3664948,22.33050303,109.9441045
MNG,2000,L,62.87968945,-0.5902075,25.20263292,121.8866098
MNG,2001,L,60.05560815,-0.51596645,21.53753236,115.8183269
MNG,2002,L,57.28688464,-0.4417254,22.14658372,118.5172531
MNG,2003,L,54.67400509,-0.4602942,29.12034282,120.2993935
MNG,2004,L,52.31492192,-0.4188564,27.81918237,131.3293182
MNG,2005,L,50.30141383,-0.5956412,27.93802787,122.3814599
MNG,2006,L,48.69169142,-0.5722669,33.30225475,112.9299831
MNG,2007,LM,47.50201537,-0.6715084,35.10882266,117.8804264
MNG,2008,LM,46.73624126,-0.6861459,36.21504548,121.1980134
MNG,2009,LM,46.41013979,-0.6265816,28.88899439,107.8137572
MNG,2010,LM,46.49487117,-0.5374241,34.48631901,103.3500317
MNG,2011,LM,46.64872626,-0.5445631,48.41232992,126.9992286
MNG,2012,LM,46.89408302,-0.5466493,45.11627824,109.5885643
MNG,2013,LM,47.58606821,-0.5000373,39.26364519,100.3119897
MNG,2014,UM,48.68041753,-0.304773,28.57375845,109.3223119
MNG,2015,LM,50.08250694,-0.3329464,18.27690081,89.65366348
MNG,2016,LM,51.72629246,-0.3588602,18.66465984,101.0552372
MNG,2017,LM,53.51270109,-0.4472314,22.34895977,115.9329019
MNG,2018,LM,55.41209634,-0.2974017,26.8454271,126.3558732
MNG,2019,LM,57.42882594,-0.3385736,27.98345509,124.3965146
MNG,2020,LM,58.9121466,-0.311667,23.57817824,112.8386476
MNG,2021,LM,59.63138545,-0.3519979,26.83534361,119.0980784
MNG,2022,LM,60.00287038,-0.2986908,29.81355994,136.3279299
MNG,2023,UM,60.00276695,-0.3639023,25.325681,142.8642466
MNG,2024,UM,59.56841053,-0.3892189,27.1669091,138.4483791
MNG,2025,UM,59.56841053,-0.3892189,28.01903567,138.4483791
MNG,2026,UM,59.56841053,-0.3892189,28.01903567,138.4483791
MNP,2000,H,32.63995343,,,151.9470405
MNP,2001,H,33.75831267,,,151.9470405
MNP,2002,UM,35.26027952,,,151.9470405
MNP,2003,UM,36.58113948,,,152.7037934
MNP,2004,UM,37.75288161,,,178.0991736
MNP,2005,UM,38.76574532,,,174.5523091
MNP,2006,UM,39.59191185,,,159.6969697
MNP,2007,H,40.27989337,,,128.5714286
MNP,2008,H,40.90236686,,,100.8519702
MNP,2009,H,41.52874063,,,84.52830189
MNP,2010,H,41.93387562,,,92.61576971
MNP,2011,H,41.97409889,,,105.0754458
MNP,2012,H,41.95354791,,,114.8793566
MNP,2013,H,42.02988289,,,120.0777202
MNP,2014,H,42.19375937,,,119.8317308
MNP,2015,H,42.38253179,,,122.7472527
MNP,2016,H,42.54190179,,,152.8455285
MNP,2017,H,42.57705479,,,131.4102564
MNP,2018,H,42.44499913,,,108.7624904
MNP,2019,H,42.09081247,,,104.749788
MNP,2020,H,42.2227542,,,78.98383372
MNP,2021,H,43.17496114,,,78.88402626
MNP,2022,H,44.35915912,,,93.15693431
MNP,2023,H,45.60232221,,,93.15693431
MNP,2024,H,46.52855914,,,93.15693431
MNP,2025,H,46.52855914,,,93.15693431
MNP,2026,H,46.52855914,,,93.15693431
MOZ,2000,L,91.41800591,-0.6090516,,47.9208808
MOZ,2001,L,91.68176061,-0.69904515,,50.41530958
MOZ,2002,L,91.9062035,-0.7890387,,73.30916276
MOZ,2003,L,92.07403068,-1.0136614,,70.16835995
MOZ,2004,L,92.2241426,-0.7991638,,72.05200016
MOZ,2005,L,92.35462896,-0.746992,,72.00926098
MOZ,2006,L,92.46807351,-0.6705936,,67.34989769
MOZ,2007,L,92.64903022,-0.5972324,,66.12038218
MOZ,2008,L,92.99536543,-0.5785872,,64.9814165
MOZ,2009,L,93.50101595,-0.4475614,,67.89857277
MOZ,2010,L,94.02616589,-0.6480562,,73.83735327
MOZ,2011,L,94.33214858,-0.7025583,,84.40621193
MOZ,2012,L,94.41040586,-0.5577083,,105.9345881
MOZ,2013,L,94.38788203,-0.5437435,,109.3853766
MOZ,2014,L,94.21613641,-0.5716435,,116.3568552
MOZ,2015,L,93.92931108,-0.580096,,98.76120365
MOZ,2016,L,93.60719825,-0.6823519,,110.3943582
MOZ,2017,L,93.24235441,-0.6898963,,105.7456407
MOZ,2018,L,92.92531999,-0.6871201,,124.6074575
MOZ,2019,L,92.66215627,-0.6500468,,105.5911714
MOZ,2020,L,92.29102802,-0.8223436,,99.90614605
MOZ,2021,L,91.82819326,-0.8185849,,112.0789645
MOZ,2022,L,91.3012311,-0.7706816,,135.2795784
MOZ,2023,L,90.55471753,-0.7779692,,106.0586134
MOZ,2024,L,89.51178279,-0.7157933,,95.65942035
MOZ,2025,L,89.51178279,-0.7157933,,95.65942035
MOZ,2026,L,89.51178279,-0.7157933,,95.65942035
MRT,2000,L,89.74152896,-0.2793718,31.91026677,58.94037477
MRT,2001,L,89.4823325,-0.2792462,32.24255197,60.70121246
MRT,2002,L,89.63049593,-0.2791206,41.98003038,56.7855296
MRT,2003,L,89.7159656,-0.2919728,47.55897247,55.31802433
MRT,2004,L,89.79794645,-0.5791924,44.77638431,75.21880468
MRT,2005,L,89.9065929,-0.6774526,40.72689796,88.23509956
MRT,2006,L,90.04479232,-0.8516161,36.39660723,82.78850121
MRT,2007,L,90.17649247,-0.7673541,42.20753566,86.06405568
MRT,2008,L,90.07053451,-0.9346936,37.2007686,94.120211
MRT,2009,L,89.918463,-0.7632987,36.39422897,82.0086176
MRT,2010,LM,90.15086051,-0.5153748,33.27886701,93.42074513
MRT,2011,L,90.77317137,-0.505274,29.42613335,98.4853296
MRT,2012,LM,91.6641952,-0.6504224,33.23475775,110.7881227
MRT,2013,LM,92.03107821,-0.8307826,32.72077394,102.3988242
MRT,2014,LM,91.79488662,-0.8456369,37.96432977,91.61037136
MRT,2015,LM,91.52144256,-0.9313712,34.30246438,77.34678649
MRT,2016,LM,91.19077828,-0.8954385,29.00153987,73.15326167
MRT,2017,LM,90.78737268,-0.8206663,30.2739569,78.81498018
MRT,2018,LM,90.29207436,-0.8343637,32.92731408,89.14672949
MRT,2019,LM,89.69161634,-0.8240741,31.24276105,93.48669414
MRT,2020,LM,88.94983032,-0.9008005,24.70921404,86.77616813
MRT,2021,LM,88.09592951,-0.8482903,28.32760164,88.30687376
MRT,2022,LM,87.12865093,-0.87695,29.78280483,102.0258991
MRT,2023,LM,86.05140747,-0.8187577,24.00520779,92.16544451
MRT,2024,LM,84.97835464,-0.7412473,25.78690939,93.59883559
MRT,2025,LM,84.97835464,-0.7412473,26.97563092,93.59883559
MRT,2026,LM,84.97835464,-0.7412473,26.97563092,93.59883559
MTQ,2000,,,0.7532431,,
MTQ,2002,,,0.7534943,,
MTQ,2003,,,0.7406422,,
MTQ,2004,,,0.4779236,,
MTQ,2005,,,0.7337585,,
MTQ,2006,,,0.7308122,,
MTQ,2007,,,0.7352677,,
MTQ,2008,,,0.7387428,,
MTQ,2009,,,0.7508772,,
MTQ,2010,,,0.7531799,,
MTQ,2011,,,0.7518252,,
MTQ,2012,,,0.7521664,,
MTQ,2013,,,0.7525475,,
MTQ,2014,,,1.1121628,,
MTQ,2015,,,1.1093212,,
MTQ,2016,,,1.110309,,
MTQ,2017,,,1.1106297,,
MTQ,2018,,,1.1123907,,
MTQ,2019,,,1.1141072,,
MTQ,2020,,,1.109205,,
MTQ,2021,,,1.1121142,,
MTQ,2022,,,1.214283,,
MTQ,2023,,,0.9540388,,
MTQ,2024,,,0.9528002,,
MUS,2000,UM,46.41323509,0.4142593,22.24375746,120.6876488
MUS,2001,UM,46.01080904,0.49632335,22.0123753,128.054579
MUS,2002,UM,45.56315622,0.5783874,21.13840507,118.2304704
MUS,2003,UM,45.03719252,0.5883142,22.19676216,108.6555793
MUS,2004,UM,44.42851516,0.571632,21.41909886,107.0276983
MUS,2005,UM,43.71410084,0.6077906,21.19447734,121.608744
MUS,2006,UM,42.84713789,0.6104298,22.84124901,124.7822802
MUS,2007,UM,41.87456366,0.6110366,23.62633971,118.6240581
MUS,2008,UM,40.92115413,0.8303882,23.43430628,113.4926639
MUS,2009,UM,40.10451999,0.7962256,25.13754217,102.4580198
MUS,2010,UM,39.43665584,0.7333444,23.82172213,111.5082021
MUS,2011,UM,38.86838814,0.7467754,23.13943082,115.552473
MUS,2012,UM,38.51390177,0.98957,22.27044023,117.4476391
MUS,2013,UM,38.43886014,0.9262441,20.33167522,136.552118
MUS,2014,UM,38.40671002,1.052631,18.26286781,135.0990648
MUS,2015,UM,38.39234836,1.0592368,16.68351444,133.1350691
MUS,2016,UM,38.46247398,1.1005388,16.53610685,126.310009
MUS,2017,UM,38.51073965,1.0288458,16.58875677,126.9640599
MUS,2018,UM,38.49318082,0.9336102,17.77904743,123.5389844
MUS,2019,H,38.44102189,0.8595784,18.81455503,127.9408991
MUS,2020,UM,38.41941088,0.8319144,16.90123514,121.1252255
MUS,2021,UM,38.47282668,0.738763,19.36237483,135.1930046
MUS,2022,UM,38.64102319,0.7319597,19.73623436,147.663795
MUS,2023,UM,39.01596965,0.823778,20.26436006,147.3213921
MUS,2024,UM,39.54160441,0.7653533,20.97556051,145.4217003
MUS,2025,UM,39.54160441,0.7653533,19.74045021,145.4217003
MUS,2026,UM,39.54160441,0.7653533,19.74045021,145.4217003
MWI,2000,L,97.94242743,-0.6059151,,45.30031372
MWI,2001,L,98.37849946,-0.8032192,,45.30031372
MWI,2002,L,98.81227463,-1.0005233,,45.30031372
MWI,2003,L,99.17710263,-1.1331279,,45.30031372
MWI,2004,L,99.52433016,-0.9782063,,45.30031372
MWI,2005,L,99.90131064,-0.9423736,,45.30031372
MWI,2006,L,100.2098315,-0.8616703,,45.30031372
MWI,2007,L,100.3548771,-0.8044334,,45.30031372
MWI,2008,L,100.1897277,-0.6552057,,45.30031372
MWI,2009,L,99.79020056,-0.5518949,,45.30031372
MWI,2010,L,99.29857855,-0.5426828,,45.30031372
MWI,2011,L,98.70568782,-0.5839959,,45.30031372
MWI,2012,L,97.94545731,-0.5762271,,45.30031372
MWI,2013,L,96.91409626,-0.5704237,,45.30031372
MWI,2014,L,95.64323297,-0.542739,,45.30031372
MWI,2015,L,94.17068159,-0.5855031,,45.30031372
MWI,2016,L,92.46984297,-0.6089526,,45.30031372
MWI,2017,L,90.61647119,-0.5782225,,45.30031372
MWI,2018,L,88.69265626,-0.6337095,,43.57877349
MWI,2019,L,86.68507703,-0.686037,,44.19545246
MWI,2020,L,84.589443,-0.7484164,,41.03234294
MWI,2021,L,82.45041038,-0.6797637,,44.59576182
MWI,2022,L,80.33175204,-0.7814562,,43.61662486
MWI,2023,L,78.28060629,-0.7685413,,42.4376684
MWI,2024,L,76.34094498,-0.7257604,,42.4376684
MWI,2025,L,76.34094498,-0.7257604,,42.4376684
MWI,2026,L,76.34094498,-0.7257604,,42.4376684
MYS,2000,UM,61.40638882,0.8746597,25.29201658,220.406789
MYS,2001,UM,60.29885385,0.8971892,25.12344751,203.364636
MYS,2002,UM,59.19952533,0.9197187,23.48432856,199.3562327
MYS,2003,UM,58.05359755,0.9352283,22.41426658,194.1951291
MYS,2004,UM,56.80824755,0.8416173,20.95484002,210.3742659
MYS,2005,UM,55.48572546,0.7787884,22.30351486,203.8546446
MYS,2006,UM,54.16585673,0.825717,21.9550122,202.5771468
MYS,2007,UM,52.87741812,0.892499,22.40418433,192.4655064
MYS,2008,UM,51.57031069,0.7810639,20.57032349,176.6683248
MYS,2009,UM,50.21718773,0.7061109,21.97635711,162.5589705
MYS,2010,UM,49.00803015,0.9606573,22.43539956,157.9447649
MYS,2011,UM,48.14651988,0.9015908,22.18313914,154.9376846
MYS,2012,UM,47.5176972,0.8762495,25.36344842,147.8417548
MYS,2013,UM,46.95750139,0.8710349,26.47705608,142.7209915
MYS,2014,UM,46.45299873,0.9192375,25.97449665,138.3122312
MYS,2015,UM,46.03908559,0.8365268,25.86564353,131.3700724
MYS,2016,UM,45.73408854,0.7772776,25.51778782,126.89901
MYS,2017,UM,45.4951519,0.7610752,25.0629653,133.1551734
MYS,2018,UM,45.22751885,0.8592296,24.2004646,130.4026255
MYS,2019,UM,44.8360878,0.8172716,22.9367865,123.028562
MYS,2020,UM,44.27086495,0.8675226,20.91401628,116.7881824
MYS,2021,UM,43.57890183,0.8036415,19.28731746,134.0359947
MYS,2022,UM,42.89656248,0.7857271,18.20814497,146.4246048
MYS,2023,UM,42.3268043,0.7474758,19.22740008,132.5934616
MYS,2024,UM,41.89276586,0.9147725,20.54271838,137.3625712
MYS,2025,UM,41.89276586,0.9147725,21.33366172,137.3625712
MYS,2026,UM,41.89276586,0.9147725,21.33366172,137.3625712
MYT,2000,UM,,,,
MYT,2001,UM,,,,
MYT,2002,UM,,,,
MYT,2003,UM,,,,
MYT,2004,UM,,,,
MYT,2005,UM,,,,
MYT,2006,UM,,,,
MYT,2007,UM,,,,
MYT,2008,UM,,,,
MYT,2009,UM,,,,
MYT,2010,UM,,,,
MYT,2011,,,,,
MYT,2012,,,,,
MYT,2013,,,,,
MYT,2014,,,,,
MYT,2015,,,,,
MYT,2016,,,,,
MYT,2017,,,,,
MYT,2018,,,,,
MYT,2019,,,,,
MYT,2020,,,,,
MYT,2021,,,,,
MYT,2022,,,,,
MYT,2023,,,,,
MYT,2024,,,,,
MYT,2025,,,,,
MYT,2026,,,,,
NAC,2000,,49.68821638,,22.90510639,30.02606403
NAC,2001,,49.28497142,,22.38161297,27.69513462
NAC,2002,,48.89390882,,21.43676167,26.84729662
NAC,2003,,48.51509386,,21.5045071,26.65822252
NAC,2004,,48.13589144,,22.02921043,28.35360141
NAC,2005,,47.73278138,,22.84253947,29.40545809
NAC,2006,,47.43889055,,23.02180809,30.48232019
NAC,2007,,47.39890229,,22.41328924,31.27953452
NAC,2008,,47.5297894,,21.44472073,33.04006638
NAC,2009,,47.69896537,,19.11060219,27.63802187
NAC,2010,,47.84875334,,18.81114149,30.96543323
NAC,2011,,48.12414809,,19.22673791,33.55937664
NAC,2012,,48.619485,,20.01314347,33.41992857
NAC,2013,,49.14894359,,20.18832467,32.77350259
NAC,2014,,49.63957862,,20.78600365,32.9537012
NAC,2015,,50.10045473,,20.89726746,31.1110366
NAC,2016,,50.54747672,,20.83469954,29.93102324
NAC,2017,,51.01998043,,21.11911955,30.55313902
NAC,2018,,51.49488599,,21.39980182,30.95465398
NAC,2019,,51.98392524,,21.42251001,29.86057203
NAC,2020,,52.44609337,,21.69275595,26.63911513
NAC,2021,,52.85665257,,21.48677384,28.75169759
NAC,2022,,53.30097821,,21.46521256,30.74409032
NAC,2023,,53.81757974,,21.49583667,28.83484319
NAC,2024,,54.36014387,,21.45900232,28.78962228
NAC,2025,,54.36014387,,21.45900232,28.78962228
NAM,2000,LM,80.7235309,0.4698725,16.52532497,85.13224429
NAM,2001,LM,79.94441925,0.30480775000000004,20.86876382,88.58410184
NAM,2002,LM,78.89362475,0.139743,20.01505163,94.41522289
NAM,2003,LM,77.56607338,0.1683865,19.10707623,95.95247438
NAM,2004,LM,76.02643004,0.1048886,18.5551965,81.86226059
NAM,2005,LM,74.16135526,0.0443144,18.59298975,80.68038029
NAM,2006,LM,72.17505102,0.2765043,21.58094482,86.83396933
NAM,2007,LM,70.45948737,0.2960431,21.73595407,104.9793038
NAM,2008,UM,69.06117912,0.3728454,24.99147682,119.6444982
NAM,2009,UM,68.00530528,0.4732973,27.59751362,123.7628443
NAM,2010,UM,67.34021155,0.2412293,24.92297352,108.0724772
NAM,2011,UM,67.07149051,0.1893853,22.372552,102.1891478
NAM,2012,UM,67.02738617,0.3978933,25.74707288,100.2134088
NAM,2013,UM,66.96709518,0.3354358,31.10172904,97.72490423
NAM,2014,UM,66.8472386,0.3164678,35.13843332,103.080137
NAM,2015,UM,66.78292229,0.2927673,30.98773384,97.23903179
NAM,2016,UM,66.91271416,0.2349555,21.82571199,93.96618796
NAM,2017,UM,67.27642398,0.2683997,17.93096794,81.2196661
NAM,2018,UM,67.75449127,0.3136094,16.86867524,81.7138653
NAM,2019,UM,68.19915129,0.2867851,15.75088587,82.90115074
NAM,2020,UM,68.67585018,0.1498863,13.66538732,76.9252424
NAM,2021,UM,69.20492802,0.1596202,16.02619417,83.54430309
NAM,2022,UM,69.48035,0.165395,16.71085605,99.26255478
NAM,2023,UM,69.10032752,0.1539385,26.20708137,110.770714
NAM,2024,LM,68.49965606,0.0993431,24.03741705,109.6285098
NAM,2025,LM,68.49965606,0.0993431,21.51772349,109.6285098
NAM,2026,LM,68.49965606,0.0993431,21.51772349,109.6285098
NCL,2000,H,54.15198375,,21.83343981,60.36672252
NCL,2001,H,54.18805271,,23.074768,58.18435233
NCL,2002,H,54.02103699,,24.71702902,56.13300404
NCL,2003,H,53.60522319,,28.85909741,61.8880339
NCL,2004,H,53.0939532,,25.13856515,58.58133786
NCL,2005,H,52.5299746,,28.44556771,61.910327
NCL,2006,H,51.89975946,,34.90466501,68.02051448
NCL,2007,H,51.42318772,,36.08777639,72.17438872
NCL,2008,H,51.11388939,,41.29651685,67.91747838
NCL,2009,H,50.79751221,,37.46225066,56.07715703
NCL,2010,H,50.37452645,,43.06755264,68.16848239
NCL,2011,H,49.97833683,,42.856016,66.84452207
NCL,2012,H,49.70872074,,41.92271938,63.75339131
NCL,2013,H,49.54621086,,37.77409155,58.8723435
NCL,2014,H,49.43408859,,34.9802415,58.95779793
NCL,2015,H,49.2486652,,35.13271662,60.0467961
NCL,2016,H,48.9630198,,29.64804246,58.02961615
NCL,2017,H,48.68850224,,27.89317324,58.92818262
NCL,2018,H,48.45700343,,27.5984468,59.0970833
NCL,2019,H,48.34113555,,29.45656005,58.2103671
NCL,2020,H,48.2739909,,27.31694265,54.58180484
NCL,2021,H,48.23190063,,26.21861872,49.04423431
NCL,2022,H,48.26879283,,26.1746329,50.47274874
NCL,2023,H,48.40470193,,25.56003892,51.63073472
NCL,2024,H,48.65939894,,22.11894754,40.36895772
NCL,2025,H,48.65939894,,22.11894754,40.36895772
NCL,2026,H,48.65939894,,22.11894754,40.36895772
NER,2000,L,98.30209358,-1.3111633,12.89875928,34.7127807
NER,2001,L,99.16483956,-1.1782812,12.9187965,33.01366708
NER,2002,L,100.097836,-1.0453991,13.1124813,30.83438575
NER,2003,L,101.0888068,-1.0520881,12.97497051,33.38279314
NER,2004,L,102.1260215,-0.8354534,14.25204718,36.96410445
NER,2005,L,103.1617977,-0.7441785,18.22108819,38.34774181
NER,2006,L,104.1626859,-0.8062253,19.02365022,36.53137318
NER,2007,L,105.116179,-0.8180005,18.80510786,35.50280285
NER,2008,L,105.9909201,-0.7451343,25.52193999,39.71124405
NER,2009,L,106.7539666,-0.6827442,28.42993118,49.5122567
NER,2010,L,107.3583308,-0.7350007,31.87047036,51.9459863
NER,2011,L,107.7489472,-0.695647,31.56276892,50.24639516
NER,2012,L,107.7793082,-0.5898721,28.80514017,45.08596447
NER,2013,L,107.5872434,-0.6374806,29.59487921,46.29514915
NER,2014,L,107.2901293,-0.5887916,30.78425958,45.74160084
NER,2015,L,106.7655087,-0.5908565,32.6070143,44.72743037
NER,2016,L,106.0637829,-0.5660437,28.10185874,36.48810922
NER,2017,L,105.2923428,-0.654903,29.69610173,39.07111174
NER,2018,L,104.4113486,-0.6127385,32.3380616,37.5388484
NER,2019,L,103.388518,-0.6646514,34.56651743,37.10256643
NER,2020,L,102.2065583,-0.6573807,32.22239039,35.51299066
NER,2021,L,100.8761781,-0.6395047,32.54915629,37.01589355
NER,2022,L,99.51073629,-0.644957,32.98545092,52.80614843
NER,2023,L,98.16404172,-0.6115289,29.93738581,46.47555806
NER,2024,L,96.83256723,-0.7696662,22.40686185,49.97598374
NER,2025,L,96.83256723,-0.7696662,20.94133189,49.97598374
NER,2026,L,96.83256723,-0.7696662,20.94133189,49.97598374
NGA,2000,L,87.88035377,-1.2673021,,
NGA,2001,L,87.86609902,-1.39686455,,
NGA,2002,L,87.98875662,-1.526427,,
NGA,2003,L,88.20164666,-1.3727196,,
NGA,2004,L,88.43230643,-1.0917105,,
NGA,2005,L,88.70136027,-1.0897789,,
NGA,2006,L,89.0370331,-1.0454643,,
NGA,2007,L,89.37174791,-0.9559052,,
NGA,2008,LM,89.70108507,-1.0168012,,
NGA,2009,LM,90.01512868,-1.1203412,,
NGA,2010,LM,90.23498843,-1.1375966,,
NGA,2011,LM,90.34938991,-1.1214371,,
NGA,2012,LM,90.37799633,-0.9699142,,
NGA,2013,LM,90.297275,-0.9819811,,
NGA,2014,LM,90.09294012,-1.0549073,,
NGA,2015,LM,89.72062637,-0.9138838,,
NGA,2016,LM,89.06228546,-0.9191662,,
NGA,2017,LM,88.12557569,-0.8608661,,
NGA,2018,LM,87.05628285,-0.8458382,,
NGA,2019,LM,85.87943186,-0.9678483,,
NGA,2020,LM,84.52583731,-0.9841775,,
NGA,2021,LM,83.10000832,-1.0500622,,
NGA,2022,LM,81.68728785,-1.056847,,
NGA,2023,LM,80.24640634,-0.8677545,,
NGA,2024,LM,78.77097445,-1.0065889,,
NGA,2025,LM,78.77097445,-1.0065889,,
NGA,2026,LM,78.77097445,-1.0065889,,
NIC,2000,L,78.0454267,-1.3307093,24.35274245,61.29849746
NIC,2001,L,76.26274034,-1.3341234000000002,24.35274245,57.98013155
NIC,2002,L,74.49102778,-1.3375375,24.35274245,58.09128441
NIC,2003,L,72.75013808,-1.3204115,24.35274245,62.17506589
NIC,2004,L,71.08395973,-1.0683834,24.35274245,67.19531678
NIC,2005,LM,69.46872504,-0.9910403,24.35274245,71.64572371
NIC,2006,LM,67.95976544,-0.8846034,24.35274245,87.30967083
NIC,2007,LM,66.57807339,-0.8746319,25.60334443,93.02573023
NIC,2008,LM,65.26254866,-0.9073504,26.9478632,96.79398473
NIC,2009,LM,64.03000595,-0.8378983,20.31517222,86.99361045
NIC,2010,LM,62.88949026,-0.8157756,21.17373414,100.3640584
NIC,2011,LM,61.80633684,-0.8011848,24.61373788,111.8274539
NIC,2012,LM,60.79238632,-0.7538922,28.06472536,115.1772885
NIC,2013,LM,59.89431845,-0.7345757,28.34442466,110.9842079
NIC,2014,LM,59.11809665,-0.7610142,27.33342236,106.6982002
NIC,2015,LM,58.42279918,-0.7548907,29.26353457,98.19416459
NIC,2016,LM,57.77825313,-0.786049,27.64390686,93.81372781
NIC,2017,LM,57.18887583,-0.4977075,26.76135675,96.38058644
NIC,2018,LM,56.61665274,-0.7706904,22.38505991,93.98474049
NIC,2019,LM,56.0113131,-0.7436807,16.45718859,94.04221592
NIC,2020,LM,55.23885595,-0.7981834,17.95493077,88.63812312
NIC,2021,LM,54.36483885,-0.7550562,23.00136097,106.2073908
NIC,2022,LM,53.57752903,-0.9210621,21.39722497,115.4546787
NIC,2023,LM,52.86583694,-0.9367708,21.44485192,105.0030976
NIC,2024,LM,52.18955093,-1.0529768,22.97261164,98.52583771
NIC,2025,LM,52.18955093,-1.0529768,24.6119914,98.52583771
NIC,2026,LM,52.18955093,-1.0529768,24.6119914,98.52583771
NIU,2000,,,-0.6786824,,
NIU,2002,,,-0.6786824,,
NIU,2003,,,-0.6786824,,
NIU,2004,,,-0.6786824,,
NIU,2005,,,-0.6786824,,
NIU,2006,,,-0.6786824,,
NIU,2007,,,-0.6786824,,
NIU,2008,,,-0.6786824,,
NIU,2009,,,-0.6786824,,
NIU,2010,,,-0.623591,,
NIU,2011,,,-0.6264635,,
NIU,2012,,,-0.62574,,
NIU,2013,,,-0.624932,,
NIU,2014,,,-0.5922574,,
NIU,2015,,,-0.5982824,,
NIU,2016,,,-0.7024664142857143,,
NIU,2017,,,-0.8066504285714285,,
NIU,2018,,,-0.9108344428571429,,
NIU,2019,,,-1.015018457142857,,
NIU,2020,,,-1.1192024714285713,,
NIU,2021,,,-1.2233864857142858,,
NIU,2022,,,-1.3275705,,
NIU,2023,,,-1.3207847,,
NIU,2024,,,-1.3279634,,
NLD,2000,H,47.59972577,2.0986317,22.52786986,125.6670301
NLD,2001,H,47.72345845,2.0915926000000002,22.09213962,119.4754639
NLD,2002,H,47.77800787,2.0845535,21.01447402,112.7500244
NLD,2003,H,47.88372081,1.953188,20.5161769,111.3045032
NLD,2004,H,48.0486896,1.8519422,20.17897824,116.95816
NLD,2005,H,48.16872596,1.9473728,20.31233616,122.2558495
NLD,2006,H,48.21366283,1.75539,20.90956755,127.1956135
NLD,2007,H,48.25413523,1.7574727,23.1038497,129.7982417
NLD,2008,H,48.38349032,1.7685675,21.93109463,130.15205
NLD,2009,H,48.63787332,1.7769018,21.08246466,115.1096604
NLD,2010,H,48.93908406,1.7362289,19.44008137,130.0817079
NLD,2011,H,49.63220919,1.853741,19.93146477,141.7570993
NLD,2012,H,50.64603514,1.9206541,18.59040581,149.3932231
NLD,2013,H,51.42895917,1.8904217,18.19921961,150.6518502
NLD,2014,H,52.01496119,1.9168757,17.38981797,151.7158911
NLD,2015,H,52.42726222,1.9280339,21.80684378,160.3258126
NLD,2016,H,52.69726724,1.9619805,19.29419933,150.9655292
NLD,2017,H,52.98408925,2.0046983,19.75825086,159.6460597
NLD,2018,H,53.25957644,2.0295602,19.9510208,163.5591466
NLD,2019,H,53.51250129,2.0639557,20.90755598,160.6766719
NLD,2020,H,53.82237353,2.0397583,21.27395853,152.2332304
NLD,2021,H,54.19912524,1.8535742,20.68588413,163.1548427
NLD,2022,H,54.44559637,1.7650127,20.46869654,184.1074843
NLD,2023,H,54.62649086,1.7511282,20.3464704,165.0304295
NLD,2024,H,55.09099423,1.7519974,19.85764255,153.8306522
NLD,2025,H,55.09099423,1.7519974,19.79731368,153.8306522
NLD,2026,H,55.09099423,1.7519974,19.79731368,153.8306522
NOR,2000,H,54.24902241,1.9102227,19.95996713,74.31251872
NOR,2001,H,53.94260087,1.90433445,19.70371804,73.15830391
NOR,2002,H,53.56446147,1.8984462,19.66000199,67.51701409
NOR,2003,H,53.15501024,1.8614686,19.02318932,66.32075094
NOR,2004,H,52.7570832,1.8956582,20.04069733,68.67195377
NOR,2005,H,52.32209862,1.8964957,20.43541713,70.46945049
NOR,2006,H,51.79583234,1.938595,21.18753513,71.65992995
NOR,2007,H,51.26844217,1.9141752,23.97700547,71.94202631
NOR,2008,H,50.92175905,1.7167729,23.22529879,74.78527993
NOR,2009,H,50.89570699,1.7868741,23.66923266,67.46431546
NOR,2010,H,51.03827692,1.7800228,20.96990037,68.23951936
NOR,2011,H,51.22307465,1.8129314,21.847276,69.59873363
NOR,2012,H,51.44406157,1.9504302,22.72324015,68.49855284
NOR,2013,H,51.67160183,1.9341009,23.75597844,67.97279259
NOR,2014,H,51.88885679,1.9539907,24.16998043,69.13737722
NOR,2015,H,52.10445668,1.9270491,24.15802477,70.43185654
NOR,2016,H,52.41618596,1.9604222,25.78946486,69.1168424
NOR,2017,H,52.81872178,2.0636859,25.03433373,69.10878176
NOR,2018,H,53.19602768,1.9374028,24.44803059,70.00319579
NOR,2019,H,53.45068464,1.9446493,27.49020653,70.89582053
NOR,2020,H,53.70240368,1.9498703,28.38413037,65.35397904
NOR,2021,H,53.99426029,1.9916736,23.99523533,71.22271378
NOR,2022,H,54.12189437,1.8212872,19.40133462,82.60947984
NOR,2023,H,53.94233829,1.7870167,22.57890422,80.36384564
NOR,2024,H,53.7846036,1.843057,22.94889995,81.36350918
NOR,2025,H,53.7846036,1.843057,23.37878386,81.36350918
NOR,2026,H,53.7846036,1.843057,23.37878386,81.36350918
NPL,2000,L,81.04457,-0.7956793,19.32182309,55.710589
NPL,2001,L,80.40713979,-0.9215198,19.19511668,55.79992108
NPL,2002,L,79.58783467,-1.0473603,19.56477735,46.2307185
NPL,2003,L,78.6140023,-1.0566051,19.92418194,44.24788362
NPL,2004,L,77.52929883,-0.7174016,20.34116505,46.14728672
NPL,2005,L,76.3566959,-0.9213844,19.94173855,44.06294748
NPL,2006,L,75.09654213,-1.0330024,20.720886,44.76198776
NPL,2007,L,73.74127929,-0.946673,21.06778122,44.57927502
NPL,2008,L,72.21031476,-1.0164892,21.87755162,46.03620635
NPL,2009,L,70.51315905,-0.7872136,21.35434374,47.07944776
NPL,2010,L,68.72306733,-0.6925409,22.20772753,45.98490577
NPL,2011,L,67.11041033,-0.7963154,23.98239062,36.29675889
NPL,2012,L,65.88470378,-1.1094999,23.9904074,37.92190606
NPL,2013,L,64.88843912,-1.0517978,24.73023144,41.86537574
NPL,2014,L,63.87310734,-0.8952954,25.25208469,45.98264161
NPL,2015,L,62.67738482,-1.1633739,27.55380746,46.66573039
NPL,2016,L,61.6232359,-0.9818725,28.70522169,42.11548612
NPL,2017,L,60.89356768,-0.9277366,30.5754364,44.64241062
NPL,2018,L,60.17890037,-0.9143987,32.43288003,48.44738695
NPL,2019,LM,58.70018401,-1.1116758,33.81512568,49.24952659
NPL,2020,LM,56.65268307,-1.0263856,30.46922052,40.91887412
NPL,2021,LM,54.97098902,-0.9460782,29.33583946,43.05380479
NPL,2022,LM,54.1657821,-0.9545158,28.98007499,48.97340148
NPL,2023,LM,54.02201337,-0.844048,24.59036045,41.57015029
NPL,2024,LM,53.68685548,-0.8845295,24.51053512,40.52982268
NPL,2025,LM,53.68685548,-0.8845295,23.57217593,40.52982268
NPL,2026,LM,53.68685548,-0.8845295,23.57217593,40.52982268
NRU,2000,,68.12169312,-0.4804008,,164.2857143
NRU,2001,,66.88632619,-0.4804008,,164.2857143
NRU,2002,,65.74058853,-0.4804008,,164.2857143
NRU,2003,,64.40594868,-0.4804008,,164.2857143
NRU,2004,,62.87240933,-0.4804008,,164.2857143
NRU,2005,,61.41365462,-0.4804008,,164.2857143
NRU,2006,,60.18518519,-0.4804008,,164.2857143
NRU,2007,,59.27515498,-0.4804008,,164.2857143
NRU,2008,,58.88236228,-0.3414891,,164.2857143
NRU,2009,,59.24630307,-0.2880778,,145.0
NRU,2010,,60.38007027,-0.2779419,,100.0
NRU,2011,,62.21686747,-0.2839049,,130.3030303
NRU,2012,,63.89465283,-0.282403,,120.4081633
NRU,2013,,64.80727045,-0.2807257,,179.3478261
NRU,2014,,65.41422852,-0.212894,,197.2222222
NRU,2015,H,65.94455386,0.0078711,,200.0
NRU,2016,UM,66.15499255,-0.0446392,,170.1492537
NRU,2017,UM,65.96804925,-0.044334,,142.0689655
NRU,2018,UM,65.42231191,0.2848959,,140.6400592
NRU,2019,H,65.65627681,-0.0410247,,155.9066857
NRU,2020,H,66.9582676,-0.0456897,,134.9801075
NRU,2021,H,68.06372901,-0.0429213,,110.7962553
NRU,2022,H,68.80274639,-0.0433382,,167.3387619
NRU,2023,H,69.08728464,-0.0418711,,143.9555556
NRU,2024,H,68.433667,0.0100272,,165.8467742
NRU,2025,H,68.433667,0.0100272,,165.8467742
NRU,2026,H,68.433667,0.0100272,,165.8467742
NZL,2000,H,52.71729664,1.7800027,20.85047439,68.51692688
NZL,2001,H,52.48488807,1.9084645999999998,21.48673006,67.23382435
NZL,2002,H,51.96515558,2.0369265,21.9372545,62.65599456
NZL,2003,H,51.34933616,2.0022757,23.25711755,57.91476935
NZL,2004,H,50.8477366,1.798038,24.21793619,58.79955227
NZL,2005,H,50.5037483,1.9120353,24.74576063,58.01874344
NZL,2006,H,50.36864501,1.8456251,23.91339736,59.60326504
NZL,2007,H,50.44299796,1.8177905,23.91293867,58.42516057
NZL,2008,H,50.60470984,1.8174015,22.87703921,64.26114485
NZL,2009,H,50.83013364,1.9669744,20.36340112,55.01435019
NZL,2010,H,51.16239073,1.8083666,19.95280983,58.1047406
NZL,2011,H,51.63804718,1.9627757,20.07390837,59.17241056
NZL,2012,H,52.24257411,1.9728103,20.95235035,56.9087672
NZL,2013,H,52.7030093,1.9354282,21.44151728,55.98612411
NZL,2014,H,52.75434706,2.0335793,22.61497342,55.0986551
NZL,2015,H,52.5174781,1.9501288,22.99977687,54.85133173
NZL,2016,H,52.30755263,1.8226403,22.74463579,52.40624781
NZL,2017,H,52.25783494,1.7876311,23.11595125,54.14329704
NZL,2018,H,52.37108575,1.7035417,23.68667871,55.76648149
NZL,2019,H,52.59659518,1.6838138,23.67356025,54.45429718
NZL,2020,H,52.9981293,1.6915539,23.38022003,43.97724229
NZL,2021,H,53.6270313,1.6029686,24.73189919,48.54124777
NZL,2022,H,54.05147237,1.656508,25.54137394,53.47616277
NZL,2023,H,54.25744618,1.7271046,24.84759931,50.40643168
NZL,2024,H,54.59399167,1.8491848,23.3735425,51.22439722
NZL,2025,H,54.59399167,1.8491848,23.3735425,51.22439722
NZL,2026,H,54.59399167,1.8491848,23.3735425,51.22439722
OED,2000,,50.815519,,23.99496766,46.53406746
OED,2001,,50.66655783,,23.23617467,45.2983384
OED,2002,,50.51932955,,22.37254087,43.94401669
OED,2003,,50.35909189,,22.28341127,43.65864669
OED,2004,,50.22151642,,22.52021594,45.92054788
OED,2005,,50.11694242,,23.03961215,47.80205798
OED,2006,,50.04623228,,23.39277148,50.48250462
OED,2007,,50.01896442,,23.2997,51.57187905
OED,2008,,50.05643271,,22.91749268,53.73978931
OED,2009,,50.13195132,,21.05596672,46.81512215
OED,2010,,50.18238398,,20.68356943,51.37497989
OED,2011,,50.37961614,,21.06263202,55.14467916
OED,2012,,50.80786531,,21.3430751,55.5603613
OED,2013,,51.28780249,,21.24694869,55.23644223
OED,2014,,51.73798721,,21.51780081,55.35409177
OED,2015,,52.12879264,,21.76589091,54.32696668
OED,2016,,52.48848937,,21.87488615,53.25388606
OED,2017,,52.85136149,,22.12522003,55.15669827
OED,2018,,53.18458547,,22.31108703,56.50311044
OED,2019,,53.5203735,,22.56012552,55.86383085
OED,2020,,53.85832612,,22.61792561,51.41973346
OED,2021,,54.15384313,,22.47801598,55.71220028
OED,2022,,54.38849015,,22.56314671,63.14044217
OED,2023,,54.6272178,,22.6147458,58.48780773
OED,2024,,54.9293928,,22.23374135,57.23554877
OED,2025,,54.9293928,,22.23374135,57.23554877
OMN,2000,UM,64.25771578,-0.0055096,17.0526242,81.41328224
OMN,2001,UM,62.21007672,0.05005595,18.46078167,84.52700249
OMN,2002,UM,60.13028905,0.1056215,20.1461319,83.65374858
OMN,2003,UM,58.04103137,0.2957168,23.47188778,84.84663673
OMN,2004,UM,55.62313748,0.1866734,26.51190924,88.61130713
OMN,2005,UM,52.93091443,0.2931176,25.19776743,86.76130204
OMN,2006,UM,50.39182806,0.1659918,26.85464019,86.14570799
OMN,2007,H,48.17107585,0.1196741,32.07603048,94.86578898
OMN,2008,H,46.36874248,0.2438058,33.8954318,94.76190299
OMN,2009,H,45.03856302,0.2643655,37.29463796,91.62793533
OMN,2010,H,43.92026113,0.3192865,29.55022009,96.38655462
OMN,2011,H,39.10248672,0.0808802,28.55277906,101.6417319
OMN,2012,H,34.00906338,0.0510827,27.65295891,102.0747604
OMN,2013,H,32.49457344,-0.0148917,29.9441302,112.5435218
OMN,2014,H,32.8126488,0.138753,29.82734241,102.2787211
OMN,2015,H,33.02053908,0.0805474,34.01135992,96.37758019
OMN,2016,H,32.76990456,0.1613756,39.29899263,82.8642642
OMN,2017,H,33.032246,0.1108223,33.32164661,88.95314802
OMN,2018,H,34.16663019,0.1114018,30.49141655,89.27921783
OMN,2019,H,36.232582,0.2040481,28.95325966,86.47820103
OMN,2020,H,39.20442426,0.1018136,31.5744573,91.8758908
OMN,2021,H,41.49617195,0.102771,26.85757684,95.94948773
OMN,2022,H,40.60427821,0.4468675,22.94357741,105.7450093
OMN,2023,H,38.67358872,0.4719959,24.27801652,106.446731
OMN,2024,H,37.66316023,0.5675096,25.53608637,114.8526715
OMN,2025,H,37.66316023,0.5675096,25.53608637,114.8526715
OMN,2026,H,37.66316023,0.5675096,25.53608637,114.8526715
OSS,2000,,64.63036823,,22.77060126,118.2550406
OSS,2001,,63.68795359,,22.77613989,117.0404062
OSS,2002,,62.8461543,,24.29838674,113.3118136
OSS,2003,,62.02390889,,23.3431548,106.9160222
OSS,2004,,61.13980923,,23.73865686,108.7082603
OSS,2005,,60.323743,,25.04238489,111.0441054
OSS,2006,,59.6077025,,27.74115718,115.8054441
OSS,2007,,58.84878703,,28.11751863,115.2168733
OSS,2008,,58.05250358,,26.82794513,118.5315678
OSS,2009,,57.35092393,,22.9450057,109.3645045
OSS,2010,,56.76614175,,21.93435989,119.1266865
OSS,2011,,56.28066993,,22.85064749,128.3602682
OSS,2012,,55.91614188,,23.8675069,131.0738373
OSS,2013,,55.65502284,,23.56715247,134.0326007
OSS,2014,,55.41269095,,20.88264769,132.5820847
OSS,2015,,55.13683687,,22.45675276,132.4375834
OSS,2016,,54.86265773,,23.45400574,129.9015024
OSS,2017,,54.5089415,,23.95535116,132.3473785
OSS,2018,,54.05458338,,24.89099873,134.5605624
OSS,2019,,53.62126867,,24.43281183,136.6594288
OSS,2020,,53.25090491,,25.16333915,132.4790643
OSS,2021,,52.87682026,,24.16232015,148.2600142
OSS,2022,,52.49200719,,23.74871248,164.5739058
OSS,2023,,52.21044599,,23.75691188,152.4065603
OSS,2024,,51.95452073,,23.30700057,147.9918265
OSS,2025,,51.95452073,,23.08520616,147.9918265
PAK,2000,L,87.82656636,-0.5434034,14.60067792,21.45996389
PAK,2001,L,86.57736222,-0.57505105,14.28690874,23.57720743
PAK,2002,L,85.54495289,-0.6066987,13.25241043,23.12901595
PAK,2003,L,84.44008644,-0.793561,13.60486559,24.65015852
PAK,2004,L,83.00376288,-0.6574624,13.94077071,24.80833485
PAK,2005,L,81.49892194,-0.6434104,14.55644379,29.87849406
PAK,2006,L,80.10002498,-0.5367579,16.57221416,33.04971937
PAK,2007,L,78.61639017,-0.5280229,15.82593622,30.78788143
PAK,2008,LM,77.30591468,-0.7930155,16.28642261,34.34896081
PAK,2009,LM,76.32437086,-0.7786638,15.86773743,33.32688729
PAK,2010,LM,75.53642343,-0.7771494,14.25155243,31.98900205
PAK,2011,LM,75.01003804,-0.8257262,12.92162752,32.36263828
PAK,2012,LM,74.73984359,-0.6500645,13.45898694,31.31897328
PAK,2013,LM,74.62024865,-0.6600164,13.27238045,30.89027434
PAK,2014,LM,74.42561724,-0.6822115,13.19755421,29.46982569
PAK,2015,LM,74.16181092,-0.6105847,14.10093055,26.68818602
PAK,2016,LM,73.91387839,-0.5304516,14.23114502,24.70157805
PAK,2017,LM,73.5768238,-0.4213336,14.62289108,25.472035
PAK,2018,LM,73.1024168,-0.5073376,15.35829084,27.62605708
PAK,2019,LM,72.63145849,-0.4968027,13.78964497,28.90557699
PAK,2020,LM,72.06516828,-0.6149668,13.10553999,26.71628073
PAK,2021,LM,71.34395013,-0.5170351,12.82469215,27.03042041
PAK,2022,LM,70.71097945,-0.682084,13.85054259,33.03135348
PAK,2023,LM,70.16738625,-0.6585378,12.25814704,28.46769255
PAK,2024,LM,69.39264314,-0.6003273,11.48925328,27.57846835
PAK,2025,LM,69.39264314,-0.6003273,12.57280818,27.57846835
PAK,2026,LM,69.39264314,-0.6003273,12.57280818,27.57846835
PAN,2000,UM,59.54519823,-0.0550961,22.39849473,139.1979343
PAN,2001,UM,58.85447098,-0.1271628,16.40462312,135.5843507
PAN,2002,UM,58.22356063,-0.1992295,14.82842864,126.0244827
PAN,2003,UM,57.65524297,-0.2413468,18.80519847,117.2674789
PAN,2004,UM,57.14557773,-0.1354879,18.39187213,124.7617568
PAN,2005,UM,56.66729245,-0.1164168,19.33267948,139.2111648
PAN,2006,UM,56.22832781,-0.041967,21.54709651,141.4725712
PAN,2007,UM,55.84908415,0.0608038,27.35891521,148.665601
PAN,2008,UM,55.52062666,0.0294371,30.93662621,164.5862864
PAN,2009,UM,55.23446428,0.0974308,28.48947503,137.0460214
PAN,2010,UM,54.97877044,0.1224424,29.14851553,145.4487186
PAN,2011,UM,54.76450567,0.1252675,30.570153,158.2083956
PAN,2012,UM,54.58356978,0.2315672,34.85617391,153.2086203
PAN,2013,UM,54.40752168,0.2144279,38.714327,133.071569
PAN,2014,UM,54.24994739,0.22621,40.20424665,114.970605
PAN,2015,UM,54.10489392,0.3209871,39.2359688,96.57915739
PAN,2016,UM,53.94937241,0.3973659,38.31598792,84.39597185
PAN,2017,H,53.78892228,0.343385,39.3362735,84.04753721
PAN,2018,H,53.62428083,0.3258151,38.67455681,86.13096153
PAN,2019,H,53.40209084,0.4971964,37.046579,80.42865057
PAN,2020,UM,53.10020587,0.2314559,23.66522069,68.70042348
PAN,2021,H,52.79291304,0.2101815,27.43426631,80.13346361
PAN,2022,H,52.52350876,0.0399223,29.60655886,93.47526882
PAN,2023,H,52.28326293,0.0311824,31.91888579,88.34891053
PAN,2024,H,52.08668945,0.2451472,31.39633147,83.67377878
PAN,2025,H,52.08668945,0.2451472,31.39633147,83.67377878
PAN,2026,H,52.08668945,0.2451472,31.39633147,83.67377878
PER,2000,LM,64.00290735,-0.485028,19.67007044,35.53803216
PER,2001,LM,62.98403924,-0.56595985,17.96665699,35.06440143
PER,2002,LM,62.05886405,-0.6468917,16.73093191,35.24918133
PER,2003,LM,61.23609773,-0.8784706,16.92106667,37.62461033
PER,2004,LM,60.51957338,-0.7658359,16.78855814,41.93607827
PER,2005,LM,59.92184646,-0.7258651,17.062082,47.35731748
PER,2006,LM,59.42132817,-0.6681768,17.78613778,51.78505603
PER,2007,LM,58.99087795,-0.649256,19.98542352,55.68811328
PER,2008,UM,58.48618122,-0.6119587,23.42658037,58.43376739
PER,2009,UM,57.91505407,-0.400989,22.1386316,48.11192962
PER,2010,UM,57.40651106,-0.1977807,23.51337863,51.67280894
PER,2011,UM,56.97325554,-0.1629382,23.3485326,55.98828028
PER,2012,UM,56.60783055,-0.1098429,25.04452592,52.61989526
PER,2013,UM,56.26907283,-0.1051566,25.30079697,49.78714245
PER,2014,UM,55.92605264,-0.1988026,24.54051551,46.85312109
PER,2015,UM,55.52499618,-0.2487592,23.08856814,45.16276869
PER,2016,UM,55.03152264,-0.1706909,21.44694504,45.3888412
PER,2017,UM,54.43427985,-0.0734623,20.60759692,47.51355036
PER,2018,UM,53.57029596,-0.1608169,20.92325188,48.63147017
PER,2019,UM,52.70588643,0.0476235,20.97156896,46.94350538
PER,2020,UM,52.02596794,-0.1062995,19.94147021,44.2459672
PER,2021,UM,51.27323457,-0.0563454,23.08267536,55.42724937
PER,2022,UM,50.54756096,-0.0885376,23.27122166,57.29697596
PER,2023,UM,50.03915044,-0.1970541,21.10960407,50.78518421
PER,2024,UM,49.69730107,-0.2004128,20.59844559,51.47588787
PER,2025,UM,49.69730107,-0.2004128,20.51533428,51.47588787
PER,2026,UM,49.69730107,-0.2004128,20.51533428,51.47588787
PHL,2000,LM,72.93687661,-0.3125616,19.36918058,85.15336846
PHL,2001,LM,71.84302009,-0.3519386,18.31175848,84.90038862
PHL,2002,LM,70.8905082,-0.3913156,18.34386421,83.84480409
PHL,2003,LM,69.88427428,-0.4188308,18.62827792,87.57464436
PHL,2004,LM,68.86017019,-0.2602502,18.54460068,87.12528482
PHL,2005,LM,67.85577975,-0.1470565,18.1815182,83.84567457
PHL,2006,LM,67.01349617,-0.0535938,18.71891305,80.85053867
PHL,2007,LM,66.20811327,0.0343449,18.87398642,73.64497999
PHL,2008,LM,65.45789599,-0.0220572,19.08391685,67.68107077
PHL,2009,LM,64.73220633,-0.0291995,18.61541784,60.88659079
PHL,2010,LM,63.79436777,-0.0031122,20.40213617,66.10427851
PHL,2011,LM,62.9060289,0.0797874,18.96663866,60.7958367
PHL,2012,LM,62.0255492,0.2234508,19.93006495,57.84200551
PHL,2013,LM,61.18352463,0.2427988,20.7830144,55.82478123
PHL,2014,LM,60.45793862,0.4543872,20.86217334,57.46817209
PHL,2015,LM,59.52119855,0.408021,22.23164338,59.14159211
PHL,2016,LM,58.40312413,0.2499539,24.99662392,61.77606577
PHL,2017,LM,57.3664779,0.1764345,25.64292819,68.16836974
PHL,2018,LM,56.49511422,0.2184254,27.283299,72.1633983
PHL,2019,LM,55.74582653,0.1818096,27.15512521,68.84184226
PHL,2020,LM,54.81786577,0.1815124,21.30226206,58.1695603
PHL,2021,LM,53.59656857,0.1562797,22.27927959,63.48460981
PHL,2022,LM,52.37474069,0.0357929,23.34596677,72.42968361
PHL,2023,LM,51.21665819,0.1018162,23.63450558,67.41996932
PHL,2024,LM,50.06002729,0.1445214,23.55786393,65.88547253
PHL,2025,UM,50.06002729,0.1445214,22.73647864,65.88547253
PHL,2026,UM,50.06002729,0.1445214,22.73647864,65.88547253
PLW,2000,UM,41.51416765,-0.4651042,43.37950718,118.6842127
PLW,2001,UM,41.32768568,-0.4651042,43.37950718,118.6842127
PLW,2002,UM,41.65153606,-0.4651042,43.37950718,118.6842127
PLW,2003,UM,42.02731017,-0.4651042,43.37950718,118.6842127
PLW,2004,UM,42.29305765,-0.4651042,43.37950718,118.6842127
PLW,2005,UM,41.82767998,-0.4651042,43.37950718,118.6842127
PLW,2006,UM,40.54228535,-0.4651042,39.06216955,126.2658377
PLW,2007,UM,39.33160098,-0.4651042,35.36979663,114.7865317
PLW,2008,UM,38.43856966,-0.4651042,32.33627635,126.2831146
PLW,2009,UM,37.7180714,-0.411693,26.10804737,111.7376762
PLW,2010,UM,37.18120805,-0.5251718,25.38190302,120.6586863
PLW,2011,UM,36.93100053,-0.2839049,29.7453042,135.5999295
PLW,2012,UM,36.85386334,-0.282403,27.96048769,143.6411923
PLW,2013,UM,37.24529476,-0.2807257,24.16884333,142.1946342
PLW,2014,UM,38.08558734,-0.212894,32.27123304,145.7020658
PLW,2015,UM,38.62235744,-0.3196826,30.27948652,126.4954843
PLW,2016,H,38.85464617,-0.3187426,29.59893415,118.0202744
PLW,2017,H,39.16712243,-0.3184374,32.45269103,121.741751
PLW,2018,H,39.54563259,0.0107921,28.7680937,117.8660196
PLW,2019,H,39.9512502,0.0124256,34.64132447,115.4619723
PLW,2020,H,40.373994,-0.0189646,43.03393254,103.3521889
PLW,2021,UM,40.82521581,-0.0161962,36.88656795,81.14784534
PLW,2022,UM,41.23588357,-0.0433382,42.36963112,105.2009352
PLW,2023,H,41.62339219,-0.0418711,35.37571518,106.6975903
PLW,2024,H,42.01444623,0.0100272,35.83804464,106.6975903
PLW,2025,H,42.01444623,0.0100272,35.83804464,106.6975903
PLW,2026,H,42.01444623,0.0100272,35.83804464,106.6975903
PNG,2000,LM,73.89315163,-0.5434034,20.41638489,115.421838
PNG,2001,L,73.32784463,-0.6308865,21.1598107,117.5803671
PNG,2002,L,72.70737921,-0.7183696,19.4233881,118.9191103
PNG,2003,L,72.03717511,-0.7233853,18.15193656,123.449069
PNG,2004,L,71.30868395,-0.5305369,18.1336668,131.082911
PNG,2005,L,70.5944059,-0.9362249,18.1336668,131.082911
PNG,2006,L,69.93197402,-0.735262,18.1336668,131.082911
PNG,2007,L,69.27163819,-0.7193402,18.1336668,131.082911
PNG,2008,LM,68.59092947,-0.649118,18.1336668,131.082911
PNG,2009,LM,67.90260231,-0.6690648,18.1336668,131.082911
PNG,2010,LM,67.23238736,-0.6857865,18.1336668,131.082911
PNG,2011,LM,66.59403891,-0.6833058,18.1336668,131.082911
PNG,2012,LM,65.96032711,-0.6577442,18.1336668,131.082911
PNG,2013,LM,65.32089409,-0.6662105,18.1336668,131.082911
PNG,2014,LM,64.67709368,-0.7337737,18.1336668,131.082911
PNG,2015,LM,64.03958678,-0.7346421,18.1336668,131.082911
PNG,2016,LM,63.40394884,-0.8173469,18.1336668,131.082911
PNG,2017,LM,62.74736899,-0.7120555,18.1336668,131.082911
PNG,2018,LM,62.08357286,-0.6966528,18.1336668,131.082911
PNG,2019,LM,61.42775977,-0.7267308,18.1336668,131.082911
PNG,2020,LM,60.7966355,-0.8860451,18.1336668,131.082911
PNG,2021,LM,60.20045026,-0.9081302,18.1336668,131.082911
PNG,2022,LM,59.64787298,-1.0845367,18.1336668,131.082911
PNG,2023,LM,59.11541281,-1.0841072,18.1336668,131.082911
PNG,2024,LM,58.5895021,-0.9004467,18.1336668,131.082911
PNG,2025,LM,58.5895021,-0.9004467,18.1336668,131.082911
PNG,2026,LM,58.5895021,-0.9004467,18.1336668,131.082911
POL,2000,UM,46.38352212,0.4025763,23.81274204,60.61072094
POL,2001,UM,45.35587779,0.34813934999999996,20.56576744,57.87853127
POL,2002,UM,44.483613,0.2937024,18.543252,60.79679906
POL,2003,UM,43.66092466,0.4637907,18.2509197,69.21344798
POL,2004,UM,42.92863189,0.2850646,18.5995675,70.98157657
POL,2005,UM,42.28298733,0.4613517,19.11510501,70.31147909
POL,2006,UM,41.67015692,0.3072557,20.68736462,77.70080354
POL,2007,UM,41.11824199,0.2285767,22.69271836,80.74539906
POL,2008,UM,40.70894194,0.4094615,23.21873748,80.57468156
POL,2009,H,40.24614351,0.4671032,21.6390287,74.96859653
POL,2010,H,40.14272584,0.5474147,19.610377,82.22585232
POL,2011,H,40.60388675,0.5785731,20.39809839,86.92368928
POL,2012,H,41.1812977,0.600245,19.42373579,88.82990331
POL,2013,H,41.91879944,0.654327,18.80101455,90.41750724
POL,2014,H,42.80603569,0.9088197,19.98479697,92.03401971
POL,2015,H,43.83625216,0.8717909,20.24106359,92.25542727
POL,2016,H,45.02804168,0.7500075,18.34701709,96.86590281
POL,2017,H,46.3552257,0.6233831,17.47404394,100.5658952
POL,2018,H,47.76125344,0.6921258,18.75574773,102.4424622
POL,2019,H,49.21084894,0.6631417,19.14561769,101.5810338
POL,2020,H,50.52270641,0.6765763,18.39749224,99.25909123
POL,2021,H,51.50903475,0.5887761,16.92793361,110.874283
POL,2022,H,52.30661795,0.515427,16.43617073,123.0213329
POL,2023,H,53.04017108,0.6341038,17.90128698,110.024935
POL,2024,H,53.72597351,0.6734027,17.04071678,100.3594428
POL,2025,H,53.72597351,0.6734027,17.02864143,100.3594428
POL,2026,H,53.72597351,0.6734027,17.02864143,100.3594428
PRE,2000,,93.86890665,,,
PRE,2001,,93.66046828,,,
PRE,2002,,93.50954529,,,
PRE,2003,,93.3600404,,,
PRE,2004,,93.18412988,,,
PRE,2005,,93.03003166,,,
PRE,2006,,92.93610909,,,
PRE,2007,,92.83858718,,,
PRE,2008,,92.63573163,,,
PRE,2009,,92.37751538,,,
PRE,2010,,92.10511849,,,
PRE,2011,,91.77384161,,,
PRE,2012,,91.43283267,,,
PRE,2013,,91.05818858,,,
PRE,2014,,90.63770099,,,
PRE,2015,,90.14008337,,,
PRE,2016,,89.47360955,,,
PRE,2017,,88.69057289,,,
PRE,2018,,87.85344235,,,
PRE,2019,,86.97533523,,,
PRE,2020,,86.01440101,,,
PRE,2021,,84.99793731,,,
PRE,2022,,83.96482676,,,
PRE,2023,,82.88399168,,,
PRE,2024,,81.80488055,,,
PRE,2025,,81.80488055,,,
PRI,2000,UM,54.43698636,1.2695506,19.20937153,106.1695121
PRI,2001,UM,54.47952408,1.2696762000000001,16.88241601,109.8856497
PRI,2002,H,54.5935115,1.2698018,15.8546357,106.3294868
PRI,2003,H,54.72231141,1.2569496,15.18449124,118.8401575
PRI,2004,H,54.831153,0.8116982,14.89144492,117.0008638
PRI,2005,H,54.93201637,1.2500659,14.18293618,113.7447947
PRI,2006,H,55.06100013,0.5305817,13.55854956,117.728478
PRI,2007,H,55.2275607,0.4813105,13.04052862,117.5957791
PRI,2008,H,55.39683386,0.4957266,11.71975869,116.2779944
PRI,2009,H,55.55770891,0.2143315,10.06270646,105.2621968
PRI,2010,H,55.25351226,0.2054335,9.065239024,104.1532283
PRI,2011,H,54.3995415,0.2062903,9.571437255,108.5584001
PRI,2012,H,53.59090364,0.2495152,10.19654447,103.3111866
PRI,2013,H,53.06221199,0.2097549,9.441386042,104.8922401
PRI,2014,H,52.83017983,0.3603437,8.815685953,102.3854565
PRI,2015,H,52.85648686,0.3197528,8.516814913,108.8806342
PRI,2016,H,53.09537582,0.3202012,7.959136143,110.2740455
PRI,2017,H,54.35788847,-0.4882361,7.981110826,113.131649
PRI,2018,H,55.49694009,-0.3311988,15.47206217,106.0012025
PRI,2019,H,55.5573506,-0.2281626,15.31061655,107.5714568
PRI,2020,H,55.84096727,-0.3930492,10.38146666,103.5098113
PRI,2021,H,56.32808712,-0.3916752,12.49687578,96.74536253
PRI,2022,H,56.69850301,-0.5483655,13.48612176,98.25646918
PRI,2023,H,56.85931978,-0.3079002,13.80846726,101.657551
PRI,2024,H,57.10266201,-0.2552121,13.74773072,94.62250856
PRI,2025,H,57.10266201,-0.2552121,13.89387851,94.62250856
PRI,2026,H,57.10266201,-0.2552121,13.89387851,94.62250856
PRK,2000,L,46.98985179,-2.3693144,,
PRK,2001,L,47.09472369,-2.41226575,,
PRK,2002,L,47.16047387,-2.4552171,,
PRK,2003,L,47.27033344,-2.4619061,,
PRK,2004,L,47.38069169,-1.8807454,,
PRK,2005,L,47.32586193,-1.9145085,,
PRK,2006,L,47.14128889,-1.9155395,,
PRK,2007,L,46.88530341,-1.9139804,,
PRK,2008,L,46.59011859,-1.935294,,
PRK,2009,L,46.2442425,-1.743627,,
PRK,2010,L,45.86356973,-1.4430083,,
PRK,2011,L,45.51833121,-1.4501116,,
PRK,2012,L,45.21533855,-1.8048348,,
PRK,2013,L,44.91670056,-1.8047014,,
PRK,2014,L,44.61839966,-1.4604904,,
PRK,2015,L,44.4304104,-1.4614848,,
PRK,2016,L,44.01232826,-1.4611391,,
PRK,2017,L,43.37107867,-1.4610269,,
PRK,2018,L,42.9880557,-1.481926,,
PRK,2019,L,42.9458247,-1.2531349,,
PRK,2020,L,43.19932701,-1.2548503,,
PRK,2021,L,43.55422003,-1.4820228,,
PRK,2022,L,44.12725994,-1.3350416,,
PRK,2023,L,44.94689107,-1.2707438,,
PRK,2024,L,45.65999413,-1.2713102,,
PRK,2025,L,45.65999413,-1.2713102,,
PRK,2026,L,45.65999413,-1.2713102,,
PRT,2000,H,48.18711626,0.8553001,28.00305059,67.45299799
PRT,2001,H,48.37933842,0.97551905,27.38158979,65.09195518
PRT,2002,H,48.700367,1.095738,25.85710467,62.30825942
PRT,2003,H,49.0173223,0.873877,23.7604429,61.13894749
PRT,2004,H,49.3734964,0.6863332,23.42406739,63.20459367
PRT,2005,H,49.68035565,0.7312815,23.12657563,62.94450456
PRT,2006,H,49.84858188,0.830174,22.53285356,68.54705312
PRT,2007,H,49.9501563,0.8094818,22.50962243,69.94611758
PRT,2008,H,50.133494,0.8929799,22.85223589,72.07574292
PRT,2009,H,50.45682682,1.0070756,21.20159526,61.49269353
PRT,2010,H,50.84059353,0.7342202,20.64803932,67.68924019
PRT,2011,H,51.31816266,0.8580472,18.48411326,73.00757567
PRT,2012,H,51.84756387,0.9121335,15.8781657,75.94110672
PRT,2013,H,52.45202204,0.9144388,14.83091768,78.03050569
PRT,2014,H,53.06845185,0.93359,15.11074796,80.22066907
PRT,2015,H,53.54617462,1.1121757,15.65407321,80.63467563
PRT,2016,H,54.10641668,1.0935326,15.72672723,79.52234648
PRT,2017,H,54.77870596,1.2300446,17.08565936,84.80779231
PRT,2018,H,55.40009568,1.0601732,17.8287896,86.73569549
PRT,2019,H,56.05976909,1.0136875,18.43282547,86.77098891
PRT,2020,H,56.7408063,1.0987347,19.49629937,76.50864072
PRT,2021,H,57.32262048,1.1677599,20.50297804,85.87354521
PRT,2022,H,57.95349406,1.0219923,20.57324131,101.3641465
PRT,2023,H,58.74315546,0.9658494,20.48595202,93.13585371
PRT,2024,H,59.57125603,0.9474847,20.4281162,89.69640885
PRT,2025,H,59.57125603,0.9474847,20.69506255,89.69640885
PRT,2026,H,59.57125603,0.9474847,20.69506255,89.69640885
PRY,2000,LM,75.37099272,-1.2376909,15.43961905,78.64472976
PRY,2001,LM,73.85183239,-1.3037534000000002,15.61863281,72.60569901
PRY,2002,LM,72.41544518,-1.3698159,15.19591919,79.44156565
PRY,2003,LM,70.79612505,-1.3719231,17.74617348,81.12736377
PRY,2004,LM,68.99513575,-1.1021491,18.30352661,80.10444662
PRY,2005,LM,67.2726815,-0.9710489,19.14679741,85.02196365
PRY,2006,LM,65.63625931,-0.8984078,19.27550655,84.7335313
PRY,2007,LM,64.08584645,-0.8949391,17.88365847,79.00113742
PRY,2008,LM,62.65783484,-0.8423313,18.9270604,80.77757466
PRY,2009,LM,61.34664072,-0.7789347,18.53228185,70.84198186
PRY,2010,LM,60.08545003,-0.7673432,21.29161343,81.25752337
PRY,2011,LM,58.8837421,-0.7523261,20.94778016,78.49212385
PRY,2012,LM,57.80759862,-0.7641432,19.53601451,74.76495746
PRY,2013,LM,56.88585082,-0.7612361,19.05704731,73.36987138
PRY,2014,UM,56.13521164,-0.738454,19.77746253,69.08372496
PRY,2015,UM,55.55977346,-0.7854223,19.39979321,66.91506553
PRY,2016,UM,55.15097556,-0.6786705,19.07961837,67.75931523
PRY,2017,UM,54.88997433,-0.6426736,19.19224002,71.0801344
PRY,2018,UM,54.73685224,-0.4995478,19.94882278,72.06922363
PRY,2019,UM,54.63127829,-0.4663941,18.70926957,71.22216173
PRY,2020,UM,54.52201921,-0.6074736,19.88243164,62.76021747
PRY,2021,UM,54.34356482,-0.5769998,22.94256798,69.74227302
PRY,2022,UM,54.21947161,-0.4957842,22.17877361,73.73790502
PRY,2023,UM,54.20266587,-0.337846,20.63131396,82.40521077
PRY,2024,UM,54.14395379,-0.3545101,20.83624079,76.83115654
PRY,2025,UM,54.14395379,-0.3545101,21.73870895,76.83115654
PRY,2026,UM,54.14395379,-0.3545101,21.73870895,76.83115654
PSE,2000,LM,98.92658825,-1.3119868,30.64261869,87.63909496
PSE,2001,LM,97.685307,-1.3118612,29.05312586,82.72597847
PSE,2002,LM,96.26753988,-1.3117356,25.38106755,76.25288261
PSE,2003,LM,94.61806369,-1.3245877,27.94606855,76.39868952
PSE,2004,LM,92.78827769,-0.4663709,24.1489431,81.12359062
PSE,2005,LM,90.80921016,-0.9673051,23.86015569,83.83635406
PSE,2006,LM,88.72733458,-0.8674602,20.95245218,82.63747359
PSE,2007,LM,86.60779797,-0.7853423,19.9580446,91.99924343
PSE,2008,LM,84.54175874,-0.84706,17.96755308,79.47991902
PSE,2009,LM,82.68093544,-0.389052,18.1938484,75.15119285
PSE,2010,LM,81.15100155,-0.1372251,18.84935186,68.49765016
PSE,2011,LM,79.90729853,-0.4514793,21.07705098,67.2495329
PSE,2012,LM,78.86578363,-0.4729661,20.47115101,66.92932735
PSE,2013,LM,77.93729892,-0.4666828,21.72468647,66.27131812
PSE,2014,LM,77.10793727,-0.2718704,21.16128294,67.73983717
PSE,2015,LM,76.45985356,-0.2500245,23.6509118,70.78096819
PSE,2016,LM,75.92427875,-0.3087974,23.97730666,65.42251418
PSE,2017,LM,75.6896464,-0.1394848,26.00074405,68.44866071
PSE,2018,LM,75.67735808,-0.4655951,26.81886881,71.40127545
PSE,2019,LM,75.52321045,-0.4472111,25.23710859,68.99349228
PSE,2020,LM,75.0766806,-0.4497852,22.71869789,67.28819125
PSE,2021,LM,74.38882863,-0.6289954,23.87486885,73.08354962
PSE,2022,UM,73.58927216,-0.7155811,25.01995774,82.39492839
PSE,2023,LM,72.92871518,-1.0419917,23.58720908,79.53316637
PSE,2024,LM,72.07214915,-1.0985907,22.07168678,81.31368016
PSE,2025,LM,72.07214915,-1.0985907,23.95978354,81.31368016
PSE,2026,LM,72.07214915,-1.0985907,23.95978354,81.31368016
PSS,2000,,73.03462323,,18.34456838,
PSS,2001,,72.07036075,,19.14627473,
PSS,2002,,71.13848031,,21.86994406,
PSS,2003,,70.22933379,,25.9463054,
PSS,2004,,69.43069207,,27.60468367,
PSS,2005,,68.71058933,,21.3493607,
PSS,2006,,68.06385044,,21.0968514,
PSS,2007,,67.47940609,,19.15130986,
PSS,2008,,66.99623979,,24.09117389,
PSS,2009,,66.63759279,,21.21782495,
PSS,2010,,66.36975271,,19.89880548,
PSS,2011,,66.16201792,,21.60736723,
PSS,2012,,65.9436618,,20.37855274,
PSS,2013,,65.75348433,,21.5725638,
PSS,2014,,65.63907558,,20.5679451,
PSS,2015,,65.52974288,,22.2526994,
PSS,2016,,65.43519884,,22.0385964,
PSS,2017,,65.37555255,,22.07081494,
PSS,2018,,65.27769044,,20.62232624,
PSS,2019,,65.13446278,,20.73354222,
PSS,2020,,64.89198201,,20.37327763,
PSS,2021,,64.56312311,,21.63731562,
PSS,2022,,64.22428456,,22.31542395,
PSS,2023,,63.81218612,,22.06548463,
PSS,2024,,63.29403931,,22.51739856,
PSS,2025,,63.29403931,,22.51739856,
PST,2000,,48.31206606,,24.15126257,49.14005522
PST,2001,,48.28524511,,23.43851146,47.64219821
PST,2002,,48.27021233,,22.50729641,46.31290931
PST,2003,,48.25075033,,22.36021647,46.31283638
PST,2004,,48.25582817,,22.52915798,48.87519324
PST,2005,,48.29888498,,23.0171007,51.00772192
PST,2006,,48.38571639,,23.32551775,53.74566713
PST,2007,,48.53143723,,23.19733472,54.70244729
PST,2008,,48.74085283,,22.82357456,57.27985244
PST,2009,,49.00659801,,20.99373446,49.48191563
PST,2010,,49.2268147,,20.59037798,54.45703511
PST,2011,,49.59269548,,20.88078714,58.3851697
PST,2012,,50.25333662,,21.18003175,58.73167769
PST,2013,,50.97850561,,21.10403535,58.42953402
PST,2014,,51.68050544,,21.37741236,58.29651368
PST,2015,,52.32643713,,21.54633487,56.65999976
PST,2016,,52.9101146,,21.59859508,55.05635887
PST,2017,,53.49105024,,21.90502016,57.0436446
PST,2018,,54.01680329,,22.11741118,58.31394737
PST,2019,,54.49867197,,22.24507336,57.36402249
PST,2020,,54.96483381,,22.4070328,52.75994429
PST,2021,,55.39380858,,22.38586331,57.34976142
PST,2022,,55.76999672,,22.38170411,64.47007991
PST,2023,,56.14592803,,22.37537144,60.29754744
PST,2024,,56.57494874,,22.05830186,59.3011266
PST,2025,,56.57494874,,22.05830186,59.3011266
PYF,2000,H,56.97220263,,24.02388793,27.94473112
PYF,2001,H,55.46822753,,24.02388793,34.130932824
PYF,2002,H,54.00656365,,24.02388793,40.317134528
PYF,2003,H,52.7841361,,24.02388793,46.503336232
PYF,2004,H,51.77838862,,24.02388793,52.689537936
PYF,2005,H,50.84020669,,24.02388793,58.87573964
PYF,2006,H,49.95470989,,21.86584277,56.61325748
PYF,2007,H,49.13798894,,22.07951229,57.45546809
PYF,2008,H,48.39457024,,23.61924466,58.03964777
PYF,2009,H,47.78633908,,21.25013535,51.67507771
PYF,2010,H,47.33781297,,21.39111516,54.04388211
PYF,2011,H,47.01878544,,18.21810586,56.23198542
PYF,2012,H,46.79094369,,18.52256716,57.88068198
PYF,2013,H,46.54895581,,19.27537221,56.06196756
PYF,2014,H,46.25508001,,18.75121019,56.23245789
PYF,2015,H,45.90454887,,19.9241636,55.63046864
PYF,2016,H,45.5128272,,18.60473357,53.61649494
PYF,2017,H,45.19276128,,19.13728609,54.5776905
PYF,2018,H,44.69345965,,27.04675014,65.01466285
PYF,2019,H,44.10903438,,25.30549549,63.3061124
PYF,2020,H,43.91252133,,21.28556574,45.83318344
PYF,2021,H,43.90542466,,22.00836682,52.97881839
PYF,2022,H,43.85736275,,22.5067434,69.52640232
PYF,2023,H,43.79952223,,22.65042451,71.67220377
PYF,2024,H,43.73068253,,21.90536538,64.46886657
PYF,2025,H,43.73068253,,21.90536538,64.46886657
PYF,2026,H,43.73068253,,21.90536538,64.46886657
QAT,2000,H,32.83678303,0.2321815,,89.61265972
QAT,2001,H,31.89202335,0.2544945,,94.96867168
QAT,2002,H,31.12597556,0.2768075,,88.46972363
QAT,2003,H,30.46491623,0.2719548,,90.16494869
QAT,2004,H,30.47964851,0.2416782,,90.37242884
QAT,2005,H,31.03399008,0.2088576,,94.74554417
QAT,2006,H,27.08422327,0.3929576,,98.57091931
QAT,2007,H,21.12245685,0.6423548,,96.11410571
QAT,2008,H,18.43548803,0.7154209,,89.43284165
QAT,2009,H,17.55246707,1.0264191,,80.14416297
QAT,2010,H,17.30275745,0.964407,,87.11119704
QAT,2011,H,17.77624586,1.0080412,,98.7216351
QAT,2012,H,18.37825913,0.9747888,,105.7462864
QAT,2013,H,18.6697215,1.1397085,,102.3831544
QAT,2014,H,18.29248314,0.9830148,,99.0343139
QAT,2015,H,17.64649505,1.0340695,,93.70767394
QAT,2016,H,17.35505985,1.0292498,,89.54762314
QAT,2017,H,17.45307197,0.9701164,,91.49455748
QAT,2018,H,17.78445642,0.8061951,,91.83834327
QAT,2019,H,18.66305699,0.9423676,,90.04629341
QAT,2020,H,19.968511,0.9642748,,90.01898573
QAT,2021,H,20.26000138,1.1277682,,92.77908976
QAT,2022,H,19.96035529,1.189094,,100.2136408
QAT,2023,H,20.09512544,1.1464253,,100.2136408
QAT,2024,H,20.11516307,1.1342702,,100.2136408
QAT,2025,H,20.11516307,1.1342702,,100.2136408
QAT,2026,H,20.11516307,1.1342702,,100.2136408
REU,2000,,,0.7699764,,
REU,2002,,,0.7699764,,
REU,2003,,,0.7699764,,
REU,2004,,,0.7699764,,
REU,2005,,,0.217451,,
REU,2006,,,0.2145048,,
REU,2007,,,0.2189602,,
REU,2008,,,0.2224354,,
REU,2009,,,0.2345697,,
REU,2010,,,0.2368725,,
REU,2011,,,0.2355177,,
REU,2012,,,0.2358589,,
REU,2013,,,0.23624,,
REU,2014,,,1.1121628,,
REU,2015,,,1.1093212,,
REU,2016,,,1.110309,,
REU,2017,,,1.1106297,,
REU,2018,,,1.1123907,,
REU,2019,,,1.1141072,,
REU,2020,,,1.109205,,
REU,2021,,,1.1121142,,
REU,2022,,,1.1116761,,
REU,2023,,,0.7690129,,
REU,2024,,,0.767382,,
ROU,2000,LM,47.30287,-0.6395683,19.11983095,48.52132539
ROU,2001,LM,46.81374861,-0.5573205999999999,21.03970138,51.92859102
ROU,2002,LM,46.20235438,-0.4750729,21.46370135,53.71024781
ROU,2003,LM,45.59908217,-0.5893426,22.74012389,56.17952705
ROU,2004,LM,45.0713375,-0.3220772,22.29530386,60.62647867
ROU,2005,UM,44.72350139,-0.515835,23.36294921,59.36054945
ROU,2006,UM,44.69249901,-0.4530336,26.61614774,61.68362593
ROU,2007,UM,44.86597337,-0.4804629,35.34257587,63.50515667
ROU,2008,UM,45.17080399,-0.5057909,37.28706778,65.175201
ROU,2009,UM,45.65584864,-0.4998865,26.004088,58.47005837
ROU,2010,UM,46.1712167,-0.2261464,25.67126317,69.95493549
ROU,2011,UM,46.68498937,-0.1785126,26.7682444,76.27135644
ROU,2012,UM,47.08592119,-0.190389,27.00834349,76.59432399
ROU,2013,UM,47.39623024,-0.0458649,24.40513019,81.39761317
ROU,2014,UM,48.04602318,-0.0498234,24.612658,83.37514296
ROU,2015,UM,48.95726018,-0.0115775,24.92218776,83.5205767
ROU,2016,UM,49.89067228,-0.1192185,23.03786677,85.89252829
ROU,2017,UM,50.91286702,-0.1200618,22.87768755,87.15606457
ROU,2018,UM,51.9746077,-0.102107,21.21097211,87.09117011
ROU,2019,H,53.01833196,-0.1453557,23.25904508,84.90636306
ROU,2020,UM,54.11942312,-0.2499801,23.46163078,78.36164636
ROU,2021,H,54.85863181,-0.0777119,24.50300392,87.07119655
ROU,2022,H,55.11361032,0.199031,25.12396019,93.94965094
ROU,2023,H,55.3509301,0.1319311,26.54794023,83.37533241
ROU,2024,H,55.51317055,0.4181246,25.29166233,77.21498379
ROU,2025,H,55.51317055,0.4181246,25.60902448,77.21498379
ROU,2026,H,55.51317055,0.4181246,25.60902448,77.21498379
RUS,2000,LM,43.56528233,-1.0286026,16.86366886,68.09390704
RUS,2001,LM,42.36684052,-0.9055850999999999,18.88840427,61.11085866
RUS,2002,LM,41.5231777,-0.7825676,17.90591385,59.64544573
RUS,2003,LM,41.11189116,-0.7944965,18.41502839,59.12826901
RUS,2004,UM,40.93314605,-0.6794491,18.38529929,56.5818524
RUS,2005,UM,40.75830022,-0.8523204,17.7553986,56.71324849
RUS,2006,UM,40.54292878,-0.8221012,18.50340951,54.73340187
RUS,2007,UM,40.20342769,-0.7227308,20.99525445,51.70612275
RUS,2008,UM,39.6340465,-0.7626089,22.29046107,53.38246604
RUS,2009,UM,39.06013827,-0.8040229,21.9951347,48.43506103
RUS,2010,UM,38.64252114,-0.8080704,21.62538431,50.35550549
RUS,2011,UM,38.83243151,-0.8085636,21.32165552,48.03539941
RUS,2012,H,39.71220766,-0.8315588,21.5611849,47.15139039
RUS,2013,H,40.78404179,-0.7385077,21.94018828,46.2871494
RUS,2014,H,42.12362581,-0.1991364,21.41718335,47.80134126
RUS,2015,UM,43.65604004,-0.3224347,20.6115488,49.35934931
RUS,2016,UM,45.08652193,-0.3261886,21.88128167,46.51811984
RUS,2017,UM,46.41090817,-0.2168885,21.98213912,46.87652434
RUS,2018,UM,47.52907347,-0.1630089,20.65448572,51.58090037
RUS,2019,UM,48.5943755,0.0414379,20.90234042,49.22875366
RUS,2020,UM,49.56780052,-0.0432286,21.55991978,45.9669082
RUS,2021,UM,50.27172331,-0.1170517,19.31528923,50.58619546
RUS,2022,UM,50.97725203,-0.2086802,20.11943922,42.78278643
RUS,2023,H,51.79026945,-0.208478,22.1046335,40.83432641
RUS,2024,H,52.56884042,-0.3215539,22.43366788,39.50816477
RUS,2025,H,52.56884042,-0.3215539,23.0895938,39.50816477
RUS,2026,H,52.56884042,-0.3215539,23.0895938,39.50816477
RWA,2000,L,94.45366796,-1.3119868,33.72432616,27.48486383
RWA,2001,L,90.52385073,-1.3653670999999998,35.45169182,29.19890944
RWA,2002,L,87.75738418,-1.4187474,34.49478861,27.60943812
RWA,2003,L,85.98807207,-1.4279922,35.40762726,29.31062424
RWA,2004,L,84.80001861,-0.7008306,41.15713182,33.4616731
RWA,2005,L,84.07305896,-0.7309658,42.52819503,34.21653834
RWA,2006,L,83.70180054,-0.3694329,14.89137945,33.22143707
RWA,2007,L,83.5241261,-0.3725434,16.47211906,35.9709732
RWA,2008,L,83.33333645,-0.2446266,20.85547639,37.60451085
RWA,2009,L,82.94290827,-0.2354249,20.50681751,36.80562801
RWA,2010,L,82.31726841,-0.1329288,20.1174793,37.27887909
RWA,2011,L,81.57303159,-0.1196507,20.74104222,39.71610248
RWA,2012,L,80.83603115,-0.0899578,22.94256029,40.540863
RWA,2013,L,80.15807888,-0.0092551,23.99601164,42.69349243
RWA,2014,L,79.53575626,-0.0403257,22.92631861,43.90273369
RWA,2015,L,78.92238195,-0.0496198,24.25707647,45.20197562
RWA,2016,L,78.2448735,0.1202434,27.45331285,49.48490711
RWA,2017,L,77.48195335,0.316719,22.95079447,53.67526742
RWA,2018,L,76.58392851,0.2772379,18.66222625,55.78412637
RWA,2019,L,75.49984979,0.2289518,21.52573966,57.97566286
RWA,2020,L,74.31404186,0.2606136,20.00452841,55.18795155
RWA,2021,L,73.14797504,0.2102834,32.21112293,54.29383185
RWA,2022,L,72.05251226,0.3684478,31.59816097,61.1450795
RWA,2023,L,71.09580257,0.4086662,34.01909851,64.90690414
RWA,2024,L,70.31964845,0.3489076,32.93811899,69.95441357
RWA,2025,L,70.31964845,0.3489076,32.19230184,69.95441357
RWA,2026,L,70.31964845,0.3489076,32.19230184,69.95441357
SAS,2000,,66.84731978,,26.21748353,29.45213456
SAS,2001,,65.91569191,,29.50483373,28.62268944
SAS,2002,,65.04282728,,28.09650722,31.20588564
SAS,2003,,64.18003525,,28.1670116,32.00007797
SAS,2004,,63.26887651,,30.42693854,38.16079502
SAS,2005,,62.33429812,,32.38668872,42.49714644
SAS,2006,,61.37357606,,33.23546184,45.99442145
SAS,2007,,60.40103617,,35.3902127,46.0171112
SAS,2008,,59.45855906,,34.2426659,52.80163595
SAS,2009,,58.52327554,,33.53591509,45.92410172
SAS,2010,,57.57420669,,32.82790704,48.31886967
SAS,2011,,56.62957906,,33.84093897,54.78191229
SAS,2012,,55.69729808,,33.03622378,55.00284048
SAS,2013,,54.76406257,,30.97701967,53.12818401
SAS,2014,,53.84736086,,29.9051713,48.7343659
SAS,2015,,52.9766228,,28.74961552,42.33204919
SAS,2016,,52.13736904,,28.5033122,39.79380345
SAS,2017,,51.3486657,,28.61213441,40.3089859
SAS,2018,,50.66505362,,29.82345008,43.15410397
SAS,2019,,50.05822877,,28.95131235,39.81644185
SAS,2020,,49.4468705,,27.8023874,36.98845377
SAS,2021,,48.81326338,,29.66852029,44.01454141
SAS,2022,,48.26571525,,32.15296537,48.84215027
SAS,2023,,47.81977182,,31.45470376,43.97198968
SAS,2024,,47.37882569,,31.20194361,43.2964087
SAS,2025,,47.37882569,,31.03638587,43.2964087
SAU,2000,UM,68.11301987,-0.3057124,17.35293331,68.1664488
SAU,2001,UM,66.43980359,-0.42820045,18.26098164,63.56058368
SAU,2002,UM,64.05347926,-0.5506885,18.01153832,64.59279741
SAU,2003,UM,61.18994438,-0.5549181,18.29999296,69.83117071
SAU,2004,H,58.08393667,-0.5261233,19.15647291,75.08283666
SAU,2005,H,54.94563723,-0.4659579,19.31236599,81.95407594
SAU,2006,H,51.94488358,-0.1934412,20.45213182,89.94460468
SAU,2007,H,49.20421862,-0.1403004,23.65156621,94.8633171
SAU,2008,H,46.78025893,-0.0728211,22.80373151,96.10263087
SAU,2009,H,44.68256784,-0.0481148,25.75648632,84.85834156
SAU,2010,H,42.90056145,0.0891481,24.43080446,82.54968502
SAU,2011,H,41.40894939,0.0088158,22.41382688,84.35943424
SAU,2012,H,40.17033284,-0.0069962,22.07777055,81.74067855
SAU,2013,H,39.14072856,-0.0761056,23.39900727,80.25150143
SAU,2014,H,38.28159193,0.075289,24.85134615,78.00011112
SAU,2015,H,37.54541868,0.0852229,29.21708385,67.10526923
SAU,2016,H,37.22910957,0.2818788,25.77474139,57.92166351
SAU,2017,H,37.82853645,0.1769432,24.19061008,59.53197916
SAU,2018,H,38.97228202,0.2655112,21.46800023,59.10291047
SAU,2019,H,39.27822047,0.261925,22.46321855,56.79382049
SAU,2020,H,38.91497587,0.1079226,24.44120581,47.53315923
SAU,2021,H,38.55220775,0.3884752,23.5241232,50.88392634
SAU,2022,H,37.64060205,0.5143289,24.29112723,56.82416477
SAU,2023,H,36.83062614,0.725856,27.88316414,54.16901183
SAU,2024,H,36.55498414,0.7833016,30.62971345,54.67870527
SAU,2025,H,36.55498414,0.7833016,30.11367149,54.67870527
SAU,2026,H,36.55498414,0.7833016,30.11367149,54.67870527
SDN,2000,L,95.15176333,-1.1141214,24.88803086,29.40423446
SDN,2001,L,94.58923985,-1.2279428499999998,20.53100776,20.29334562
SDN,2002,L,94.05897379,-1.3417643,21.56635179,25.62556172
SDN,2003,L,93.67001793,-1.5482743,22.07481444,26.44022807
SDN,2004,L,93.26286516,-1.2874759,23.61173192,30.43233762
SDN,2005,L,92.73829246,-1.4477557,21.2067763,35.8715914
SDN,2006,L,92.14842459,-1.1696408,22.88917699,36.20259362
SDN,2007,LM,91.44614282,-1.1761874,21.30612613,34.40333616
SDN,2008,LM,90.62227859,-1.3101006,20.66890797,36.74109783
SDN,2009,LM,89.76343024,-1.2261288,22.3259083,32.78087833
SDN,2010,LM,89.39246743,-1.3183855,20.39853923,32.72830995
SDN,2011,LM,89.42484687,-1.3212982,23.26243402,27.51233902
SDN,2012,LM,89.18433217,-1.3159644,19.72413162,21.85617452
SDN,2013,LM,88.6212642,-1.3113659,17.1950467,26.8585245
SDN,2014,LM,87.47358536,-1.3093428,15.04153415,20.845109
SDN,2015,LM,85.98776381,-1.29343,12.80813353,18.37827285
SDN,2016,LM,84.63986518,-1.2725849,9.305915263,15.28166989
SDN,2017,LM,82.90964536,-1.2418267,10.76863444,17.83138983
SDN,2018,LM,81.33425774,-1.4919119,9.989350238,21.86791873
SDN,2019,L,80.49850493,-1.4191967,14.30500784,26.11962046
SDN,2020,L,79.93332782,-1.4293287,5.786535233,9.955145076
SDN,2021,L,79.316293,-1.4426029,3.465809203,4.127548638
SDN,2022,L,78.68924507,-1.5360265,2.178264293,2.698834436
SDN,2023,L,78.12958069,-1.7726125,2.172798462,2.473728783
SDN,2024,L,77.85070218,-1.7939362,2.886740005,1.995412102
SDN,2025,L,77.85070218,-1.7939362,0.734291873,1.995412102
SDN,2026,L,77.85070218,-1.7939362,0.734291873,1.995412102
SEN,2000,L,89.30440997,-0.5762275,19.22532556,48.68008972
SEN,2001,L,88.61707041,-0.558245,18.95422172,49.72057806
SEN,2002,L,87.81042551,-0.5402625,20.43210366,53.14429946
SEN,2003,L,87.14428376,-0.7534935,17.41022765,50.82121989
SEN,2004,L,86.77781177,-0.6247635,17.49768951,53.65920313
SEN,2005,L,86.44836999,-0.5398674,18.29401751,54.90324357
SEN,2006,L,86.17299604,-0.5239389,21.21406104,54.13623781
SEN,2007,L,85.9870663,-0.4434196,21.0584702,59.27130435
SEN,2008,L,85.89798025,-0.268235,22.58270964,62.76176982
SEN,2009,LM,85.91604882,-0.341083,19.89218173,52.30729088
SEN,2010,LM,86.0160132,-0.2855436,18.51659371,52.4578552
SEN,2011,LM,86.11195127,-0.250523,21.01603684,57.5768786
SEN,2012,LM,86.19269542,-0.23996,20.70243272,61.975304
SEN,2013,LM,86.08064623,-0.1805346,22.16891755,60.62676636
SEN,2014,LM,85.58240222,-0.1242113,23.47965057,58.44252898
SEN,2015,L,84.8018051,-0.1627129,23.01733334,58.11033767
SEN,2016,L,83.8342155,-0.184756,23.92812412,54.10816921
SEN,2017,L,82.66347493,-0.029733,25.83131267,57.70527985
SEN,2018,LM,81.2850927,-0.0860241,28.32181083,61.78983948
SEN,2019,LM,79.75922286,0.1244277,29.65635622,64.23625061
SEN,2020,LM,78.12145584,0.0852361,30.45317726,60.04687161
SEN,2021,LM,76.38359142,0.1309278,33.96870177,69.37599399
SEN,2022,LM,74.59227094,0.1203621,34.75490537,79.59982165
SEN,2023,LM,73.07022808,0.1516215,35.34631328,71.39302491
SEN,2024,LM,71.82156284,0.2344127,31.13605012,68.14051477
SEN,2025,LM,71.82156284,0.2344127,28.71843431,68.14051477
SEN,2026,LM,71.82156284,0.2344127,28.71843431,68.14051477
SGP,2000,H,33.40537028,2.3451859,32.32634436,364.3645205
SGP,2001,H,33.1856644,2.20634995,30.88704023,349.2921057
SGP,2002,H,33.14136648,2.067514,26.75142322,349.746014
SGP,2003,H,33.04025519,2.0823753,24.76629443,377.2185643
SGP,2004,H,32.66478728,2.1566811,24.28142342,401.5237125
SGP,2005,H,32.06628079,2.1744068,23.18799566,420.4305129
SGP,2006,H,31.16953829,2.1986117,23.08671115,425.3633995
SGP,2007,H,29.87289515,2.2797329,24.37568207,394.2884719
SGP,2008,H,28.63033328,2.2929989,27.97891959,437.3267149
SGP,2009,H,27.87340475,2.1610477,28.83745965,358.1928118
SGP,2010,H,27.34103356,2.1773529,25.56972122,369.6855558
SGP,2011,H,26.94964787,2.1271599,25.26491464,379.0986314
SGP,2012,H,26.87346869,2.2446934,26.4299883,369.2129658
SGP,2013,H,27.01923111,2.1745281,27.54821559,367.04178
SGP,2014,H,27.31243163,2.1621771,28.12820922,360.4673192
SGP,2015,H,27.6825612,2.1874773,27.2222709,329.4713989
SGP,2016,H,28.15440009,2.2456127,25.87702948,302.839656
SGP,2017,H,28.84746865,2.2158807,25.11564968,316.7944093
SGP,2018,H,29.55554999,2.2170172,22.35180562,326.5965873
SGP,2019,H,30.18820507,2.2442216,22.79947889,324.3949851
SGP,2020,H,31.16384295,2.2154522,20.99945935,332.0408055
SGP,2021,H,32.32249265,2.2180671,22.07822822,329.1613837
SGP,2022,H,32.79540851,2.2013027,20.3389644,332.3495678
SGP,2023,H,33.12537724,2.2622865,21.87302411,325.6932241
SGP,2024,H,33.94480024,2.2796267,21.03745603,322.3714279
SGP,2025,H,33.94480024,2.2796267,22.08454102,322.3714279
SGP,2026,H,33.94480024,2.2796267,22.08454102,322.3714279
SLB,2000,L,86.14643423,-1.0657837,7.629120287,58.55232809
SLB,2001,L,84.98191883,-1.0657837,7.911612026,45.11006857
SLB,2002,L,83.90520085,-1.0657837,5.988484743,45.12751003
SLB,2003,L,82.95328775,-1.0657837,9.035301123,55.95860913
SLB,2004,L,82.16085513,-1.0657837,9.919334227,62.81189767
SLB,2005,L,81.54145638,-0.7548241,12.60245425,66.57107656
SLB,2006,L,81.09594592,-0.8277022,11.64553581,69.78939914
SLB,2007,L,80.80062465,-0.9444347,13.10135779,83.74761387
SLB,2008,LM,80.62217773,-0.9518203,13.3782751,87.3526158
SLB,2009,L,80.47970852,-0.8732555,12.79120148,71.88495302
SLB,2010,LM,80.12125964,-0.9125086,17.94388277,96.14855454
SLB,2011,LM,79.53459226,-0.8613809,15.01936172,107.2475156
SLB,2012,LM,78.90134019,-0.8057801,16.00462852,104.8234346
SLB,2013,LM,78.24678827,-0.8641254,15.59892875,99.60746056
SLB,2014,LM,77.58369556,-0.8833666,13.92314563,93.45340701
SLB,2015,LM,76.90890277,-0.8850286,15.97327161,88.18848591
SLB,2016,LM,76.20961735,-0.8844509,15.89711221,85.54984578
SLB,2017,LM,75.45907244,-1.0855854,18.13355089,82.1974922
SLB,2018,LM,74.61886058,-1.1009813,17.31361694,88.49496147
SLB,2019,LM,73.78210024,-0.9726212,20.43371723,82.9985659
SLB,2020,LM,72.79548804,-0.976087,18.80996106,60.22043656
SLB,2021,LM,71.66039384,-1.1196101,24.2876722,67.42005678
SLB,2022,LM,70.56561417,-0.9101515,21.99167656,74.83554053
SLB,2023,LM,69.46149642,-0.9093907,21.47150017,101.1345318
SLB,2024,LM,68.37612635,-0.8686192,19.46064227,111.3529721
SLB,2025,LM,68.37612635,-0.8686192,19.46064227,111.3529721
SLB,2026,LM,68.37612635,-0.8686192,19.46064227,111.3529721
SLE,2000,L,90.04389782,-2.0321191,1.096810372,57.5299629
SLE,2001,L,90.06960865,-2.05346375,10.34798359,35.93815861
SLE,2002,L,90.04523071,-2.0748084,10.9785928,38.9169112
SLE,2003,L,89.93904195,-2.0814973,10.87812498,46.44643637
SLE,2004,L,89.71079977,-1.389721,9.992711974,46.17199918
SLE,2005,L,89.37216159,-1.3399958,10.99193628,47.54798399
SLE,2006,L,88.97710152,-1.1966279,10.34806552,22.08886647
SLE,2007,L,88.52525458,-1.140469,9.958864936,21.80679927
SLE,2008,L,88.01531624,-1.1735954,10.17429524,21.25661556
SLE,2009,L,87.46507655,-1.1859345,11.0063444,23.0753396
SLE,2010,L,86.8705891,-1.1431255,34.23296978,27.95412592
SLE,2011,L,86.17918029,-1.1333977,46.33157096,43.78079693
SLE,2012,L,85.3632167,-1.1025719,29.20174272,53.38134471
SLE,2013,L,84.34718956,-1.1086375,17.46268101,53.36276461
SLE,2014,L,83.10942119,-1.0481377,15.76382629,51.11877728
SLE,2015,L,81.77700772,-1.1514848,17.82841635,36.48239582
SLE,2016,L,80.42937482,-1.0441405,17.42494729,43.0672127
SLE,2017,L,79.07173305,-1.0168171,18.89791923,41.52137823
SLE,2018,L,77.72985237,-0.9745858,15.38624236,37.37746041
SLE,2019,L,76.48061769,-1.043917,17.39699128,37.56195303
SLE,2020,L,75.29125828,-0.9569812,15.51457154,30.61310095
SLE,2021,L,74.08519046,-1.0121827,16.28005173,42.14351613
SLE,2022,L,72.86567938,-0.9583479,18.6697194,45.05421274
SLE,2023,L,71.63961275,-0.9544905,19.80166117,55.28679694
SLE,2024,L,70.44900635,-0.9671017,19.55092479,40.54544505
SLE,2025,L,70.44900635,-0.9671017,23.19727922,40.54544505
SLE,2026,L,70.44900635,-0.9671017,23.19727922,40.54544505
SLV,2000,LM,71.70872159,-0.962052,17.68298078,68.7100889
SLV,2001,LM,71.36700856,-0.9254257,17.19343312,65.89073854
SLV,2002,LM,71.00218829,-0.8887994,17.54815624,65.91909078
SLV,2003,LM,70.57063231,-0.8359755,17.69384079,68.23698248
SLV,2004,LM,70.11862491,-0.4755758,16.68586341,69.78226418
SLV,2005,LM,69.67109577,-0.5234141,16.29282896,69.71581168
SLV,2006,LM,69.24409531,-0.4228257,16.88830361,73.45556751
SLV,2007,LM,68.27952804,-0.4204939,18.52296207,77.62105603
SLV,2008,LM,66.66957843,-0.4518894,18.66742944,80.66597394
SLV,2009,LM,64.93682757,-0.3350992,15.14860564,66.07119117
SLV,2010,LM,63.19231188,-0.2079515,14.75309954,73.53728767
SLV,2011,LM,61.49822144,-0.2858874,16.28754601,79.2766437
SLV,2012,LM,59.86140062,-0.2629505,16.59620829,77.64857162
SLV,2013,LM,58.28464859,-0.2285247,17.53425044,80.45119449
SLV,2014,LM,56.82380543,-0.1173206,15.44477232,78.10442575
SLV,2015,LM,55.540933,-0.3051905,15.69217655,76.56027074
SLV,2016,LM,54.42487155,-0.3247185,15.490279,72.81909337
SLV,2017,LM,53.49280427,-0.3512048,16.02878236,74.30465119
SLV,2018,LM,52.77220147,-0.3651057,17.16942375,75.63361689
SLV,2019,LM,52.20977845,-0.3446971,17.75970067,76.0420131
SLV,2020,LM,51.61406342,-0.1427333,17.45550674,66.45950695
SLV,2021,LM,50.96228538,-0.2484854,21.04503852,81.84507598
SLV,2022,UM,50.32777205,-0.387094,21.64758766,88.70110938
SLV,2023,UM,49.72460658,-0.0947816,22.41711189,81.71477234
SLV,2024,UM,49.15297433,-0.1831795,22.83609994,84.65964616
SLV,2025,UM,49.15297433,-0.1831795,27.17957966,84.65964616
SLV,2026,UM,49.15297433,-0.1831795,27.17957966,84.65964616
SMR,2000,H,43.7791727,1.4535264,17.30079837,321.3640134
SMR,2001,H,44.20890447,1.4535264,17.30079837,321.3640134
SMR,2002,H,44.65901915,1.4535264,17.30079837,321.3640134
SMR,2003,H,45.1592722,1.4535264,17.30079837,321.3640134
SMR,2004,H,45.58888944,1.4535264,17.30079837,321.3640134
SMR,2005,H,45.97583052,1.4535264,17.30079837,321.3640134
SMR,2006,H,46.40345346,1.4535264,17.30079837,321.3640134
SMR,2007,H,46.86838266,1.4535264,17.30079837,321.3640134
SMR,2008,H,47.36107233,1.4535264,17.30079837,321.3640134
SMR,2009,H,47.78974657,1.4535264,17.30079837,321.3640134
SMR,2010,H,48.22240043,1.4535264,17.30079837,321.3640134
SMR,2011,H,48.54956965,1.4535264,17.30079837,321.3640134
SMR,2012,H,48.92320014,1.4535264,17.30079837,321.3640134
SMR,2013,H,49.45944723,1.4535264,17.30079837,321.3640134
SMR,2014,H,49.91965474,1.4535264,17.30079837,321.3640134
SMR,2015,H,50.17346846,1.4535264,17.30079837,321.3640134
SMR,2016,H,50.17921147,1.4545142,19.02425271,320.1460891
SMR,2017,H,50.0332668,1.454835,20.35547734,313.8503238
SMR,2018,H,49.99131039,1.456596,20.34105087,309.4879564
SMR,2019,H,49.99134574,1.4583124,23.47727924,307.2647781
SMR,2020,H,50.03236246,1.4534103,18.96172808,304.9031676
SMR,2021,H,50.61782683,1.4563194,17.51698289,342.470174
SMR,2022,H,51.66464483,1.1591046,17.79374677,370.4360718
SMR,2023,H,52.38973897,0.8988601,16.88288289,340.983395
SMR,2024,H,53.06333904,0.8976214,16.88288289,340.983395
SMR,2025,H,53.06333904,0.8976214,16.88288289,340.983395
SMR,2026,H,53.06333904,0.8976214,16.88288289,340.983395
SOM,2000,L,99.83294337,-2.0321191,15.73603308,88.57364608
SOM,2001,L,100.1874453,-1.97495335,15.73603308,88.57364608
SOM,2002,L,100.5828626,-1.9177876,15.73603308,88.57364608
SOM,2003,L,101.052399,-2.1931913,15.73603308,88.57364608
SOM,2004,L,101.7368484,-1.9237324,15.73603308,88.57364608
SOM,2005,L,102.8892225,-2.0274329,15.73603308,88.57364608
SOM,2006,L,104.4497025,-2.0283787,15.73603308,88.57364608
SOM,2007,L,105.5967301,-2.0269485,15.73603308,88.57364608
SOM,2008,L,105.6817703,-2.0206663,15.73603308,88.57364608
SOM,2009,L,105.2101503,-1.9129536,15.73603308,88.57364608
SOM,2010,L,104.5737201,-2.0844758,15.73603308,88.57364608
SOM,2011,L,102.7880828,-2.091057,15.73603308,88.57364608
SOM,2012,L,101.0425977,-2.0650563,15.73603308,88.57364608
SOM,2013,L,100.5503075,-2.0903583,14.36956002,83.34099913
SOM,2014,L,100.2653241,-2.2056492,13.41040635,81.70104146
SOM,2015,L,100.0558715,-2.050969,13.14808121,76.47933224
SOM,2016,L,99.88391784,-1.9766562,12.8456369,74.36156255
SOM,2017,L,99.50445643,-2.0010028,13.82510705,68.67564909
SOM,2018,L,99.00663377,-2.0330208,16.10567763,73.82192303
SOM,2019,L,98.63276328,-2.0111906,16.08133087,70.29805915
SOM,2020,L,98.2939485,-1.9389024,16.00602689,75.69541029
SOM,2021,L,97.97094871,-1.9635446,17.97954234,79.09944111
SOM,2022,L,97.48507372,-1.9456879,23.64990689,90.75762031
SOM,2023,L,97.01824305,-1.8653529,23.60832269,103.1210075
SOM,2024,L,96.79157434,-1.9500523,26.74855854,130.3250606
SOM,2025,L,96.79157434,-1.9500523,28.11422679,130.3250606
SOM,2026,L,96.79157434,-1.9500523,28.11422679,130.3250606
SRB,2000,,48.07990589,-0.8473973,11.60995469,21.10904388
SRB,2001,,48.15181259,-0.6554416000000001,11.82963397,53.89507862
SRB,2002,,48.21920304,-0.4634859,14.66438313,54.30288289
SRB,2003,,48.28373159,-0.615935,16.60343928,58.29467202
SRB,2004,,48.27862921,-0.282202,19.39122008,72.28761625
SRB,2005,,48.19633427,-0.4140273,19.2542673,71.99254885
SRB,2006,UM,48.01908143,-0.3385077,21.18366435,75.52923536
SRB,2007,UM,47.75094276,-0.3493065,23.60012476,72.71658758
SRB,2008,UM,47.40204227,-0.3257368,23.4709629,75.74324629
SRB,2009,UM,47.0426889,-0.2327865,18.59809569,63.50172262
SRB,2010,UM,46.70716381,-0.2327326,17.54509377,73.70886159
SRB,2011,UM,46.53255458,-0.2899811,17.32490429,75.74936131
SRB,2012,UM,46.84530761,-0.2926172,19.9488493,82.07668143
SRB,2013,UM,47.61529882,-0.2470451,16.37355823,84.33225638
SRB,2014,UM,48.60990802,0.1058443,15.87140915,88.38150233
SRB,2015,UM,49.7570563,-0.0428976,16.8018814,93.52814777
SRB,2016,UM,50.87213497,0.0587501,16.99327253,97.69069404
SRB,2017,UM,51.98432198,0.1137013,17.77711528,102.7404452
SRB,2018,UM,53.26653141,0.1424118,19.9497038,105.563713
SRB,2019,UM,54.60179087,0.0665414,22.2768602,107.5773095
SRB,2020,UM,55.84060682,0.0476746,21.44965025,100.3244608
SRB,2021,UM,56.7307893,0.0628473,23.05128905,112.3422983
SRB,2022,UM,57.31255833,0.1788279,23.91106316,131.9132923
SRB,2023,UM,57.94954578,0.1035439,23.37256165,114.4920646
SRB,2024,UM,58.72277165,0.1019486,23.79542,111.7250284
SRB,2025,UM,58.72277165,0.1019486,22.83926307,111.7250284
SRB,2026,UM,58.72277165,0.1019486,22.83926307,111.7250284
SSA,2000,,90.61440307,,21.81842063,61.55106186
SSA,2001,,90.19144631,,21.59920029,61.55106186
SSA,2002,,89.84206614,,20.06036793,61.55106186
SSA,2003,,89.54484644,,21.14553945,61.55106186
SSA,2004,,89.29557621,,21.49643796,61.55106186
SSA,2005,,89.12305197,,21.67984236,61.55106186
SSA,2006,,89.02563743,,21.17233911,60.51535841
SSA,2007,,88.95232931,,23.01251625,65.47421889
SSA,2008,,88.8209045,,24.39634022,71.03016944
SSA,2009,,88.65718893,,25.84774957,61.94820231
SSA,2010,,88.48273248,,23.18912672,63.1923561
SSA,2011,,88.24755331,,23.51172018,65.88718813
SSA,2012,,88.0132741,,23.40482925,64.79888371
SSA,2013,,87.75339788,,23.62073583,63.28002525
SSA,2014,,87.4434249,,23.87442271,61.64916634
SSA,2015,,87.0438648,,23.74424663,58.09769045
SSA,2016,,86.53862082,,24.20481771,56.07504005
SSA,2017,,85.90892212,,24.04610665,55.29677969
SSA,2018,,85.14860656,,23.38052948,57.90109027
SSA,2019,,84.34350737,,20.57186644,57.04961361
SSA,2020,,83.4547784,,19.43282927,52.53055018
SSA,2021,,82.51470947,,20.17848845,57.22316092
SSA,2022,,81.58044991,,20.31069047,60.77455063
SSA,2023,,80.61489058,,21.69528942,59.18499138
SSA,2024,,79.64415012,,23.63328238,57.96327004
SSA,2025,,79.64415012,,22.9764277,57.96327004
SSD,2000,,91.99497245,-1.5763107,13.76998753,97.26629732
SSD,2001,,92.17343888,-1.5763107,13.76998753,97.26629732
SSD,2002,,92.96811355,-1.5763107,13.76998753,97.26629732
SSD,2003,,93.74234678,-1.5763107,13.76998753,97.26629732
SSD,2004,,93.24059905,-1.5763107,13.76998753,97.26629732
SSD,2005,,91.68443734,-1.5763107,13.76998753,97.26629732
SSD,2006,,89.90684084,-1.5763107,13.76998753,97.26629732
SSD,2007,,88.03262781,-1.5763107,13.76998753,97.26629732
SSD,2008,,86.29437292,-1.5763107,13.76998753,97.26629732
SSD,2009,,84.90577134,-1.5763107,13.65213098,94.83576409
SSD,2010,,82.87886422,-1.5763107,10.28965508,90.94344837
SSD,2011,LM,80.89041528,-1.5763107,9.488777068,93.22685975
SSD,2012,L,80.09484069,-1.4942658,7.074252837,71.61981139
SSD,2013,LM,79.94496069,-1.6555038,11.36777383,50.81124659
SSD,2014,L,81.89330679,-1.8301131,7.99450883,64.63451781
SSD,2015,L,83.8812631,-1.981766,5.750756372,65.55134918
SSD,2016,L,86.09535416,-2.0530042,5.750756372,65.55134918
SSD,2017,L,90.7313831,-2.1382221,5.750756372,65.55134918
SSD,2018,L,90.37132181,-2.0765061,5.750756372,65.55134918
SSD,2019,L,85.82985045,-2.094822,5.750756372,65.55134918
SSD,2020,L,82.21452345,-2.1630866,5.750756372,65.55134918
SSD,2021,L,79.84369204,-2.2425859,5.750756372,65.55134918
SSD,2022,L,77.5880127,-2.2168775,5.750756372,65.55134918
SSD,2023,L,74.71500002,-2.2060236,5.750756372,65.55134918
SSD,2024,L,72.14413087,-2.1728459,5.750756372,65.55134918
SSD,2025,L,72.14413087,-2.1728459,5.750756372,65.55134918
SSD,2026,L,72.14413087,-2.1728459,5.750756372,65.55134918
SSF,2000,,91.6838561,,21.83331233,65.14809355
SSF,2001,,91.33556318,,21.66177819,65.14809355
SSF,2002,,91.01701501,,20.09070373,65.14809355
SSF,2003,,90.72003326,,21.12977546,65.14809355
SSF,2004,,90.45139636,,21.49362665,65.14809355
SSF,2005,,90.23956078,,21.68834674,65.14809355
SSF,2006,,90.07619094,,21.19165597,65.14809355
SSF,2007,,89.90637529,,23.02348853,65.14809355
SSF,2008,,89.66020995,,24.39940441,65.14809355
SSF,2009,,89.36366451,,25.84827926,65.14809355
SSF,2010,,89.03630522,,23.20177462,65.14809355
SSF,2011,,88.64004976,,23.52095995,65.14809355
SSF,2012,,88.23421834,,23.4167039,63.98685736
SSF,2013,,87.80200057,,23.63634757,62.32223277
SSF,2014,,87.32674768,,23.87955444,60.75738214
SSF,2015,,86.7774988,,23.74906466,57.30621459
SSF,2016,,86.14145786,,24.20913016,55.13995033
SSF,2017,,85.40526868,,24.04946949,54.23327588
SSF,2018,,84.57307932,,23.38096231,56.6953502
SSF,2019,,83.72059674,,20.57531131,55.75402127
SSF,2020,,82.79985481,,19.43447726,51.20339811
SSF,2021,,81.84014035,,20.17401382,55.70464297
SSF,2022,,80.8967338,,20.3093771,59.17755487
SSF,2023,,79.93787139,,21.70192624,57.34804791
SSF,2024,,78.98941514,,23.63333396,56.02087203
SSF,2025,,78.98941514,,22.97253441,56.02087203
SST,2000,,63.7262413,,21.75265498,116.6843193
SST,2001,,62.77348541,,22.87317426,114.7534353
SST,2002,,61.88728626,,23.055288,111.2317115
SST,2003,,61.02483638,,23.07665184,105.6535748
SST,2004,,60.14528203,,22.32475541,107.8870811
SST,2005,,59.40432206,,22.71394871,110.3363231
SST,2006,,58.67782602,,25.42055941,111.8082122
SST,2007,,57.94384391,,27.15170163,111.5670463
SST,2008,,57.22167242,,26.0176447,114.9004168
SST,2009,,56.60517859,,24.17033979,105.2575964
SST,2010,,56.07282362,,22.00280542,113.9770291
SST,2011,,55.6125872,,22.82109752,124.0237397
SST,2012,,55.26201549,,23.33875856,126.178432
SST,2013,,55.00693303,,23.04937694,129.0309546
SST,2014,,54.79087087,,21.11153573,127.6075078
SST,2015,,54.57213903,,22.5953672,126.5364335
SST,2016,,54.37320401,,22.73971232,123.9646154
SST,2017,,54.14938742,,23.50638921,126.0960836
SST,2018,,53.78894652,,24.37566734,128.4266123
SST,2019,,53.49695266,,23.72554661,130.0870472
SST,2020,,53.32281705,,24.21998782,124.1300743
SST,2021,,53.06862653,,23.54365965,138.9421817
SST,2022,,52.79568608,,22.16833207,154.5073222
SST,2023,,52.59705567,,22.34318167,144.8539414
SST,2024,,52.41183145,,21.784303,141.2896551
SST,2025,,52.41183145,,21.784303,141.2896551
STP,2000,L,88.78940814,-0.7956793,18.44510821,
STP,2001,L,87.47038256,-0.7955536999999999,18.44510821,
STP,2002,L,86.83266039,-0.7954281,18.44510821,
STP,2003,L,86.22347059,-0.8082803,18.44510821,
STP,2004,L,85.75164015,-0.8252022,18.44510821,
STP,2005,L,85.36157428,-0.9139256,18.44510821,
STP,2006,L,85.05893526,-1.0189826,18.44510821,
STP,2007,L,84.90177492,-0.8843441,18.44510821,
STP,2008,LM,84.81735524,-0.7813194,18.44510821,
STP,2009,LM,84.66530303,-0.7775256,21.02226192,
STP,2010,LM,84.32541493,-0.816785,25.48693073,
STP,2011,LM,83.8218112,-0.7454739,22.27724361,
STP,2012,LM,83.67170836,-0.7847882,16.3922964,
STP,2013,LM,83.82712642,-0.8437148,16.92688628,
STP,2014,LM,83.78103226,-0.7347455,16.0548706,
STP,2015,LM,83.45866728,-0.6582286,14.4181284,
STP,2016,LM,82.82098461,-0.5965439,12.98397117,
STP,2017,LM,81.91166777,-0.5457336,15.09062055,
STP,2018,LM,80.8091322,-0.3812301,13.58437849,
STP,2019,LM,79.51862975,-0.45934,11.83447237,
STP,2020,LM,77.85593927,-0.4887191,11.69663763,
STP,2021,LM,76.00786627,-0.5922232,10.040752,
STP,2022,LM,74.32213835,-0.6505091,8.179163722,
STP,2023,LM,72.85346351,-0.6767276,6.10364167,
STP,2024,LM,71.61020036,-0.7186738,6.833550802,
STP,2025,LM,71.61020036,-0.7186738,8.668843465,
STP,2026,LM,71.61020036,-0.7186738,8.668843465,
SUN,2000,,,,,
SUN,2001,,,,,
SUN,2002,,,,,
SUN,2003,,,,,
SUN,2004,,,,,
SUN,2005,,,,,
SUN,2006,,,,,
SUN,2007,,,,,
SUN,2008,,,,,
SUN,2009,,,,,
SUN,2010,,,,,
SUN,2011,,,,,
SUN,2012,,,,,
SUN,2013,,,,,
SUN,2014,,,,,
SUN,2015,,,,,
SUN,2016,,,,,
SUN,2017,,,,,
SUN,2018,,,,,
SUN,2019,,,,,
SUN,2020,,,,,
SUN,2021,,,,,
SUN,2022,,,,,
SUN,2023,,,,,
SUN,2024,,,,,
SUN,2025,,,,,
SUN,2026,,,,,
SUR,2000,LM,59.86664475,0.0841831,38.023869,98.16819317
SUR,2001,LM,58.98088548,0.0842651,38.023869,98.16819317
SUR,2002,LM,58.36270104,0.0843471,38.023869,98.16819317
SUR,2003,LM,57.98333484,0.0759535,38.023869,98.16819317
SUR,2004,LM,57.74301175,-0.0139317,38.023869,98.16819317
SUR,2005,LM,57.55042974,-0.0194842,38.023869,98.16819317
SUR,2006,LM,57.42210575,-0.2680753,38.023869,98.16819317
SUR,2007,UM,57.32828476,-0.2772383,42.30244387,101.3770004
SUR,2008,UM,57.18477905,-0.1531153,45.46298206,109.1668385
SUR,2009,UM,56.95434609,-0.0691151,47.07651814,87.92066178
SUR,2010,UM,56.60896954,-0.0683329,37.53856416,90.96139415
SUR,2011,UM,56.12536732,-0.1072418,37.53856416,90.96139415
SUR,2012,UM,55.52588587,-0.0014193,37.53856416,90.96139415
SUR,2013,UM,54.83958747,-0.0111246,37.53856416,90.96139415
SUR,2014,UM,54.11404526,-0.0642884,37.53856416,90.96139415
SUR,2015,UM,53.40287485,-0.0652263,37.53856416,90.96139415
SUR,2016,UM,52.74469396,-0.0344665,37.53856416,90.96139415
SUR,2017,UM,52.18532522,-0.1271799,37.53856416,90.96139415
SUR,2018,UM,51.74265856,-0.126515,37.53856416,90.96139415
SUR,2019,UM,51.36782976,-0.1395824,37.53856416,90.96139415
SUR,2020,UM,51.09561458,-0.1418392,37.53856416,90.96139415
SUR,2021,UM,50.84516945,-0.2989605,37.53856416,90.96139415
SUR,2022,UM,50.62676148,-0.3711426,37.53856416,90.96139415
SUR,2023,UM,50.52958115,-0.3705232,37.53856416,90.96139415
SUR,2024,UM,50.46282132,-0.4542917,37.53856416,90.96139415
SUR,2025,UM,50.46282132,-0.4542917,37.53856416,90.96139415
SUR,2026,UM,50.46282132,-0.4542917,37.53856416,90.96139415
SVK,2000,UM,44.97049459,0.5075292,26.90768198,108.939263
SVK,2001,UM,43.74736931,0.4466876,29.74929965,121.9311312
SVK,2002,UM,42.61083685,0.385846,28.45710299,120.599168
SVK,2003,UM,41.60069591,0.5256977,25.31068351,125.9985062
SVK,2004,UM,40.75052379,0.7232277,24.72162223,140.22246
SVK,2005,UM,40.06094811,0.8709154,27.09791388,148.7054612
SVK,2006,UM,39.45038466,0.7019393,26.375684,164.9922057
SVK,2007,H,38.95003264,0.5945746,26.2297796,166.5800252
SVK,2008,H,38.60069604,0.6389642,25.63013403,162.464473
SVK,2009,H,38.54366754,0.6598655,21.69993038,136.7143521
SVK,2010,H,38.71426127,0.4626046,21.849753,155.1084977
SVK,2011,H,38.99014033,0.4763801,23.94149771,169.1780763
SVK,2012,H,39.46120662,0.5189099,21.05044587,176.9689582
SVK,2013,H,40.11437141,0.4696274,21.19106108,180.9031365
SVK,2014,H,40.89094922,0.7131474,21.17613107,176.7563161
SVK,2015,H,41.80809868,0.6446273,24.32025647,179.4260229
SVK,2016,H,42.99747119,0.7302475,21.66011919,182.7573796
SVK,2017,H,44.39361637,0.5705986,21.27352435,186.6446874
SVK,2018,H,45.80201305,0.5296453,21.34475697,188.7329647
SVK,2019,H,47.1743767,0.4384097,21.68127816,183.7226086
SVK,2020,H,48.40938138,0.6975922,19.78096552,167.5341733
SVK,2021,H,49.45682713,0.7366757,19.59819953,181.9794845
SVK,2022,H,50.46412768,0.7960113,20.94011539,204.0563185
SVK,2023,H,51.41882075,0.5846525,21.13604516,181.3908724
SVK,2024,H,52.20376855,0.6575804,20.41839673,171.2128002
SVK,2025,H,52.20376855,0.6575804,20.53151494,171.2128002
SVK,2026,H,52.20376855,0.6575804,20.53151494,171.2128002
SVN,2000,H,42.56456866,0.4727281,27.59269738,104.6203486
SVN,2001,H,42.42445908,0.5624275999999999,26.61561297,105.5832235
SVN,2002,H,42.25568693,0.6521271,24.86415158,104.8804583
SVN,2003,H,42.01624581,0.8180105,25.26483621,103.2800271
SVN,2004,H,41.93139151,0.7788662,26.21221397,112.3999335
SVN,2005,H,42.0451213,0.7518842,26.78414762,121.1272842
SVN,2006,H,42.22091827,0.7848765,27.90149944,130.5179131
SVN,2007,H,42.46522059,0.7581241,28.76321428,137.6630944
SVN,2008,H,43.00522973,0.9823881,29.58623026,135.3870937
SVN,2009,H,43.57139539,1.0084685,24.41655815,114.482301
SVN,2010,H,43.89636224,0.7931021,21.22160027,128.6065754
SVN,2011,H,44.45030827,0.8262377,20.08483829,140.3323558
SVN,2012,H,45.37404246,0.8612844,19.16767376,143.6564486
SVN,2013,H,46.44646125,0.8307889,19.83373393,145.1687894
SVN,2014,H,47.60553863,1.0300379,19.43655827,146.4717051
SVN,2015,H,48.90260393,1.0221829,18.91764852,147.2183677
SVN,2016,H,50.21633622,1.2000081,17.77998261,148.2384481
SVN,2017,H,51.54860783,1.2399184,18.49372575,158.7021358
SVN,2018,H,52.78249262,1.3001457,19.53028033,162.613494
SVN,2019,H,53.7494552,1.2721351,19.75839625,160.0442757
SVN,2020,H,54.46310889,1.3704336,19.02389281,147.5490086
SVN,2021,H,55.26313464,1.3440925,20.2003571,161.7887275
SVN,2022,H,56.19495565,1.2580894,21.9883574,186.6470763
SVN,2023,H,56.89267618,1.1624609,21.59505585,160.1596693
SVN,2024,H,57.44872962,1.0893351,20.92141245,155.6579287
SVN,2025,H,57.44872962,1.0893351,21.12549311,155.6579287
SVN,2026,H,57.44872962,1.0893351,21.12549311,155.6579287
SWE,2000,H,55.51042093,1.9550059,21.7434173,81.47215909
SWE,2001,H,55.01115542,1.9907821499999998,22.18055529,80.56918281
SWE,2002,H,54.52132439,2.0265584,21.6669413,77.0853187
SWE,2003,H,54.05066587,1.9819325,21.09905568,75.32821749
SWE,2004,H,53.6233711,1.844262,21.34716874,78.73588192
SWE,2005,H,53.11070242,1.82866,21.50972609,84.16792302
SWE,2006,H,52.56604163,1.8190325,22.55760146,88.33026089
SWE,2007,H,52.28023543,1.9768861,23.50979051,89.54692366
SWE,2008,H,52.37376939,1.9772535,23.99541492,92.80836871
SWE,2009,H,52.8220133,2.0610008,22.06649249,81.95831397
SWE,2010,H,53.56680263,1.9458769,22.04676653,85.09148493
SWE,2011,H,54.55970288,1.9837783,22.40669377,86.39074481
SWE,2012,H,55.67816199,1.9998087,22.25770205,85.29806054
SWE,2013,H,56.84286503,1.9430235,21.96568388,81.64025213
SWE,2014,H,57.93491024,1.916558,22.69318353,83.82298105
SWE,2015,H,58.83609815,1.8309837,23.24105115,84.1730766
SWE,2016,H,59.48730807,1.8116503,23.87142054,83.45194786
SWE,2017,H,59.94377469,1.8765903,24.58126726,86.06930887
SWE,2018,H,60.31590152,1.9184315,24.61381583,90.40871424
SWE,2019,H,60.58412395,1.8924006,23.84114572,92.75113903
SWE,2020,H,60.76106783,1.980777,24.53260667,84.47459581
SWE,2021,H,60.89303123,1.9668155,25.11580432,91.11023744
SWE,2022,H,60.85106598,1.9149251,25.59079777,107.1117518
SWE,2023,H,60.73605566,1.6930218,25.41194009,107.6197094
SWE,2024,H,60.59755788,1.7746948,25.1020246,105.8830915
SWE,2025,H,60.59755788,1.7746948,25.22800854,105.8830915
SWE,2026,H,60.59755788,1.7746948,25.22800854,105.8830915
SWZ,2000,LM,85.13895012,-0.2793718,16.40490874,85.20345513
SWZ,2001,LM,82.82267281,-0.2792462,16.40490874,85.20345513
SWZ,2002,LM,80.95670799,-0.2791206,16.40490874,85.20345513
SWZ,2003,LM,79.51552563,-0.8082803,16.40490874,85.20345513
SWZ,2004,LM,78.40743979,-1.1297751,16.40490874,85.20345513
SWZ,2005,LM,77.5516148,-1.0842476,16.40490874,85.20345513
SWZ,2006,LM,76.87013252,-0.5609934,16.40490874,85.20345513
SWZ,2007,LM,75.891508,-0.5904897,16.40490874,85.20345513
SWZ,2008,LM,74.44026472,-0.3147488,16.40490874,85.20345513
SWZ,2009,LM,72.95580456,-0.3984928,16.40490874,85.20345513
SWZ,2010,LM,71.69082215,-0.2557265,16.40490874,85.20345513
SWZ,2011,LM,70.65720532,-0.3542781,16.40490874,85.20345513
SWZ,2012,LM,69.82297876,-0.1872129,16.40490874,85.20345513
SWZ,2013,LM,69.04731272,-0.2076097,16.40490874,85.20345513
SWZ,2014,LM,68.15699007,-0.2740835,16.199936,91.62001869
SWZ,2015,LM,67.1629718,-0.2900182,15.10217018,88.2620944
SWZ,2016,LM,66.25451611,-0.2483557,17.77063421,89.35848744
SWZ,2017,LM,65.44082986,-0.2875028,16.19597589,86.88014203
SWZ,2018,LM,64.59115096,-0.4508541,17.12730063,85.49277682
SWZ,2019,LM,63.7013214,-0.4962233,17.66112469,86.64079485
SWZ,2020,LM,62.76301479,-0.6235547,14.92191098,84.01401884
SWZ,2021,LM,61.83288424,-0.7233034,17.2988092,89.93138749
SWZ,2022,LM,61.20084957,-0.6320655,15.05478444,92.57158713
SWZ,2023,LM,60.81274994,-0.7177742,16.08851847,99.72461108
SWZ,2024,LM,60.29297963,-0.7811414,16.07031203,107.4806211
SWZ,2025,LM,60.29297963,-0.7811414,16.07031203,107.4806211
SWZ,2026,LM,60.29297963,-0.7811414,16.07031203,107.4806211
SXM,2000,,40.77310156,,,
SXM,2001,,40.58382138,,,
SXM,2002,,40.00814001,,,
SXM,2003,,39.33638749,,,
SXM,2004,,38.71744364,,,
SXM,2005,,38.23034798,,,
SXM,2006,,38.04435741,,,
SXM,2007,,38.04993054,,,
SXM,2008,,38.05814728,,,
SXM,2009,,38.00477996,,,
SXM,2010,H,37.88966868,,,
SXM,2011,H,37.66974689,,,
SXM,2012,H,37.39751285,,,
SXM,2013,H,37.28080251,,,
SXM,2014,H,37.34831461,,,
SXM,2015,H,37.58537123,,,
SXM,2016,H,38.07306332,,,
SXM,2017,H,38.66723562,,,
SXM,2018,H,39.2586618,,,
SXM,2019,H,39.86631572,,,
SXM,2020,H,40.38066548,,,
SXM,2021,H,40.73259081,,,
SXM,2022,H,40.87657128,,,
SXM,2023,H,40.86265981,,,
SXM,2024,H,40.99853635,,,
SXM,2025,H,40.99853635,,,
SXM,2026,H,40.99853635,,,
SYC,2000,UM,53.92729756,0.7532431,24.91839395,151.3024478
SYC,2001,UM,52.59518172,0.7533687,40.39510028,179.8849149
SYC,2002,UM,51.34128706,0.7534943,27.58813456,156.9298896
SYC,2003,UM,50.12967228,0.7406422,10.96298318,168.844235
SYC,2004,UM,48.94800527,0.2778055,17.41606427,149.5409368
SYC,2005,UM,47.7865373,0.3379987,23.86914095,171.101736
SYC,2006,UM,46.61536862,0.3364771,30.32222386,177.5669355
SYC,2007,UM,45.4766304,0.3387781,29.22442943,174.9284628
SYC,2008,UM,44.3372894,0.3405729,27.643034,208.8429685
SYC,2009,UM,43.22018604,0.5982831,28.02722542,221.9338254
SYC,2010,UM,42.25948053,0.5994724,37.03142382,198.1626924
SYC,2011,UM,41.49487038,0.5987727,34.81624936,210.0753827
SYC,2012,UM,40.88805923,0.710415,37.72992035,222.1782549
SYC,2013,UM,40.44875398,0.6404284,38.56690571,196.5177333
SYC,2014,H,40.09323294,0.5730461,29.05489887,213.3544694
SYC,2015,H,39.72539224,0.6575775,26.87951537,187.4750125
SYC,2016,H,39.40161376,0.8131034,25.13473942,180.8661884
SYC,2017,H,39.1919368,0.6187826,24.53517669,197.4422364
SYC,2018,H,39.0878121,0.6505108,21.98698662,185.7075372
SYC,2019,H,39.08620763,0.5618507,22.08559453,173.4078469
SYC,2020,H,39.21219319,0.4965414,21.3213199,153.4833316
SYC,2021,H,39.54841975,0.5612215,16.46771613,183.770815
SYC,2022,H,39.77822604,0.4110747,18.49874159,189.8268354
SYC,2023,H,39.80250487,0.5293894,24.35220262,180.8272625
SYC,2024,H,39.84097718,0.6267672,21.30412094,188.3691853
SYC,2025,H,39.84097718,0.6267672,18.71123755,188.3691853
SYC,2026,H,39.84097718,0.6267672,18.71123755,188.3691853
SYR,2000,LM,82.37799812,-1.1141214,17.25494184,65.28498612
SYR,2001,LM,80.68144514,-1.1860663,20.5053276,67.3681325
SYR,2002,LM,78.97252176,-1.2580112,20.20622046,71.64430768
SYR,2003,LM,77.29334849,-1.4645212,23.24423761,61.54699054
SYR,2004,LM,75.57894432,-1.2334155,21.66724984,78.11492859
SYR,2005,LM,73.86915591,-1.2776173,23.01703334,80.13300249
SYR,2006,LM,70.86826774,-1.0222956,21.51980271,74.20522659
SYR,2007,LM,66.93887463,-0.9596008,20.3943053,76.37935352
SYR,2008,LM,65.64051739,-0.7743568,16.69587352,74.2279601
SYR,2009,LM,65.89469201,-0.7147461,17.91570698,59.94382524
SYR,2010,LM,65.49558271,-0.6941611,20.45889925,64.01016469
SYR,2011,LM,65.43327163,-0.6889793,21.63094099,50.69609435
SYR,2012,LM,66.91953969,-0.9278318,12.78803984,35.36869033
SYR,2013,LM,71.6990634,-1.1353579,14.45627995,44.70525478
SYR,2014,LM,77.77711719,-1.0163507,8.236289504,54.26442252
SYR,2015,LM,80.91265411,-1.2458592,12.96354535,51.08620782
SYR,2016,LM,80.12466567,-1.4709651,7.880459576,67.11193653
SYR,2017,L,77.63780057,-1.4708561,8.970802099,61.05085217
SYR,2018,L,73.61664931,-1.4702578,9.030305999,50.65909911
SYR,2019,L,68.349135,-1.5891645,7.388676209,41.99947112
SYR,2020,L,64.3008703,-1.4732889,6.134631363,44.8183353
SYR,2021,L,61.22761253,-1.5265647,5.247997564,61.2204851
SYR,2022,L,57.73208125,-1.6148921,4.444381987,35.60946808
SYR,2023,L,53.8991071,-1.6144064,4.444381987,35.60946808
SYR,2024,L,51.29771569,-1.6726478,4.444381987,35.60946808
SYR,2025,L,51.29771569,-1.6726478,4.444381987,35.60946808
SYR,2026,L,51.29771569,-1.6726478,4.444381987,35.60946808
TCA,2000,,46.37386683,,,
TCA,2001,,45.99149825,,,
TCA,2002,,45.21291596,,,
TCA,2003,,44.18342292,,,
TCA,2004,,43.32204665,,,
TCA,2005,,42.64985728,,,
TCA,2006,,42.23518089,,,
TCA,2007,,42.10526316,,,
TCA,2008,,42.04257082,,,
TCA,2009,H,41.81258991,,,
TCA,2010,H,41.39209813,,,
TCA,2011,H,40.6245726,,,
TCA,2012,H,39.53700486,,,
TCA,2013,H,38.51251235,,,
TCA,2014,H,37.74415406,,,
TCA,2015,H,37.13985988,,,
TCA,2016,H,36.72697427,,,
TCA,2017,H,36.53280427,,,
TCA,2018,H,36.44571391,,,
TCA,2019,H,36.43719578,,,
TCA,2020,H,36.52609886,,,
TCA,2021,H,36.71058198,,,
TCA,2022,H,36.93957406,,,
TCA,2023,H,37.20819721,,,
TCA,2024,H,37.59609698,,,
TCA,2025,H,37.59609698,,,
TCA,2026,H,37.59609698,,,
TCD,2000,L,106.5770975,-0.7956793,20.94154918,51.57117201
TCD,2001,L,107.3391466,-0.9987052,36.57923975,64.32190804
TCD,2002,L,107.6474896,-1.2017311,59.72306926,126.3508078
TCD,2003,L,106.7746703,-1.608562,48.60098273,83.37891496
TCD,2004,L,105.1582215,-1.2722611,22.74035768,101.7685909
TCD,2005,L,104.3890616,-1.3765091,22.11108329,77.57749365
TCD,2006,L,104.3926842,-1.4484387,22.11884298,77.0815766
TCD,2007,L,104.4864018,-1.4351661,22.22018723,75.10599627
TCD,2008,L,104.2365716,-1.4822531,22.05239395,69.06777461
TCD,2009,L,103.971927,-1.3361595,23.90665889,64.85975119
TCD,2010,L,104.0491896,-1.2969073,22.2724743,63.73116913
TCD,2011,L,103.80392,-1.2335999,23.34759744,57.54375619
TCD,2012,L,103.4199222,-1.3185712,22.9050114,54.38518874
TCD,2013,L,102.9001319,-1.2533334,25.54051636,51.53081645
TCD,2014,L,102.3511717,-1.2514726,24.85592837,40.81162699
TCD,2015,L,102.3720752,-1.232359,22.25762443,48.51149821
TCD,2016,L,102.2828708,-1.1872693,16.07011305,43.95801493
TCD,2017,L,101.8012815,-1.10043,15.20041191,43.29006139
TCD,2018,L,101.1861699,-1.178056,17.35268511,46.73843179
TCD,2019,L,100.6845314,-1.26227,20.21299606,46.67772472
TCD,2020,L,100.0545529,-1.2291822,18.24371766,40.64281706
TCD,2021,L,98.92363292,-1.2404592,16.37271114,43.9465041
TCD,2022,L,97.85999664,-1.1754288,14.52780197,47.98837843
TCD,2023,L,95.35807928,-1.2154601,16.02014025,46.89510151
TCD,2024,L,92.92045432,-1.1005006,15.47418142,47.8679893
TCD,2025,L,92.92045432,-1.1005006,16.38840893,47.8679893
TCD,2026,L,92.92045432,-1.1005006,16.38840893,47.8679893
TEA,2000,,50.02275505,,29.40534679,50.73912118
TEA,2001,,48.94096314,,30.36828492,49.39960198
TEA,2002,,47.69443293,,31.31545504,51.89548494
TEA,2003,,46.45607678,,33.59461984,59.0380544
TEA,2004,,45.2513616,,35.07227807,66.61575427
TEA,2005,,44.01865844,,35.42695366,69.08463779
TEA,2006,,43.08495246,,34.85099732,70.32554889
TEA,2007,,42.53484172,,34.49906864,67.94352431
TEA,2008,,42.13528448,,35.75943598,64.1703555
TEA,2009,,41.85309151,,39.91529748,51.55606427
TEA,2010,,41.67221384,,39.90516663,56.15004584
TEA,2011,,41.60870093,,40.10807351,56.80898936
TEA,2012,,41.72170495,,40.80987087,54.37003601
TEA,2013,,41.97756929,,41.10150301,52.76507544
TEA,2014,,42.33925431,,40.7060103,51.14720477
TEA,2015,,42.76748826,,39.49358125,46.03866876
TEA,2016,,43.27108995,,39.00291475,43.46915801
TEA,2017,,43.95533879,,39.2942097,44.77465179
TEA,2018,,44.61770978,,40.21577263,45.0751687
TEA,2019,,45.15046797,,40.00065875,42.68280789
TEA,2020,,45.56118556,,39.63166415,40.5785748
TEA,2021,,45.72288708,,39.43959614,44.65570602
TEA,2022,,45.7857734,,39.13970737,46.76052793
TEA,2023,,45.7076444,,38.40303274,44.50610871
TEA,2024,,45.30971048,,37.6642792,45.95211793
TEA,2025,,45.30971048,,37.6642792,45.95211793
TEC,2000,,50.10841577,,20.62258276,64.98796872
TEC,2001,,49.00918075,,19.65284357,62.88327643
TEC,2002,,48.10175619,,19.28818274,62.23438249
TEC,2003,,47.4275473,,20.10923003,63.44578499
TEC,2004,,46.88850872,,21.55643782,64.6001468
TEC,2005,,46.3736974,,21.82120875,63.08392023
TEC,2006,,45.86804319,,23.06989957,63.56727901
TEC,2007,,45.36363556,,24.83925399,62.91303057
TEC,2008,,44.78287824,,25.22708584,64.88911757
TEC,2009,,44.21517551,,23.09029714,58.28297227
TEC,2010,,43.79813089,,22.61316231,60.56091242
TEC,2011,,43.71137742,,22.94865147,63.47399502
TEC,2012,,44.01981187,,22.98433899,63.21069088
TEC,2013,,44.49884081,,23.2510685,61.93943509
TEC,2014,,45.18527957,,23.20435272,62.9537977
TEC,2015,,46.06186654,,23.5024978,62.63949871
TEC,2016,,46.97615205,,23.57660525,61.97224032
TEC,2017,,47.9004288,,23.23146116,64.69553153
TEC,2018,,48.75821871,,22.52289368,69.19480069
TEC,2019,,49.65754416,,22.25969254,67.56325216
TEC,2020,,50.53819809,,22.51177019,63.01766513
TEC,2021,,51.20936196,,21.19551129,70.09904386
TEC,2022,,51.78675265,,21.68810137,72.74879368
TEC,2023,,52.33589349,,24.17197762,65.50880841
TEC,2024,,52.76686513,,23.93657268,60.39686449
TEC,2025,,52.76686513,,24.24912832,60.39686449
TGO,2000,L,83.21270731,-1.3577285,13.24395313,48.80800411
TGO,2001,L,82.56582464,-1.50340065,13.90825664,51.39415207
TGO,2002,L,82.06754085,-1.6490728,14.30605067,51.60956528
TGO,2003,L,81.60663394,-1.6557618,14.46388789,55.38997842
TGO,2004,L,81.1149211,-1.5516729,13.56562662,57.87109387
TGO,2005,L,80.69683212,-1.7107333,14.4880527,61.45428001
TGO,2006,L,80.20431279,-1.5805805,16.20295919,61.61286046
TGO,2007,L,79.7799474,-1.5533698,15.93047518,61.77407211
TGO,2008,L,79.54193326,-1.5008022,16.74672872,62.30766745
TGO,2009,L,79.46162586,-1.4472257,17.25368841,62.21041999
TGO,2010,L,79.60127855,-1.3557662,17.89310981,66.79748859
TGO,2011,L,79.76507905,-1.3539094,21.5932896,77.73231266
TGO,2012,L,79.86227524,-1.2258191,19.5498564,75.71320857
TGO,2013,L,79.8491087,-1.2580077,19.95178422,82.14778776
TGO,2014,L,79.7250507,-1.0881788,23.33003669,70.91565175
TGO,2015,L,79.54472291,-1.0884773,25.10284498,69.12813788
TGO,2016,L,79.32967217,-0.9579705,22.34680116,66.44504098
TGO,2017,L,79.05308631,-0.9832841,16.96880019,58.20886025
TGO,2018,L,78.71448931,-0.940524,17.81567906,57.57373885
TGO,2019,L,78.33500962,-0.8320045,17.77156438,56.34217403
TGO,2020,L,77.85782893,-0.8829002,19.62240549,55.0659514
TGO,2021,L,77.23510694,-0.8770126,21.44674142,56.37755808
TGO,2022,L,76.46759164,-0.9684392,27.07245218,61.5750924
TGO,2023,L,75.58122376,-0.9176855,20.98413662,61.5750924
TGO,2024,L,74.63971243,-0.8014589,20.98413662,61.5750924
TGO,2025,LM,74.63971243,-0.8014589,20.98413662,61.5750924
TGO,2026,LM,74.63971243,-0.8014589,20.98413662,61.5750924
THA,2000,LM,43.88298777,0.2796884,21.57492771,121.2979554
THA,2001,LM,43.37923602,0.19258429999999999,22.48036998,120.2679663
THA,2002,LM,42.95884441,0.1054802,21.91158521,114.969743
THA,2003,LM,42.62693436,0.1883012,23.03190143,116.6928197
THA,2004,LM,42.35787463,0.1673729,24.86419159,127.4118737
THA,2005,LM,42.09634392,0.2466566,27.71262281,137.8538668
THA,2006,LM,41.7734548,0.1709682,26.84663223,134.0869462
THA,2007,LM,41.38661141,0.1510563,25.4562514,129.873227
THA,2008,LM,40.99226275,0.1042204,26.44771585,140.4370115
THA,2009,LM,40.63822979,0.2394144,23.10895489,119.2694189
THA,2010,UM,40.28904563,0.1380751,23.9927018,127.2505226
THA,2011,UM,39.92237431,0.1220647,25.83636938,139.6754072
THA,2012,UM,39.62347843,0.1802694,26.99365284,137.6749385
THA,2013,UM,39.49401293,0.1498463,25.3835377,132.4622742
THA,2014,UM,39.55651447,0.1288639,24.661391,130.9054954
THA,2015,UM,39.72661984,0.0674039,24.52848915,124.8396622
THA,2016,UM,39.89143602,0.0943555,23.71362635,120.5752273
THA,2017,UM,40.06185419,0.1567658,23.10836493,120.8914274
THA,2018,UM,40.30134051,0.1754361,22.78622637,120.8418647
THA,2019,UM,40.60779406,0.1402125,22.57295117,109.6895147
THA,2020,UM,40.97436892,0.1171649,23.22111675,97.80074325
THA,2021,UM,41.40843585,0.2086191,23.51452704,117.2529446
THA,2022,UM,41.90385414,0.2274924,23.36124629,132.8587121
THA,2023,UM,42.46624738,0.3053878,22.88031415,128.8241142
THA,2024,UM,43.08656488,0.2536395,22.06688458,136.747107
THA,2025,UM,43.08656488,0.2536395,22.66357094,136.747107
THA,2026,UM,43.08656488,0.2536395,22.66357094,136.747107
TJK,2000,L,84.81410916,-1.3119868,7.42150333,175.3512061
TJK,2001,L,82.19584941,-1.37128935,8.982759966,146.6573056
TJK,2002,L,79.61418386,-1.4305919,6.295736675,138.6839688
TJK,2003,L,77.21149928,-1.4397076,8.037551981,137.669593
TJK,2004,L,75.07636737,-1.1951378,10.3773126,128.3381707
TJK,2005,L,73.09614661,-1.2739975,11.11897427,126.9946993
TJK,2006,L,71.26024033,-1.3043531,15.48226069,141.1539121
TJK,2007,L,69.75925468,-1.2267863,23.22560995,145.5280997
TJK,2008,L,68.58220666,-1.2325335,24.51798724,114.4801491
TJK,2009,L,67.55720538,-1.2017414,26.29323509,85.97813704
TJK,2010,L,66.6718796,-1.0335009,24.48931684,73.49304451
TJK,2011,L,66.14567331,-1.0684724,28.59290149,79.78424467
TJK,2012,L,65.74131848,-0.9961009,21.72324828,83.17594454
TJK,2013,L,65.2151428,-1.005023,24.18944502,71.74374289
TJK,2014,LM,64.79815751,-0.7049542,26.1845442,54.60715961
TJK,2015,LM,64.65465793,-0.7357851,38.71665705,49.93781607
TJK,2016,LM,64.63168677,-0.7803613,40.06913633,55.72464469
TJK,2017,L,64.64577843,-0.6988972,31.24578059,53.78610461
TJK,2018,L,64.87751371,-0.6890098,35.38852112,55.84611141
TJK,2019,L,65.30677522,-0.7757829,31.50886489,56.04501591
TJK,2020,LM,65.84997493,-0.7639755,27.57368837,55.74910402
TJK,2021,LM,66.37792727,-0.8282832,31.97020469,71.82593744
TJK,2022,LM,66.84189984,-0.7979088,31.70533171,65.43551159
TJK,2023,LM,67.10194429,-0.7683569,28.30032941,65.63470104
TJK,2024,LM,66.98134403,-0.6009336,30.2409941,65.63470104
TJK,2025,LM,66.98134403,-0.6009336,30.2409941,65.63470104
TJK,2026,LM,66.98134403,-0.6009336,30.2409941,65.63470104
TKM,2000,LM,70.38904079,-1.3119868,34.73865594,103.5803178
TKM,2001,LM,68.03553632,-1.5197379,31.71266121,81.98585494
TKM,2002,LM,65.82066621,-1.727489,27.5596817,63.70468612
TKM,2003,LM,63.78207082,-1.7367337,25.4187358,63.20175069
TKM,2004,LM,61.83575321,-1.4875047,23.05361962,59.31996749
TKM,2005,LM,59.93361131,-1.7370739,22.91959465,53.97234197
TKM,2006,LM,58.09610954,-1.4764131,19.50195649,52.447301
TKM,2007,LM,56.29623426,-1.4742196,18.6,56.27777778
TKM,2008,LM,54.57932536,-1.4566604,31.7,94.7240752
TKM,2009,LM,53.01889695,-1.4506865,46.6,104.9521793
TKM,2010,LM,51.68774502,-1.711664,45.26102359,96.86305584
TKM,2011,UM,50.66872068,-1.712331,44.39176619,111.0628338
TKM,2012,UM,49.98996804,-1.3204803,48.30180207,109.3336526
TKM,2013,UM,49.65272432,-1.3407027,46.40006087,98.59282268
TKM,2014,UM,49.63600121,-0.6086527,44.32153107,91.09348296
TKM,2015,UM,49.88280928,-0.6117733,47.27962713,81.29993057
TKM,2016,UM,50.36252271,-0.7981201,46.96634095,62.0460847
TKM,2017,UM,51.05055423,-0.8883327,40.83989996,53.57535671
TKM,2018,UM,51.91537509,-0.9218369,28.26870107,50.90027264
TKM,2019,UM,52.90068788,-0.8217713,22.74016899,44.2857594
TKM,2020,UM,53.9054052,-0.9866751,22.53400548,35.93659385
TKM,2021,UM,54.83310239,-0.9853009,18.29017728,33.05811708
TKM,2022,UM,55.60440691,-0.4858079,17.73019461,37.36095096
TKM,2023,UM,56.11056821,-0.4851745,18.36148585,34.0992738
TKM,2024,UM,56.34063723,-1.0591384,17.63748996,28.73460763
TKM,2025,UM,56.34063723,-1.0591384,16.53787672,28.73460763
TKM,2026,UM,56.34063723,-1.0591384,16.53787672,28.73460763
TLA,2000,,61.34987326,,18.99678539,37.69327135
TLA,2001,,60.44738418,,18.19087767,37.80447274
TLA,2002,,59.5543057,,18.38221071,40.36878843
TLA,2003,,58.66828254,,18.5339449,42.11360744
TLA,2004,,57.7902747,,18.83609742,44.33657412
TLA,2005,,56.93210836,,18.94495524,44.15383566
TLA,2006,,56.09372009,,19.404869,44.65852162
TLA,2007,,55.27476712,,20.1720125,44.64325984
TLA,2008,,54.47959613,,20.93773445,46.13146536
TLA,2009,,53.72327443,,19.77251794,39.76068605
TLA,2010,,53.00984239,,20.46379306,42.31609506
TLA,2011,,52.35716705,,21.31034644,44.57425068
TLA,2012,,51.77667179,,21.27145168,44.56567993
TLA,2013,,51.24825837,,21.47796642,44.1918343
TLA,2014,,50.78374136,,20.65440859,43.73802607
TLA,2015,,50.37772232,,20.20229906,44.21428794
TLA,2016,,49.99500624,,18.83965195,43.26921698
TLA,2017,,49.65281199,,18.19842511,43.49456572
TLA,2018,,49.38482979,,18.67755523,47.53152454
TLA,2019,,49.15977661,,18.55980184,47.14988186
TLA,2020,,48.87876954,,18.02582671,45.58943151
TLA,2021,,48.54834247,,19.62651996,51.49967558
TLA,2022,,48.2673535,,19.92021357,54.76757744
TLA,2023,,48.06222684,,19.49420255,46.90304095
TLA,2024,,47.90481489,,19.29284024,47.7033006
TLA,2025,,47.90481489,,18.93410445,47.7033006
TLS,2000,,81.73055347,-0.2791206,37.96993004,175.6484595
TLS,2001,L,81.56252375,-0.2791206,31.90854352,166.7434323
TLS,2002,L,81.30802767,-0.2791206,27.35652261,180.4037472
TLS,2003,L,80.9919362,-0.8082803,21.67400601,122.3119605
TLS,2004,L,80.66055438,-0.482983,16.65164756,107.3308361
TLS,2005,L,81.17938136,-1.1596227,15.63755224,74.67126932
TLS,2006,L,82.51249801,-1.2069448,11.96445776,98.87571871
TLS,2007,LM,83.65676334,-1.2030344,18.51161598,128.7608932
TLS,2008,LM,84.4121976,-1.1614397,31.18674478,135.2507687
TLS,2009,LM,84.86825219,-1.1899933,48.72170631,157.6864398
TLS,2010,LM,85.15820775,-1.3207151,42.68687268,134.4005104
TLS,2011,LM,85.05948303,-1.2698351,70.10857961,140.7663441
TLS,2012,LM,84.39096831,-1.2575331,57.60081168,128.5004889
TLS,2013,LM,83.1870929,-1.3311928,40.24656247,79.63412157
TLS,2014,LM,81.55889243,-0.9889919,41.07564362,82.73577677
TLS,2015,LM,79.80359509,-0.989997,35.62865941,60.07692302
TLS,2016,LM,78.04926131,-0.9896476,38.25360206,60.31062394
TLS,2017,LM,76.30364663,-0.9895342,32.94483034,58.63475348
TLS,2018,LM,74.57033249,-0.9782332,32.92085173,64.81918037
TLS,2019,LM,72.82334343,-0.7176481,22.88147935,70.61424319
TLS,2020,LM,71.06110486,-0.7196526,13.70112686,84.75031025
TLS,2021,LM,69.25919797,-0.7316257,14.1831463,99.85999942
TLS,2022,LM,67.33492526,-0.7602183,9.857339957,97.62111036
TLS,2023,LM,65.46411222,-0.8550468,17.35632238,89.30465292
TLS,2024,LM,63.76291384,-0.8985623,27.00791167,95.44850213
TLS,2025,LM,63.76291384,-0.8985623,27.00791167,95.44850213
TLS,2026,LM,63.76291384,-0.8985623,27.00791167,95.44850213
TMN,2000,,77.70792089,,19.77386623,55.02422829
TMN,2001,,76.02570408,,21.97533789,54.72062155
TMN,2002,,74.62784791,,21.8602141,56.92444189
TMN,2003,,73.30241458,,22.18061105,63.21364875
TMN,2004,,71.84496571,,22.09700229,63.66945464
TMN,2005,,70.44653089,,22.12277898,66.9846347
TMN,2006,,69.14135911,,22.72618075,63.95511039
TMN,2007,,67.87177708,,23.04366651,62.7680359
TMN,2008,,66.9253121,,25.15180602,66.19934397
TMN,2009,,66.30368131,,25.01116302,58.2832617
TMN,2010,,65.81782442,,23.92621544,56.3504583
TMN,2011,,65.56371651,,23.63162492,54.90712707
TMN,2012,,65.52677966,,22.92189385,55.05890329
TMN,2013,,65.65880021,,22.32582786,54.6579769
TMN,2014,,65.84024767,,22.7231135,52.13960374
TMN,2015,,65.96059589,,21.95017871,47.64587198
TMN,2016,,65.97031776,,21.05573058,44.01005908
TMN,2017,,65.8865744,,21.36374238,48.82901768
TMN,2018,,65.68197862,,21.53418444,55.01334723
TMN,2019,,65.36490279,,21.53192301,52.197536
TMN,2020,,64.96370134,,19.76457483,44.71732865
TMN,2021,,64.42807514,,19.85437144,49.83457629
TMN,2022,,63.82550811,,19.14299665,58.41101608
TMN,2023,,63.20222538,,19.76849911,56.91419862
TMN,2024,,62.53200586,,19.82433438,55.61754981
TMN,2025,,62.53200586,,20.54247768,55.61754981
TON,2000,LM,77.7002821,-0.6902873,19.72615101,61.5082393
TON,2001,LM,77.33063215,-0.6902873,23.18399152,62.40656439
TON,2002,LM,77.28056252,-0.6902873,23.92971882,73.83740938
TON,2003,LM,77.53777128,-0.6902873,20.12507173,73.21605682
TON,2004,LM,77.97482934,-0.6902873,19.70636918,73.97371512
TON,2005,LM,78.38079643,-0.6443191,21.65340871,76.20804944
TON,2006,LM,78.69059231,-0.6464021,20.52201001,66.35498847
TON,2007,LM,78.54024123,-0.4930368,20.22462381,68.22991825
TON,2008,LM,77.89524427,-0.3886998,20.01754407,72.65637912
TON,2009,LM,77.18205107,-0.2923036,24.30599656,74.34066489
TON,2010,LM,76.53314486,-0.2619455,28.66070721,70.79766812
TON,2011,LM,76.17963542,-0.3146581,27.92193217,78.85786489
TON,2012,UM,75.98506436,-0.3144585,34.98836725,77.97228728
TON,2013,UM,75.66441368,-0.3142357,22.20288378,82.7315812
TON,2014,UM,75.26303676,-0.120326,21.5967045,74.73042459
TON,2015,LM,74.64074665,-0.1242041,23.31627384,81.39024109
TON,2016,UM,74.03437016,-0.1236263,24.19733483,87.77716754
TON,2017,UM,73.75035045,0.0778836,26.69996363,88.04349375
TON,2018,UM,73.47015906,0.2057207,22.44325505,86.10396243
TON,2019,UM,73.09166557,0.2067246,25.92854505,88.0453901
TON,2020,UM,72.73470055,0.0702951,23.40819681,81.84949889
TON,2021,UM,72.63324987,0.0719966,31.54934795,68.5461486
TON,2022,UM,72.84035936,-0.2444921,27.69412207,70.12727566
TON,2023,UM,73.08787026,-0.143802,26.15762804,79.6239205
TON,2024,UM,72.76692428,-0.0372776,26.15182688,79.6239205
TON,2025,UM,72.76692428,-0.0372776,26.15182688,79.6239205
TON,2026,UM,72.76692428,-0.0372776,26.15182688,79.6239205
TSA,2000,,66.84731978,,26.21748353,29.45213456
TSA,2001,,65.91569191,,29.50483373,28.62268944
TSA,2002,,65.04282728,,28.09650722,31.20588564
TSA,2003,,64.18003525,,28.1670116,32.00007797
TSA,2004,,63.26887651,,30.42693854,38.16079502
TSA,2005,,62.33429812,,32.38668872,42.49714644
TSA,2006,,61.37357606,,33.23546184,45.99442145
TSA,2007,,60.40103617,,35.3902127,46.0171112
TSA,2008,,59.45855906,,34.2426659,52.80163595
TSA,2009,,58.52327554,,33.53591509,45.92410172
TSA,2010,,57.57420669,,32.82790704,48.31886967
TSA,2011,,56.62957906,,33.84093897,54.78191229
TSA,2012,,55.69729808,,33.03622378,55.00284048
TSA,2013,,54.76406257,,30.97701967,53.12818401
TSA,2014,,53.84736086,,29.9051713,48.7343659
TSA,2015,,52.9766228,,28.74961552,42.33204919
TSA,2016,,52.13736904,,28.5033122,39.79380345
TSA,2017,,51.3486657,,28.61213441,40.3089859
TSA,2018,,50.66505362,,29.82345008,43.15410397
TSA,2019,,50.05822877,,28.95131235,39.81644185
TSA,2020,,49.4468705,,27.8023874,36.98845377
TSA,2021,,48.81326338,,29.66852029,44.01454141
TSA,2022,,48.26571525,,32.15296537,48.84215027
TSA,2023,,47.81977182,,31.45470376,43.97198968
TSA,2024,,47.37882569,,31.20194361,43.2964087
TSA,2025,,47.37882569,,31.03638587,43.2964087
TSS,2000,,91.6838561,,21.83331233,65.14809355
TSS,2001,,91.33556318,,21.66177819,65.14809355
TSS,2002,,91.01701501,,20.09070373,65.14809355
TSS,2003,,90.72003326,,21.12977546,65.14809355
TSS,2004,,90.45139636,,21.49362665,65.14809355
TSS,2005,,90.23956078,,21.68834674,65.14809355
TSS,2006,,90.07619094,,21.19165597,65.14809355
TSS,2007,,89.90637529,,23.02348853,65.14809355
TSS,2008,,89.66020995,,24.39940441,65.14809355
TSS,2009,,89.36366451,,25.84827926,65.14809355
TSS,2010,,89.03630522,,23.20177462,65.14809355
TSS,2011,,88.64004976,,23.52095995,65.14809355
TSS,2012,,88.23421834,,23.4167039,63.98685736
TSS,2013,,87.80200057,,23.63634757,62.32223277
TSS,2014,,87.32674768,,23.87955444,60.75738214
TSS,2015,,86.7774988,,23.74906466,57.30621459
TSS,2016,,86.14145786,,24.20913016,55.13995033
TSS,2017,,85.40526868,,24.04946949,54.23327588
TSS,2018,,84.57307932,,23.38096231,56.6953502
TSS,2019,,83.72059674,,20.57531131,55.75402127
TSS,2020,,82.79985481,,19.43447726,51.20339811
TSS,2021,,81.84014035,,20.17401382,55.70464297
TSS,2022,,80.8967338,,20.3093771,59.17755487
TSS,2023,,79.93787139,,21.70192624,57.34804791
TSS,2024,,78.98941514,,23.63333396,56.02087203
TSS,2025,,78.98941514,,22.97253441,56.02087203
TTO,2000,UM,44.6860433,0.5944225,15.56101046,
TTO,2001,UM,42.85086164,0.5360461999999999,26.39145421,
TTO,2002,UM,41.21935239,0.4776699,21.87795346,
TTO,2003,UM,39.82580122,0.4264333,24.24285855,
TTO,2004,UM,38.66198475,0.2994308,16.00000899,
TTO,2005,UM,37.73879624,0.0593739,10.93730902,
TTO,2006,H,37.05473767,0.0759527,15.6497023,
TTO,2007,H,36.56400868,0.1300036,26.50724645,
TTO,2008,H,36.24727992,0.1078319,23.04452641,
TTO,2009,H,36.09500956,0.2485024,31.42540229,
TTO,2010,H,36.11018435,0.24572,23.14211577,
TTO,2011,H,36.29052866,0.2902226,21.89283139,
TTO,2012,H,36.61016845,0.3322107,20.8107388,
TTO,2013,H,37.04418551,0.2928125,20.76804341,
TTO,2014,H,37.55894611,0.3320818,19.69702912,
TTO,2015,H,38.14037512,0.3121512,25.51090914,
TTO,2016,H,38.76652208,0.3139235,19.55453272,
TTO,2017,H,39.39604736,0.3282247,20.90911008,
TTO,2018,H,39.64599297,0.3688655,22.91908286,
TTO,2019,H,40.22106649,0.2861217,20.97351,
TTO,2020,H,41.22327894,0.3455076,20.51503751,
TTO,2021,H,41.76521566,0.332159,20.27613392,
TTO,2022,H,42.15906382,0.1507374,17.17925774,
TTO,2023,H,42.61459925,0.1511968,18.98571703,
TTO,2024,H,43.14064958,0.1112932,18.98571703,
TTO,2025,H,43.14064958,0.1112932,18.98571703,
TTO,2026,H,43.14064958,0.1112932,18.98571703,
TUN,2000,LM,55.46084382,0.5323842,25.16664741,82.63911067
TUN,2001,LM,53.66052523,0.49556765,25.32507623,89.55220119
TUN,2002,LM,51.91127778,0.4587511,24.7638384,85.34217597
TUN,2003,LM,50.25842646,0.2272092,22.90038786,82.39034071
TUN,2004,LM,48.73893602,0.2763063,22.12881548,86.9253447
TUN,2005,LM,47.44040547,0.267202,21.44992955,90.25124788
TUN,2006,LM,46.38872402,0.5228632,22.58360616,93.94093041
TUN,2007,LM,45.54156472,0.5739597,23.0432472,104.059401
TUN,2008,LM,44.89532487,0.5209222,23.62881107,114.3436602
TUN,2009,LM,44.46854511,0.5437486,24.33347194,93.01687879
TUN,2010,UM,44.28651879,0.351978,26.00780836,100.1510098
TUN,2011,UM,44.33055545,0.1431788,23.11084576,100.1063793
TUN,2012,UM,44.5724,0.1317565,23.85623348,101.5507239
TUN,2013,UM,45.06472364,-0.0619573,23.31005396,98.95495669
TUN,2014,UM,45.68505309,-0.0117935,21.53864541,96.10710386
TUN,2015,LM,46.35711181,-0.0139339,20.98144589,87.24853066
TUN,2016,LM,47.10663624,-0.0573078,20.49757102,87.09266436
TUN,2017,LM,47.8580035,0.0523774,20.04626929,95.80919798
TUN,2018,LM,48.60573117,0.1031302,19.60083374,103.8718243
TUN,2019,LM,49.38128262,0.0551904,19.43468817,102.3326147
TUN,2020,LM,50.07155123,-0.0327607,15.84557928,84.33332971
TUN,2021,LM,50.41893034,-0.0145067,15.85591503,93.63341407
TUN,2022,LM,50.551481,-0.1524479,16.31480625,116.0957944
TUN,2023,LM,50.60508388,-0.1684668,15.73686102,112.128858
TUN,2024,LM,50.53118875,-0.2393469,15.21163541,106.2985492
TUN,2025,LM,50.53118875,-0.2393469,15.21163541,106.2985492
TUN,2026,LM,50.53118875,-0.2393469,15.21163541,106.2985492
TUR,2000,UM,56.31720824,-0.2793402,22.31102479,42.3746747
TUR,2001,LM,55.4197844,-0.17783274999999998,18.07654353,49.94478307
TUR,2002,LM,54.62011001,-0.0763253,19.67164085,48.10261012
TUR,2003,LM,53.91063255,-0.1220872,20.94442405,46.36815534
TUR,2004,UM,53.27842649,0.0811852,25.64172074,48.99345754
TUR,2005,UM,52.71741146,0.04984,26.87703423,46.30883088
TUR,2006,UM,52.20028872,0.0791777,29.04253483,48.94567666
TUR,2007,UM,51.70398806,0.1916776,28.50424448,48.02746818
TUR,2008,UM,51.05705123,0.1301583,27.30510559,50.76125001
TUR,2009,UM,50.24599194,0.2313188,22.96235157,47.03913857
TUR,2010,UM,49.45485319,0.2639953,24.87828284,46.94333667
TUR,2011,UM,48.72431355,0.3221463,27.98874884,53.6515839
TUR,2012,UM,48.03714651,0.3847742,27.3995231,53.3277613
TUR,2013,UM,47.35580286,0.3007252,28.79532889,53.068353
TUR,2014,UM,46.62969946,0.4793163,29.08433332,54.30677404
TUR,2015,UM,45.94526435,0.3331512,30.01191304,51.87492526
TUR,2016,UM,45.59096954,0.2092276,30.04330846,48.87018381
TUR,2017,UM,45.49220473,0.2874577,30.2598822,56.13565852
TUR,2018,UM,45.54640158,0.0477841,30.29540326,62.82513239
TUR,2019,UM,45.95230148,0.2099076,26.46292938,62.57845893
TUR,2020,UM,46.48529509,0.070917,27.95060649,60.38985312
TUR,2021,UM,46.8236863,0.0250833,28.39209633,69.60889761
TUR,2022,UM,46.86290541,-0.0247939,30.5449887,79.89827223
TUR,2023,UM,46.71524232,-0.114085,32.87403226,65.68320847
TUR,2024,UM,46.4838487,-0.0707153,31.31572726,54.59880612
TUR,2025,UM,46.4838487,-0.0707153,30.59135607,54.59880612
TUR,2026,UM,46.4838487,-0.0707153,30.59135607,54.59880612
TUV,2000,,73.11808453,-0.7320091,,
TUV,2001,,72.6715907,-0.7320091,,
TUV,2002,,72.1774915,-0.7320091,,
TUV,2003,,71.25949479,-0.7320091,,
TUV,2004,,70.0034638,-0.7320091,,
TUV,2005,,68.70332654,-0.4029738,,
TUV,2006,,67.26546906,-0.4057775,,
TUV,2007,,65.83061889,-0.4282627,,
TUV,2008,,64.33688903,-0.4249557,,
TUV,2009,LM,62.96930986,-0.3866832,,
TUV,2010,LM,61.91275168,-0.3577668,,
TUV,2011,UM,61.18421053,-0.3590559,,
TUV,2012,UM,60.93612011,-0.5803645,,
TUV,2013,UM,60.64544393,-0.5800951,,
TUV,2014,UM,60.04662684,-0.8125506,,
TUV,2015,UM,59.61566458,-0.9871153,,
TUV,2016,UM,59.18159313,-0.986417,,
TUV,2017,UM,58.81063705,-0.7428394,,
TUV,2018,UM,58.98269999,-0.5690388,,
TUV,2019,UM,59.47249435,-0.5678253,,
TUV,2020,UM,59.7143296,-0.5712911,,
TUV,2021,UM,59.75552421,-0.4276442,,
TUV,2022,UM,60.95360825,-0.4080989,,
TUV,2023,UM,63.6,-0.5905787,,
TUV,2024,UM,65.59656652,-0.6909856,,
TUV,2025,UM,65.59656652,-0.6909856,,
TUV,2026,UM,65.59656652,-0.6909856,,
TWN,2000,H,,0.9482813,,
TWN,2001,H,,0.9498956000000001,,
TWN,2002,H,,0.9515099,,
TWN,2003,H,,1.0403412,,
TWN,2004,H,,1.1109709,,
TWN,2005,H,,1.1757809,,
TWN,2006,H,,1.0725561,,
TWN,2007,H,,1.0687537,,
TWN,2008,H,,1.0994634,,
TWN,2009,H,,1.179101,,
TWN,2010,H,,1.2392717,,
TWN,2011,H,,1.2663737,,
TWN,2012,H,,1.3078306,,
TWN,2013,H,,1.2675352,,
TWN,2014,H,,1.3549918,,
TWN,2015,H,,1.3686773,,
TWN,2016,H,,1.3582826,,
TWN,2017,H,,1.2823288,,
TWN,2018,H,,1.4392244,,
TWN,2019,H,,1.5089236,,
TWN,2020,H,,1.5585386,,
TWN,2021,H,,1.456217,,
TWN,2022,H,,1.4778316,,
TWN,2023,H,,1.5218649,,
TWN,2024,H,,1.4952103,,
TWN,2025,H,,1.4952103,,
TWN,2026,H,,1.4952103,,
TZA,2000,L,89.90827844,-0.8139186,18.76390962,23.98911515
TZA,2001,L,89.76202207,-0.7471409,19.58259814,28.03014323
TZA,2002,L,89.88836313,-0.6803632,19.2975412,27.49921727
TZA,2003,L,90.05051336,-0.7768612,21.70178819,30.44883582
TZA,2004,L,90.30977219,-0.7137614,25.67405203,33.60978674
TZA,2005,L,90.67629659,-0.5367346,28.54497165,36.95927329
TZA,2006,L,91.07673508,-0.4249643,31.50318589,42.76816647
TZA,2007,L,91.42704779,-0.4095029,33.88753209,48.05839478
TZA,2008,L,91.81985032,-0.5164704,36.06015286,49.02654455
TZA,2009,L,92.45570163,-0.460575,30.99673579,43.53260065
TZA,2010,L,92.81670611,-0.4529236,30.77056841,47.64043943
TZA,2011,L,92.60622528,-0.4921375,35.09952948,56.16612418
TZA,2012,L,92.23328083,-0.6013173,32.96444487,54.36894908
TZA,2013,L,91.75436403,-0.572305,33.95718123,48.63162753
TZA,2014,L,91.2304392,-0.4823648,33.170349,45.35602234
TZA,2015,L,90.38206984,-0.3870031,31.87113206,40.75768088
TZA,2016,L,89.30480514,-0.3515643,32.75384524,35.4204704
TZA,2017,L,88.41750882,-0.357548,35.1589886,33.11259199
TZA,2018,L,87.78102964,-0.4659659,39.04883161,32.6426099
TZA,2019,LM,87.24319789,-0.5098718,42.63047115,33.01858925
TZA,2020,LM,86.53798451,-0.4883765,40.53424427,27.9630152
TZA,2021,LM,85.73776282,-0.4868409,41.45960072,29.91518401
TZA,2022,LM,85.01823612,-0.4272502,42.82035188,35.00345171
TZA,2023,LM,84.38990117,-0.4051307,42.72681819,38.21203481
TZA,2024,LM,83.75971467,-0.2924507,41.14591298,41.51312072
TZA,2025,LM,83.75971467,-0.2924507,42.21977656,41.51312072
TZA,2026,LM,83.75971467,-0.2924507,42.21977656,41.51312072
UGA,2000,L,111.2021729,-0.5434034,19.23396461,32.74903334
UGA,2001,L,111.2095382,-0.50890155,19.04756303,35.32997678
UGA,2002,L,110.905017,-0.4743997,19.96328385,36.27779416
UGA,2003,L,110.4023311,-0.6535393,20.68332567,36.58572646
UGA,2004,L,110.0877495,-0.5475574,19.9444298,35.46008625
UGA,2005,L,109.7603058,-0.610698,22.20171675,38.99428548
UGA,2006,L,109.3064451,-0.5128808,20.92496025,43.63328579
UGA,2007,L,108.6921967,-0.4501491,21.86888229,46.77741665
UGA,2008,L,107.8851501,-0.5348749,22.74825201,56.25826821
UGA,2009,L,106.9559531,-0.485208,24.55659454,47.06387807
UGA,2010,L,105.9572371,-0.4480976,26.64901614,38.26924904
UGA,2011,L,104.9919465,-0.477397,26.38115249,39.75522556
UGA,2012,L,104.0151805,-0.5124134,25.78059744,43.50213714
UGA,2013,L,102.9609508,-0.4771163,31.46642041,43.10915487
UGA,2014,L,101.6591211,-0.3073649,26.23153291,36.01440108
UGA,2015,L,100.0319676,-0.3049149,23.26290743,37.68929833
UGA,2016,L,97.94740382,-0.378526,24.8711104,31.20936202
UGA,2017,L,95.64043587,-0.3645281,24.05242289,36.83705293
UGA,2018,L,93.56407753,-0.4963721,23.75044499,36.6384056
UGA,2019,L,91.56970782,-0.5169667,24.90245625,39.36105396
UGA,2020,L,89.70163091,-0.5765401,23.5178704,37.00069239
UGA,2021,L,88.03472187,-0.5687509,23.33958244,41.71363074
UGA,2022,L,86.64481419,-0.5149724,23.44758148,34.50530193
UGA,2023,L,85.48967243,-0.4315787,22.08436797,33.34169633
UGA,2024,L,84.26923869,-0.3501362,21.64428209,42.65278891
UGA,2025,L,84.26923869,-0.3501362,21.85643201,42.65278891
UGA,2026,L,84.26923869,-0.3501362,21.85643201,42.65278891
UKR,2000,L,45.50820315,-1.0286022,19.7447311,115.7357149
UKR,2001,L,44.46197031,-1.02295775,19.77033266,99.92612762
UKR,2002,LM,43.78279527,-1.0173133,19.20619464,95.99466981
UKR,2003,LM,43.49927256,-0.9148617,20.58120459,102.5901823
UKR,2004,LM,43.2844447,-0.7853926,22.42437294,109.9817085
UKR,2005,LM,42.92636433,-0.8795064,21.87000492,94.64757011
UKR,2006,LM,42.53773382,-0.8759033,24.38948848,89.18105264
UKR,2007,LM,42.2913225,-0.7953472,27.11947448,88.04656067
UKR,2008,LM,41.7453667,-0.825253,25.90644709,94.17189214
UKR,2009,LM,41.24491277,-0.8187084,18.31745583,87.47616262
UKR,2010,LM,40.86714676,-0.8109626,18.01621474,95.72973045
UKR,2011,LM,40.51663544,-0.8250636,18.35132206,104.8050739
UKR,2012,LM,40.83455267,-0.6959142,19.40352108,102.6227884
UKR,2013,LM,41.31667406,-0.7401478,17.31584986,94.00166945
UKR,2014,LM,42.09549058,-0.5207145,14.13604383,100.6917825
UKR,2015,LM,43.33416075,-0.5539736,13.54870699,107.8066163
UKR,2016,LM,44.48595757,-0.5158451,15.45636374,105.5212049
UKR,2017,LM,45.65577771,-0.4837223,15.77628943,104.0349829
UKR,2018,LM,46.55766114,-0.3631939,17.647267,99.19981507
UKR,2019,LM,47.2491269,-0.3729409,17.61584412,90.51123429
UKR,2020,LM,47.88463797,-0.3827228,13.36597643,79.15645238
UKR,2021,LM,48.21959873,-0.4048591,13.20475031,82.69796136
UKR,2022,LM,48.54132198,-0.6371971,11.86948786,87.39651399
UKR,2023,UM,48.92714209,-0.5803376,19.88785088,77.50961419
UKR,2024,UM,48.92250906,-0.5988431,18.4575385,77.75301133
UKR,2025,UM,48.92250906,-0.5988431,19.36493598,77.75301133
UKR,2026,UM,48.92250906,-0.5988431,19.36493598,77.75301133
UMC,2000,,51.6532057,,23.21117404,47.18234749
UMC,2001,,50.52417445,,23.59264279,46.50106556
UMC,2002,,49.2962528,,24.60421649,48.83085943
UMC,2003,,48.10725766,,25.92805268,54.04130797
UMC,2004,,46.97280693,,27.06726867,59.34942126
UMC,2005,,45.85040353,,27.18872387,60.80117701
UMC,2006,,44.96967755,,27.55923455,61.52806106
UMC,2007,,44.39273568,,27.9254828,59.7632634
UMC,2008,,43.95011274,,29.27730026,58.25036896
UMC,2009,,43.61611259,,31.46205181,48.11194182
UMC,2010,,43.37938291,,31.49260555,51.75723688
UMC,2011,,43.25990567,,32.03575953,53.14765282
UMC,2012,,43.31443586,,32.8628358,51.78702175
UMC,2013,,43.49148526,,33.39719483,50.3500253
UMC,2014,,43.76333552,,33.51549212,49.04847263
UMC,2015,,44.11475488,,33.47382891,45.52815696
UMC,2016,,44.54125662,,32.9488104,43.61911773
UMC,2017,,45.09225861,,32.87123631,44.73271157
UMC,2018,,45.60894118,,34.10334336,46.53110224
UMC,2019,,46.03536598,,34.0596094,44.61407316
UMC,2020,,46.36164152,,34.38424985,42.65679113
UMC,2021,,46.48381697,,34.48161385,47.61818055
UMC,2022,,46.52977747,,33.90133819,50.7033868
UMC,2023,,46.475277,,33.22136731,46.86571803
UMC,2024,,46.18473748,,32.65363392,47.32254662
UMC,2025,,46.18473748,,32.65363392,47.32254662
URY,2000,UM,59.81134051,0.4115084,14.31854462,36.71373815
URY,2001,UM,59.84892164,0.45835415,13.6566726,36.30951264
URY,2002,UM,59.8358582,0.5051999,12.35327221,40.02906731
URY,2003,UM,59.70331231,0.4907809,12.52072423,51.75919958
URY,2004,UM,59.4505495,0.2761452,14.36748947,61.47668809
URY,2005,UM,59.21403042,0.5531436,16.54745741,58.87769633
URY,2006,UM,58.98506863,0.5439623,18.23698775,61.97157452
URY,2007,UM,58.67087651,0.5605234,18.57768777,59.21044784
URY,2008,UM,58.30295999,0.629273,20.55333688,65.20809501
URY,2009,UM,57.88230794,0.6581432,18.74481977,53.39441927
URY,2010,UM,57.42266623,0.6600282,19.07010452,51.6990372
URY,2011,UM,56.95235983,0.5985767,19.11856764,53.24703401
URY,2012,H,56.5267544,0.4912679,22.15338355,55.06115416
URY,2013,H,56.18877095,0.4841046,21.84250323,49.71784647
URY,2014,H,55.8914702,0.6667986,21.43812281,49.08762406
URY,2015,H,55.65525308,0.6355429,19.78623652,45.32824081
URY,2016,H,55.46790356,0.5902569,16.94360844,48.47055838
URY,2017,H,55.22210429,0.4897994,16.23951151,46.3780042
URY,2018,H,54.91607601,0.5413347,14.75613492,47.79131048
URY,2019,H,54.56332253,0.6879853,14.49103088,49.74483412
URY,2020,H,54.16275095,0.7691696,15.43571945,47.73187332
URY,2021,H,53.64666428,0.8270962,17.67120248,58.31504102
URY,2022,H,53.09309163,0.8993588,18.92548573,61.0307951
URY,2023,H,52.66763186,0.8539851,17.29888173,52.91098707
URY,2024,H,52.29550262,0.6904799,16.3094353,52.46491679
URY,2025,H,52.29550262,0.6904799,15.83726616,52.46491679
URY,2026,H,52.29550262,0.6904799,15.83726616,52.46491679
USA,2000,H,50.03583314,1.8902073,23.14627949,25.10299536
USA,2001,H,49.63850278,1.9115894999999998,22.53850881,22.96718134
USA,2002,H,49.25236744,1.9329717,21.5399006,22.28637411
USA,2003,H,48.87487974,1.6606418,21.62260561,22.62731301
USA,2004,H,48.49792,1.631481,22.127737,24.44806226
USA,2005,H,48.09568294,1.6184563,22.93464084,25.63855303
USA,2006,H,47.80328114,1.5496392,23.03817363,26.9752781
USA,2007,H,47.77358207,1.5470008,22.32301439,28.01201768
USA,2008,H,47.91874248,1.5125018,21.23547261,29.86779579
USA,2009,H,48.09797159,1.426754,18.81013536,24.75953117
USA,2010,H,48.24611711,1.4295364,18.31393655,28.21989523
USA,2011,H,48.51124836,1.4578633,18.73698215,30.84248624
USA,2012,H,48.99353474,1.5288502,19.51260523,30.68183537
USA,2013,H,49.50009161,1.5525204,19.75442581,30.00795397
USA,2014,H,49.95937336,1.6003318,20.41964346,30.00447816
USA,2015,H,50.38027928,1.5727519,20.64928164,27.82356492
USA,2016,H,50.78853269,1.5920786,20.68020203,26.60796206
USA,2017,H,51.23575689,1.5989168,20.98916781,27.31302089
USA,2018,H,51.69432641,1.6426557,21.29599687,27.61037927
USA,2019,H,52.16375152,1.5492277,21.33111346,26.45375949
USA,2020,H,52.58968164,1.4026997,21.5802777,23.401563
USA,2021,H,52.95170898,1.4427774,21.29314082,25.60955766
USA,2022,H,53.3776336,1.4713232,21.3312122,27.31393974
USA,2023,H,53.90879969,1.3585237,21.37702521,25.29032979
USA,2024,H,54.4480428,1.3599787,21.34983352,25.37863425
USA,2025,H,54.4480428,1.3599787,21.34983352,25.37863425
USA,2026,H,54.4480428,1.3599787,21.34983352,25.37863425
UZB,2000,L,70.53435334,-1.1563903,22.86828849,44.05402998
UZB,2001,L,68.20687858,-1.3822082500000001,26.81867094,56.77627759
UZB,2002,L,65.83276875,-1.6080262,20.49072508,58.95452471
UZB,2003,L,63.60487062,-1.6142928,20.09447379,70.45927469
UZB,2004,L,61.50728092,-1.3575754,21.44197048,76.5956692
UZB,2005,L,59.37669066,-1.3893207,19.87766432,69.52525842
UZB,2006,L,57.16525631,-1.3757921,21.62897813,67.47129217
UZB,2007,L,55.12432314,-1.1645575,23.51330259,74.41419298
UZB,2008,L,53.44884628,-1.0113214,26.77714538,79.74799203
UZB,2009,LM,52.09945301,-0.9400214,28.351858,68.6731422
UZB,2010,LM,50.91359714,-1.1490114,21.4339605,49.2689978
UZB,2011,LM,49.86013912,-1.1231157,19.65048036,49.65428849
UZB,2012,LM,49.08045858,-1.1456714,19.83501604,44.23931913
UZB,2013,LM,48.72632225,-1.1087144,20.39851097,42.37791497
UZB,2014,LM,48.8305476,-0.6758124,20.80245452,36.35705466
UZB,2015,LM,49.33595082,-0.6172446,20.66736432,30.75619143
UZB,2016,LM,50.0611693,-0.5969381,20.20471324,29.19229704
UZB,2017,LM,50.82211314,-0.5185929,22.14948728,42.55950819
UZB,2018,LM,51.70974667,-0.5399603,28.47924948,64.1381395
UZB,2019,LM,52.76985639,-0.5008385,35.27936059,64.96392276
UZB,2020,LM,53.95112709,-0.656688,32.7303083,56.05153083
UZB,2021,LM,55.24976828,-0.3035457,30.63410973,57.4589717
UZB,2022,LM,56.52688705,-0.3830537,28.00328982,62.84125254
UZB,2023,LM,57.6444239,-0.2985744,30.94197016,66.1051443
UZB,2024,LM,58.64942921,-0.1435922,35.2972174,60.72744038
UZB,2025,LM,58.64942921,-0.1435922,34.01350116,60.72744038
UZB,2026,LM,58.64942921,-0.1435922,34.01350116,60.72744038
VCT,2000,LM,62.4522498,0.2202897,,
VCT,2001,LM,61.6247775,0.2202897,,
VCT,2002,LM,60.20777385,0.2202897,,
VCT,2003,UM,58.77655842,0.2202897,,
VCT,2004,UM,57.49979063,0.2202897,,
VCT,2005,UM,56.33254553,0.7539939,,
VCT,2006,UM,55.25079347,0.7522179,,
VCT,2007,UM,54.20670584,0.8152667,,
VCT,2008,UM,53.22449318,0.8173616,,
VCT,2009,UM,52.39329794,0.8246763,,
VCT,2010,UM,51.79739916,0.9931941,,
VCT,2011,UM,51.41935305,0.9922006,,
VCT,2012,UM,51.00124983,0.9924508,,
VCT,2013,UM,50.49127397,0.9927303,,
VCT,2014,UM,50.08304141,0.2995406,,
VCT,2015,UM,49.75777772,0.2974567,,
VCT,2016,UM,49.48975289,0.5506037,,
VCT,2017,UM,49.27456382,0.5508389,,
VCT,2018,UM,49.18177294,0.5521303,,
VCT,2019,UM,49.26418961,0.5533891,,
VCT,2020,UM,49.29051423,0.2973715,,
VCT,2021,UM,49.35157351,0.2995049,,
VCT,2022,UM,49.58223395,0.5327234,,
VCT,2023,UM,49.72219759,0.3287938,,
VCT,2024,UM,49.66011691,0.2682296,,
VCT,2025,UM,49.66011691,0.2682296,,
VCT,2026,UM,49.66011691,0.2682296,,
VEN,2000,UM,63.10734802,-1.0116408,0.0,47.85722155
VEN,2001,UM,62.15059618,-1.17870005,0.0,42.14126802
VEN,2002,UM,61.19817759,-1.3457593,0.0,48.57571065
VEN,2003,UM,60.26566166,-1.1702922,0.0,50.57700738
VEN,2004,UM,59.35485479,-1.1337191,0.0,55.3674556
VEN,2005,UM,58.51224875,-0.9904699,0.0,60.12732976
VEN,2006,UM,57.77366019,-0.9983667,0.0,58.66559156
VEN,2007,UM,57.10096205,-0.9001331,0.0,56.19909548
VEN,2008,UM,56.47673657,-0.9298126,0.0,51.82901238
VEN,2009,UM,55.89919144,-0.8357299,0.0,38.52092966
VEN,2010,UM,55.35983067,-1.0472523,0.0,46.13689352
VEN,2011,UM,54.87804179,-1.0964067,0.0,49.6381216
VEN,2012,UM,54.44598435,-0.9258987,18.20809249,50.64858388
VEN,2013,UM,54.0187231,-0.9532104,25.57377049,62.47952142
VEN,2014,H,53.60120107,-1.0075778,17.02702703,64.20744011
VEN,2015,UM,53.21998298,-1.0199503,17.45283019,60.2888461
VEN,2016,UM,53.0083098,-1.0747796,10.86350975,41.3072172
VEN,2017,UM,53.36396667,-1.1922782,8.074712644,42.58293584
VEN,2018,UM,54.59006491,-1.5959536,6.209409156,54.64506679
VEN,2019,UM,55.96382846,-1.5974656,5.585081789,58.12929033
VEN,2020,,56.48545857,-1.562144,7.020132782,26.0912345
VEN,2021,,56.27009248,-1.5198422,6.703919789,29.22634003
VEN,2022,,55.69702425,-1.5015522,4.731346474,27.89827707
VEN,2023,,55.0083324,-1.4324209,4.116625052,28.09460774
VEN,2024,,54.33579936,-1.4662497,3.797017582,26.08116576
VEN,2025,LM,54.33579936,-1.4662497,4.575011568,26.08116576
VEN,2026,LM,54.33579936,-1.4662497,4.575011568,26.08116576
VGB,2000,,44.4166964,,,
VGB,2001,,43.62870364,,,
VGB,2002,,42.03340403,,,
VGB,2003,,40.46833354,,,
VGB,2004,,39.30593607,,,
VGB,2005,,38.56423469,,,
VGB,2006,,38.17556132,,,
VGB,2007,,38.12687177,,,
VGB,2008,,38.41090986,,,
VGB,2009,,38.80361059,,,
VGB,2010,,38.81225861,,,
VGB,2011,,38.11516813,,,
VGB,2012,,37.20215219,,,
VGB,2013,,36.48613742,,,
VGB,2014,,36.02112821,,,
VGB,2015,H,35.5893566,,,
VGB,2016,H,35.63278216,,,
VGB,2017,H,35.67901747,,,
VGB,2018,H,34.94529455,,,
VGB,2019,H,34.34846807,,,
VGB,2020,H,33.91028415,,,
VGB,2021,H,33.4415699,,,
VGB,2022,H,32.88597586,,,
VGB,2023,H,32.17385408,,,
VGB,2024,H,31.77751068,,,
VGB,2025,H,31.77751068,,,
VGB,2026,H,31.77751068,,,
VIR,2000,H,52.75582801,0.6448107,,283.1698345
VIR,2001,H,52.34947368,0.6448107,,283.1698345
VIR,2002,H,51.96487592,0.6448107,,283.1698345
VIR,2003,H,51.61177638,0.6448107,,362.9683416
VIR,2004,H,51.37466157,0.6448107,,435.1593363
VIR,2005,H,51.14558073,1.2500659,,503.2068654
VIR,2006,H,50.9226377,1.2471197,,552.1186441
VIR,2007,H,50.91661327,1.2515751,,560.367893
VIR,2008,H,51.16444469,1.2550503,,863.195099
VIR,2009,H,51.74769377,1.2671846,,508.4027612
VIR,2010,H,52.57036651,1.2694874,,586.4014801
VIR,2011,H,53.58758705,1.2681327,,679.2327729
VIR,2012,H,54.76132576,1.2684739,,157.1777941
VIR,2013,H,55.98804557,1.268855,,142.2418406
VIR,2014,H,57.26697571,1.4563681,,164.2917251
VIR,2015,H,58.25950251,1.4535264,,84.76658477
VIR,2016,H,58.84056258,1.4545142,,113.2964718
VIR,2017,H,59.25804967,0.7664249,,157.6963627
VIR,2018,H,59.58389262,0.7681859,,159.2403773
VIR,2019,H,59.89566938,0.7699023,,155.4234409
VIR,2020,H,60.39899798,0.4207953,,113.5965949
VIR,2021,H,61.15136386,0.4237045,,180.2973153
VIR,2022,H,62.12990449,0.3748592,,205.6292808
VIR,2023,H,63.29846843,0.37603,,205.6292808
VIR,2024,H,64.4379677,0.3747914,,205.6292808
VIR,2025,H,64.4379677,0.3747914,,205.6292808
VIR,2026,H,64.4379677,0.3747914,,205.6292808
VNM,2000,L,59.94982211,-0.6960312,27.6468031,111.4170944
VNM,2001,L,57.96489026,-0.70519325,29.15072876,111.955938
VNM,2002,L,56.23464548,-0.7143553,31.13845327,116.6968687
VNM,2003,L,54.65638726,-0.6782287,33.35403615,124.3279544
VNM,2004,L,53.05474143,-0.6498715,33.25397347,133.0164979
VNM,2005,L,51.34121547,-0.4528703,31.27359817,130.714846
VNM,2006,L,49.54607863,-0.4177643,31.36397677,138.3136219
VNM,2007,L,47.87987836,-0.4295851,35.10690433,154.605384
VNM,2008,L,46.42942105,-0.3687546,31.80520121,154.3174796
VNM,2009,LM,45.17109676,-0.3193011,33.85713393,134.7063177
VNM,2010,LM,44.15539369,-0.3572817,35.15968653,113.9776875
VNM,2011,LM,43.42950951,-0.3408009,30.56940665,125.2605779
VNM,2012,LM,43.05745995,-0.3349164,28.65273279,123.2241167
VNM,2013,LM,43.06537992,-0.3212997,28.30278453,130.8463549
VNM,2014,LM,43.3734893,0.0813258,28.40470203,135.4105215
VNM,2015,LM,43.76813253,0.0996825,30.17672554,144.9142282
VNM,2016,LM,44.38523019,0.0543506,29.89385935,145.409508
VNM,2017,LM,45.32218186,0.070354,30.54476491,160.9800837
VNM,2018,LM,46.12335213,0.018463,30.34149307,164.6639368
VNM,2019,LM,46.60543162,0.0409358,30.36256754,164.704215
VNM,2020,LM,46.96413614,0.0679668,30.27781764,163.2458628
VNM,2021,LM,47.23929826,0.0482402,31.03485512,186.6758328
VNM,2022,LM,47.41636476,-0.1033176,30.56584129,183.1536191
VNM,2023,LM,47.55141316,-0.1794045,30.12930212,164.8180713
VNM,2024,LM,47.64765103,-0.0922968,29.04295402,173.8620248
VNM,2025,UM,47.64765103,-0.0922968,29.20549708,173.8620248
VNM,2026,UM,47.64765103,-0.0922968,29.20549708,173.8620248
VUT,2000,LM,84.30076676,-0.314791,19.17950909,87.15579178
VUT,2001,LM,82.42770923,-0.314791,18.35912487,87.77214514
VUT,2002,LM,80.60619473,-0.314791,18.99707274,91.69972369
VUT,2003,LM,78.82874857,-0.314791,16.23162004,91.56798959
VUT,2004,LM,77.14007698,-0.314791,22.56206651,98.7059775
VUT,2005,LM,75.5484849,0.2782634,23.41475851,100.1738203
VUT,2006,LM,74.07950853,0.2761804,27.51640575,89.54146181
VUT,2007,LM,72.80437329,-0.0658407,31.88022231,90.1716511
VUT,2008,LM,71.80500659,0.0272666,40.35380786,105.7748526
VUT,2009,LM,71.09805767,-0.0038645,39.92601609,108.4891791
VUT,2010,LM,70.78219979,0.1082686,35.36371469,103.8233122
VUT,2011,LM,70.84885867,0.1073108,26.91096437,96.99876642
VUT,2012,LM,71.17831547,0.087697,23.34507347,104.4516297
VUT,2013,LM,71.74769862,0.0879664,16.3948887,106.4107571
VUT,2014,LM,72.46315343,-0.48966,14.99461005,105.1993183
VUT,2015,LM,73.19933871,-0.7359427,23.2351837,108.7586657
VUT,2016,LM,73.90704096,-0.735365,25.49150892,106.3519353
VUT,2017,LM,74.55344272,-0.7351774,25.79530572,105.5265737
VUT,2018,LM,75.08823186,-0.4375039,20.63709359,110.6796598
VUT,2019,LM,75.46753684,-0.6963905,14.21005961,99.38296882
VUT,2020,LM,75.63765016,-0.757826,16.36453471,69.91489483
VUT,2021,LM,75.61462939,-0.8022922,15.14592138,59.95212597
VUT,2022,LM,75.39359711,-0.8025484,19.22075381,63.59961217
VUT,2023,LM,74.92206821,-0.8432371,20.61092975,63.59961217
VUT,2024,LM,74.24513056,-0.8168523,24.3684983,63.59961217
VUT,2025,LM,74.24513056,-0.8168523,24.3684983,63.59961217
VUT,2026,LM,74.24513056,-0.8168523,24.3684983,63.59961217
WLD,2000,,60.79672911,,24.07869331,50.30420441
WLD,2001,,60.07374515,,23.57454053,49.17653841
WLD,2002,,59.35096841,,22.91279603,49.19346403
WLD,2003,,58.65299833,,22.98869728,50.84730579
WLD,2004,,57.96205471,,23.33718829,54.40247796
WLD,2005,,57.27911168,,23.79867878,56.44754778
WLD,2006,,56.69516616,,24.14342596,58.59055353
WLD,2007,,56.22665146,,24.38473423,58.96637547
WLD,2008,,55.83208781,,24.40064023,60.5698143
WLD,2009,,55.50909093,,23.63884225,52.08099002
WLD,2010,,55.22854391,,23.5459571,56.41594687
WLD,2011,,55.03274168,,24.06918499,59.53711056
WLD,2012,,54.96739314,,24.54046377,59.35025072
WLD,2013,,54.9752893,,24.72457601,58.70788618
WLD,2014,,55.02723092,,24.92735618,58.13001875
WLD,2015,,55.09192104,,25.16384757,55.73498581
WLD,2016,,55.15381063,,25.07761819,53.9114216
WLD,2017,,55.26045455,,25.32915856,55.58824729
WLD,2018,,55.36166422,,25.81170928,57.12411973
WLD,2019,,55.42491282,,25.95469922,55.90911273
WLD,2020,,55.42353626,,26.06100579,51.97336286
WLD,2021,,55.3157367,,26.17334141,56.71048142
WLD,2022,,55.16654375,,26.10509467,62.42166647
WLD,2023,,54.99571011,,25.98278466,58.19817324
WLD,2024,,54.74479985,,25.61624319,56.75814391
WLD,2025,,54.74479985,,25.61624319,56.75814391
WSM,2000,LM,81.65775134,-0.2793718,31.5721407,87.91997114
WSM,2001,LM,82.26660298,-0.2792462,31.5721407,87.91997114
WSM,2002,LM,82.06231557,-0.2791206,31.5721407,87.91997114
WSM,2003,LM,81.13528245,-0.2919728,31.5721407,76.27214877
WSM,2004,LM,80.46256552,-0.2730692,31.5721407,72.52937031
WSM,2005,LM,79.828805,0.0808821,31.5721407,76.22474427
WSM,2006,LM,79.12455985,0.0080041,31.5721407,82.46919384
WSM,2007,LM,78.22691821,-0.008701,31.5721407,83.20220418
WSM,2008,LM,77.33531091,-0.006244,31.5721407,73.88642706
WSM,2009,LM,76.73027943,-0.0183815,31.5721407,75.97939216
WSM,2010,LM,76.43461728,-0.0602476,13.26988618,78.56980168
WSM,2011,LM,76.38804591,-0.0422035,36.59569488,81.60095501
WSM,2012,LM,75.98516873,-0.042004,39.33883156,82.73397948
WSM,2013,LM,75.43356693,0.0167872,7.090895844,77.87775174
WSM,2014,LM,75.29202485,0.6297671,36.25847744,80.50077404
WSM,2015,LM,75.25013028,0.6281051,34.85029854,74.63435456
WSM,2016,UM,75.38934903,0.8251774,34.61368227,75.21181717
WSM,2017,UM,75.93528384,0.8254042,31.1668539,74.01108503
WSM,2018,UM,76.63396329,0.8266492,32.28913672,78.93496762
WSM,2019,UM,77.39415003,0.5845121,32.62263728,83.33108204
WSM,2020,LM,78.24200222,0.5102513,32.57922399,77.48480062
WSM,2021,LM,78.98658718,0.512308,32.23250413,59.76977919
WSM,2022,LM,79.66947667,0.2181469,30.17138894,60.84777965
WSM,2023,LM,79.96461559,0.419559,30.91626289,80.84051252
WSM,2024,UM,79.67825413,0.4344899,27.81664534,79.52414618
WSM,2025,UM,79.67825413,0.4344899,28.77967684,79.52414618
WSM,2026,UM,79.67825413,0.4344899,28.77967684,79.52414618
XKX,2000,,70.46205089,-0.4671323,29.76445324,76.73074308
XKX,2001,,67.28346779,-0.4671323,29.76445324,76.73074308
XKX,2002,,64.04405923,-0.4671323,29.76445324,76.73074308
XKX,2003,,61.12892184,-0.4671323,29.76445324,76.73074308
XKX,2004,,58.74710967,-0.4671323,29.76445324,76.73074308
XKX,2005,,56.85377053,-0.4671323,29.76445324,76.73074308
XKX,2006,,55.45656194,-0.4671323,29.76445324,76.73074308
XKX,2007,,54.63248671,-0.4501384,29.76445324,76.73074308
XKX,2008,LM,54.11694128,-0.3696506,29.76445324,76.73074308
XKX,2009,LM,53.70196388,-0.357306,30.73513734,77.7553767
XKX,2010,LM,53.37779554,-0.7120597,31.0111908,82.17747997
XKX,2011,LM,52.72218856,-0.6225462,31.15816312,86.15174947
XKX,2012,LM,51.66954961,-0.5003296,30.69589104,81.36391626
XKX,2013,LM,50.82129179,-0.5481894,29.16115529,75.10348366
XKX,2014,LM,50.4491592,-0.290095,27.50480508,77.07605216
XKX,2015,LM,50.31146167,-0.339766,28.26708548,74.02044225
XKX,2016,LM,49.42342836,-0.3482057,28.01159663,75.01881231
XKX,2017,LM,47.91578057,-0.3439391,29.95952462,80.41013735
XKX,2018,UM,46.8838733,-0.3269129,31.71126944,86.31508467
XKX,2019,UM,46.38599322,-0.3265902,31.04263898,85.75340851
XKX,2020,UM,45.60548472,-0.3716021,29.70619065,75.60801713
XKX,2021,UM,44.97641599,-0.1579456,32.88072507,98.63843049
XKX,2022,UM,44.90072217,-0.0237723,32.50480821,110.0120316
XKX,2023,UM,44.7976993,0.0092568,31.48051233,109.9518516
XKX,2024,UM,44.47727841,-0.061295,31.64539045,113.789652
XKX,2025,UM,44.47727841,-0.061295,31.64539045,113.789652
XKX,2026,UM,44.47727841,-0.061295,31.64539045,113.789652
YEM,2000,L,107.4605443,-1.1141214,18.9276616,75.43883864
YEM,2001,L,105.4632866,-1.17210745,19.56042383,70.89239798
YEM,2002,L,103.4417597,-1.2300935,18.48385017,74.73045586
YEM,2003,L,101.4355125,-1.2351091,20.72666583,74.3826166
YEM,2004,L,99.43648224,-1.2062033,20.27969682,71.84667401
YEM,2005,L,97.17849795,-1.0249781,18.52961866,76.77328568
YEM,2006,L,94.75727314,-0.8222087,16.3837696,82.07616266
YEM,2007,L,92.4209902,-0.8121396,17.194296,79.12342059
YEM,2008,L,90.1589412,-0.8114389,15.41591092,81.24471885
YEM,2009,LM,88.0489446,-1.0025363,13.54481416,68.07139101
YEM,2010,LM,86.13627617,-1.0335936,11.66106837,64.38563678
YEM,2011,LM,84.51416462,-1.1690203,5.500512186,63.05945795
YEM,2012,LM,83.18923179,-1.1932888,8.704292653,61.36163718
YEM,2013,LM,82.08927613,-1.1173743,8.105774511,52.51187814
YEM,2014,LM,81.12757565,-1.4175217,6.698251022,48.24304051
YEM,2015,LM,80.3078546,-1.5567828,1.656332242,30.36765908
YEM,2016,LM,79.66702997,-1.647243,1.429246597,31.08154429
YEM,2017,L,79.16409848,-1.7355866,2.072285225,42.96990467
YEM,2018,L,78.78888526,-1.9357427,6.176710784,56.07782272
YEM,2019,L,78.45078509,-1.9649799,6.176710784,56.07782272
YEM,2020,L,78.24903193,-2.0039308,6.176710784,56.07782272
YEM,2021,L,78.16817667,-1.9786346,6.176710784,56.07782272
YEM,2022,L,77.97436366,-1.799293,6.176710784,56.07782272
YEM,2023,L,77.72609332,-1.8878464,6.176710784,56.07782272
YEM,2024,L,77.4668982,-1.8727982,6.176710784,56.07782272
YEM,2025,L,77.4668982,-1.8727982,6.176710784,56.07782272
YEM,2026,L,77.4668982,-1.8727982,6.176710784,56.07782272
YUG,2000,LM,,,,
YUG,2001,LM,,,,
YUG,2002,LM,,,,
YUG,2003,LM,,,,
YUG,2004,LM,,,,
YUG,2005,LM,,,,
YUG,2006,,,,,
YUG,2007,,,,,
YUG,2008,,,,,
YUG,2009,,,,,
YUG,2010,,,,,
YUG,2011,,,,,
YUG,2012,,,,,
YUG,2013,,,,,
YUG,2014,,,,,
YUG,2015,,,,,
YUG,2016,,,,,
YUG,2017,,,,,
YUG,2018,,,,,
YUG,2019,,,,,
YUG,2020,,,,,
YUG,2021,,,,,
YUG,2022,,,,,
YUG,2023,,,,,
YUG,2024,,,,,
YUG,2025,,,,,
YUG,2026,,,,,
YUGf,2000,,,,,
YUGf,2001,,,,,
YUGf,2002,,,,,
YUGf,2003,,,,,
YUGf,2004,,,,,
YUGf,2005,,,,,
YUGf,2006,,,,,
YUGf,2007,,,,,
YUGf,2008,,,,,
YUGf,2009,,,,,
YUGf,2010,,,,,
YUGf,2011,,,,,
YUGf,2012,,,,,
YUGf,2013,,,,,
YUGf,2014,,,,,
YUGf,2015,,,,,
YUGf,2016,,,,,
YUGf,2017,,,,,
YUGf,2018,,,,,
YUGf,2019,,,,,
YUGf,2020,,,,,
YUGf,2021,,,,,
YUGf,2022,,,,,
YUGf,2023,,,,,
YUGf,2024,,,,,
YUGf,2025,,,,,
YUGf,2026,,,,,
ZAF,2000,UM,65.70270523,0.4728977,14.387055,46.22072174
ZAF,2001,LM,63.54386091,0.45100965,14.36330646,49.17094519
ZAF,2002,LM,61.40677841,0.4291216,14.0272853,53.46550163
ZAF,2003,LM,59.45525216,0.4573859,14.65691258,45.72386257
ZAF,2004,UM,57.85877215,0.4701653,15.16723896,45.64357522
ZAF,2005,UM,56.65103797,0.4932407,15.8783049,47.4277814
ZAF,2006,UM,55.68531128,0.382498,17.36553956,53.76814127
ZAF,2007,UM,54.84779105,0.3321647,19.02161631,57.12513914
ZAF,2008,UM,54.19906046,0.3051168,21.61482222,65.9745238
ZAF,2009,UM,53.66699386,0.3762598,19.49086497,49.58753533
ZAF,2010,UM,53.02351831,0.2719786,17.56163572,50.40608716
ZAF,2011,UM,52.36100429,0.3051973,17.80936918,54.63635044
ZAF,2012,UM,51.86550724,0.3162949,17.93493345,55.58261719
ZAF,2013,UM,51.46003027,0.3334887,18.57871221,58.87502763
ZAF,2014,UM,51.1390116,0.331414,18.30119874,59.49957406
ZAF,2015,UM,50.77981422,0.2444848,18.00895329,56.72667614
ZAF,2016,UM,51.0589577,0.2013163,17.44150362,55.8612575
ZAF,2017,UM,51.26678854,0.2227717,16.39880518,53.53593183
ZAF,2018,UM,50.67742758,0.148105,15.92216748,54.48554513
ZAF,2019,UM,50.09433937,0.1893815,15.46898966,53.89799641
ZAF,2020,UM,49.49614179,0.0953251,13.79836054,50.75965908
ZAF,2021,UM,48.9162852,0.0420935,13.10987863,56.16471363
ZAF,2022,UM,48.55046604,-0.0015597,14.18248514,64.9471344
ZAF,2023,UM,48.36793447,-0.18467,14.93471266,65.67987597
ZAF,2024,UM,48.31141734,-0.2259135,14.52173623,61.64677047
ZAF,2025,UM,48.31141734,-0.2259135,13.87893074,61.64677047
ZAF,2026,UM,48.31141734,-0.2259135,13.87893074,61.64677047
ZMB,2000,L,101.547535,-1.3518124,25.89473122,60.38746899
ZMB,2001,L,100.4963288,-1.2076745,25.89473122,64.66828271
ZMB,2002,L,99.43094109,-1.0635366,25.89473122,64.916497
ZMB,2003,L,98.47540189,-1.2111566,25.89473122,62.31284468
ZMB,2004,L,97.60306316,-1.0241145,25.89473122,70.81307493
ZMB,2005,L,96.77153027,-0.9222126,25.89473122,62.20028219
ZMB,2006,L,95.92597893,-0.9621106,25.89473122,57.85681887
ZMB,2007,L,95.09374762,-0.8891345,25.89473122,65.77145869
ZMB,2008,L,94.24832795,-0.8077746,25.89473122,59.45488912
ZMB,2009,L,93.41372842,-0.7010667,25.89473122,56.12138096
ZMB,2010,LM,92.62723546,-0.7193465,25.89473122,65.01470252
ZMB,2011,LM,91.94376572,-0.5109032,27.97470066,72.79543244
ZMB,2012,LM,91.24801217,-0.5002823,23.8778546,75.36770986
ZMB,2013,LM,90.41536253,-0.5312299,25.80039833,80.45624102
ZMB,2014,LM,89.42766688,-0.4462427,31.03771133,76.19349973
ZMB,2015,LM,88.38199832,-0.529713,38.45313887,79.86526876
ZMB,2016,LM,87.27264252,-0.5286172,36.42059057,73.95856125
ZMB,2017,LM,86.08802791,-0.4632759,38.80725651,71.58569465
ZMB,2018,LM,84.88484383,-0.5019925,35.05759891,74.88836953
ZMB,2019,LM,83.63371371,-0.6197185,35.75661838,68.79120494
ZMB,2020,LM,82.29107547,-0.7343493,29.82285065,79.20684941
ZMB,2021,L,80.89781708,-0.7266708,28.51049734,86.20851119
ZMB,2022,LM,79.51647008,-0.5899419,25.10432524,69.29731542
ZMB,2023,LM,78.10699209,-0.5628206,26.43740951,78.24188705
ZMB,2024,LM,76.69124074,-0.5330555,21.60321581,62.53488741
ZMB,2025,LM,76.69124074,-0.5330555,21.60321581,62.53488741
ZMB,2026,LM,76.69124074,-0.5330555,21.60321581,62.53488741
ZWE,2000,L,82.78282022,-0.7777133,11.79920069,74.07089232
ZWE,2001,L,81.55637515,-0.8146465,12.11886591,67.89809387
ZWE,2002,L,81.00789611,-0.8515797,10.17296403,66.80981837
ZWE,2003,L,81.1534991,-0.9477376,13.81205828,70.45196754
ZWE,2004,L,81.60916519,-0.9672447,5.108892141,76.03942498
ZWE,2005,L,82.20281887,-1.2871277,2.001476143,76.04306864
ZWE,2006,L,82.5129279,-1.4271357,2.226098132,82.82003029
ZWE,2007,L,82.7732704,-1.3401672,5.080504273,84.1682799
ZWE,2008,L,83.4642159,-1.5872219,3.287686736,109.5235401
ZWE,2009,L,84.4783865,-1.5538378,9.929426363,61.77649097
ZWE,2010,L,85.67067996,-1.4654938,17.01147517,83.12340479
ZWE,2011,L,86.79895385,-1.3735719,14.63427599,89.46594372
ZWE,2012,L,87.85942105,-1.3576116,12.14850936,74.16270038
ZWE,2013,L,88.6378275,-1.2974962,9.18157664,58.65607371
ZWE,2014,L,88.92757091,-1.2009532,9.608828279,54.67175925
ZWE,2015,L,88.83635789,-0.9412802,9.995869475,56.74965266
ZWE,2016,L,88.32752798,-0.9135411,9.808237168,51.21903766
ZWE,2017,L,87.51235209,-0.9584327,11.39934192,55.02831783
ZWE,2018,LM,86.51683985,-1.0473123,11.04825626,54.55031659
ZWE,2019,LM,85.44790583,-1.1049584,7.002647613,46.10654427
ZWE,2020,LM,84.38438064,-1.1252829,6.756901378,40.17840622
ZWE,2021,LM,83.38495332,-1.0994958,8.52563704,44.11455949
ZWE,2022,LM,82.54760546,-1.0997627,7.605487065,55.06735225
ZWE,2023,LM,81.62535176,-0.9884796,9.675501951,40.2912612
ZWE,2024,LM,80.10041179,-0.9876299,7.929588986,41.48653127
ZWE,2025,LM,80.10041179,-0.9876299,7.929588986,41.48653127
ZWE,2026,LM,80.10041179,-0.9876299,7.929588986,41.48653127
