Code,spell_id,spell_group,start,stop,event,Year,TFP,GE,AGEDEP,IND,TO,CREDIT,ECI
AGO,AGO_1,LM,0,1,0,2004,0.919392,-1.3754275,92.30377474,4.679179848,90.38603847,22.27492802,-0.788
AGO,AGO_1,LM,1,2,0,2005,1.021288,-1.3754275,92.07169966,3.895781992,95.34145929,22.27492802,-0.995
AGO,AGO_1,LM,2,3,0,2006,1.1029571,-1.3754275,91.89664781,3.661849599,84.62460412,22.27492802,-1.215
AGO,AGO_1,LM,3,4,0,2007,1.2118402,-1.3754275,91.7757132,3.442696492,97.2256307,22.27492802,-1.349
AGO,AGO_1,LM,4,5,0,2008,1.2687297,-1.3238188,91.74374437,3.532351396,108.6804087,22.27492802,-0.892
AGO,AGO_1,LM,5,6,0,2009,1.2030499,-1.0974384,91.78354687,4.975453095,102.2631833,22.27492802,-0.489
AGO,AGO_1,LM,6,7,1,2010,1.2055238,-0.9515013,91.82838662,4.487228855,90.99406314,22.27492802,-1.099
AGO,AGO_2,UM,0,1,0,2011,1.185355,-1.0097747,91.85690272,4.178085058,89.03694434,22.27492802,-1.131
AGO,AGO_2,UM,1,2,0,2012,1.2290515,-1.0191994,91.899377,4.361918025,81.93947855,22.27492802,-1.431
AGO,AGO_2,UM,2,3,0,2013,1.2384452,-1.0286328,91.94970355,4.779643734,77.34980137,22.27492802,-1.431
AGO,AGO_2,UM,3,4,0,2014,1.2499924,-0.9400114,92.05056189,4.726180924,69.58014245,22.27492802,-1.431
AGO,AGO_2,UM,4,5,0,2015,1.218221,-0.9378237,92.1805019,5.240515596,54.97938088,22.27492802,-0.544
AGO,AGO_3,LM,0,1,0,2016,1.156446,-0.9493847,92.18800411,5.782788995,47.01556614,18.3180075,-0.559
AGO,AGO_3,LM,1,2,0,2017,1.1367621,-0.9681157,92.07155429,5.728969445,45.66434235,14.63025796,-0.988
AGO,AGO_3,LM,2,3,0,2018,1.105635,-0.9784602,91.90276941,5.340746295,58.91648008,13.1109176,-1.431
AGO,AGO_3,LM,3,4,0,2019,1.0791695,-0.9116965,91.64703963,5.411448772,60.71482433,13.39560287,-1.101
AGO,AGO_3,LM,4,5,0,2020,1.0198766,-1.0163604,91.3698275,6.097457182,54.34422868,11.37655908,-1.117
AGO,AGO_3,LM,5,6,0,2021,1.0,-0.9347008,91.03639831,6.19373756,61.52621367,8.844301746,-1.088
AGO,AGO_3,LM,6,7,0,2022,1.004963,-0.8325718,90.58951186,6.716478137,55.25477327,7.24834771,-0.947
AGO,AGO_3,LM,7,8,0,2023,0.99647456,-0.8287026,90.05522528,7.400666244,53.03348363,7.645733744,-1.161
AGO,AGO_3,LM,8,9,0,2024,0.99647456,-0.7851909,89.40608064,6.576162598,50.84223056,7.24834771,-0.768
AGO,AGO_3,LM,9,10,0,2025,0.99647456,-0.7851909,89.40608064,6.79262097,50.84223056,7.24834771,-0.768
AGO,AGO_3,LM,10,11,0,2026,0.99647456,-0.7851909,89.40608064,6.79262097,50.84223056,7.24834771,-0.768
ALB,ALB_1,LM,0,1,0,2000,0.878024,-1.1093724,58.59772903,4.711459153,61.60926104,37.3109373,-0.262
ALB,ALB_1,LM,1,2,0,2001,0.878024,-0.8832389,57.8351706,4.339241272,64.24744626,37.3109373,-0.295
ALB,ALB_1,LM,2,3,0,2002,0.878024,-0.6571054,56.73670221,4.307757976,65.99146503,37.3109373,-0.194
ALB,ALB_1,LM,3,4,0,2003,0.878024,-0.6637265,55.61399781,4.343207119,64.8232151,37.3109373,-0.101
ALB,ALB_1,LM,4,5,0,2004,0.878024,-0.4499559,54.52112291,4.474331529,65.03793832,37.3109373,-0.122
ALB,ALB_1,LM,5,6,0,2005,0.878024,-0.6979427,53.44354077,4.794124735,69.11629266,37.3109373,-0.134
ALB,ALB_1,LM,6,7,0,2006,0.878024,-0.6153929,52.41323532,5.309709539,72.20190895,37.3109373,-0.279
ALB,ALB_1,LM,7,8,0,2007,0.878024,-0.5171955,51.4388392,5.731781571,79.91190089,37.3109373,-0.296
ALB,ALB_1,LM,8,9,1,2008,0.9342478,-0.4824716,50.47596292,5.422752704,75.24854728,37.3109373,0.351
ALB,ALB_2,UM,0,1,0,2009,0.9510185,-0.2900014,49.46272901,5.656708948,73.32135756,37.3109373,0.357
ALB,ALB_2,UM,1,2,0,2010,1.0140753,-0.2964483,48.40341392,5.960640217,75.53253297,38.56672221,-0.374
ALB,ALB_3,LM,0,1,1,2011,1.0997525,-0.2490677,47.39391652,6.192222426,80.69899853,40.89041911,-0.465
ALB,ALB_4,UM,0,1,0,2012,0.99252456,-0.3393566,46.63056142,5.37937813,76.96835832,41.04892897,-0.3
ALB,ALB_4,UM,1,2,0,2013,1.0029777,-0.3564184,46.22948913,5.747654228,75.75061856,39.72199576,-0.264
ALB,ALB_4,UM,2,3,0,2014,1.0847216,0.0801175,46.09907972,5.907101717,75.02120231,39.06036961,-0.402
ALB,ALB_4,UM,3,4,0,2015,1.0457238,0.1835585,46.0636825,6.27591543,71.27944766,36.88088022,-0.505
ALB,ALB_4,UM,4,5,0,2016,0.98269004,0.1974461,46.04186419,6.303405541,74.01445045,36.20986353,-0.428
ALB,ALB_4,UM,5,6,0,2017,0.9728377,0.256049,46.17477818,6.516401133,76.78738179,34.13246524,-0.331
ALB,ALB_4,UM,6,7,0,2018,0.9606835,0.2684643,46.50893245,6.708115065,75.69407837,32.50735868,-0.257
ALB,ALB_4,UM,7,8,0,2019,0.94389987,0.0266494,47.04237531,6.967485863,75.38212893,33.72559551,-0.292
ALB,ALB_4,UM,8,9,0,2020,0.96712697,0.0187103,47.68647127,7.069412463,59.52069944,37.71933343,-0.24
ALB,ALB_4,UM,9,10,0,2021,1.0,0.1116368,48.44160172,6.918296958,75.59040409,36.43416869,-0.22
ALB,ALB_4,UM,10,11,0,2022,0.99581844,0.1929668,49.25104634,7.504616345,84.69804359,33.79123815,-0.279
ALB,ALB_4,UM,11,12,0,2023,1.0222416,0.293429,50.02392582,7.203061146,82.3524934,32.46656721,-0.156
ALB,ALB_4,UM,12,13,0,2024,1.0222416,0.3123437,50.97429383,6.505973638,79.45463608,34.12608986,0.032
ALB,ALB_4,UM,13,14,0,2025,1.0222416,0.3123437,50.97429383,6.034119771,79.45463608,34.12608986,0.032
ALB,ALB_4,UM,14,15,0,2026,1.0222416,0.3123437,50.97429383,6.034119771,79.45463608,34.12608986,0.032
ARG,ARG_1,UM,0,1,0,2000,1.1124005,0.0107824,60.8399424,16.49427194,36.39587023,23.89473362,0.662
ARG,ARG_1,UM,1,2,0,2001,1.0689996,-0.10723675,60.44208877,16.09322588,36.39587023,20.83357465,0.607
ARG,ARG_1,UM,2,3,0,2002,0.97789836,-0.2252559,60.01001815,20.34777391,41.75272436,15.3318584,0.577
ARG,ARG_1,UM,3,4,0,2003,1.0420003,-0.1358752,59.51577206,22.48675059,40.64474803,10.76270592,0.551
ARG,ARG_1,UM,4,5,0,2004,1.0872892,-0.023834,58.99088086,18.93701362,40.69264611,9.682518196,0.538
ARG,ARG_1,UM,5,6,0,2005,1.1313851,0.013348,58.48853172,18.34041594,40.55127097,10.65349292,0.584
ARG,ARG_1,UM,6,7,0,2006,1.176056,0.0518902,58.00035267,17.87779386,40.43347987,11.91026166,0.553
ARG,ARG_1,UM,7,8,0,2007,1.2184323,0.0008549,57.50504346,17.04741545,40.94517062,13.09854135,0.532
ARG,ARG_1,UM,8,9,0,2008,1.2148551,-0.0710406,57.07418767,16.5383661,40.40267338,12.31394671,0.575
ARG,ARG_1,UM,9,10,0,2009,1.131392,-0.0584799,56.73568577,15.58377727,36.39587023,12.41620754,0.482
ARG,ARG_1,UM,10,11,0,2010,1.198247,0.0072363,56.45214211,15.84486081,36.39587023,12.69010625,0.453
ARG,ARG_1,UM,11,12,0,2011,1.2175671,0.0717304,56.27395376,15.85069839,36.39587023,14.00871512,0.427
ARG,ARG_1,UM,12,13,0,2012,1.1764957,0.0013935,56.1467748,15.21680091,36.39587023,15.21281502,0.417
ARG,ARG_1,UM,13,14,1,2013,1.1721092,-0.0162575,56.04870447,15.01105426,36.39587023,15.72909201,0.411
ARG,ARG_2,UM,0,1,0,2015,1.1200236,0.1187015,56.05228915,14.18158545,36.39587023,14.41423304,0.367
ARG,ARG_2,UM,1,2,1,2016,1.1064203,0.3427634,56.04617213,13.48802597,36.39587023,13.66763343,0.179
ARG,ARG_3,UM,0,1,0,2018,1.0631099,0.257748,55.85292541,14.0601434,36.39587023,15.21806329,0.068
ARG,ARG_3,UM,1,2,0,2019,1.0276719,0.2629574,55.5931802,13.54083907,36.39587023,14.47762924,0.063
ARG,ARG_3,UM,2,3,0,2020,0.9987635,0.148927,55.02079689,14.59052951,36.39587023,15.74648977,0.022
ARG,ARG_3,UM,3,4,0,2021,1.0,0.1125651,54.21952444,15.55841698,36.39587023,13.26442898,-0.108
ARG,ARG_3,UM,4,5,0,2022,1.0393263,0.1085858,53.33854639,16.41656862,36.39587023,12.88910093,-0.011
ARG,ARG_3,UM,5,6,0,2023,0.9665904,0.0614731,52.42433668,16.52555002,36.39587023,15.35708234,0.011
ARG,ARG_3,UM,6,7,0,2024,0.9665904,0.1837479,51.560957,15.18504581,36.39587023,15.11767784,-0.053
ARG,ARG_3,UM,7,8,0,2025,0.9665904,0.1837479,51.560957,13.58365705,36.39587023,17.59829274,-0.053
ARG,ARG_3,UM,8,9,0,2026,0.9665904,0.1837479,51.560957,13.58365705,36.39587023,17.59829274,-0.053
ARM,ARM_1,LM,0,1,0,2002,0.878024,-0.2957267,51.07035314,9.424758532,73.98450184,24.85492197,0.554
ARM,ARM_1,LM,1,2,0,2003,0.878024,-0.3023479,50.0136226,9.424758532,80.0513676,24.85492197,0.453
ARM,ARM_1,LM,2,3,0,2004,0.878024,-0.1956257,48.99193064,9.424758532,73.07063399,24.85492197,0.478
ARM,ARM_1,LM,3,4,0,2005,0.878024,-0.2233106,47.81930747,9.424758532,70.13973858,24.85492197,0.332
ARM,ARM_1,LM,4,5,0,2006,0.878024,-0.239965,46.48622315,9.424758532,61.03013798,24.85492197,0.263
ARM,ARM_1,LM,5,6,0,2007,0.90384626,-0.3655469,45.13055402,9.424758532,56.97504709,24.85492197,0.724
ARM,ARM_1,LM,6,7,0,2008,0.878024,-0.2999247,44.02614313,9.424758532,54.54232796,24.85492197,0.359
ARM,ARM_1,LM,7,8,0,2009,0.878024,-0.0404606,43.29412919,9.424758532,57.27423574,24.85492197,0.323
ARM,ARM_1,LM,8,9,0,2010,0.878024,-0.1432718,42.91722367,9.424758532,64.64297597,28.4451646,0.24
ARM,ARM_1,LM,9,10,0,2011,0.878024,-0.0113661,42.85889529,9.424758532,69.43557366,35.36788787,0.601
ARM,ARM_1,LM,10,11,0,2012,0.878024,0.0313392,43.10666536,9.424758532,75.96167596,40.0600551,0.522
ARM,ARM_1,LM,11,12,0,2013,0.878024,0.0697532,43.59557353,9.68257532,77.55504816,42.38024049,-0.023
ARM,ARM_1,LM,12,13,0,2014,0.878024,-0.1326294,44.22034733,9.666405536,75.77886696,48.91717311,-0.022
ARM,ARM_1,LM,13,14,0,2015,0.9276919,-0.1424065,45.007483,9.206171059,71.68207434,45.63078261,0.08
ARM,ARM_1,LM,14,15,1,2016,0.95378256,-0.1056077,45.91308902,10.28464998,76.07796746,48.87564437,-0.181
ARM,ARM_2,UM,0,1,0,2017,1.0272477,-0.010591,46.81888313,10.63112611,87.20237654,51.54258581,-0.134
ARM,ARM_2,UM,1,2,0,2018,1.0039375,-0.1730616,47.41273032,11.27191844,92.47310702,55.50200273,0.054
ARM,ARM_2,UM,2,3,0,2019,1.0511035,-0.2531827,47.81075434,11.71149186,97.84700487,60.15523792,0.103
ARM,ARM_2,UM,3,4,0,2020,1.0086291,-0.3375702,48.17548707,12.3449098,70.12135714,72.19291409,0.074
ARM,ARM_2,UM,4,5,0,2021,1.0,-0.3553578,48.47599514,11.03159056,79.24890576,61.67381255,0.106
ARM,ARM_2,UM,5,6,0,2022,1.0690528,-0.3306901,48.76019808,11.43219296,103.8786292,52.55384268,0.667
ARM,ARM_2,UM,6,7,0,2023,1.1073676,-0.163441,48.71296536,10.23922397,123.4187501,55.40496026,0.734
ARM,ARM_2,UM,7,8,0,2024,1.1073676,-0.3640294,49.11988084,10.15771623,150.0647266,64.37994332,0.592
ARM,ARM_2,UM,8,9,0,2025,1.1073676,-0.3640294,49.11988084,10.99196769,150.0647266,70.53967725,0.592
ARM,ARM_2,UM,9,10,0,2026,1.1073676,-0.3640294,49.11988084,10.99196769,150.0647266,70.53967725,0.592
BEN,BEN_1,LM,0,1,0,2019,1.0003889,-0.3133743,84.8779371,9.86572844,63.68133231,17.61070254,-1.246
BEN,BEN_1,LM,1,2,0,2020,0.9882749,-0.1887935,84.13882337,9.687913103,44.83323338,15.53712076,-0.899
BEN,BEN_1,LM,2,3,0,2021,1.0,-0.2018892,83.30426403,9.479767827,48.05486083,15.58607928,-0.987
BEN,BEN_1,LM,3,4,0,2022,0.97746706,-0.2149135,82.42570821,9.823575476,44.38159289,17.10004107,-0.911
BEN,BEN_1,LM,4,5,0,2023,0.9643665,-0.216368,81.56778145,10.06208682,44.66313082,18.60833054,-1.023
BEN,BEN_1,LM,5,6,0,2024,0.9643665,-0.1854211,80.7358613,10.17434496,40.63980224,18.98016117,-0.98
BEN,BEN_1,LM,6,7,0,2025,0.9643665,-0.1854211,80.7358613,10.15256122,40.63980224,19.7665001,-0.98
BEN,BEN_1,LM,7,8,0,2026,0.9643665,-0.1854211,80.7358613,10.15256122,40.63980224,19.7665001,-0.98
BHR,BHR_1,UM,0,1,1,2000,1.5195507,0.4698725,47.06213412,13.24673495,135.8091353,40.51178965,-0.043
BOL,BOL_1,LM,0,1,0,2000,0.97558814,-0.4884996,76.33366491,13.24110584,45.59777502,58.72180269,-0.779
BOL,BOL_1,LM,1,2,0,2001,0.9846327,-0.4891339,75.68273551,13.34477192,45.22782243,53.55660003,-0.82
BOL,BOL_1,LM,2,3,0,2002,0.99420184,-0.4897682,74.83791796,13.03542179,49.35026037,51.00167685,-1.086
BOL,BOL_1,LM,3,4,0,2003,1.02133,-0.5017882,73.82658365,12.78444761,51.96783644,47.88051986,-0.856
BOL,BOL_1,LM,4,5,0,2004,1.020035,-0.5545755,72.72825539,12.50745462,57.46426609,42.65070129,-1.131
BOL,BOL_1,LM,5,6,0,2005,1.0398227,-0.4652255,71.58077688,11.62694489,67.64194136,39.7951589,-1.096
BOL,BOL_1,LM,6,7,0,2006,1.0585555,-0.4843923,70.43183202,11.33160286,74.53784843,35.17788766,-1.207
BOL,BOL_1,LM,7,8,0,2007,1.0705756,-0.4495042,69.3299621,11.41491615,76.06191145,34.34642796,-1.268
BOL,BOL_1,LM,8,9,0,2008,1.0875646,-0.4878087,68.28748995,11.16847386,82.8670209,31.49483437,-1.164
BOL,BOL_1,LM,9,10,0,2009,1.0916153,-0.3618237,67.29855659,11.61672571,68.62707391,34.02142978,-1.345
BOL,BOL_1,LM,10,11,0,2010,1.0982114,-0.3055989,66.35793519,11.27002247,75.51162625,36.02902219,-1.276
BOL,BOL_1,LM,11,12,0,2011,1.0958338,-0.2672438,65.44326682,10.33846377,82.48039542,36.75350592,-1.203
BOL,BOL_1,LM,12,13,0,2012,1.0940746,-0.2476484,64.55764224,10.21420878,84.94876117,38.96580384,-0.916
BOL,BOL_1,LM,13,14,0,2013,1.1147847,-0.1627207,63.66731188,9.927811227,81.23090753,40.93109503,-1.285
BOL,BOL_1,LM,14,15,0,2014,1.1010172,-0.3868723,62.72712137,9.738327963,85.26446956,43.7497193,-1.342
BOL,BOL_1,LM,15,16,0,2015,1.0990365,-0.4320931,61.8121002,10.19119085,67.93284519,51.44887246,-1.306
BOL,BOL_1,LM,16,17,0,2016,1.0920591,-0.3327318,60.97437114,10.98422154,56.4010345,57.40864577,-1.318
BOL,BOL_1,LM,17,18,0,2017,1.1045088,-0.313079,60.19138095,11.56848906,45.57611237,47.87330074,-1.367
BOL,BOL_1,LM,18,19,0,2018,1.1146442,-0.364265,59.43995528,11.18229585,46.92619534,52.11611245,-1.431
BOL,BOL_1,LM,19,20,0,2019,1.0858934,-0.4578656,58.71375803,11.23860282,45.82097327,54.88626549,-1.295
BOL,BOL_1,LM,20,21,0,2020,1.0090082,-0.4718419,57.91258899,11.35857902,37.51643424,67.91757078,-1.203
BOL,BOL_1,LM,21,22,0,2021,1.0,-0.4784584,57.0117014,12.02318117,47.66708432,62.84883823,-1.38
BOL,BOL_1,LM,22,23,0,2022,1.0024638,-0.4335715,56.19534865,12.25621548,57.52493358,62.9475276,-1.357
BOL,BOL_1,LM,23,24,0,2023,1.0014627,-0.4093864,55.50373717,11.8359231,49.60832556,60.22197084,-1.295
BOL,BOL_1,LM,24,25,0,2024,1.0014627,-0.6104172,54.86597814,13.06615006,46.97787161,59.24277947,-1.097
BOL,BOL_1,LM,25,26,0,2025,1.0014627,-0.6104172,54.86597814,13.06615006,46.97787161,51.75242721,-1.097
BOL,BOL_1,LM,26,27,0,2026,1.0014627,-0.6104172,54.86597814,13.06615006,46.97787161,51.75242721,-1.097
BRA,BRA_1,UM,0,1,0,2000,1.2093508,-0.161961,53.93203413,13.13465959,36.39587023,31.14098578,0.905
BRA,BRA_1,UM,1,2,0,2001,1.1931081,-0.10780435,52.81830173,13.08953794,36.39587023,29.00403802,0.805
BRA,BRA_2,LM,0,1,0,2002,1.1849068,-0.0536477,51.75324971,12.35696267,36.39587023,29.64514194,0.843
BRA,BRA_2,LM,1,2,0,2003,1.1679484,-0.1177712,50.75000139,14.45076456,36.39587023,27.68566994,0.805
BRA,BRA_2,LM,2,3,0,2004,1.1807368,-0.2171344,49.83206027,15.09953016,36.39587023,29.37277026,0.741
BRA,BRA_2,LM,3,4,1,2005,1.1770005,-0.3449277,49.01296994,14.73828114,36.39587023,31.83978415,0.75
BRA,BRA_3,UM,0,1,0,2006,1.1768944,-0.378799,48.26847113,14.10894587,36.39587023,35.42516668,0.75
BRA,BRA_3,UM,1,2,0,2007,1.211828,-0.3870143,47.58261245,14.15426481,36.39587023,40.69093794,0.723
BRA,BRA_3,UM,2,3,0,2008,1.2225838,-0.1188332,46.92959227,13.9551769,36.39587023,45.782256,0.691
BRA,BRA_3,UM,3,4,0,2009,1.1908065,-0.0252665,46.30616746,13.05946215,36.39587023,47.49428985,0.672
BRA,BRA_3,UM,4,5,0,2010,1.2153322,-0.0076855,45.71872567,12.72185961,36.39587023,52.76465763,0.762
BRA,BRA_3,UM,5,6,0,2011,1.196606,-0.0357455,45.16099944,11.78379767,36.39587023,58.07849111,0.71
BRA,BRA_3,UM,6,7,0,2012,1.1798608,-0.0055523,44.64290094,10.67594231,36.39587023,62.5192932,0.669
BRA,BRA_3,UM,7,8,0,2013,1.1638108,0.1384625,44.17511735,10.47961229,36.39587023,64.23057383,0.693
BRA,BRA_3,UM,8,9,0,2014,1.1286242,-0.0203333,43.81837033,10.3370974,36.39587023,66.02851039,0.642
BRA,BRA_3,UM,9,10,0,2015,1.0751386,-0.1018264,43.59359344,10.52093746,36.39587023,66.82970065,0.653
BRA,BRA_3,UM,10,11,0,2016,1.0378399,-0.1005395,43.43981091,10.78645111,36.39587023,62.19400696,0.647
BRA,BRA_3,UM,11,12,0,2017,1.0422541,-0.1049895,43.37133009,10.72149801,36.39587023,59.4843093,0.605
BRA,BRA_3,UM,12,13,0,2018,1.033759,-0.2064206,43.43165223,10.52845738,36.39587023,60.21834794,0.532
BRA,BRA_3,UM,13,14,0,2019,1.0113676,0.0428329,43.5397483,10.33250053,36.39587023,62.79050508,0.481
BRA,BRA_3,UM,14,15,0,2020,1.0442489,-0.0873995,43.58606703,10.69293157,36.39587023,68.69615485,0.384
BRA,BRA_3,UM,15,16,0,2021,1.0,-0.0686134,43.64046984,11.90437301,37.65633076,68.80522468,0.358
BRA,BRA_3,UM,16,17,0,2022,0.96975225,-0.2352194,43.79026299,13.07408163,38.81606598,70.60609738,0.432
BRA,BRA_3,UM,17,18,0,2023,0.97675276,-0.2666224,44.02909476,13.25316362,36.39587023,71.07554055,0.379
BRA,BRA_3,UM,18,19,0,2024,0.97675276,-0.224003,44.32997639,12.11080652,36.39587023,75.63087309,0.349
BRA,BRA_3,UM,19,20,0,2025,0.97675276,-0.224003,44.32997639,11.77226328,36.39587023,75.10299273,0.349
BRA,BRA_3,UM,20,21,0,2026,0.97675276,-0.224003,44.32997639,11.77226328,36.39587023,75.10299273,0.349
BWA,BWA_1,UM,0,1,0,2000,1.6487021,0.2321815,71.60093709,5.626987325,91.92472969,14.71113308,-0.382
BWA,BWA_1,UM,1,2,0,2001,1.5674025,0.33824125,69.70410272,5.84016042,87.52506557,16.58616021,-0.471
BWA,BWA_1,UM,2,3,0,2002,1.5836822,0.444301,67.9250404,6.057066481,91.83577406,19.28015902,-0.327
BWA,BWA_1,UM,3,4,0,2003,1.587907,0.6238241,66.29077118,5.705543083,85.83404252,19.97736212,-0.558
BWA,BWA_1,UM,4,5,0,2004,1.5564983,0.5092061,64.86542704,5.554128172,90.99782289,21.9357047,-0.739
BWA,BWA_1,UM,5,6,0,2005,1.5863094,0.5932223,63.65372471,4.949504722,88.50535206,19.76342857,-0.311
BWA,BWA_1,UM,6,7,0,2006,1.660313,0.3623225,62.63976532,7.102391339,86.61243391,20.93623104,-0.248
BWA,BWA_1,UM,7,8,0,2007,1.6377286,0.5667941,61.7737878,8.528467094,98.49652494,23.46175582,-0.338
BWA,BWA_1,UM,8,9,0,2008,1.565241,0.5227345,61.0149548,7.681821076,99.00822201,26.30225881,0.078
BWA,BWA_1,UM,9,10,0,2009,1.2540624,0.5628411,60.3740691,8.469439529,88.48078863,29.35643862,0.164
BWA,BWA_1,UM,10,11,0,2010,1.3039645,0.5312259,59.93296241,8.499444492,94.63900209,27.51492774,-0.087
BWA,BWA_1,UM,11,12,0,2011,1.2552187,0.5431636,59.80504662,7.731255714,98.96146778,27.85352853,-0.273
BWA,BWA_1,UM,12,13,0,2012,1.1643962,0.5525088,60.18823447,8.073710842,111.8752806,32.91046086,-0.067
BWA,BWA_1,UM,13,14,0,2013,1.220524,0.5476863,60.73925511,7.993242275,125.7830399,33.19446228,-0.355
BWA,BWA_1,UM,14,15,0,2014,1.2252322,0.5180867,61.0233976,7.848786645,119.4975418,32.58369282,-0.206
BWA,BWA_1,UM,15,16,0,2015,1.0991769,0.5694337,61.06008705,7.242023885,112.900891,35.99436798,-0.149
BWA,BWA_1,UM,16,17,0,2016,1.1103109,0.5361603,60.83657798,6.503236311,100.4646898,32.69064478,-0.106
BWA,BWA_1,UM,17,18,0,2017,1.0984999,0.4156169,60.39227257,6.173604206,81.92395138,33.95222131,0.19
BWA,BWA_1,UM,18,19,0,2018,1.0833108,0.3467776,59.77944968,6.147461526,87.45510399,34.73966332,-0.141
BWA,BWA_1,UM,19,20,0,2019,1.0569918,0.4033395,59.02123594,6.092369912,83.09298136,35.9371549,-0.274
BWA,BWA_1,UM,20,21,0,2020,0.91825175,0.310377,58.13953799,5.659050883,77.66341786,39.72853196,-0.15
BWA,BWA_1,UM,21,22,0,2021,1.0,0.4025631,57.36752363,5.227654821,88.75874959,34.53202846,-0.416
BWA,BWA_1,UM,22,23,0,2022,1.0367904,0.4593723,56.99423922,5.385084073,85.61170775,29.88921584,-0.39
BWA,BWA_1,UM,23,24,0,2023,1.0056193,0.5409963,56.86498226,5.623655334,68.80335784,30.05596849,-0.503
BWA,BWA_1,UM,24,25,0,2024,1.0056193,0.4168893,56.65514653,5.579917025,71.10525791,33.12565044,-0.31
BWA,BWA_1,UM,25,26,0,2025,1.0056193,0.4168893,56.65514653,5.691170407,71.10525791,33.22750519,-0.31
BWA,BWA_1,UM,26,27,0,2026,1.0056193,0.4168893,56.65514653,5.691170407,71.10525791,33.22750519,-0.31
CHL,CHL_1,UM,0,1,0,2000,1.0754514,0.9391959,53.82390994,15.19252743,58.71192309,73.08169596,0.191
CHL,CHL_1,UM,1,2,0,2001,1.0739566,1.02221165,53.16281225,15.93677744,62.14476697,73.08169596,0.12
CHL,CHL_1,UM,2,3,0,2002,1.0639421,1.1052274,52.40799637,15.78367468,62.4838519,74.34609828,0.03
CHL,CHL_1,UM,3,4,0,2003,1.0694257,1.1599142,51.54824174,15.19375864,65.69341959,75.83206214,0.181
CHL,CHL_1,UM,4,5,0,2004,1.0906758,1.1459329,50.6197974,14.22163976,69.88936005,76.74998578,0.083
CHL,CHL_1,UM,5,6,0,2005,1.1005614,1.3054961,49.6636025,12.81919833,72.06253424,77.63456541,0.048
CHL,CHL_1,UM,6,7,0,2006,1.0966445,1.2768856,48.70800134,11.68367882,73.71163504,78.11332337,0.074
CHL,CHL_1,UM,7,8,0,2007,1.0931687,1.2860486,47.84828427,10.6421644,76.97702471,84.07524732,-0.058
CHL,CHL_1,UM,8,9,0,2008,1.0766135,1.1968363,47.14141385,9.974005669,80.67662624,100.1725681,0.07
CHL,CHL_1,UM,9,10,0,2009,1.0285883,1.2743821,46.56312248,10.26115899,66.68603096,102.6870759,0.004
CHL,CHL_1,UM,10,11,0,2010,1.0355221,1.155394,46.072055,9.887173592,69.71768014,99.47559066,-0.049
CHL,CHL_1,UM,11,12,1,2011,1.0392342,1.2408511,45.6658086,9.909053173,72.48164281,101.8634854,0.03
CHN,CHN_1,LM,0,1,0,2000,0.878024,-0.4964127,46.11674052,31.51015947,39.01094248,109.994877,0.789
CHN,CHN_1,LM,1,2,0,2001,0.878024,-0.50689005,44.96931365,31.51015947,38.08264695,108.7747922,0.823
CHN,CHN_1,LM,2,3,0,2002,0.878024,-0.5173674,43.53367413,31.51015947,42.19444234,115.9793905,0.847
CHN,CHN_1,LM,3,4,0,2003,0.878024,-0.5050609,42.09097884,31.51015947,51.07748013,123.9084413,0.877
CHN,CHN_1,LM,4,5,0,2004,0.878024,-0.3548072,40.69383682,31.51015947,58.64033404,116.9111601,0.931
CHN,CHN_1,LM,5,6,0,2005,0.878024,-0.4690918,39.24492386,31.6564575,61.36007494,110.3184129,0.955
CHN,CHN_1,LM,6,7,0,2006,0.878024,-0.3960377,38.56495417,31.99452136,63.56957986,107.6184841,0.983
CHN,CHN_1,LM,7,8,0,2007,0.878024,-0.2451269,38.56495417,31.90059327,61.266464,104.2104649,1.051
CHN,CHN_1,LM,8,9,0,2008,0.878024,-0.1403096,38.56495417,31.61697915,56.711133,100.407961,1.101
CHN,CHN_1,LM,9,10,1,2009,0.878024,-0.14832,38.56495417,31.06115286,44.41976443,122.3011477,1.096
CHN,CHN_2,UM,0,1,0,2010,0.878024,-0.1269778,38.56495417,31.07489564,49.85407223,124.4256085,1.15
CHN,CHN_2,UM,1,2,0,2011,0.878024,-0.104167,38.56495417,31.56235652,49.94582723,121.1670931,1.176
CHN,CHN_2,UM,2,3,0,2012,0.878024,-0.1320098,38.56495417,31.01430365,47.48021308,126.8197345,1.21
CHN,CHN_2,UM,3,4,0,2013,0.878024,-0.1410284,38.56495417,30.12750215,45.91604138,131.9390457,1.209
CHN,CHN_2,UM,4,5,0,2014,0.878024,0.4896286,38.87892493,29.83003979,44.06845648,137.6237263,1.261
CHN,CHN_2,UM,5,6,0,2015,0.878024,0.5336101,39.60936132,28.38899606,38.69718484,149.628832,1.285
CHN,CHN_2,UM,6,7,0,2016,0.878024,0.543189,40.44065578,27.52375943,36.39587023,153.1927618,1.294
CHN,CHN_2,UM,7,8,0,2017,0.89887655,0.5787617,41.51094494,27.59985592,36.95085262,152.0897475,1.295
CHN,CHN_2,UM,8,9,0,2018,0.9245694,0.5311035,42.54087269,27.3434188,36.89438439,154.9915602,1.311
CHN,CHN_2,UM,9,10,0,2019,0.9467534,0.6706547,43.38736337,26.25946629,36.39587023,162.2075662,1.301
CHN,CHN_2,UM,10,11,0,2020,0.95937437,0.5674972,44.09237484,25.58098043,36.39587023,179.1041002,1.341
CHN,CHN_2,UM,11,12,0,2021,1.0,0.6669456,44.48277019,26.62193256,36.52069118,173.5545187,1.384
CHN,CHN_2,UM,12,13,0,2022,0.99539447,0.5292387,44.72561282,25.9806695,37.44071988,181.7851624,1.361
CHN,CHN_2,UM,13,14,0,2023,1.0137264,0.7776287,44.7297141,25.01442679,36.39587023,189.606709,1.348
CHN,CHN_2,UM,14,15,0,2024,1.0137264,0.8957842,44.24411429,24.84158419,37.19842014,194.3125283,1.271
CHN,CHN_2,UM,15,16,0,2025,1.0137264,0.8957842,44.24411429,24.73444217,37.19842014,194.3125283,1.271
CHN,CHN_2,UM,16,17,0,2026,1.0137264,0.8957842,44.24411429,24.73444217,37.19842014,194.3125283,1.271
CIV,CIV_1,LM,0,1,0,2008,0.878024,-1.3605844,92.46894943,10.20402365,61.9406213,12.03231221,-1.307
CIV,CIV_1,LM,1,2,0,2009,0.878024,-1.1486226,89.072007,9.627693495,66.67290375,12.69928287,-0.965
CIV,CIV_1,LM,2,3,0,2010,0.90141153,-1.2514065,86.24733753,9.001911196,67.47294008,13.08787196,-1.242
CIV,CIV_1,LM,3,4,0,2011,0.89205927,-1.20852,83.98256529,9.22135575,64.71590306,13.16814883,-1.29
CIV,CIV_1,LM,4,5,0,2012,0.9881459,-1.0666458,82.19969197,10.31825153,70.30108932,13.68345554,-1.278
CIV,CIV_1,LM,5,6,0,2013,1.0455459,-0.9238056,80.75907292,11.85018556,58.35267925,14.3175686,-1.097
CIV,CIV_1,LM,6,7,0,2014,1.0942439,-0.7218402,80.44127396,12.20069981,53.68041756,14.69069981,-1.051
CIV,CIV_1,LM,7,8,0,2015,1.1358787,-0.5999604,80.97406685,11.43059902,52.71536046,16.74171163,-0.969
CIV,CIV_1,LM,8,9,0,2016,1.1073009,-0.6103532,81.30619208,12.5430343,47.56631389,17.6694308,-1.132
CIV,CIV_1,LM,9,10,0,2017,1.1048199,-0.5958625,81.45821323,11.2836181,48.65960504,19.25051348,-0.93
CIV,CIV_1,LM,10,11,0,2018,1.077304,-0.5079239,81.37020017,11.29098434,46.04002824,19.27482783,-1.164
CIV,CIV_1,LM,11,12,0,2019,1.070799,-0.4891342,81.11439311,12.31996843,44.66041058,19.0476722,-1.157
CIV,CIV_1,LM,12,13,0,2020,1.0149724,-0.4875808,80.75565128,12.0519434,41.94263182,20.57380249,-1.133
CIV,CIV_1,LM,13,14,0,2021,1.0,-0.5005974,80.13930046,13.3970815,45.11403278,20.99630382,-1.269
CIV,CIV_1,LM,14,15,0,2022,0.9770729,-0.354842,79.19700178,12.81107761,52.86639104,20.85394728,-1.298
CIV,CIV_1,LM,15,16,0,2023,0.96511555,-0.3185096,78.07747445,13.26065441,48.81700391,21.90362936,-1.073
CIV,CIV_1,LM,16,17,0,2024,0.96511555,-0.3157177,76.92954815,12.91843753,51.26403794,22.51843295,-0.96
CIV,CIV_1,LM,17,18,0,2025,0.96511555,-0.3157177,76.92954815,12.28680158,51.26403794,22.67670072,-0.96
CIV,CIV_1,LM,18,19,0,2026,0.96511555,-0.3157177,76.92954815,12.28680158,51.26403794,22.67670072,-0.96
CMR,CMR_1,LM,0,1,0,2005,0.91256136,-1.0799827,89.56635291,15.02614415,44.99768135,8.402862426,-1.242
CMR,CMR_1,LM,1,2,0,2006,0.91203654,-1.0844884,89.14183973,15.11457715,47.10443418,8.123532984,-1.337
CMR,CMR_1,LM,2,3,0,2007,0.9047771,-0.9545798,88.70664218,15.20996765,53.21569086,8.285086704,-0.829
CMR,CMR_1,LM,3,4,0,2008,0.89997756,-0.894691,88.28829779,14.30569477,56.92441716,9.239715279,-1.024
CMR,CMR_1,LM,4,5,0,2009,0.90121996,-0.8292826,87.94344226,14.87929919,42.17610736,9.643957385,-0.823
CMR,CMR_1,LM,5,6,0,2010,0.9046245,-0.8190524,87.64995941,14.51997379,47.2385854,10.77793742,-0.871
CMR,CMR_1,LM,6,7,0,2011,0.89694804,-0.8421703,87.39238321,15.18908621,51.5219876,12.32636507,-0.692
CMR,CMR_1,LM,7,8,0,2012,0.89936304,-0.8326177,87.11522045,15.53277006,50.03601273,12.41202001,-1.098
CMR,CMR_1,LM,8,9,0,2013,0.9035303,-0.7950544,86.74010555,15.22873575,49.67453635,12.96113749,-0.879
CMR,CMR_1,LM,9,10,0,2014,0.9077813,-0.5751346,86.00433681,14.51402123,50.83238931,13.72783643,-0.691
CMR,CMR_1,LM,10,11,0,2015,0.9468554,-0.6267228,85.20322843,14.35005819,45.54014683,14.19039309,-0.729
CMR,CMR_1,LM,11,12,0,2016,0.9711737,-0.6124981,84.72873165,13.84153437,40.63863153,14.37066405,-1.046
CMR,CMR_1,LM,12,13,0,2017,0.9893739,-0.6251,84.45293502,13.71294553,39.19902161,14.06334615,-0.9
CMR,CMR_1,LM,13,14,0,2018,1.0105054,-0.6780214,84.12266748,13.68501543,40.58760288,14.68207763,-1.398
CMR,CMR_1,LM,14,15,0,2019,1.0147616,-0.7379684,83.58064135,12.82578021,43.37851325,14.09109288,-1.234
CMR,CMR_1,LM,15,16,0,2020,1.0068711,-0.8271415,82.88431227,13.18098761,36.39587023,14.09109288,-0.949
CMR,CMR_1,LM,16,17,0,2021,1.0,-0.7877108,82.08936504,13.29660864,36.73083472,14.09109288,-1.048
CMR,CMR_1,LM,17,18,0,2022,0.9774655,-0.7843452,81.22958666,13.36418191,41.28660256,14.09109288,-1.213
CMR,CMR_1,LM,18,19,0,2023,0.9651723,-0.7787017,80.29516041,13.21809966,37.89033212,14.09109288,-1.145
CMR,CMR_1,LM,19,20,0,2024,0.9651723,-0.8007887,79.33046171,12.88022725,36.39587023,14.09109288,-1.431
CMR,CMR_1,LM,20,21,0,2025,0.9651723,-0.8007887,79.33046171,14.5673807,36.39587023,14.09109288,-1.431
CMR,CMR_1,LM,21,22,0,2026,0.9651723,-0.8007887,79.33046171,14.5673807,36.39587023,14.09109288,-1.431
COL,COL_1,LM,0,1,0,2000,0.9791153,-0.4859849,58.81334501,13.93270065,36.39587023,20.94747439,0.317
COL,COL_1,LM,1,2,0,2001,0.98241574,-0.6273659,58.04174401,14.13719665,36.39587023,21.9066126,0.364
COL,COL_1,LM,2,3,0,2002,0.96400124,-0.7687469,57.25313772,14.03292802,36.39587023,21.52330896,0.324
COL,COL_1,LM,3,4,0,2003,0.9695262,-0.4180993,56.45984885,14.23745617,36.51618352,21.07623501,0.305
COL,COL_1,LM,4,5,0,2004,0.9862965,-0.2488422,55.62786292,14.41341036,36.39587023,22.19913866,0.238
COL,COL_1,LM,5,6,0,2005,0.98604935,-0.3124671,54.73282193,15.99104031,37.42269749,22.75271861,0.245
COL,COL_1,LM,6,7,0,2006,0.99508196,-0.2040905,53.78239606,15.97860609,39.64135596,27.3293272,0.268
COL,COL_1,LM,7,8,1,2007,0.9915318,-0.1895281,52.79888667,16.15426622,37.0988971,30.56656822,0.193
COL,COL_2,UM,0,1,0,2008,0.97869986,-0.1818918,51.81904536,15.37370371,39.16764942,31.34288213,0.254
COL,COL_2,UM,1,2,0,2009,0.96588093,-0.2490387,50.85414823,14.78007233,36.39587023,30.05884981,0.331
COL,COL_2,UM,2,3,0,2010,0.97018915,-0.1486694,49.92804496,13.9670257,36.39587023,32.35295864,0.294
COL,COL_2,UM,3,4,0,2011,0.9905114,-0.0530657,49.07268653,13.21760258,39.47042355,34.95997389,0.252
COL,COL_2,UM,4,5,0,2012,0.99001795,-0.1049844,48.27420671,13.08928488,38.83515102,37.74485153,0.287
COL,COL_2,UM,5,6,0,2013,1.0027949,-0.0488965,47.4997949,12.6623563,37.9866488,39.48369169,0.295
COL,COL_2,UM,6,7,0,2014,1.0146819,-0.2072724,46.80441743,12.26931864,37.48746564,42.3846057,0.274
COL,COL_2,UM,7,8,0,2015,0.9988285,-0.134012,46.19586785,12.40089376,38.36076412,46.9053936,0.269
COL,COL_2,UM,8,9,0,2016,0.9930336,-0.1150666,45.56979695,12.29777884,36.39587023,47.05419781,0.228
COL,COL_2,UM,9,10,0,2017,0.9837906,-0.1489232,44.83947584,11.40959357,36.39587023,49.8054214,0.264
COL,COL_2,UM,10,11,0,2018,0.9820841,-0.1139281,44.08660221,11.15185297,36.5347528,45.87070747,0.195
COL,COL_2,UM,11,12,0,2019,0.99029565,-0.0738128,43.49892568,10.92665754,37.55853398,46.04157811,0.14
COL,COL_2,UM,12,13,0,2020,1.0182022,-0.082969,43.12054711,10.72750235,36.39587023,51.99877906,0.151
COL,COL_2,UM,13,14,0,2021,1.0,-0.0318011,42.88163493,11.19916085,40.05914639,47.91240607,0.109
COL,COL_2,UM,14,15,0,2022,1.0008943,0.0015825,42.77522578,11.1476678,48.28265511,44.18831296,0.142
COL,COL_2,UM,15,16,0,2023,0.98316395,-0.0421246,42.80261985,10.88508065,40.38813249,41.5886838,0.164
COL,COL_2,UM,16,17,0,2024,0.98316395,-0.1110991,42.96037698,10.22613458,37.02546871,39.37408267,0.233
COL,COL_2,UM,17,18,0,2025,0.98316395,-0.1110991,42.96037698,9.895277368,37.02546871,39.85652811,0.233
COL,COL_2,UM,18,19,0,2026,0.98316395,-0.1110991,42.96037698,9.895277368,37.02546871,39.85652811,0.233
CRI,CRI_1,UM,0,1,0,2000,0.878024,0.1089203,57.95461292,18.08802389,86.52492351,35.86021923,-0.022
CRI,CRI_1,UM,1,2,0,2001,0.878024,0.1547059499999999,56.65630223,17.16619898,80.85275872,35.86021923,0.101
CRI,CRI_1,UM,2,3,0,2002,0.878024,0.2004916,55.34831635,17.13887402,80.41394434,35.86021923,-0.002
CRI,CRI_1,UM,3,4,0,2003,0.878024,0.1932721,54.04729301,16.85936946,83.32770754,35.86021923,0.06
CRI,CRI_1,UM,4,5,0,2004,0.878024,0.2661532,52.80590082,16.6589944,85.2564772,35.86021923,0.1
CRI,CRI_1,UM,5,6,0,2005,0.878024,0.2312006,51.67642666,16.64446805,89.22266389,35.86021923,0.081
CRI,CRI_1,UM,6,7,0,2006,0.878024,0.1677132,50.63804362,16.25953044,89.81455461,37.86298406,0.212
CRI,CRI_1,UM,7,8,0,2007,0.88825554,0.2444248,49.69260075,15.89696444,86.45659584,43.77237768,0.195
CRI,CRI_1,UM,8,9,0,2008,0.8886369,0.2763826,48.89493851,14.92364227,86.40151271,49.38060624,0.191
CRI,CRI_1,UM,9,10,0,2009,0.878024,0.4024005,48.20664919,13.92596296,69.75931773,47.6533512,0.099
CRI,CRI_1,UM,10,11,0,2010,0.9118694,0.4026744,47.53810731,14.34457014,67.51208968,44.31413315,0.209
CRI,CRI_1,UM,11,12,0,2011,0.9073299,0.3641095,46.95967422,14.06945748,68.63914651,46.02004266,0.178
CRI,CRI_1,UM,12,13,0,2012,0.94026464,0.4335446,46.52990349,13.66417233,67.0485393,47.45132052,0.291
CRI,CRI_1,UM,13,14,0,2013,0.94343,0.3382818,46.14781048,12.62543978,64.06641059,49.72992444,0.334
CRI,CRI_1,UM,14,15,0,2014,0.94782925,0.3669615,45.80561633,12.08715118,65.19124205,53.09844535,0.318
CRI,CRI_1,UM,15,16,0,2015,0.94284153,0.3596651,45.5365509,11.43310245,60.75356194,55.12724836,0.248
CRI,CRI_1,UM,16,17,0,2016,0.9327628,0.315527,45.33931533,11.42716299,62.17847818,58.63805379,0.227
CRI,CRI_1,UM,17,18,0,2017,0.94302267,0.3339142,45.26174994,11.68223323,65.07195374,59.68590601,0.206
CRI,CRI_1,UM,18,19,0,2018,0.9583622,0.3528682,45.32568006,11.87741303,66.94534202,60.16219778,0.229
CRI,CRI_1,UM,19,20,0,2019,0.964836,0.3043657,45.42234871,11.99450554,65.76053002,55.8867473,0.257
CRI,CRI_1,UM,20,21,0,2020,1.0061431,0.2258033,45.39401179,12.73195428,60.13988625,59.74203061,0.166
CRI,CRI_1,UM,21,22,0,2021,1.0,0.2714874,45.26977891,13.66612388,70.7816423,56.04755279,0.178
CRI,CRI_1,UM,22,23,0,2022,0.9833648,0.1212348,45.14147804,14.13350203,82.22753254,51.3585723,0.157
CRI,CRI_1,UM,23,24,1,2023,1.0308203,0.3340948,45.03225323,13.77528235,72.47199908,50.52696827,0.231
CZE,CZE_1,UM,0,1,0,2000,0.878024,0.5125501,43.31247781,23.23636288,97.49839563,44.68579406,1.319
CZE,CZE_1,UM,1,2,0,2001,0.878024,0.6987647,42.58295727,23.5170981,98.53687373,36.93247424,1.358
CZE,CZE_1,UM,2,3,0,2002,0.878024,0.8849793,41.89050866,22.23374226,90.87927155,23.54697748,1.436
CZE,CZE_1,UM,3,4,0,2003,0.878024,0.8087247,41.23228448,21.55730788,94.64686007,24.25037864,1.421
CZE,CZE_1,UM,4,5,0,2004,0.878024,0.7384194,40.70222367,22.63758037,113.173976,25.60842315,1.38
CZE,CZE_1,UM,5,6,1,2005,0.878024,0.9422649,40.38467143,22.55008601,121.1912873,29.19851129,1.357
DOM,DOM_1,LM,0,1,0,2000,0.9252292,-0.8764303,65.57911666,20.97486043,79.3003931,23.6407583,-0.57
DOM,DOM_1,LM,1,2,0,2001,0.9207021,-0.86029125,64.83765813,19.6642972,70.51056781,23.6407583,-0.406
DOM,DOM_1,LM,2,3,0,2002,0.93391347,-0.8441522,64.07957833,20.3672058,68.7232829,23.6407583,-0.498
DOM,DOM_1,LM,3,4,0,2003,0.91311246,-0.8381869,63.22960003,21.75521083,84.44950319,23.6407583,-0.457
DOM,DOM_1,LM,4,5,0,2004,0.8903756,-0.797519,62.23309847,21.57660311,81.35142294,23.6407583,-0.49
DOM,DOM_1,LM,5,6,0,2005,0.9363186,-0.8364096,61.12516839,18.38167881,61.65355874,19.64943663,-0.37
DOM,DOM_1,LM,6,7,0,2006,0.9844635,-0.6870847,59.97022602,17.54374752,63.76648264,18.69262141,-0.342
DOM,DOM_1,LM,7,8,1,2007,1.0095991,-0.7085351,58.83117127,16.22926797,61.22925915,20.7082666,-0.26
DOM,DOM_2,UM,0,1,0,2008,0.9805718,-0.6984304,57.78540753,15.98254894,61.42850583,20.74011254,-0.327
DOM,DOM_2,UM,1,2,0,2009,0.9576007,-0.6709237,56.87030342,14.94318266,50.65093768,21.56646248,-0.253
DOM,DOM_2,UM,2,3,0,2010,0.9864032,-0.7108721,56.08479863,14.62819596,56.05739642,22.73509619,-0.277
DOM,DOM_2,UM,3,4,0,2011,0.9694068,-0.6735468,55.40601016,14.23021247,59.06925784,22.93743724,-0.333
DOM,DOM_2,UM,4,5,0,2012,0.9563162,-0.5008993,54.86557156,13.96247136,58.50625367,22.53740883,-0.196
DOM,DOM_2,UM,5,6,0,2013,0.9644867,-0.4176139,54.47577165,13.39387041,56.8137658,23.43714048,-0.233
DOM,DOM_2,UM,6,7,0,2014,0.97133815,-0.1120342,54.10881782,13.15667226,55.66010415,25.26616485,-0.175
DOM,DOM_2,UM,7,8,0,2015,0.9906525,-0.3030553,53.69033669,13.11727805,52.34712387,26.03927205,-0.221
DOM,DOM_2,UM,8,9,0,2016,1.0033324,-0.2432639,53.29847803,12.6815911,51.73065712,26.90639697,-0.179
DOM,DOM_2,UM,9,10,0,2017,1.0013446,-0.3142266,53.00409977,12.29607703,50.75953555,27.58276785,-0.05
DOM,DOM_2,UM,10,11,0,2018,1.0151535,-0.3568186,52.82550027,12.10424126,52.33517096,27.39115366,0.011
DOM,DOM_2,UM,11,12,0,2019,1.0182947,-0.2994857,52.73428195,12.11940589,50.9129822,28.0978072,-0.156
DOM,DOM_2,UM,12,13,0,2020,1.0000548,-0.3603632,52.65440583,12.95259917,44.73316135,30.62762843,-0.026
DOM,DOM_2,UM,13,14,0,2021,1.0,-0.1501487,52.59197721,13.67763617,51.95002273,27.7700298,0.009
DOM,DOM_2,UM,14,15,0,2022,0.99197555,-0.1210713,52.62304887,13.36801595,54.37819767,27.96579547,-0.077
DOM,DOM_2,UM,15,16,0,2023,0.9609171,0.045792,52.65977605,12.52666399,49.84361318,30.84219569,-0.075
DOM,DOM_2,UM,16,17,0,2024,0.9609171,0.0746487,52.57421559,12.46392187,51.7835144,31.92208649,0.034
DOM,DOM_2,UM,17,18,0,2025,0.9609171,0.0746487,52.57421559,12.2645467,51.7835144,32.8494014,0.034
DOM,DOM_2,UM,18,19,0,2026,0.9609171,0.0746487,52.57421559,12.2645467,51.7835144,32.8494014,0.034
ECU,ECU_1,LM,0,1,0,2000,0.878024,-1.0664178,66.93487107,23.93930984,65.40429538,19.07193963,-0.788
ECU,ECU_1,LM,1,2,0,2001,0.878024,-1.0725878,66.20094875,20.42725717,56.12848674,19.07193963,-0.702
ECU,ECU_1,LM,2,3,0,2002,0.878024,-1.0787578,65.47452378,18.87632074,54.79664394,19.07193963,-0.881
ECU,ECU_1,LM,3,4,0,2003,0.878024,-1.0385274,64.73163168,17.31606001,52.3575427,18.05512023,-0.859
ECU,ECU_1,LM,4,5,0,2004,0.899354,-0.911567,63.94462889,15.91869992,56.07454672,20.54139802,-0.802
ECU,ECU_1,LM,5,6,0,2005,0.91417336,-0.926587,63.11102739,14.70379653,61.95815079,21.98430105,-0.768
ECU,ECU_1,LM,6,7,0,2006,0.9328161,-0.902354,62.23895991,14.04837153,65.84235562,22.33121655,-0.632
ECU,ECU_1,LM,7,8,0,2007,0.92847615,-0.83636,61.35722165,14.11745837,68.85058545,23.38045986,-0.717
ECU,ECU_1,LM,8,9,0,2008,0.9501098,-0.7597485,60.5461379,13.6931926,74.59029636,23.96487556,-0.832
ECU,ECU_1,LM,9,10,1,2009,0.9402994,-0.4783124,59.84435558,14.30676786,57.34734606,24.88963322,-0.831
ECU,ECU_2,UM,0,1,0,2010,0.9443125,-0.4838765,59.17367586,13.4157105,65.77738491,27.08433369,-0.565
ECU,ECU_2,UM,1,2,0,2011,0.9896467,-0.3010584,58.48603304,12.85015032,70.03568375,27.59154869,-0.799
ECU,ECU_2,UM,2,3,0,2012,1.0173228,-0.2920188,57.78895374,12.59967738,67.00292909,28.44437278,-0.732
ECU,ECU_2,UM,3,4,0,2013,1.0453029,-0.1859129,57.05802018,12.26118054,63.43330033,28.55223321,-0.763
ECU,ECU_2,UM,4,5,0,2014,1.0543249,-0.1076037,56.29126189,13.13510004,61.42637662,29.20843098,-0.907
ECU,ECU_2,UM,5,6,0,2015,1.0343467,-0.193813,55.49201028,14.29973172,47.82803971,29.93626137,-0.796
ECU,ECU_2,UM,6,7,0,2016,1.0294263,-0.1531976,54.62593208,14.59265884,40.5344918,31.5046558,-0.952
ECU,ECU_2,UM,7,8,0,2017,1.0595764,-0.1425925,53.74041652,13.93165238,43.61772332,34.2208461,-0.99
ECU,ECU_2,UM,8,9,0,2018,1.040639,-0.213034,52.89576124,13.36630803,48.00934762,38.33749475,-1.011
ECU,ECU_2,UM,9,10,0,2019,1.0315527,-0.1952963,52.13079373,12.67848577,48.08284949,42.69158202,-1.068
ECU,ECU_2,UM,10,11,0,2020,1.0199772,-0.3435075,51.41332241,12.94181274,43.98931094,49.05570507,-1.191
ECU,ECU_2,UM,11,12,0,2021,1.0,-0.1107469,50.70912097,13.01004056,53.26127561,49.75339812,-1.128
ECU,ECU_2,UM,12,13,0,2022,1.0352724,0.0016249,50.07610782,12.88473079,61.88079282,52.37994877,-1.07
ECU,ECU_2,UM,13,14,0,2023,1.038849,-0.1625339,49.47140737,13.26012053,56.99775356,54.65454498,-1.033
ECU,ECU_2,UM,14,15,0,2024,1.038849,-0.2196127,48.80918455,12.99673381,57.20313955,56.57699423,-0.84
ECU,ECU_2,UM,15,16,0,2025,1.038849,-0.2196127,48.80918455,13.23604414,57.20313955,58.87426271,-0.84
ECU,ECU_2,UM,16,17,0,2026,1.038849,-0.2196127,48.80918455,13.23604414,57.20313955,58.87426271,-0.84
EGY,EGY_1,LM,0,1,0,2000,0.97592366,-0.2541717,69.39345498,17.99797118,39.0179359,51.95327845,-0.028
EGY,EGY_1,LM,1,2,0,2001,0.97353315,-0.49149185,67.94024225,17.69807639,39.81042654,54.93114023,-0.028
EGY,EGY_1,LM,2,3,0,2002,0.9715536,-0.728812,66.5601462,18.49675376,40.98706783,54.6553972,0.008
EGY,EGY_1,LM,3,4,0,2003,0.9733457,-0.6388485,65.20380924,17.30383234,46.17964072,53.89762874,0.052
EGY,EGY_1,LM,4,5,0,2004,0.9790305,-0.5720178,63.91170377,17.23696682,57.81990521,54.04291428,0.041
EGY,EGY_1,LM,5,6,0,2005,0.9787938,-0.6310497,62.78035684,16.70945218,62.95264624,51.16543405,0.054
EGY,EGY_1,LM,6,7,0,2006,0.9956913,-0.6146272,61.88387044,15.97756192,61.51853651,49.29097974,0.115
EGY,EGY_1,LM,7,8,0,2007,0.9907008,-0.5786331,61.26571548,15.36992481,65.07787325,45.51522157,0.057
EGY,EGY_1,LM,8,9,0,2008,0.9903372,-0.5179342,60.90755683,15.52236739,71.68062535,42.79751378,0.104
EGY,EGY_1,LM,9,10,0,2009,0.9786264,-0.3337177,60.75953658,15.78615429,56.55344464,36.09271335,0.003
EGY,EGY_1,LM,10,11,0,2010,0.9685596,-0.4820938,60.81639188,16.10227084,47.93635007,33.07229522,-0.055
EGY,EGY_1,LM,11,12,0,2011,0.96940964,-0.493349,60.90621336,15.76719422,45.25563416,31.15492329,-0.138
EGY,EGY_1,LM,12,13,0,2012,0.958689,-0.5323164,61.04069373,16.16547441,40.71176927,27.38844973,-0.057
EGY,EGY_1,LM,13,14,0,2013,0.954232,-0.7648363,61.26146321,16.60837454,40.37303806,26.2224395,-0.018
EGY,EGY_1,LM,14,15,0,2014,0.9558565,-0.6440128,61.54196141,16.77444601,36.92018779,25.60668054,-0.019
EGY,EGY_1,LM,15,16,0,2015,0.96200335,-0.5216722,61.97786562,16.6974467,36.39587023,26.31639376,-0.06
EGY,EGY_1,LM,16,17,0,2016,0.98975694,-0.4409504,62.33535021,16.84132649,36.39587023,34.13486263,-0.087
EGY,EGY_1,LM,17,18,0,2017,0.975647,-0.4068952,62.52503992,16.59352061,42.83213436,27.06982467,0.008
EGY,EGY_1,LM,18,19,0,2018,0.97261393,-0.4058855,62.48360244,16.35088959,45.91101967,24.29527907,-0.056
EGY,EGY_1,LM,19,20,0,2019,0.97358286,-0.1186417,62.16820594,15.98829896,41.12401716,22.8487309,-0.108
EGY,EGY_1,LM,20,21,0,2020,1.0197253,-0.2343559,61.72155271,16.38045607,36.39587023,25.78947425,-0.104
EGY,EGY_1,LM,21,22,0,2021,1.0,-0.2251023,61.11556545,15.48528388,36.39587023,28.23075439,-0.121
EGY,EGY_1,LM,22,23,0,2022,0.9924767,-0.1434309,60.46147253,15.97053223,36.98310488,30.84700212,-0.114
EGY,EGY_1,LM,23,24,0,2023,0.9974515,-0.0397463,59.75667104,15.06390984,40.45040077,29.25782154,-0.074
EGY,EGY_1,LM,24,25,0,2024,0.9974515,-0.0970579,59.01019546,13.89346153,39.60075209,27.56922797,0.071
EGY,EGY_1,LM,25,26,0,2025,0.9974515,-0.0970579,59.01019546,14.49892888,39.60075209,25.84124801,0.071
EGY,EGY_1,LM,26,27,0,2026,0.9974515,-0.0970579,59.01019546,14.49892888,39.60075209,25.84124801,0.071
EST,EST_1,UM,0,1,0,2000,0.878024,0.58135,48.42168786,15.46717285,126.4956264,40.29808001,0.58
EST,EST_1,UM,1,2,0,2001,0.878024,0.6107184,48.01634016,16.06165693,126.5466401,40.29808001,0.689
EST,EST_1,UM,2,3,0,2002,0.878024,0.6400868,47.69671927,15.66725317,123.2823454,40.29808001,0.661
EST,EST_1,UM,3,4,0,2003,0.878024,0.8739661,47.36278539,15.74273673,122.7447728,40.29808001,0.765
EST,EST_1,UM,4,5,0,2004,0.878024,0.8750238,47.05633485,14.91691036,129.9495001,40.29808001,0.767
EST,EST_1,UM,5,6,1,2005,0.878024,0.9156236,46.90510089,14.66420612,135.9127921,56.57390871,0.76
GAB,GAB_1,UM,0,1,0,2000,1.3213592,-0.6059151,84.32029316,3.724848955,101.7019289,8.696552298,-0.645
GAB,GAB_1,UM,1,2,0,2001,1.3291626,-0.6058573,82.91728706,2.541160328,83.63861324,12.52132357,-0.924
GAB,GAB_1,UM,2,3,0,2002,1.2794942,-0.6057995,81.48021727,2.674539273,84.75908154,12.31095356,-0.896
GAB,GAB_1,UM,3,4,0,2003,1.2984596,-0.6117162,80.02268595,2.667338588,80.30260821,11.5183479,-0.9
GAB,GAB_1,UM,4,5,0,2004,1.2970077,-1.0988503,78.5698674,2.781723242,81.76753714,9.270946511,-0.672
GAB,GAB_1,UM,5,6,0,2005,1.2930505,-1.041666,77.13460945,12.92979084,83.94959984,8.463617664,-1.218
GAB,GAB_1,UM,6,7,0,2006,1.234616,-0.7785827,75.72926497,11.46783873,88.64940926,9.553023111,-1.431
GAB,GAB_1,UM,7,8,0,2007,1.2905784,-0.776777,74.38099133,12.7816305,85.13247916,9.952229099,-1.177
GAB,GAB_1,UM,8,9,0,2008,1.2191904,-0.7753686,73.13117864,14.22278354,88.99887259,8.661172309,-1.199
GAB,GAB_1,UM,9,10,0,2009,1.1942881,-0.6129917,72.0433392,19.02437307,83.50457742,10.09111298,-0.679
GAB,GAB_1,UM,10,11,0,2010,1.2247323,-0.5813481,71.14858733,17.08046111,89.15766272,8.209996832,-0.829
GAB,GAB_1,UM,11,12,0,2011,1.2451545,-0.7953663,70.41447789,19.15280075,90.49837733,9.527671612,-0.517
GAB,GAB_1,UM,12,13,0,2012,1.2403015,-0.9553429,69.76040914,16.50140564,92.34280894,11.30209567,-0.714
GAB,GAB_1,UM,13,14,0,2013,1.2512255,-0.8356498,69.13889473,17.16241396,90.63503615,15.0128213,-0.632
GAB,GAB_1,UM,14,15,0,2014,1.2363355,-0.6813684,68.63501377,17.39340587,73.52032902,14.54172512,-0.566
GAB,GAB_1,UM,15,16,0,2015,1.2356888,-0.702389,68.34690041,16.68703304,73.94978146,14.51614723,-0.576
GAB,GAB_1,UM,16,17,0,2016,1.2177967,-0.6634804,68.29442426,17.45600677,70.13338106,13.82898955,-0.459
GAB,GAB_1,UM,17,18,0,2017,1.1916946,-0.8272048,68.42281161,17.62241867,75.06874045,10.29036221,-0.706
GAB,GAB_1,UM,18,19,0,2018,1.12664,-0.7795313,68.62938196,18.94155761,77.0365977,13.08269307,-0.772
GAB,GAB_1,UM,19,20,0,2019,1.0882173,-0.7880906,68.82836684,18.80256883,73.42808945,13.37647797,-0.784
GAB,GAB_1,UM,20,21,0,2020,1.0466883,-0.8134549,68.95058217,18.57647094,70.11405465,13.37647797,-0.969
GAB,GAB_1,UM,21,22,0,2021,1.0,-0.5886647,68.96935874,21.64954708,85.34831221,13.37647797,-0.536
GAB,GAB_1,UM,22,23,0,2022,0.9598339,-0.5943568,68.87657943,20.80004102,92.06308885,13.37647797,-0.643
GAB,GAB_1,UM,23,24,0,2023,0.92986405,-0.5840974,68.64549539,20.53646785,91.47865332,13.37647797,-0.784
GAB,GAB_1,UM,24,25,0,2024,0.92986405,-0.5671547,68.25695357,19.45982697,92.04680552,13.37647797,-1.431
GAB,GAB_1,UM,25,26,0,2025,0.92986405,-0.5671547,68.25695357,19.06509259,92.04680552,13.37647797,-1.431
GAB,GAB_1,UM,26,27,0,2026,0.92986405,-0.5671547,68.25695357,19.06509259,92.04680552,13.37647797,-1.431
GTM,GTM_1,LM,0,1,0,2000,0.9843655,-1.0470244,90.76306413,13.17089605,49.1455879,22.76671319,-0.271
GTM,GTM_1,LM,1,2,0,2001,0.97855353,-0.98653425,90.01033916,19.98979847,70.66903318,22.76671319,-0.211
GTM,GTM_1,LM,2,3,0,2002,0.9854922,-0.9260441,89.00238234,18.80800868,67.10481152,21.56157222,-0.17
GTM,GTM_1,LM,3,4,0,2003,0.9818883,-0.9461887,87.72626988,18.76240638,67.00233919,26.65440813,-0.136
GTM,GTM_1,LM,4,5,0,2004,0.980809,-0.8896651,86.25068931,19.1936872,70.21487236,26.63084525,-0.071
GTM,GTM_1,LM,5,6,0,2005,0.9857307,-0.8990503,84.65983278,19.00164413,67.10369961,25.76644405,-0.206
GTM,GTM_1,LM,6,7,0,2006,0.99059254,-0.7008041,82.9981312,19.03480182,67.91192374,28.82849313,0.031
GTM,GTM_1,LM,7,8,0,2007,1.0098431,-0.6725821,81.28684868,18.59078092,69.00136431,28.64102595,-0.167
GTM,GTM_1,LM,8,9,0,2008,1.0056462,-0.6490196,79.53682011,18.76713397,65.17873052,27.7613593,-0.152
GTM,GTM_1,LM,9,10,0,2009,0.98672557,-0.581593,77.7631319,18.95369257,58.04068697,25.75636006,-0.234
GTM,GTM_1,LM,10,11,0,2010,0.99050534,-0.6073928,75.98815378,18.93836957,63.12519257,24.2180601,-0.18
GTM,GTM_1,LM,11,12,0,2011,0.9937482,-0.6813602,74.24991716,18.95689978,65.04705104,23.96393766,-0.262
GTM,GTM_1,LM,12,13,0,2012,0.966097,-0.6922625,72.59727324,19.42672595,61.95941934,32.17208304,-0.132
GTM,GTM_1,LM,13,14,0,2013,0.99815387,-0.6452598,71.03816123,14.41642999,56.68524902,33.13095853,-0.189
GTM,GTM_1,LM,14,15,0,2014,0.9933382,-0.5721862,69.58718174,14.07664757,55.08327359,33.49614862,-0.181
GTM,GTM_1,LM,15,16,0,2015,0.9889506,-0.6527228,68.24840824,14.32632827,49.89345177,35.26220532,-0.209
GTM,GTM_1,LM,16,17,1,2016,0.9737078,-0.6757539,66.95572288,14.19059959,46.37273447,35.70284675,-0.265
GTM,GTM_2,UM,0,1,0,2017,0.9742132,-0.6982041,65.72087674,14.14043683,46.06940335,35.16762327,-0.194
GTM,GTM_2,UM,1,2,0,2018,0.98782915,-0.7651424,64.58006776,13.95427825,47.01168527,35.04890704,-0.145
GTM,GTM_2,UM,2,3,0,2019,0.9827418,-0.7779291,63.45028547,13.81128823,45.51673415,34.07722664,-0.243
GTM,GTM_2,UM,3,4,0,2020,0.9711474,-0.7764521,62.20545384,14.10815817,41.14075945,35.85072767,-0.226
GTM,GTM_2,UM,4,5,0,2021,1.0,-0.7444335,60.88326201,13.92685258,49.26114946,35.66148932,-0.11
GTM,GTM_2,UM,5,6,0,2022,1.001477,-0.8842065,59.60143184,14.08773964,54.43103848,36.60698146,-0.129
GTM,GTM_2,UM,6,7,0,2023,0.97238827,-0.8628806,58.40954175,14.01269561,48.29707075,37.15726081,-0.069
GTM,GTM_2,UM,7,8,0,2024,0.97238827,-0.9093696,57.29814639,13.53924349,47.34419676,36.77828968,0.055
GTM,GTM_2,UM,8,9,0,2025,0.97238827,-0.9093696,57.29814639,13.19442748,47.34419676,37.23488143,0.055
GTM,GTM_2,UM,9,10,0,2026,0.97238827,-0.9093696,57.29814639,13.19442748,47.34419676,37.23488143,0.055
HND,HND_1,LM,0,1,0,2000,0.98385173,-1.0776822,85.34978865,20.53561885,120.3921646,36.68356621,-0.763
HND,HND_1,LM,1,2,0,2001,0.9989101,-1.0512278,84.13071169,19.63852766,115.9430717,36.68356621,-0.744
HND,HND_1,LM,2,3,0,2002,1.0108005,-1.0247734,82.80494719,19.89221672,117.9974545,36.0320656,-0.821
HND,HND_1,LM,3,4,0,2003,1.0246817,-1.0735697,81.38020628,19.77400576,122.2482772,37.19104638,-0.73
HND,HND_1,LM,4,5,0,2004,1.0556962,-0.7452631,79.8958826,19.15725276,135.4617587,37.81436819,-0.65
HND,HND_1,LM,5,6,0,2005,1.0686015,-0.697415,78.33946132,19.08397071,136.489768,38.84175807,-0.514
HND,HND_1,LM,6,7,0,2006,1.0920289,-0.7164582,76.69684756,18.97012914,133.1318351,44.72935316,-0.564
HND,HND_1,LM,7,8,0,2007,1.1010078,-0.6132121,74.99599074,17.95145037,135.0706349,52.27042007,-0.628
HND,HND_1,LM,8,9,0,2008,1.0774053,-0.6867311,73.27037497,17.80521758,135.7489552,51.29183267,-0.833
HND,HND_1,LM,9,10,0,2009,1.0265598,-0.6465044,71.54570451,16.6306404,96.90500602,50.33822017,-0.678
HND,HND_1,LM,10,11,0,2010,1.0228897,-0.6254799,69.83278352,16.53655701,109.4418382,47.46224708,-0.562
HND,HND_1,LM,11,12,0,2011,1.0369465,-0.6040037,68.15564164,17.19439402,122.2169026,47.30923103,-0.842
HND,HND_1,LM,12,13,0,2012,1.0495863,-0.6881574,66.55634993,17.68613956,121.1882158,51.27564823,-0.415
HND,HND_1,LM,13,14,0,2013,1.0103217,-0.8050534,65.03701195,17.29425925,116.3060492,54.72268682,-0.702
HND,HND_1,LM,14,15,0,2014,1.0221559,-0.6009781,63.57952596,17.25458749,112.9750973,55.0869372,-0.404
HND,HND_1,LM,15,16,0,2015,1.0016781,-0.5555614,62.16575156,17.54311202,107.2644054,54.59360022,-0.525
HND,HND_1,LM,16,17,0,2016,1.0133765,-0.4312883,60.82062699,17.14677251,99.81571695,57.83540236,-0.538
HND,HND_1,LM,17,18,0,2017,1.0122224,-0.4193229,59.59199428,17.1266629,101.8131111,57.7901975,-0.422
HND,HND_1,LM,18,19,0,2018,0.9812571,-0.5271479,58.50714638,16.89270829,103.5511622,62.81495971,-0.429
HND,HND_1,LM,19,20,0,2019,0.9949891,-0.5125275,57.55252512,16.53449257,99.45997799,64.46303283,-0.72
HND,HND_1,LM,20,21,0,2020,0.9229182,-0.5825031,56.6772345,16.23346941,88.00085638,71.23046368,-0.5
HND,HND_1,LM,21,22,0,2021,1.0,-0.6672516,55.87477698,16.21516462,103.3726435,67.72704719,-0.627
HND,HND_1,LM,22,23,0,2022,1.0262365,-0.6862582,55.16632019,16.21950058,112.6985249,70.08416262,-0.899
HND,HND_1,LM,23,24,0,2023,1.0272669,-0.6579014,54.5329302,15.20653935,98.79197983,75.63082478,-0.47
HND,HND_1,LM,24,25,0,2024,1.0272669,-0.6196728,53.93834022,14.8734622,91.11015859,78.46330143,-0.291
HND,HND_1,LM,25,26,0,2025,1.0272669,-0.6196728,53.93834022,14.97047226,91.11015859,78.46330143,-0.291
HND,HND_1,LM,26,27,0,2026,1.0272669,-0.6196728,53.93834022,14.97047226,91.11015859,78.46330143,-0.291
HRV,HRV_1,UM,0,1,0,2000,1.0593754,0.1833787,48.88295352,16.67431671,74.60168547,69.23489094,0.67
HRV,HRV_1,UM,1,2,0,2001,1.0517938,0.1947093,49.35654967,16.35735363,79.4405856,69.23489094,0.654
HRV,HRV_1,UM,2,3,0,2002,1.0837554,0.2060399,49.64494677,15.22069477,81.1609978,69.23489094,0.682
HRV,HRV_1,UM,3,4,0,2003,1.0964649,0.1631364,49.79264883,14.84096672,81.44325144,69.23489094,0.679
HRV,HRV_1,UM,4,5,0,2004,1.1065692,0.3693341,49.84678001,15.01501502,81.64441266,69.23489094,0.721
HRV,HRV_1,UM,5,6,0,2005,1.118965,0.354903,49.96139754,14.28650397,81.49233557,69.23489094,0.751
HRV,HRV_1,UM,6,7,0,2006,1.1204785,0.302513,49.97839639,13.77057483,83.51708359,69.23489094,0.748
HRV,HRV_1,UM,7,8,1,2007,1.1213659,0.3753871,50.01581874,13.84355786,83.26221038,69.23489094,0.735
HRV,HRV_2,UM,0,1,1,2016,1.0347286,0.2649439,52.0598914,12.87684481,92.13920094,58.99171677,0.851
HUN,HUN_1,UM,0,1,0,2000,0.878024,0.9862345,46.5134969,19.0826422,137.2623131,31.84591129,1.04
HUN,HUN_1,UM,1,2,0,2001,0.878024,0.9777666,46.07969475,19.1558165,130.9037142,32.61256383,1.057
HUN,HUN_1,UM,2,3,0,2002,0.8899275,0.9692987,45.74841954,18.54953766,118.2693352,34.34431075,1.11
HUN,HUN_1,UM,3,4,0,2003,0.9044776,0.8500324,45.52609579,18.59911298,116.7870885,36.51001385,1.138
HUN,HUN_1,UM,4,5,0,2004,0.9349878,0.7962749,45.28827598,18.97412441,123.6156861,38.94909665,1.097
HUN,HUN_1,UM,5,6,0,2005,0.9680193,0.7528133,45.11497126,19.03442027,128.0048106,43.2545318,1.113
HUN,HUN_1,UM,6,7,1,2006,0.9877976,0.7191893,44.9804922,19.70823555,149.2315316,47.27917874,1.143
HUN,HUN_2,UM,0,1,0,2012,0.9247884,0.4322592,45.91831932,18.493718,166.1756986,50.4166617,1.239
HUN,HUN_2,UM,1,2,1,2013,0.92772114,0.5712638,46.55185646,18.70732178,164.4760248,46.0968824,1.266
IDN,IDN_1,LM,0,1,0,2003,0.878024,-0.9085265,53.92727,28.25284184,53.61649375,27.65871049,0.265
IDN,IDN_1,LM,1,2,0,2004,0.878024,-0.7626847,53.35400322,28.06582659,59.76129484,27.65871049,0.186
IDN,IDN_1,LM,2,3,0,2005,0.878024,-0.7337593,52.88157358,27.40750748,63.98793587,27.65871049,0.164
IDN,IDN_1,LM,3,4,0,2006,0.878024,-0.5173516,52.48460884,27.53757408,56.65712681,27.65871049,0.214
IDN,IDN_1,LM,4,5,0,2007,0.878024,-0.4571356,52.13119026,27.04841275,54.82924998,27.65871049,0.178
IDN,IDN_1,LM,5,6,0,2008,0.878024,-0.4526811,51.7963916,27.81427299,58.56139963,27.65871049,0.148
IDN,IDN_1,LM,6,7,0,2009,0.878024,-0.3302307,51.43121848,26.35547453,45.51212137,27.65871049,0.12
IDN,IDN_1,LM,7,8,0,2010,0.878024,-0.2531404,51.06590393,22.03862859,46.70127388,27.25304113,0.126
IDN,IDN_1,LM,8,9,0,2011,0.90294677,-0.3273953,50.72511477,21.7608545,50.18001318,30.08219936,0.117
IDN,IDN_1,LM,9,10,0,2012,0.92050004,-0.2570836,50.39506252,21.45095506,49.5828983,33.43417143,0.214
IDN,IDN_1,LM,10,11,0,2013,0.9597049,-0.1633885,50.04391433,21.02868868,48.63737268,36.05813961,0.211
IDN,IDN_1,LM,11,12,0,2014,0.9551126,0.3191278,49.68398051,21.07517605,48.08017559,36.42354516,0.279
IDN,IDN_1,LM,12,13,0,2015,0.9592966,-0.062646,49.35964379,20.98578743,41.93764024,39.1187983,0.276
IDN,IDN_1,LM,13,14,0,2016,0.9752807,0.1221929,49.08062418,20.52297468,37.4213418,39.40242469,0.291
IDN,IDN_1,LM,14,15,0,2017,0.98681927,0.1565617,48.81331766,20.16002236,39.35549707,38.73234956,0.281
IDN,IDN_1,LM,15,16,1,2018,1.0060635,0.2534613,48.55728556,19.86319338,43.07430896,38.80544967,0.292
IDN,IDN_2,UM,0,1,0,2019,1.0080156,0.3122885,48.31873105,19.70353909,37.62777754,38.37269395,0.317
IDN,IDN_3,LM,0,1,0,2020,0.9805864,0.213754,48.02167984,19.86642189,36.39587023,38.67953909,0.263
IDN,IDN_3,LM,1,2,1,2021,1.0,0.1470804,47.62798101,19.24340778,40.20475827,36.99082706,0.272
IDN,IDN_4,UM,0,1,0,2022,0.9904193,0.2328093,47.27265769,18.33617711,45.4646702,35.28843296,0.236
IDN,IDN_4,UM,1,2,0,2023,0.9955157,0.2732116,47.02245688,18.66744879,41.33628687,36.01295126,0.28
IDN,IDN_4,UM,2,3,0,2024,0.9955157,0.179804,46.81355501,18.984004,42.5726473,36.39240671,0.223
IDN,IDN_4,UM,3,4,0,2025,0.9955157,0.179804,46.81355501,19.06510998,42.5726473,36.28329833,0.223
IDN,IDN_4,UM,4,5,0,2026,0.9955157,0.179804,46.81355501,19.06510998,42.5726473,36.28329833,0.223
IND,IND_1,LM,0,1,0,2007,0.9249166,-0.0160503,59.87806455,16.86456778,45.68626868,45.62776475,0.536
IND,IND_1,LM,1,2,0,2008,0.90021116,-0.1554864,58.88782844,17.09867415,53.36822044,49.55936669,0.507
IND,IND_1,LM,2,3,0,2009,0.91748923,-0.0934347,57.91646978,17.14357767,46.27286964,48.12444791,0.504
IND,IND_1,LM,3,4,0,2010,0.94136083,-0.1141477,56.94352994,17.02993425,49.2552065,50.55537498,0.471
IND,IND_1,LM,4,5,0,2011,0.93340605,-0.0726295,55.98767627,16.13933744,55.62388001,51.28923313,0.48
IND,IND_1,LM,5,6,0,2012,0.9361628,-0.0887591,55.06007807,15.81692301,55.79372173,51.88850765,0.53
IND,IND_1,LM,6,7,0,2013,0.94183373,-0.0587027,54.13783766,15.25302269,53.84413195,52.38570952,0.571
IND,IND_1,LM,7,8,0,2014,0.9717498,-0.0134938,53.24210902,15.06557011,48.92218575,51.88218736,0.577
IND,IND_1,LM,8,9,0,2015,1.009523,0.3968483,52.39770582,15.58385459,41.92291387,51.86752408,0.618
IND,IND_1,LM,9,10,0,2016,1.0510694,0.3761225,51.57689373,15.16223713,40.08248571,38.20365079,0.627
IND,IND_1,LM,10,11,0,2017,1.0704671,0.3527821,50.76720335,15.01823875,40.74249695,38.17071386,0.628
IND,IND_1,LM,11,12,0,2018,1.0848575,0.5015296,50.03079002,14.88153067,43.61696933,38.8975254,0.682
IND,IND_1,LM,12,13,0,2019,1.0356905,0.5054858,49.37813139,13.45580756,39.90540353,38.73794498,0.687
IND,IND_1,LM,13,14,0,2020,0.95557636,0.3492894,48.72592536,14.12048536,37.75810533,40.78678486,0.683
IND,IND_1,LM,14,15,0,2021,1.0,0.2400136,48.04057662,14.37702885,45.42308878,36.89208851,0.687
IND,IND_1,LM,15,16,0,2022,1.0002325,0.3392526,47.46370596,13.33272026,50.07527015,38.18597636,0.72
IND,IND_1,LM,16,17,0,2023,1.0105311,0.422603,47.01321811,13.31284388,44.99284229,40.8940759,0.71
IND,IND_1,LM,17,18,0,2024,1.0105311,0.4046051,46.56399731,13.13921995,44.64929351,41.60796943,0.705
IND,IND_1,LM,18,19,0,2025,1.0105311,0.4046051,46.56399731,13.47105507,44.64929351,44.02509034,0.705
IND,IND_1,LM,19,20,0,2026,1.0105311,0.4046051,46.56399731,13.47105507,44.64929351,44.02509034,0.705
IRN,IRN_1,LM,0,1,0,2000,1.0421896,-0.5434034,60.64925815,16.63922502,41.25724746,26.24978118,-0.234
IRN,IRN_1,LM,1,2,0,2001,1.0049243,-0.6308865,56.3422902,17.14813115,40.53556648,30.07958278,-0.187
IRN,IRN_1,LM,2,3,0,2002,1.0327494,-0.7183696,52.83710035,15.09666321,48.17268655,29.10088063,-0.148
IRN,IRN_1,LM,3,4,0,2003,1.0569268,-0.7233853,49.82937001,14.79313534,50.67910578,32.43325476,-0.109
IRN,IRN_1,LM,4,5,0,2004,1.0165043,-0.6691357,47.07656497,15.70243428,51.31385733,35.0710959,0.047
IRN,IRN_1,LM,5,6,0,2005,1.0012431,-0.74235,44.79197483,15.04149207,54.44049526,38.34815323,0.079
IRN,IRN_1,LM,6,7,0,2006,1.0089071,-0.7346343,42.9687321,15.03350612,53.16735871,44.7948028,-0.027
IRN,IRN_1,LM,7,8,0,2007,1.0491085,-0.7287645,41.63665253,12.90761577,49.88730692,47.04727614,-0.41
IRN,IRN_1,LM,8,9,1,2008,1.026639,-0.7500004,40.75848326,12.9684578,48.22940277,45.31506944,-0.535
IRN,IRN_2,UM,0,1,0,2009,1.0119027,-0.745878,40.25893865,13.27448939,43.69958022,49.21222941,-0.601
IRN,IRN_2,UM,1,2,0,2010,1.046854,-0.6340289,40.06296288,12.78390806,43.77064374,52.02294982,-0.32
IRN,IRN_2,UM,2,3,0,2011,1.0425432,-0.5369306,40.08857273,13.79219147,41.21941479,49.2475079,-0.369
IRN,IRN_2,UM,3,4,0,2012,0.96618146,-0.5324399,40.26752818,16.3771989,44.08934668,49.61732348,-0.701
IRN,IRN_2,UM,4,5,0,2013,0.93521345,-0.5687029,40.61070063,15.72969562,47.08671792,44.59649913,-0.144
IRN,IRN_2,UM,5,6,0,2014,0.9705109,-0.2574672,41.20914549,15.58475562,45.35142014,48.9844793,-0.143
IRN,IRN_2,UM,6,7,0,2015,0.92670906,-0.1918034,42.04071827,13.45074441,39.42258866,56.37195936,-0.171
IRN,IRN_2,UM,7,8,0,2016,1.0018729,-0.2031626,42.89344774,13.31883663,39.87724177,57.83133837,-0.165
IRN,IRN_2,UM,8,9,0,2017,0.98793423,-0.1973883,43.67052198,14.13525021,43.15569314,57.83133837,-0.17
IRN,IRN_2,UM,9,10,0,2018,0.9697938,-0.2727406,44.33837503,16.23214848,56.61534961,57.83133837,-0.108
IRN,IRN_2,UM,10,11,0,2019,0.91707844,-0.4172702,44.77869478,18.65533651,48.59177121,57.83133837,0.021
IRN,IRN_3,LM,0,1,0,2020,0.9795497,-0.7071428,44.93492162,22.86643332,43.88446749,57.83133837,0.087
IRN,IRN_3,LM,1,2,0,2021,1.0,-0.6566521,44.83428858,23.4410697,42.67237954,57.83133837,-0.007
IRN,IRN_3,LM,2,3,1,2022,1.027577,-0.7076616,44.61365762,22.22483376,48.91835082,57.83133837,0.036
IRN,IRN_4,UM,0,1,0,2023,1.0572435,-0.7402272,44.41448105,21.6209509,49.3935501,57.83133837,-0.13
IRN,IRN_4,UM,1,2,0,2024,1.0572435,-0.7061233,44.25764759,20.59089612,52.06213068,57.83133837,-0.071
IRN,IRN_4,UM,2,3,0,2025,1.0572435,-0.7061233,44.25764759,20.59089612,52.06213068,57.83133837,-0.071
IRN,IRN_4,UM,3,4,0,2026,1.0572435,-0.7061233,44.25764759,20.59089612,52.06213068,57.83133837,-0.071
IRQ,IRQ_1,LM,0,1,0,2000,1.4795228,-1.3754275,87.815498,1.956569604,125.3365956,7.24834771,-0.898
IRQ,IRQ_1,LM,1,2,0,2001,1.4544331,-1.3754275,87.11769858,1.956569604,126.780256,7.24834771,-1.224
IRQ,IRQ_1,LM,2,3,0,2002,1.3325132,-1.3754275,86.38375682,1.956569604,119.7620477,7.24834771,-1.302
IRQ,IRQ_1,LM,3,4,0,2003,0.878024,-1.3754275,85.61495892,1.956569604,154.2345253,7.24834771,-0.938
IRQ,IRQ_1,LM,4,5,0,2004,1.2712226,-1.3754275,84.8012279,1.956569604,120.2339771,7.24834771,-0.357
IRQ,IRQ_1,LM,5,6,0,2005,1.155585,-1.3754275,83.88749657,1.956569604,115.7425403,7.24834771,-0.976
IRQ,IRQ_1,LM,6,7,0,2006,1.1015142,-1.3754275,82.93110757,1.956569604,89.65051986,7.24834771,-1.431
IRQ,IRQ_1,LM,7,8,0,2007,1.1218132,-1.3754275,81.98497514,1.956569604,74.09285311,7.24834771,-1.431
IRQ,IRQ_1,LM,8,9,0,2008,1.1329657,-1.2292464,81.03063045,1.956569604,81.05554327,7.24834771,-1.431
IRQ,IRQ_1,LM,9,10,0,2009,1.133158,-1.0843867,80.11484774,2.61115151,78.68737882,7.24834771,-0.575
IRQ,IRQ_1,LM,10,11,0,2010,1.1286771,-1.1789936,79.34520966,2.269906805,73.49747962,7.24834771,-1.431
IRQ,IRQ_1,LM,11,12,1,2011,1.1339808,-1.1846155,78.82691844,2.821903293,72.17132822,7.24834771,-1.431
IRQ,IRQ_2,UM,0,1,0,2012,1.2082037,-1.1168342,78.40843761,2.721776318,73.60868459,7.24834771,-1.431
IRQ,IRQ_2,UM,1,2,0,2013,1.1779332,-1.0710124,77.95954947,2.297634844,67.41001841,7.24834771,-1.431
IRQ,IRQ_2,UM,2,3,0,2014,1.0806677,-0.9609496,77.43227329,1.956569604,68.98248686,7.24834771,-1.431
IRQ,IRQ_2,UM,3,4,0,2015,1.0348048,-1.0793082,76.745769,2.175208425,69.5917686,9.875822389,-1.431
IRQ,IRQ_2,UM,4,5,0,2016,1.1365218,-1.0919194,75.94115139,2.252868877,54.58832019,10.07668376,-1.431
IRQ,IRQ_2,UM,5,6,0,2017,1.1016258,-1.0918167,75.05990776,2.174398743,59.78091239,9.549839733,-1.431
IRQ,IRQ_2,UM,6,7,0,2018,1.0999612,-1.0744668,74.10652932,2.031977718,65.80179177,8.580017333,-1.431
IRQ,IRQ_2,UM,7,8,0,2019,1.1067464,-1.1066349,73.09514193,2.137531496,68.98993842,8.808960328,-1.431
IRQ,IRQ_2,UM,8,9,0,2020,0.996102,-1.217842,71.98405107,2.588427268,57.7423164,13.31485768,-0.909
IRQ,IRQ_2,UM,9,10,0,2021,1.0,-1.2310377,70.77458191,2.473404781,61.50326831,11.19560275,-1.032
IRQ,IRQ_2,UM,10,11,0,2022,1.0409292,-1.223854,69.44745288,2.246236799,68.75879409,9.541256841,-1.312
IRQ,IRQ_2,UM,11,12,0,2023,0.9989181,-1.3398894,68.03361996,3.016036251,69.4613208,12.55189932,-1.431
IRQ,IRQ_2,UM,12,13,0,2024,0.9989181,-1.1018847,66.65482446,4.087061821,70.70874347,13.99144759,-1.431
IRQ,IRQ_2,UM,13,14,0,2025,0.9989181,-1.1018847,66.65482446,3.996539116,70.70874347,13.99144759,-1.431
IRQ,IRQ_2,UM,14,15,0,2026,0.9989181,-1.1018847,66.65482446,3.996539116,70.70874347,13.99144759,-1.431
JOR,JOR_1,LM,0,1,0,2000,0.878024,-0.1715824,74.6577652,12.94780536,110.3289046,72.08740227,0.492
JOR,JOR_1,LM,1,2,0,2001,0.9112959,-0.1623223999999999,74.17509131,12.84944293,109.2854786,75.70839292,0.551
JOR,JOR_1,LM,2,3,0,2002,0.9557885,-0.1530624,73.58527015,13.99470121,114.0388578,72.7396232,0.383
JOR,JOR_1,LM,3,4,0,2003,0.98228383,0.0946268,72.92133529,14.43689737,115.7068353,70.80223277,0.129
JOR,JOR_1,LM,4,5,0,2004,1.0215216,0.0497677,72.0805558,15.59777033,134.6216119,74.69885921,0.309
JOR,JOR_1,LM,5,6,0,2005,1.0395218,-0.079024,71.11186914,15.37375639,146.9088913,88.09189298,0.319
JOR,JOR_1,LM,6,7,0,2006,1.0693088,0.0988902,69.97430566,16.43217116,141.7473818,91.76859883,0.215
JOR,JOR_1,LM,7,8,0,2007,1.0643784,0.1912328,68.74515093,18.29812139,145.9942463,91.63205922,0.23
JOR,JOR_1,LM,8,9,0,2008,1.0829816,0.1884765,67.52903832,19.58606675,140.912926,69.2832049,0.24
JOR,JOR_1,LM,9,10,1,2009,1.0757928,0.2225533,66.34295976,18.03819953,112.1519982,65.51157093,0.236
JOR,JOR_2,UM,0,1,0,2010,1.0543662,0.0759657,65.15076793,17.02736264,114.2226777,64.0144083,0.282
JOR,JOR_2,UM,1,2,0,2011,1.0440018,0.1349915,64.01543149,17.43123195,118.6996795,64.96878243,0.202
JOR,JOR_2,UM,2,3,0,2012,1.0545524,0.2203515,62.99723852,17.03971228,117.8555877,64.70408061,0.261
JOR,JOR_2,UM,3,4,0,2013,1.0795105,0.2411636,62.30849546,17.71441564,111.451528,64.16055683,0.259
JOR,JOR_2,UM,4,5,0,2014,1.0766894,0.3808336,62.06031712,17.30321349,109.9388055,60.59956037,0.303
JOR,JOR_2,UM,5,6,0,2015,1.0276264,0.3820942,61.62348089,16.89418775,95.35791223,60.72043583,0.197
JOR,JOR_3,LM,0,1,1,2016,0.99838156,0.3625455,60.95829892,16.63427672,88.7207179,64.7882044,0.009
JOR,JOR_4,UM,0,1,0,2017,0.9968479,0.2771646,60.33881284,16.64048183,89.73160051,68.0683901,0.05
JOR,JOR_4,UM,1,2,0,2018,1.0127085,0.089873,59.64008329,16.3691562,87.63591519,69.14089522,0.032
JOR,JOR_4,UM,2,3,0,2019,0.9867264,0.011123,58.8802727,16.26721755,85.6878335,70.35883313,0.103
JOR,JOR_4,UM,3,4,0,2020,0.95791423,0.1138845,58.0792661,15.73986355,66.05994881,75.79728882,0.081
JOR,JOR_4,UM,4,5,0,2021,1.0,0.1228638,57.2273523,15.45453675,80.33286994,74.83915987,0.066
JOR,JOR_5,LM,0,1,0,2022,0.9807748,0.1428514,56.23816547,15.69667552,104.0954594,76.75391313,0.083
JOR,JOR_5,LM,1,2,0,2023,0.98035264,0.3908884,55.1554978,16.38107294,100.3478688,74.4753222,0.044
JOR,JOR_5,LM,2,3,1,2024,0.98035264,0.2162114,54.30097416,16.86494374,99.67944774,72.95599382,0.088
JOR,JOR_6,UM,0,1,0,2025,0.98035264,0.2162114,54.30097416,17.37194259,99.67944774,71.30961593,0.088
JOR,JOR_6,UM,1,2,0,2026,0.98035264,0.2162114,54.30097416,17.37194259,99.67944774,71.30961593,0.088
KAZ,KAZ_1,LM,0,1,0,2000,0.878024,-1.0960203,52.27574131,16.49803593,105.6996926,37.72910693,0.054
KAZ,KAZ_1,LM,1,2,0,2001,0.878024,-1.11284125,50.88929021,16.44509019,92.84906851,37.72910693,0.133
KAZ,KAZ_1,LM,2,3,0,2002,0.878024,-1.1296622,49.71527501,14.49613089,94.03168565,37.72910693,-0.027
KAZ,KAZ_1,LM,3,4,0,2003,0.878024,-1.1338646,48.79287164,14.21774744,91.46333243,37.72910693,0.078
KAZ,KAZ_1,LM,4,5,0,2004,0.878024,-0.9256831,48.14390171,13.31415365,96.4091997,37.72910693,-0.055
KAZ,KAZ_1,LM,5,6,1,2005,0.878024,-0.9470669,47.68838571,12.04139307,97.76250302,37.72910693,-0.011
KAZ,KAZ_2,UM,0,1,0,2006,0.8984814,-0.9172701,47.35700268,11.63245808,91.4535268,37.72910693,-0.018
KAZ,KAZ_2,UM,1,2,0,2007,0.9323489,-0.9265416,47.11172725,11.49160524,92.1616331,37.72910693,-0.124
KAZ,KAZ_2,UM,2,3,0,2008,0.9216214,-0.8344328,46.93565844,11.7738897,94.29480465,37.72910693,-0.214
KAZ,KAZ_2,UM,3,4,0,2009,0.908394,-0.7609,46.77078775,10.87215357,75.76606746,37.72910693,-0.401
KAZ,KAZ_2,UM,4,5,0,2010,0.93905777,-0.7934049,46.79149679,11.32131822,74.1382659,37.72910693,-0.57
KAZ,KAZ_2,UM,5,6,0,2011,0.9850998,-0.749787,47.29187021,11.08657422,73.11785705,37.72910693,-0.3
KAZ,KAZ_2,UM,6,7,0,2012,0.97885966,-0.6199698,48.26661234,11.08079904,73.72373249,37.72910693,-0.11
KAZ,KAZ_2,UM,7,8,0,2013,0.99041575,-0.5895608,49.53098727,10.63497383,65.40760933,37.72910693,-0.371
KAZ,KAZ_2,UM,8,9,0,2014,1.0027235,-0.006638,50.9797084,10.31824363,64.97203465,37.72910693,-0.156
KAZ,KAZ_2,UM,9,10,0,2015,0.99356353,-0.011417,52.52076056,10.27540938,53.04972881,37.72910693,-0.259
KAZ,KAZ_2,UM,10,11,0,2016,0.97975874,-0.1075078,54.03187466,11.33013967,60.31159659,33.03022982,-0.191
KAZ,KAZ_2,UM,11,12,0,2017,1.016208,0.012276,55.41480331,11.28015694,56.82538794,29.18759774,-0.298
KAZ,KAZ_2,UM,12,13,0,2018,1.022031,-0.1036204,56.52356262,11.42862275,63.52795651,25.93253398,-0.352
KAZ,KAZ_2,UM,13,14,0,2019,1.0320791,0.0590993,57.46559121,11.46636407,64.85861655,24.2664786,-0.177
KAZ,KAZ_2,UM,14,15,0,2020,1.0028973,0.0522732,58.37651632,13.07253218,57.02644237,25.6352311,-0.263
KAZ,KAZ_2,UM,15,16,0,2021,1.0,0.017817,59.38483032,13.60875474,58.66860858,26.01022236,-0.47
KAZ,KAZ_2,UM,16,17,0,2022,0.9960225,0.1603392,60.2870919,13.42429667,68.33431474,25.02189369,0.245
KAZ,KAZ_2,UM,17,18,0,2023,0.9962975,0.1520225,60.89393575,12.28818841,62.33428377,26.04595035,0.436
KAZ,KAZ_2,UM,18,19,0,2024,0.9962975,0.1467641,61.35932845,12.39353431,57.1613432,27.27967958,0.363
KAZ,KAZ_2,UM,19,20,0,2025,0.9962975,0.1467641,61.35932845,12.70573954,57.1613432,27.70791749,0.363
KAZ,KAZ_2,UM,20,21,0,2026,0.9962975,0.1467641,61.35932845,12.70573954,57.1613432,27.70791749,0.363
KEN,KEN_1,LM,0,1,0,2014,0.93509686,-0.4155586,81.12149994,10.06503343,46.17048936,34.52206518,-0.487
KEN,KEN_1,LM,1,2,0,2015,0.9494589,-0.3675673,79.99241248,9.975179818,40.32738469,36.69932935,-0.315
KEN,KEN_1,LM,2,3,0,2016,0.95346946,-0.3165797,78.63644141,9.321491101,36.39587023,35.57107321,-0.356
KEN,KEN_1,LM,3,4,0,2017,0.95540637,-0.3033052,77.16038262,8.739141731,36.39587023,33.1505993,-0.423
KEN,KEN_1,LM,4,5,0,2018,0.98315907,-0.3449543,75.73642302,8.408385292,36.39587023,31.19868977,-0.351
KEN,KEN_1,LM,5,6,0,2019,1.0137472,-0.2914418,74.26394057,7.904615937,36.39587023,30.83202877,-0.424
KEN,KEN_1,LM,6,7,0,2020,0.99905604,-0.3759713,72.6322381,7.599838358,36.39587023,32.14980742,-0.497
KEN,KEN_1,LM,7,8,0,2021,1.0,-0.3468069,70.95791674,7.363301363,36.39587023,31.12312402,-0.452
KEN,KEN_1,LM,8,9,0,2022,0.9828611,-0.3324798,69.30547895,7.740687262,40.27532384,31.25841639,-0.457
KEN,KEN_1,LM,9,10,0,2023,0.99281895,-0.3131112,67.67393734,7.487436484,41.11109042,31.79808487,-0.402
KEN,KEN_1,LM,10,11,0,2024,0.99281895,-0.2978904,66.1190998,7.293010631,40.186014,31.79808487,-0.268
KEN,KEN_1,LM,11,12,0,2025,0.99281895,-0.2978904,66.1190998,7.122610952,40.186014,31.79808487,-0.268
KEN,KEN_1,LM,12,13,0,2026,0.99281895,-0.2978904,66.1190998,7.122610952,40.186014,31.79808487,-0.268
KGZ,KGZ_1,LM,0,1,0,2013,1.1097038,-0.8625472,55.67414424,15.76808892,134.0267856,15.66249447,-0.206
KGZ,KGZ_1,LM,1,2,0,2014,1.0932863,-0.8594428,56.90696686,13.6761968,125.1261811,20.05196336,-0.324
KGZ,KGZ_1,LM,2,3,0,2015,1.0929568,-0.8949145,58.15015692,14.0507757,110.9615707,22.81526427,-0.107
KGZ,KGZ_1,LM,3,4,0,2016,1.0994155,-0.8966118,59.06394639,15.43426087,105.823574,20.61339346,-0.112
KGZ,KGZ_1,LM,4,5,0,2017,1.1058742,-0.7139172,59.48827767,14.99082804,100.6174458,21.40147068,-0.243
KGZ,KGZ_1,LM,5,6,0,2018,1.1123329,-0.5418628,59.95202492,14.26446331,98.8755599,23.37481209,-0.161
KGZ,KGZ_1,LM,6,7,0,2019,1.1006035,-0.6704151,60.72774401,13.72142421,94.43028235,23.30019174,-0.13
KGZ,KGZ_1,LM,7,8,0,2020,1.0308182,-0.5862513,61.35205165,13.15752696,78.99227843,26.61682217,-0.064
KGZ,KGZ_1,LM,8,9,0,2021,1.0,-0.8422528,61.5982159,11.80627098,100.2613769,24.1631715,-0.216
KGZ,KGZ_1,LM,9,10,0,2022,1.004324,-0.9984392,61.60688945,13.64306017,133.786718,20.79685698,-0.189
KGZ,KGZ_1,LM,10,11,0,2023,1.0105466,-1.0041023,61.54751587,12.56159792,132.3734039,19.94500573,0.099
KGZ,KGZ_1,LM,11,12,0,2024,1.0105466,-0.8885033,61.35148075,12.6876068,127.6505778,22.29139849,0.212
KGZ,KGZ_1,LM,12,13,0,2025,1.0105466,-0.8885033,61.35148075,13.69783708,127.6505778,22.29139849,0.212
KGZ,KGZ_1,LM,13,14,0,2026,1.0105466,-0.8885033,61.35148075,13.69783708,127.6505778,22.29139849,0.212
KOR,KOR_1,UM,0,1,1,2000,0.878024,0.6589077,39.02626833,26.59105096,64.05881557,69.18667236,1.287
LAO,LAO_1,LM,0,1,0,2010,1.1461537,-0.8602557,66.87015034,11.09441037,84.72033789,20.91926156,-1.373
LAO,LAO_1,LM,1,2,0,2011,1.1621454,-0.8422502,65.10608748,10.67136615,91.69869587,20.91926156,-1.431
LAO,LAO_1,LM,2,3,0,2012,1.1586324,-0.8376374,63.56196458,8.983772742,98.18512643,20.91926156,-1.431
LAO,LAO_1,LM,3,4,0,2013,1.1658463,-0.7057833,62.1659309,8.435402283,98.17914662,20.91926156,-1.224
LAO,LAO_1,LM,4,5,0,2014,1.1658608,-0.2761781,60.85148555,8.427695284,99.05973829,20.91926156,-1.086
LAO,LAO_1,LM,5,6,0,2015,1.1665841,-0.3539783,59.65485804,8.190052195,85.7983217,20.91926156,-1.105
LAO,LAO_1,LM,6,7,0,2016,1.166014,-0.2622768,58.63482429,7.771563827,75.09189092,20.91926156,-1.006
LAO,LAO_1,LM,7,8,0,2017,1.1542119,-0.2334031,57.80226832,7.483534519,75.09189092,20.91926156,-1.078
LAO,LAO_1,LM,8,9,0,2018,1.1272839,-0.649149,57.10924776,7.45272744,75.09189092,20.91926156,-0.989
LAO,LAO_1,LM,9,10,0,2019,1.0870757,-0.7571518,56.49036221,7.643691941,75.09189092,20.91926156,-0.96
LAO,LAO_1,LM,10,11,0,2020,1.0404662,-0.765948,55.88120278,7.684786494,75.09189092,20.91926156,-0.833
LAO,LAO_1,LM,11,12,0,2021,1.0,-0.7431648,55.25181364,8.69509979,75.09189092,20.91926156,-0.664
LAO,LAO_1,LM,12,13,0,2022,0.9842225,-0.710404,54.64079543,8.805813095,75.09189092,20.91926156,-0.787
LAO,LAO_1,LM,13,14,0,2023,0.9878251,-0.7534642,54.06692842,9.247877358,75.09189092,20.91926156,-0.869
LAO,LAO_1,LM,14,15,0,2024,0.9878251,-0.5819014,53.5253967,9.053670166,75.09189092,20.91926156,-0.703
LAO,LAO_1,LM,15,16,0,2025,0.9878251,-0.5819014,53.5253967,9.114067601,75.09189092,20.91926156,-0.703
LAO,LAO_1,LM,16,17,0,2026,0.9878251,-0.5819014,53.5253967,9.114067601,75.09189092,20.91926156,-0.703
LKA,LKA_1,LM,0,1,0,2000,0.88433397,-0.4898792,49.7157016,15.05451498,88.6364417,28.83454354,-0.689
LKA,LKA_1,LM,1,2,0,2001,0.878024,-0.3020087,49.01985143,14.11977662,80.89860153,30.73267832,-0.586
LKA,LKA_1,LM,2,3,0,2002,0.89518833,-0.1141382,48.54481848,19.11422132,76.33513178,31.03446544,-0.664
LKA,LKA_1,LM,3,4,0,2003,0.9101703,-0.3891401,48.26696929,18.59193138,75.33624733,30.74549024,-0.596
LKA,LKA_1,LM,4,5,0,2004,0.878024,-0.4611783,48.1075839,18.72074443,79.4829449,32.38635085,-0.479
LKA,LKA_1,LM,5,6,0,2005,0.8818017,-0.356012,48.05777707,19.51298566,73.60397296,33.07610259,-0.525
LKA,LKA_1,LM,6,7,0,2006,0.93758273,-0.2889264,48.10686183,19.22587692,71.26117849,34.67049206,-0.381
LKA,LKA_1,LM,7,8,0,2007,0.9650377,-0.2217118,48.22794495,18.49792438,68.60651166,34.23950368,-0.502
LKA,LKA_1,LM,8,9,0,2008,0.9527961,-0.2277659,48.40972708,17.95409417,63.36904361,29.54200652,-0.533
LKA,LKA_1,LM,9,10,0,2009,0.96402454,-0.0956118,48.639674,18.10773411,49.14914153,25.74003016,-0.654
LKA,LKA_1,LM,10,11,0,2010,0.99655014,-0.185523,48.91315395,18.45668422,48.77727974333334,24.68426166,-0.596
LKA,LKA_1,LM,11,12,0,2011,1.040515,-0.1636119,49.23949407,18.61568688,48.40541795666667,33.73879695,-0.623
LKA,LKA_1,LM,12,13,0,2012,1.0650876,-0.1739743,49.58600291,19.73794236,48.03355617,34.01804378,-0.371
LKA,LKA_1,LM,13,14,0,2013,1.0333344,-0.1437062,49.96845453,18.06463065,47.66169438333333,33.53936076,-0.478
LKA,LKA_1,LM,14,15,0,2014,1.0463027,0.1397088,50.39382292,17.15642919,47.28983259666667,34.49362888,-0.391
LKA,LKA_1,LM,15,16,0,2015,1.0562663,0.0898368,50.79186587,16.17695988,46.91797081,39.38185044,-0.45
LKA,LKA_1,LM,16,17,0,2016,1.0428025,-0.0370535,51.1118502,16.01865925,46.47153703,42.47566529,-0.402
LKA,LKA_1,LM,17,18,1,2017,1.0372266,-0.0698946,51.33805762,14.89129605,47.1404098,43.88275256,-0.258
LKA,LKA_2,UM,0,1,0,2018,1.0346804,-0.0975671,51.48991061,15.03277861,49.80939675,46.69840733,-0.339
LKA,LKA_3,LM,0,1,0,2019,1.006036,-0.0713311,51.58393848,16.16080172,49.42552389,47.00849294,-0.322
LKA,LKA_3,LM,1,2,0,2020,1.005627,-0.1134357,51.63729748,16.2859641,37.08911886,47.00849294,-0.332
LKA,LKA_3,LM,2,3,0,2021,1.0,-0.2353399,51.65677982,17.96511862,41.22884633,47.00849294,-0.225
LKA,LKA_3,LM,3,4,0,2022,0.9054521,-0.5037831,51.68231906,19.65105443,46.68260802,47.00849294,-0.227
LKA,LKA_3,LM,4,5,0,2023,0.8857365,-0.2845545,51.74503338,17.9723934,43.5362303,47.00849294,-0.196
LKA,LKA_3,LM,5,6,1,2024,0.8857365,-0.2745215,51.82392028,17.49155087,42.39750087,47.00849294,-0.045
LKA,LKA_4,UM,0,1,0,2025,0.8857365,-0.2745215,51.82392028,17.11589154,42.39750087,47.00849294,-0.045
LKA,LKA_4,UM,1,2,0,2026,0.8857365,-0.2745215,51.82392028,17.11589154,42.39750087,47.00849294,-0.045
LTU,LTU_1,LM,0,1,1,2000,0.878024,-0.0691171,51.04519872,16.96869726,83.19149427,59.41055619,0.487
LTU,LTU_2,UM,0,1,0,2001,0.878024,0.2315376,50.53331315,17.40441416,93.48713737,59.41055619,0.516
LTU,LTU_2,UM,1,2,0,2002,0.878024,0.5321923,49.97880823,16.43974293,100.3322295,59.41055619,0.515
LTU,LTU_2,UM,2,3,0,2003,0.878024,0.7480841,49.4729821,16.81043835,98.09140432,59.41055619,0.506
LTU,LTU_2,UM,3,4,0,2004,0.878024,0.5898262,49.20176423,18.24119048,104.0720707,59.41055619,0.588
LTU,LTU_2,UM,4,5,0,2005,0.878024,0.6552222,48.99930266,18.35201279,117.4496912,59.41055619,0.631
LTU,LTU_2,UM,5,6,0,2006,0.878024,0.549991,48.72389527,17.70174529,124.613633,59.41055619,0.647
LTU,LTU_2,UM,6,7,0,2007,0.878024,0.4643619,48.31940623,15.94685815,116.2958103,59.41055619,0.675
LTU,LTU_2,UM,7,8,0,2008,0.878024,0.295576,47.95569422,15.70552557,126.7597078,59.41055619,0.685
LTU,LTU_2,UM,8,9,0,2009,0.878024,0.5365352,47.76356268,15.0716573,105.0402512,59.41055619,0.656
LTU,LTU_2,UM,9,10,0,2010,0.878024,0.5772759,48.21835931,16.90781051,131.6265074,59.41055619,0.751
LTU,LTU_2,UM,10,11,1,2011,0.878024,0.5794635,48.85872718,18.29581873,149.6453069,49.89951052,0.783
LVA,LVA_1,LM,0,1,1,2000,0.878024,-0.0326632,48.493272,13.9537092,83.61213211,96.64417562,0.548
LVA,LVA_2,UM,0,1,0,2001,0.878024,0.1589526,47.77830188,13.88834531,88.17682782,96.64417562,0.592
LVA,LVA_2,UM,1,2,0,2002,0.878024,0.3505684,47.17439943,13.99455986,85.97720568,96.64417562,0.633
LVA,LVA_2,UM,2,3,0,2003,0.878024,0.4408646,46.73103378,12.93853909,88.58155804,96.64417562,0.69
LVA,LVA_2,UM,3,4,0,2004,0.878024,0.4196126,46.41989494,12.79401411,97.23526558,96.64417562,0.712
LVA,LVA_2,UM,4,5,0,2005,0.878024,0.4020553,46.19350331,11.8887264,104.5171566,96.64417562,0.687
LVA,LVA_2,UM,5,6,0,2006,0.878024,0.4270382,46.16551866,11.14458122,105.6953421,96.64417562,0.702
LVA,LVA_2,UM,6,7,0,2007,0.881231,0.3072813,46.23830931,10.57693716,100.8809109,96.64417562,0.713
LVA,LVA_2,UM,7,8,1,2008,0.878024,0.3403341,46.55738521,10.09152535,95.76816284,96.64417562,0.736
LVA,LVA_3,UM,0,1,0,2010,0.878024,0.5604066,47.99852676,12.14214849,110.8623539,96.64417562,0.749
LVA,LVA_3,UM,1,2,1,2011,0.878024,0.5698289,48.62434508,12.16863191,129.734758,82.8884474,0.786
MAR,MAR_1,LM,0,1,0,2000,0.878024,-0.0055096,62.22768078,18.07636573,53.44030584,83.29228908,-0.511
MAR,MAR_1,LM,1,2,0,2001,0.878024,-0.13654775,61.04190232,16.58452854,53.49157102,83.29228908,-0.501
MAR,MAR_1,LM,2,3,0,2002,0.878024,-0.2675859,59.85930063,16.49749429,54.31012791,83.29228908,-0.457
MAR,MAR_1,LM,3,4,0,2003,0.878024,-0.2984293,58.68123795,16.83845025,52.33185827,83.29228908,-0.421
MAR,MAR_1,LM,4,5,0,2004,0.878024,-0.3771806,57.44967322,16.75970136,55.55163847,83.29228908,-0.362
MAR,MAR_1,LM,5,6,0,2005,0.878024,-0.5017546,56.191649,15.59981063,61.49382769,83.29228908,-0.289
MAR,MAR_1,LM,6,7,0,2006,0.90334946,-0.3257233,55.0741291,15.39693139,64.67219778,83.29228908,-0.318
MAR,MAR_1,LM,7,8,0,2007,0.8826501,-0.2764328,54.15730611,14.94369196,71.34964678,83.29228908,-0.35
MAR,MAR_1,LM,8,9,0,2008,0.8988574,-0.3040519,53.40003415,15.14698735,77.83447164,83.29228908,-0.327
MAR,MAR_1,LM,9,10,0,2009,0.94922864,-0.2775582,52.79541558,14.87683281,62.37095602,83.29228908,-0.307
MAR,MAR_1,LM,10,11,0,2010,0.95978063,-0.1168914,52.36219,14.81719203,69.54197961,83.29228908,-0.353
MAR,MAR_1,LM,11,12,0,2011,0.9922889,-0.1652959,52.06104362,14.6656402,76.82587149,86.80417696,-0.428
MAR,MAR_1,LM,12,13,0,2012,0.9909452,-0.2011827,51.79737856,14.361527,78.2221019,87.76184019,-0.301
MAR,MAR_1,LM,13,14,0,2013,1.0124594,-0.2189575,51.53362696,14.55815487,73.85775653,83.56554256,-0.327
MAR,MAR_1,LM,14,15,0,2014,1.0328773,-0.2696224,51.3322746,15.34528795,71.89356675,83.51030761,-0.321
MAR,MAR_1,LM,15,16,0,2015,1.0502603,-0.2363813,51.21566027,14.98415296,67.28867593,78.393398,-0.432
MAR,MAR_1,LM,16,17,0,2016,1.0263668,-0.1396764,51.1432,14.75952914,71.12266038,80.22994968,-0.402
MAR,MAR_1,LM,17,18,0,2017,1.042885,-0.2631327,51.15561807,14.59419703,74.17335788,80.19404817,-0.334
MAR,MAR_1,LM,18,19,0,2018,1.0337645,-0.3161959,51.26650885,14.87035626,77.25488752,78.95681018,-0.349
MAR,MAR_1,LM,19,20,0,2019,1.0341841,-0.1333028,51.40456556,14.76332354,75.99811588,81.47485955,-0.397
MAR,MAR_1,LM,20,21,0,2020,0.9683177,-0.0577222,51.44553202,15.17739616,68.84380339,90.93144498,-0.278
MAR,MAR_1,LM,21,22,0,2021,1.0,-0.1241745,51.39070366,15.2356758,75.52341718,86.05892119,-0.316
MAR,MAR_1,LM,22,23,0,2022,0.99772376,-0.1200179,51.31823659,16.04984931,100.9063102,87.53621776,-0.386
MAR,MAR_1,LM,23,24,0,2023,1.0070364,-0.0188321,51.19658276,15.79185315,93.11788442,80.50480858,-0.203
MAR,MAR_1,LM,24,25,0,2024,1.0070364,0.1763559,50.99253522,15.26541537,92.18724461,77.76355338,-0.05
MAR,MAR_1,LM,25,26,0,2025,1.0070364,0.1763559,50.99253522,14.93192847,92.18724461,77.76355338,-0.05
MAR,MAR_1,LM,26,27,0,2026,1.0070364,0.1763559,50.99253522,14.93192847,92.18724461,77.76355338,-0.05
MDA,MDA_1,LM,0,1,0,2005,0.878024,-0.9015247,42.65761304,13.07252736,143.0235685,29.49704603,0.013
MDA,MDA_1,LM,1,2,0,2006,0.878024,-0.8426635,41.99195156,12.24555794,137.1547638,29.49704603,0.064
MDA,MDA_1,LM,2,3,0,2007,0.878024,-0.7566373,41.42012562,11.54471084,142.720539,29.49704603,0.146
MDA,MDA_1,LM,3,4,0,2008,0.878024,-0.7274061,40.75333174,11.0400035,134.4216013,29.49704603,0.305
MDA,MDA_1,LM,4,5,0,2009,0.878024,-0.7462463,39.98416074,10.37462591,110.3633269,29.49704603,0.058
MDA,MDA_1,LM,5,6,0,2010,0.878024,-0.6041275,39.22761094,9.953772396,87.9378519,29.49704603,-0.002
MDA,MDA_1,LM,6,7,0,2011,0.878024,-0.5793138,38.70217156,10.56474188,98.61759653,29.9278324,0.026
MDA,MDA_1,LM,7,8,0,2012,0.878024,-0.5624904,38.56495417,10.65443753,96.30640983,33.70248781,0.173
MDA,MDA_1,LM,8,9,0,2013,0.878024,-0.5012795,38.98635099,11.19385255,95.68729683,35.73508834,0.149
MDA,MDA_1,LM,9,10,0,2014,0.88209474,-0.4639188,40.51782548,10.06913248,94.22829197,31.40384473,-0.008
MDA,MDA_1,LM,10,11,0,2015,0.88480926,-0.6288785,42.73696735,10.01582217,88.96641546,28.93713529,-0.078
MDA,MDA_1,LM,11,12,0,2016,0.9366864,-0.6014068,44.96176065,10.03363119,89.00468372,25.842113,-0.048
MDA,MDA_1,LM,12,13,0,2017,0.9740231,-0.4025781,47.00794002,9.970073234,88.62339028,23.13367991,0.019
MDA,MDA_1,LM,13,14,0,2018,0.99982965,-0.2156019,48.81569291,10.06919785,87.44678743,23.6435927,-0.015
MDA,MDA_1,LM,14,15,1,2019,1.003491,-0.2731316,50.55906743,9.894330508,87.63223711,25.32422527,-0.034
MDA,MDA_2,UM,0,1,0,2020,0.9341564,-0.2721944,52.16889163,10.10666435,79.26572212,28.67481955,0.066
MDA,MDA_2,UM,1,2,0,2021,1.0,-0.2101436,53.47705035,9.639959957,88.47088654,28.53093499,0.048
MDA,MDA_2,UM,2,3,0,2022,0.93538475,-0.133791,54.47054396,9.251319246,112.1176716,27.51064117,0.123
MDA,MDA_2,UM,3,4,0,2023,0.98188287,-0.0336705,55.29620723,8.353124263,93.99462115,25.57731641,0.183
MDA,MDA_2,UM,4,5,0,2024,0.98188287,0.2576379,56.25059351,7.609567566,88.66611543,29.33321034,0.203
MDA,MDA_2,UM,5,6,0,2025,0.98188287,0.2576379,56.25059351,7.409026705,88.66611543,29.33321034,0.203
MDA,MDA_2,UM,6,7,0,2026,0.98188287,0.2576379,56.25059351,7.409026705,88.66611543,29.33321034,0.203
MEX,MEX_1,UM,0,1,0,2000,1.2631203,0.01828,64.83747208,21.04457742,49.91040919,14.34778095,0.896
MEX,MEX_1,UM,1,2,0,2001,1.2262658,-0.1484252,63.9944301,20.02605856,44.74010901,12.24097723,0.929
MEX,MEX_1,UM,2,3,0,2002,1.2041079,-0.3151304,63.18096214,19.23122678,45.20982926,14.17826254,0.948
MEX,MEX_1,UM,3,4,0,2003,1.1859965,-0.2703013,62.38401175,18.82806561,48.70041688,14.64127546,0.961
MEX,MEX_1,UM,4,5,0,2004,1.185019,-0.2433608,61.54799724,18.84566801,52.04062003,14.10549326,0.934
MEX,MEX_1,UM,5,6,0,2005,1.179516,-0.1302682,60.63449374,18.0770795,52.56264465,15.31359081,0.926
MEX,MEX_1,UM,6,7,0,2006,1.1962311,-0.0851155,59.67320828,18.9990299,54.48211609,18.35189167,0.93
MEX,MEX_1,UM,7,8,0,2007,1.1871539,-0.1597859,58.68885426,18.26237578,55.25852439,20.43946981,0.902
MEX,MEX_1,UM,8,9,0,2008,1.1597785,0.0066138,57.71940708,18.17491375,56.36528189,19.75537532,0.906
MEX,MEX_1,UM,9,10,0,2009,1.0677662,0.103917,56.7944957,17.4331987,54.59174213,21.61192257,0.924
MEX,MEX_1,UM,10,11,0,2010,1.0938541,-0.0704234,55.93212686,17.83821392,59.27338453,22.32377503,0.969
MEX,MEX_1,UM,11,12,0,2011,1.0973867,0.0989004,55.17943207,17.72038602,62.16238728,23.58483284,0.938
MEX,MEX_1,UM,12,13,0,2012,1.0989242,0.198193,54.56321416,18.80003545,64.25793189,24.92705638,0.966
MEX,MEX_1,UM,13,14,0,2013,1.0820383,0.2228276,54.02748895,18.10280963,62.69167477,27.85905933,0.934
MEX,MEX_1,UM,14,15,0,2014,1.0873195,0.131427,53.51313947,18.22892174,64.09840904,28.18368211,0.957
MEX,MEX_1,UM,15,16,0,2015,1.0834529,0.0999957,52.97209889,19.82342139,70.41297468,30.83049787,0.983
MEX,MEX_1,UM,16,17,0,2016,1.0712782,0.1280596,52.39685188,19.86877579,75.69030341,32.95084239,0.936
MEX,MEX_1,UM,17,18,0,2017,1.0655593,0.0099863,51.81825778,20.16182241,76.95212604,34.34312567,0.932
MEX,MEX_1,UM,18,19,0,2018,1.0583836,-0.0269292,51.2690019,20.1893657,80.21266166,33.61521781,0.925
MEX,MEX_1,UM,19,20,0,2019,1.0322597,-0.0086685,50.7872946,19.88775427,77.46197226,35.58518648,0.953
MEX,MEX_1,UM,20,21,0,2020,0.97714704,-0.0462658,50.30897734,20.18427357,76.85455571,36.93258977,0.897
MEX,MEX_1,UM,21,22,0,2021,1.0,-0.0457429,49.8060368,20.83583586,83.06929764,35.05706055,0.933
MEX,MEX_1,UM,22,23,0,2022,0.9949881,-0.0874176,49.37990375,21.4864702,88.79848559,34.24876961,0.908
MEX,MEX_1,UM,23,24,0,2023,1.0007427,-0.0748652,49.04155385,20.46512905,73.57886164,33.22560992,0.931
MEX,MEX_1,UM,24,25,0,2024,1.0007427,-0.2199329,48.71671509,20.13056088,74.58890798,35.07481995,0.942
MEX,MEX_1,UM,25,26,0,2025,1.0007427,-0.2199329,48.71671509,19.97569582,74.58890798,35.50211225,0.942
MEX,MEX_1,UM,26,27,0,2026,1.0007427,-0.2199329,48.71671509,19.97569582,74.58890798,35.50211225,0.942
MNG,MNG_1,LM,0,1,0,2007,0.878024,-0.6715084,47.50201537,6.244148786,117.8804264,41.57649112,-1.12
MNG,MNG_1,LM,1,2,0,2008,0.878024,-0.6861459,46.73624126,6.562044373,121.1980134,39.90201125,-1.346
MNG,MNG_1,LM,2,3,0,2009,0.878024,-0.6265816,46.41013979,6.448551726,107.8137572,40.29972802,-1.136
MNG,MNG_1,LM,3,4,0,2010,0.878024,-0.5374241,46.49487117,6.814013595,103.3500317,34.19126582,-1.431
MNG,MNG_1,LM,4,5,0,2011,0.878024,-0.5445631,46.64872626,7.069942595,126.9992286,43.49346733,-1.431
MNG,MNG_1,LM,5,6,0,2012,0.878024,-0.5466493,46.89408302,7.482232191,109.5885643,43.72176099,-1.431
MNG,MNG_1,LM,6,7,1,2013,0.878024,-0.5000373,47.58606821,8.721663906,100.3119897,59.87485793,-1.318
MNG,MNG_2,UM,0,1,0,2014,0.9041251,-0.304773,48.68041753,8.777293093,109.3223119,59.29431871,-1.431
MNG,MNG_3,LM,0,1,0,2015,0.9073061,-0.3329464,50.08250694,7.015505837,89.65366348,54.4604207,-1.416
MNG,MNG_3,LM,1,2,0,2016,0.9273118,-0.3588602,51.72629246,6.6675056,101.0552372,56.94315938,-1.127
MNG,MNG_3,LM,2,3,0,2017,0.95840585,-0.4472314,53.51270109,6.898238215,115.9329019,52.81772293,-1.21
MNG,MNG_3,LM,3,4,0,2018,0.9940286,-0.2974017,55.41209634,7.053217103,126.3558732,55.40684003,-1.316
MNG,MNG_3,LM,4,5,0,2019,1.0145614,-0.3385736,57.42882594,7.069555547,124.3965146,48.90102215,-1.274
MNG,MNG_3,LM,5,6,0,2020,0.9978449,-0.311667,58.9121466,7.756164685,112.8386476,45.78516453,-1.087
MNG,MNG_3,LM,6,7,0,2021,1.0,-0.3519979,59.63138545,7.109182102,119.0980784,47.48638081,-1.431
MNG,MNG_3,LM,7,8,1,2022,0.989511,-0.2986908,60.00287038,7.117164595,136.3279299,40.97748578,-1.431
MNG,MNG_4,UM,0,1,0,2023,1.0190414,-0.3639023,60.00276695,6.298087452,142.8642466,38.6134824,-1.181
MNG,MNG_4,UM,1,2,0,2024,1.0190414,-0.3892189,59.56841053,5.573163197,138.4483791,44.90588355,-1.431
MNG,MNG_4,UM,2,3,0,2025,1.0190414,-0.3892189,59.56841053,5.87524622,138.4483791,44.90588355,-1.431
MNG,MNG_4,UM,3,4,0,2026,1.0190414,-0.3892189,59.56841053,5.87524622,138.4483791,44.90588355,-1.431
MRT,MRT_1,LM,0,1,0,2010,0.97941476,-0.5153748,90.15086051,6.70568705,93.42074513,18.27540307,-1.431
MRT,MRT_2,LM,0,1,0,2012,0.9780595,-0.6504224,91.6641952,6.521132118,110.7881227,16.76638119,-1.431
MRT,MRT_2,LM,1,2,0,2013,0.9787899,-0.8307826,92.03107821,6.406984148,102.3988242,18.34583983,-1.431
MRT,MRT_2,LM,2,3,0,2014,0.987724,-0.8456369,91.79488662,7.414093919,91.61037136,19.52029977,-1.015
MRT,MRT_2,LM,3,4,0,2015,1.0144793,-0.9313712,91.52144256,7.438345505,77.34678649,21.11557839,-1.431
MRT,MRT_2,LM,4,5,0,2016,1.0066462,-0.8954385,91.19077828,6.111147578,73.15326167,20.29890976,-1.431
MRT,MRT_2,LM,5,6,0,2017,1.0419607,-0.8206663,90.78737268,6.413663705,78.81498018,21.06657412,-1.431
MRT,MRT_2,LM,6,7,0,2018,1.0500709,-0.8343637,90.29207436,6.337515789,89.14672949,22.04112089,-1.431
MRT,MRT_2,LM,7,8,0,2019,1.0222543,-0.8240741,89.69161634,7.096530308,93.48669414,22.72354116,-1.431
MRT,MRT_2,LM,8,9,0,2020,1.0253175,-0.9008005,88.94983032,6.68554623,86.77616813,22.72354116,-1.427
MRT,MRT_2,LM,9,10,0,2021,1.0,-0.8482903,88.09592951,6.088508741,88.30687376,22.72354116,-1.431
MRT,MRT_2,LM,10,11,0,2022,1.0206401,-0.87695,87.12865093,6.625252993,102.0258991,22.72354116,-1.431
MRT,MRT_2,LM,11,12,0,2023,1.0564524,-0.8187577,86.05140747,6.504273998,92.16544451,22.72354116,-1.306
MRT,MRT_2,LM,12,13,0,2024,1.0564524,-0.7412473,84.97835464,5.011020492,93.59883559,22.72354116,-1.216
MRT,MRT_2,LM,13,14,0,2025,1.0564524,-0.7412473,84.97835464,4.628098708,93.59883559,22.72354116,-1.216
MRT,MRT_2,LM,14,15,0,2026,1.0564524,-0.7412473,84.97835464,4.628098708,93.59883559,22.72354116,-1.216
MUS,MUS_1,UM,0,1,0,2000,0.93761367,0.4142593,46.41323509,19.48351455,120.6876488,55.75106298,-0.305
MUS,MUS_1,UM,1,2,0,2001,0.94147754,0.49632335,46.01080904,19.774923,128.054579,56.09740917,-0.034
MUS,MUS_1,UM,2,3,0,2002,0.93401694,0.5783874,45.56315622,18.811314,118.2304704,56.92899929,-0.244
MUS,MUS_1,UM,3,4,0,2003,0.9561728,0.5883142,45.03719252,17.79013571,108.6555793,69.70587714,-0.216
MUS,MUS_1,UM,4,5,0,2004,0.9636737,0.571632,44.42851516,17.30358483,107.0276983,69.96579453,-0.052
MUS,MUS_1,UM,5,6,0,2005,0.94887555,0.6077906,43.71410084,16.66794887,121.608744,71.93031426,0.04
MUS,MUS_1,UM,6,7,0,2006,0.9497312,0.6104298,42.84713789,15.5830384,124.7822802,67.63990871,-0.009
MUS,MUS_1,UM,7,8,0,2007,0.9838182,0.6110366,41.87456366,15.22889837,118.6240581,70.64312333,-0.14
MUS,MUS_1,UM,8,9,0,2008,0.9907579,0.8303882,40.92115413,15.10291051,113.4926639,80.68844541,-0.041
MUS,MUS_1,UM,9,10,0,2009,0.98529375,0.7962256,40.10451999,14.69075386,102.4580198,78.90462357,0.009
MUS,MUS_1,UM,10,11,0,2010,0.9928781,0.7333444,39.43665584,13.96738382,111.5082021,84.16839928,0.066
MUS,MUS_1,UM,11,12,0,2011,0.98791826,0.7467754,38.86838814,13.67698825,115.552473,88.08715107,-0.075
MUS,MUS_1,UM,12,13,0,2012,1.0131403,0.98957,38.56495417,13.45901266,117.4476391,97.48059701,0.145
MUS,MUS_1,UM,13,14,0,2013,1.0324466,0.9262441,38.56495417,13.56536454,136.552118,103.6994923,0.086
MUS,MUS_1,UM,14,15,0,2014,1.0524828,1.052631,38.56495417,13.36430213,135.0990648,95.58274242,0.13
MUS,MUS_1,UM,15,16,0,2015,1.0674531,1.0592368,38.56495417,12.8429264,133.1350691,98.74668429,0.019
MUS,MUS_1,UM,16,17,0,2016,1.0827028,1.1005388,38.56495417,12.22432471,126.310009,92.30626817,-0.039
MUS,MUS_1,UM,17,18,0,2017,1.0925124,1.0288458,38.56495417,11.683146,126.9640599,97.67717638,0.108
MUS,MUS_1,UM,18,19,1,2018,1.1178056,0.9336102,38.56495417,11.15697188,123.5389844,74.19530368,0.15
MUS,MUS_2,UM,0,1,0,2020,0.98187864,0.8319144,38.56495417,10.6686355,121.1252255,90.56030736,0.108
MUS,MUS_2,UM,1,2,0,2021,1.0,0.738763,38.56495417,11.55984546,135.1930046,85.41189173,0.232
MUS,MUS_2,UM,2,3,0,2022,1.002389,0.7319597,38.64102319,11.80139546,147.663795,72.36865612,0.157
MUS,MUS_2,UM,3,4,0,2023,1.0275644,0.823778,39.01596965,11.5004474,147.3213921,69.89395047,0.156
MUS,MUS_2,UM,4,5,0,2024,1.0275644,0.7653533,39.54160441,11.08668845,145.4217003,69.86494969,0.287
MUS,MUS_2,UM,5,6,0,2025,1.0275644,0.7653533,39.54160441,11.23370245,145.4217003,72.03283738,0.287
MUS,MUS_2,UM,6,7,0,2026,1.0275644,0.7653533,39.54160441,11.23370245,145.4217003,72.03283738,0.287
MYS,MYS_1,UM,0,1,0,2000,1.0226605,0.8746597,61.40638882,30.86354977,220.406789,134.9998539,0.785
MYS,MYS_1,UM,1,2,0,2001,0.99351245,0.8971892,60.29885385,29.33640404,203.364636,129.1013756,0.885
MYS,MYS_1,UM,2,3,0,2002,1.0005485,0.9197187,59.19952533,29.24639822,199.3562327,121.8273449,0.851
MYS,MYS_1,UM,3,4,0,2003,1.015088,0.9352283,58.05359755,29.92867189,194.1951291,118.9741489,0.839
MYS,MYS_1,UM,4,5,0,2004,1.0436004,0.8416173,56.80824755,30.37814736,210.3742659,111.9376051,0.818
MYS,MYS_1,UM,5,6,0,2005,1.0493604,0.7787884,55.48572546,27.54968008,203.8546446,106.5244319,0.809
MYS,MYS_1,UM,6,7,0,2006,1.060135,0.825717,54.16585673,27.56608756,202.5771468,103.6638304,0.868
MYS,MYS_1,UM,7,8,0,2007,1.0768285,0.892499,52.87741812,26.12258394,192.4655064,101.5800752,0.869
MYS,MYS_1,UM,8,9,0,2008,1.0928235,0.7810639,51.57031069,24.56071766,176.6683248,96.74825351,0.789
MYS,MYS_1,UM,9,10,0,2009,1.0361366,0.7061109,50.21718773,23.80014505,162.5589705,111.60689,0.852
MYS,MYS_1,UM,10,11,0,2010,1.0468106,0.9606573,49.00803015,23.43377557,157.9447649,107.1227526,0.88
MYS,MYS_1,UM,11,12,0,2011,1.029506,0.9015908,48.14651988,23.32020449,154.9376846,108.4259367,0.927
MYS,MYS_1,UM,12,13,0,2012,1.0363666,0.8762495,47.5176972,23.13817629,147.8417548,114.1245298,0.915
MYS,MYS_1,UM,13,14,0,2013,1.0222856,0.8710349,46.95750139,22.84074242,142.7209915,119.8996939,0.954
MYS,MYS_1,UM,14,15,0,2014,1.0258569,0.9192375,46.45299873,22.87393024,138.3122312,120.578651,0.958
MYS,MYS_1,UM,15,16,0,2015,1.0267708,0.8365268,46.03908559,22.2933324,131.3700724,123.1036296,0.959
MYS,MYS_1,UM,16,17,0,2016,1.0303012,0.7772776,45.73408854,21.7969398,126.89901,121.9798206,0.952
MYS,MYS_1,UM,17,18,0,2017,1.0404325,0.7610752,45.4951519,21.84619508,133.1551734,117.1675684,0.938
MYS,MYS_1,UM,18,19,0,2018,1.0495441,0.8592296,45.22751885,21.5281382,130.4026255,120.2763119,1.001
MYS,MYS_1,UM,19,20,0,2019,1.0546637,0.8172716,44.8360878,21.4089749,123.028562,120.7069463,1.031
MYS,MYS_1,UM,20,21,0,2020,1.0111475,0.8675226,44.27086495,22.23208584,116.7881824,133.8169955,1.037
MYS,MYS_1,UM,21,22,0,2021,1.0,0.8036415,43.57890183,23.36316564,134.0359947,127.2608946,1.089
MYS,MYS_1,UM,22,23,0,2022,1.0365921,0.7857271,42.89656248,23.33831968,146.4246048,113.0704706,1.073
MYS,MYS_1,UM,23,24,0,2023,1.0395358,0.7474758,42.3268043,23.02023389,132.5934616,117.09943,0.951
MYS,MYS_1,UM,24,25,0,2024,1.0395358,0.9147725,41.89276586,22.50031919,137.3625712,116.1074108,0.86
MYS,MYS_1,UM,25,26,0,2025,1.0395358,0.9147725,41.89276586,22.09566612,137.3625712,117.9380771,0.86
MYS,MYS_1,UM,26,27,0,2026,1.0395358,0.9147725,41.89276586,22.09566612,137.3625712,117.9380771,0.86
NAM,NAM_1,LM,0,1,0,2000,1.249885,0.4698725,80.7235309,9.73959016,85.13224429,65.62596884,-0.36
NAM,NAM_1,LM,1,2,0,2001,1.2264932,0.30480775,79.94441925,9.622780593,88.58410184,65.62596884,-0.408
NAM,NAM_1,LM,2,3,0,2002,1.2448772,0.139743,78.89362475,9.42146187,94.41522289,65.62596884,-0.066
NAM,NAM_1,LM,3,4,0,2003,1.2658811,0.1683865,77.56607338,11.39438804,95.95247438,65.62596884,-0.057
NAM,NAM_1,LM,4,5,0,2004,1.3818206,0.1048886,76.02643004,10.59196078,81.86226059,65.62596884,-0.228
NAM,NAM_1,LM,5,6,0,2005,1.3541571,0.0443144,74.16135526,10.48802863,80.68038029,65.62596884,-0.274
NAM,NAM_1,LM,6,7,0,2006,1.372233,0.2765043,72.17505102,12.59306201,86.83396933,65.62596884,-0.308
NAM,NAM_1,LM,7,8,1,2007,1.3725742,0.2960431,70.45948737,13.47269171,104.9793038,65.62596884,-0.296
NAM,NAM_2,UM,0,1,0,2008,1.3289886,0.3728454,69.06117912,11.27254897,119.6444982,65.62596884,-0.012
NAM,NAM_2,UM,1,2,0,2009,1.2518257,0.4732973,68.00530528,12.86482256,123.7628443,65.62596884,0.14
NAM,NAM_2,UM,2,3,0,2010,1.2506986,0.2412293,67.34021155,12.29938679,108.0724772,65.62596884,-0.085
NAM,NAM_2,UM,3,4,0,2011,1.2665854,0.1893853,67.07149051,13.45726237,102.1891478,65.62596884,-0.148
NAM,NAM_2,UM,4,5,0,2012,1.2591234,0.3978933,67.02738617,12.19000589,100.2134088,65.62596884,0.006
NAM,NAM_2,UM,5,6,0,2013,1.2171,0.3354358,66.96709518,10.31825878,97.72490423,65.62596884,0.014
NAM,NAM_2,UM,6,7,0,2014,1.0831585,0.3164678,66.8472386,9.908565291,103.080137,65.62596884,-0.031
NAM,NAM_2,UM,7,8,0,2015,1.1011075,0.2927673,66.78292229,11.41718482,97.23903179,65.62596884,-0.3
NAM,NAM_2,UM,8,9,0,2016,1.0944532,0.2349555,66.91271416,11.67878853,93.96618796,68.5718639,-0.412
NAM,NAM_2,UM,9,10,0,2017,1.0697769,0.2683997,67.27642398,12.22004324,81.2196661,65.08508986,-0.366
NAM,NAM_2,UM,10,11,0,2018,1.0656283,0.3136094,67.75449127,12.29883459,81.7138653,65.84154868,-0.499
NAM,NAM_2,UM,11,12,0,2019,1.0471599,0.2867851,68.19915129,12.46239854,82.90115074,70.95057935,-0.422
NAM,NAM_2,UM,12,13,0,2020,0.9991208,0.1498863,68.67585018,11.0196432,76.9252424,72.76766772,-0.526
NAM,NAM_2,UM,13,14,0,2021,1.0,0.1596202,69.20492802,10.7769295,83.54430309,68.84732487,-0.65
NAM,NAM_2,UM,14,15,0,2022,1.0046778,0.165395,69.48035,11.15885514,99.26255478,61.39684175,-0.572
NAM,NAM_2,UM,15,16,0,2023,0.9911937,0.1539385,69.10032752,11.00041168,110.770714,56.06679023,-0.767
NAM,NAM_3,LM,0,1,0,2024,0.9911937,0.0993431,68.49965606,10.28953816,109.6285098,55.05576604,-0.52
NAM,NAM_3,LM,1,2,0,2025,0.9911937,0.0993431,68.49965606,10.01632683,109.6285098,55.05576604,-0.52
NAM,NAM_3,LM,2,3,0,2026,0.9911937,0.0993431,68.49965606,10.01632683,109.6285098,55.05576604,-0.52
NIC,NIC_1,LM,0,1,0,2005,1.0348476,-0.9910403,69.46872504,13.5660208,71.64572371,22.61956371,-1.022
NIC,NIC_1,LM,1,2,0,2006,1.0371549,-0.8846034,67.95976544,13.59309707,87.30967083,26.46173006,-0.902
NIC,NIC_1,LM,2,3,0,2007,1.0440702,-0.8746319,66.57807339,13.98997147,93.02573023,32.96267309,-0.993
NIC,NIC_1,LM,3,4,0,2008,1.0512474,-0.9073504,65.26254866,14.00524108,96.79398473,31.39029391,-1.061
NIC,NIC_1,LM,4,5,0,2009,1.0121747,-0.8378983,64.03000595,13.61455214,86.99361045,28.46398166,-1.09
NIC,NIC_1,LM,5,6,0,2010,1.0170029,-0.8157756,62.88949026,14.26532394,100.3640584,26.79027719,-1.058
NIC,NIC_1,LM,6,7,0,2011,1.0298187,-0.8011848,61.80633684,14.05162428,111.8274539,26.20214526,-1.191
NIC,NIC_1,LM,7,8,0,2012,1.0399106,-0.7538922,60.79238632,14.20676271,115.1772885,28.72568491,-1.088
NIC,NIC_1,LM,8,9,0,2013,1.0434638,-0.7345757,59.89431845,14.49453189,110.9842079,31.87194623,-1.065
NIC,NIC_1,LM,9,10,0,2014,1.0425262,-0.7610142,59.11809665,14.7329135,106.6982002,33.86110448,-1.041
NIC,NIC_1,LM,10,11,0,2015,1.0425452,-0.7548907,58.42279918,14.19793445,98.19416459,36.85121625,-1.28
NIC,NIC_1,LM,11,12,0,2016,1.0431417,-0.786049,57.77825313,14.14475054,93.81372781,38.58003242,-1.197
NIC,NIC_1,LM,12,13,0,2017,1.0479817,-0.4977075,57.18887583,13.6425295,96.38058644,42.71415952,-1.108
NIC,NIC_1,LM,13,14,0,2018,0.9972582,-0.7706904,56.61665274,13.84574523,93.98474049,39.85705848,-1.017
NIC,NIC_1,LM,14,15,0,2019,0.95876014,-0.7436807,56.0113131,14.03936172,94.04221592,32.21731345,-1.176
NIC,NIC_1,LM,15,16,0,2020,0.9387972,-0.7981834,55.23885595,13.96995077,88.63812312,29.79282045,-1.098
NIC,NIC_1,LM,16,17,0,2021,1.0,-0.7550562,54.36483885,14.5298247,106.2073908,28.01307734,-1.107
NIC,NIC_1,LM,17,18,0,2022,0.99337953,-0.9210621,53.57752903,14.44419824,115.4546787,29.69976042,-1.162
NIC,NIC_1,LM,18,19,0,2023,1.0037502,-0.9367708,52.86583694,14.43246556,105.0030976,30.00900362,-1.11
NIC,NIC_1,LM,19,20,0,2024,1.0037502,-1.0529768,52.18955093,13.42646779,98.52583771,32.33345602,-0.891
NIC,NIC_1,LM,20,21,0,2025,1.0037502,-1.0529768,52.18955093,12.5883742,98.52583771,32.33345602,-0.891
NIC,NIC_1,LM,21,22,0,2026,1.0037502,-1.0529768,52.18955093,12.5883742,98.52583771,32.33345602,-0.891
PAN,PAN_1,UM,0,1,0,2000,1.2362489,-0.0550961,59.54519823,9.853886229,139.1979343,82.06996389,0.383
PAN,PAN_1,UM,1,2,0,2001,1.206638,-0.1271628,58.85447098,9.230425601,135.5843507,82.06996389,0.411
PAN,PAN_1,UM,2,3,0,2002,1.1895255,-0.1992295,58.22356063,8.50228375,126.0244827,82.06996389,0.396
PAN,PAN_1,UM,3,4,0,2003,1.2020469,-0.2413468,57.65524297,8.124384715,117.2674789,82.06996389,0.24
PAN,PAN_1,UM,4,5,0,2004,1.2339056,-0.1354879,57.14557773,7.899445911,124.7617568,82.06996389,0.326
PAN,PAN_1,UM,5,6,0,2005,1.2604886,-0.1164168,56.66729245,7.680281916,139.2111648,82.06996389,0.299
PAN,PAN_1,UM,6,7,0,2006,1.3097553,-0.041967,56.22832781,7.407719349,141.4725712,82.06996389,0.512
PAN,PAN_1,UM,7,8,0,2007,1.3642026,0.0608038,55.84908415,7.017982023,148.665601,82.06996389,0.538
PAN,PAN_1,UM,8,9,0,2008,1.3492308,0.0294371,55.52062666,6.926341439,164.5862864,82.06996389,0.641
PAN,PAN_1,UM,9,10,0,2009,1.3041667,0.0974308,55.23446428,7.126674254,137.0460214,82.06996389,0.686
PAN,PAN_1,UM,10,11,0,2010,1.292091,0.1224424,54.97877044,6.936785555,145.4487186,82.06996389,0.688
PAN,PAN_1,UM,11,12,0,2011,1.3154423,0.1252675,54.76450567,6.190793548,158.2083956,80.31740142,0.783
PAN,PAN_1,UM,12,13,0,2012,1.3180313,0.2315672,54.58356978,6.094464966,153.2086203,79.59230098,0.789
PAN,PAN_1,UM,13,14,0,2013,1.2788299,0.2144279,54.40752168,6.488555846,133.071569,65.43741358,0.801
PAN,PAN_1,UM,14,15,0,2014,1.2300634,0.22621,54.24994739,6.467886548,114.970605,80.87282291,0.762
PAN,PAN_1,UM,15,16,0,2015,1.1914122,0.3209871,54.10489392,6.260132761,96.57915739,82.93242773,0.787
PAN,PAN_1,UM,16,17,1,2016,1.1553737,0.3973659,53.94937241,6.050243886,84.39597185,84.19087186,0.763
PAN,PAN_2,UM,0,1,1,2020,0.90590745,0.2314559,53.10020587,5.668083948,68.70042348,100.1538916,0.752
PER,PER_1,LM,0,1,0,2000,0.96728903,-0.485028,64.00290735,15.2145262,36.39587023,26.34167756,-0.304
PER,PER_1,LM,1,2,0,2001,0.94965583,-0.56595985,62.98403924,15.58125647,36.39587023,23.44780788,-0.209
PER,PER_1,LM,2,3,0,2002,0.97571087,-0.6468917,62.05886405,15.49890758,36.39587023,22.20204829,-0.482
PER,PER_1,LM,3,4,0,2003,0.988633,-0.8784706,61.23609773,15.39858175,37.62461033,19.98574116,-0.442
PER,PER_1,LM,4,5,0,2004,1.0038218,-0.7658359,60.51957338,16.3726501,41.93607827,17.91023992,-0.497
PER,PER_1,LM,5,6,0,2005,1.0288891,-0.7258651,59.92184646,16.55161137,47.35731748,19.06642161,-0.448
PER,PER_1,LM,6,7,0,2006,1.0625901,-0.6681768,59.42132817,16.47219323,51.78505603,20.81316402,-0.547
PER,PER_1,LM,7,8,1,2007,1.0950453,-0.649256,58.99087795,16.51803449,55.68811328,24.60707369,-0.618
PER,PER_2,UM,0,1,0,2008,1.1251093,-0.6119587,58.48618122,16.29654201,58.43376739,29.76396075,-0.491
PER,PER_2,UM,1,2,0,2009,1.088076,-0.400989,57.91505407,15.29305413,48.11192962,30.01452903,-0.539
PER,PER_2,UM,2,3,0,2010,1.1131788,-0.1977807,57.40651106,15.55649929,51.67280894,30.26168715,-0.527
PER,PER_2,UM,3,4,0,2011,1.1119522,-0.1629382,56.97325554,15.09145987,55.98828028,32.3092275,-0.525
PER,PER_2,UM,4,5,0,2012,1.1062382,-0.1098429,56.60783055,15.16439658,52.61989526,34.04374682,-0.486
PER,PER_2,UM,5,6,0,2013,1.106419,-0.1051566,56.26907283,14.83140652,49.78714245,37.71992918,-0.485
PER,PER_2,UM,6,7,0,2014,1.0778058,-0.1988026,55.92605264,13.95969764,46.85312109,40.89962682,-0.47
PER,PER_2,UM,7,8,0,2015,1.0681607,-0.2487592,55.52499618,13.78802017,45.16276869,43.86793145,-0.556
PER,PER_2,UM,8,9,0,2016,1.0753838,-0.1706909,55.03152264,13.34402811,45.3888412,42.80902535,-0.707
PER,PER_2,UM,9,10,0,2017,1.0667427,-0.0734623,54.43427985,12.97084692,47.51355036,42.41461431,-0.642
PER,PER_2,UM,10,11,0,2018,1.0723702,-0.1608169,53.57029596,13.1690241,48.63147017,43.90394244,-0.684
PER,PER_2,UM,11,12,0,2019,1.0559623,0.0476235,52.70588643,12.84935117,46.94350538,44.72423689,-0.68
PER,PER_2,UM,12,13,0,2020,0.92211074,-0.1062995,52.02596794,12.25261573,44.2459672,55.31240991,-0.73
PER,PER_2,UM,13,14,0,2021,1.0,-0.0563454,51.27323457,12.06172225,55.42724937,47.11533429,-0.714
PER,PER_2,UM,14,15,0,2022,0.983377,-0.0885376,50.54756096,12.3892868,57.29697596,45.64884423,-0.715
PER,PER_2,UM,15,16,0,2023,0.962297,-0.1970541,50.03915044,12.69862941,50.78518421,42.94911119,-0.715
PER,PER_2,UM,16,17,0,2024,0.962297,-0.2004128,49.69730107,12.24118977,51.47588787,39.61871963,-0.584
PER,PER_2,UM,17,18,0,2025,0.962297,-0.2004128,49.69730107,12.24118977,51.47588787,39.61871963,-0.584
PER,PER_2,UM,18,19,0,2026,0.962297,-0.2004128,49.69730107,12.24118977,51.47588787,39.61871963,-0.584
PHL,PHL_1,LM,0,1,0,2000,0.878024,-0.3125616,72.93687661,25.27956525,85.15336846,35.6071396,0.2
PHL,PHL_1,LM,1,2,0,2001,0.8910137,-0.3519386,71.84302009,25.31154589,84.90038862,36.2651173,0.254
PHL,PHL_1,LM,2,3,0,2002,0.89334476,-0.3913156,70.8905082,25.13540868,83.84480409,33.66395998,0.296
PHL,PHL_1,LM,3,4,0,2003,0.9021377,-0.4188308,69.88427428,24.83687265,87.57464436,31.94837336,0.207
PHL,PHL_1,LM,4,5,0,2004,0.9225176,-0.2602502,68.86017019,24.01199788,87.12528482,31.00921165,0.272
PHL,PHL_1,LM,5,6,0,2005,0.9386766,-0.1470565,67.85577975,24.26990117,83.84567457,27.89657364,0.269
PHL,PHL_1,LM,6,7,0,2006,0.95915264,-0.0535938,67.01349617,23.8291854,80.85053867,27.47069492,0.326
PHL,PHL_1,LM,7,8,0,2007,0.9741935,0.0343449,66.20811327,23.1509116,73.64497999,27.63902332,0.362
PHL,PHL_1,LM,8,9,0,2008,0.9787777,-0.0220572,65.45789599,23.26866768,67.68107077,27.87606106,0.342
PHL,PHL_1,LM,9,10,0,2009,0.96039444,-0.0291995,64.73220633,21.73861439,60.88659079,27.89666842,0.423
PHL,PHL_1,LM,10,11,0,2010,0.974676,-0.0031122,63.79436777,21.91920172,66.10427851,28.33247881,0.5
PHL,PHL_1,LM,11,12,0,2011,0.9774223,0.0797874,62.9060289,21.70432695,60.7958367,30.49763975,0.424
PHL,PHL_1,LM,12,13,0,2012,1.0032474,0.2234508,62.0255492,21.32857121,57.84200551,31.90537598,0.639
PHL,PHL_1,LM,13,14,0,2013,1.0216467,0.2427988,61.18352463,20.43449877,55.82478123,34.33572791,0.576
PHL,PHL_1,LM,14,15,0,2014,1.0525454,0.4543872,60.45793862,20.57508399,57.46817209,37.5782838,0.586
PHL,PHL_1,LM,15,16,0,2015,1.0690273,0.408021,59.52119855,19.92802237,59.14159211,39.90378358,0.579
PHL,PHL_1,LM,16,17,0,2016,1.0462916,0.2499539,58.40312413,19.5903032,61.77606577,42.86451799,0.628
PHL,PHL_1,LM,17,18,0,2017,1.0791728,0.1764345,57.3664779,19.50020206,68.16836974,45.60519779,0.731
PHL,PHL_1,LM,18,19,0,2018,1.0701973,0.2184254,56.49511422,19.09824717,72.1633983,47.5627908,0.715
PHL,PHL_1,LM,19,20,0,2019,1.0688738,0.1818096,55.74582653,18.5164544,68.84184226,47.97366866,0.732
PHL,PHL_1,LM,20,21,0,2020,1.0484571,0.1815124,54.81786577,17.65817905,58.1695603,52.0356914,0.702
PHL,PHL_1,LM,21,22,0,2021,1.0,0.1562797,53.59656857,17.6400847,63.48460981,49.94132491,0.803
PHL,PHL_1,LM,22,23,0,2022,0.96673626,0.0357929,52.37474069,17.22937941,72.42968361,48.87302992,0.795
PHL,PHL_1,LM,23,24,0,2023,0.97381246,0.1018162,51.21665819,16.23032629,67.41996932,48.31104071,0.757
PHL,PHL_1,LM,24,25,1,2024,0.97381246,0.1445214,50.06002729,15.67223328,65.88547253,49.84499777,0.739
PHL,PHL_2,UM,0,1,0,2025,0.97381246,0.1445214,50.06002729,15.33034381,65.88547253,52.10939522,0.739
PHL,PHL_2,UM,1,2,0,2026,0.97381246,0.1445214,50.06002729,15.33034381,65.88547253,52.10939522,0.739
POL,POL_1,UM,0,1,0,2000,0.878024,0.4025763,46.38352212,15.92509469,60.61072094,26.31840604,0.939
POL,POL_1,UM,1,2,0,2001,0.878024,0.3481393499999999,45.35587779,14.40242963,57.87853127,23.44738359,0.951
POL,POL_1,UM,2,3,0,2002,0.878024,0.2937024,44.483613,14.13753743,60.79679906,12.8291654,0.959
POL,POL_1,UM,3,4,0,2003,0.878024,0.4637907,43.66092466,15.39186424,69.21344798,13.28922978,0.982
POL,POL_1,UM,4,5,0,2004,0.89560664,0.2850646,42.92863189,16.59196939,70.98157657,26.15958581,1.001
POL,POL_1,UM,5,6,0,2005,0.8956841,0.4613517,42.28298733,16.36455708,70.31147909,27.04106442,0.934
POL,POL_1,UM,6,7,0,2006,0.9087642,0.3072557,41.67015692,16.53243275,77.70080354,31.0991033,0.977
POL,POL_1,UM,7,8,0,2007,0.9157017,0.2285767,41.11824199,16.63275687,80.74539906,37.05716183,0.988
POL,POL_1,UM,8,9,1,2008,0.90757436,0.4094615,40.70894194,16.50773896,80.57468156,47.10555254,1.0
PRY,PRY_1,LM,0,1,0,2000,0.878024,-1.2376909,75.37099272,15.6778275,78.64472976,23.76039843,-1.103
PRY,PRY_1,LM,1,2,0,2001,0.878024,-1.3037534000000002,73.85183239,16.20681813,72.60569901,24.16866754,-1.004
PRY,PRY_1,LM,2,3,0,2002,0.89737856,-1.3698159,72.41544518,16.39349357,79.44156565,20.85562797,-1.155
PRY,PRY_1,LM,3,4,0,2003,0.91096413,-1.3719231,70.79612505,17.51456421,81.12736377,12.68617075,-1.143
PRY,PRY_1,LM,4,5,0,2004,0.8975891,-1.1021491,68.99513575,17.93486378,80.10444662,12.29681119,-1.035
PRY,PRY_1,LM,5,6,0,2005,0.88733745,-0.9710489,67.2726815,17.95905239,85.02196365,12.28088846,-0.868
PRY,PRY_1,LM,6,7,0,2006,0.9197448,-0.8984078,65.63625931,18.32162715,84.7335313,11.66828606,-0.828
PRY,PRY_1,LM,7,8,0,2007,0.94026834,-0.8949391,64.08584645,18.19339504,79.00113742,13.71766497,-0.836
PRY,PRY_1,LM,8,9,0,2008,0.96362644,-0.8423313,62.65783484,20.33529114,80.77757466,18.75969801,-0.76
PRY,PRY_1,LM,9,10,0,2009,0.95459735,-0.7789347,61.34664072,19.79301114,70.84198186,21.58143065,-0.866
PRY,PRY_1,LM,10,11,0,2010,1.0137241,-0.7673432,60.08545003,18.55160391,81.25752337,25.42413906,-0.814
PRY,PRY_1,LM,11,12,0,2011,0.99594027,-0.7523261,58.8837421,18.39381231,78.49212385,28.95225032,-0.795
PRY,PRY_1,LM,12,13,0,2012,0.97241145,-0.7641432,57.80759862,18.52161871,74.76495746,31.54630209,-0.631
PRY,PRY_1,LM,13,14,1,2013,1.0078347,-0.7612361,56.88585082,18.31659135,73.36987138,34.37789428,-0.619
PRY,PRY_2,UM,0,1,0,2014,1.0457665,-0.738454,56.13521164,18.76751008,69.08372496,38.13814904,-0.683
PRY,PRY_2,UM,1,2,0,2015,1.0457131,-0.7854223,55.55977346,19.41648705,66.91506553,43.34964647,-0.607
PRY,PRY_2,UM,2,3,0,2016,1.0495232,-0.6786705,55.15097556,19.0612408,67.75931523,41.35571913,-0.78
PRY,PRY_2,UM,3,4,0,2017,1.0620396,-0.6426736,54.88997433,19.45276982,71.0801344,41.07534412,-0.609
PRY,PRY_2,UM,4,5,0,2018,1.0623554,-0.4995478,54.73685224,18.99274831,72.06922363,44.51219242,-0.67
PRY,PRY_2,UM,5,6,0,2019,1.0250342,-0.4663941,54.63127829,18.79516824,71.22216173,47.65227984,-0.698
PRY,PRY_2,UM,6,7,0,2020,1.0511112,-0.6074736,54.52201921,18.70442753,62.76021747,50.64453392,-0.619
PRY,PRY_2,UM,7,8,0,2021,1.0,-0.5769998,54.34356482,19.16240872,69.74227302,49.42958441,-0.565
PRY,PRY_2,UM,8,9,0,2022,0.9621054,-0.4957842,54.21947161,19.49346549,73.73790502,51.09440192,-0.574
PRY,PRY_2,UM,9,10,0,2023,0.96699685,-0.337846,54.20266587,19.32787521,82.40521077,52.20601792,-0.535
PRY,PRY_2,UM,10,11,0,2024,0.96699685,-0.3545101,54.14395379,19.16802217,76.83115654,57.02913945,-0.278
PRY,PRY_2,UM,11,12,0,2025,0.96699685,-0.3545101,54.14395379,19.42740592,76.83115654,55.70260663,-0.278
PRY,PRY_2,UM,12,13,0,2026,0.96699685,-0.3545101,54.14395379,19.42740592,76.83115654,55.70260663,-0.278
ROU,ROU_1,LM,0,1,0,2000,0.878024,-0.6395683,47.30287,19.81289205,48.52132539,7.24834771,0.575
ROU,ROU_1,LM,1,2,0,2001,0.878024,-0.5573205999999999,46.81374861,22.02077835,51.92859102,8.653376568,0.576
ROU,ROU_1,LM,2,3,0,2002,0.878024,-0.4750729,46.20235438,21.80926831,53.71024781,10.08985851,0.595
ROU,ROU_1,LM,3,4,0,2003,0.878024,-0.5893426,45.59908217,21.0476788,56.17952705,14.13226812,0.638
ROU,ROU_1,LM,4,5,1,2004,0.878024,-0.3220772,45.0713375,21.24200462,60.62647867,15.78192827,0.661
ROU,ROU_2,UM,0,1,0,2005,0.878024,-0.515835,44.72350139,21.26789929,59.36054945,20.05825486,0.634
ROU,ROU_2,UM,1,2,0,2006,0.9127614,-0.4530336,44.69249901,21.10539481,61.68362593,26.00542562,0.693
ROU,ROU_2,UM,2,3,0,2007,0.91420805,-0.4804629,44.86597337,21.02806472,63.50515667,33.99995467,0.762
ROU,ROU_2,UM,3,4,0,2008,0.9372674,-0.5057909,45.17080399,21.9454815,65.175201,35.91491714,0.803
ROU,ROU_2,UM,4,5,0,2009,0.878024,-0.4998865,45.65584864,21.00596776,58.47005837,37.00856261,0.81
ROU,ROU_2,UM,5,6,0,2010,0.878024,-0.2261464,46.1712167,23.35832805,69.95493549,38.28600737,0.797
ROU,ROU_2,UM,6,7,0,2011,0.878024,-0.1785126,46.68498937,25.91194326,76.27135644,37.43260739,0.781
ROU,ROU_2,UM,7,8,0,2012,0.878024,-0.190389,47.08592119,21.27834386,76.59432399,35.96056979,0.842
ROU,ROU_2,UM,8,9,0,2013,0.878024,-0.0458649,47.39623024,20.21526707,81.39761317,34.16965053,0.847
ROU,ROU_2,UM,9,10,0,2014,0.878024,-0.0498234,48.04602318,21.51326422,83.37514296,31.08576027,0.881
ROU,ROU_2,UM,10,11,0,2015,0.8786381,-0.0115775,48.95726018,20.20802511,83.5205767,29.90381457,0.917
ROU,ROU_2,UM,11,12,0,2016,0.8834964,-0.1192185,49.89067228,20.12428451,85.89252829,28.55862431,0.993
ROU,ROU_2,UM,12,13,0,2017,0.92964464,-0.1200618,50.91286702,19.83077911,87.15606457,26.66846046,0.97
ROU,ROU_2,UM,13,14,1,2018,0.9667718,-0.102107,51.9746077,19.06992839,87.09117011,25.69173917,1.006
ROU,ROU_3,UM,0,1,1,2020,0.9417909,-0.2499801,54.11942312,15.91652222,78.36164636,25.85472182,1.004
RUS,RUS_1,LM,0,1,0,2000,0.878024,-1.0286026,43.56528233,15.19344479,68.09390704,16.83777185,1.23
RUS,RUS_1,LM,1,2,0,2001,0.878024,-0.9055851,42.36684052,15.19344479,61.11085866,16.83777185,1.169
RUS,RUS_1,LM,2,3,0,2002,0.878024,-0.7825676,41.5231777,15.19344479,59.64544573,17.97239278,1.253
RUS,RUS_1,LM,3,4,1,2003,0.878024,-0.7944965,41.11189116,14.36733469,59.12826901,21.24356706,1.248
RUS,RUS_2,UM,0,1,0,2004,0.878024,-0.6794491,40.93314605,15.21650718,56.5818524,24.31640095,1.168
RUS,RUS_2,UM,1,2,0,2005,0.878024,-0.8523204,40.75830022,15.68022367,56.71324849,25.92253952,1.108
RUS,RUS_2,UM,2,3,0,2006,0.878024,-0.8221012,40.54292878,15.29122766,54.73340187,30.94192403,1.058
RUS,RUS_2,UM,3,4,0,2007,0.89783424,-0.7227308,40.20342769,15.11463226,51.70612275,37.78357772,1.012
RUS,RUS_2,UM,4,5,0,2008,0.9207132,-0.7626089,39.6340465,14.93315486,53.38246604,41.55404382,0.998
RUS,RUS_2,UM,5,6,0,2009,0.878024,-0.8040229,39.06013827,12.89797142,48.43506103,45.2609093,1.007
RUS,RUS_2,UM,6,7,0,2010,0.878024,-0.8080704,38.64252114,12.81547047,50.35550549,42.84004525,0.967
RUS,RUS_2,UM,7,8,1,2011,0.8997101,-0.8085636,38.83243151,11.47093372,48.03539941,41.69860598,1.034
RUS,RUS_3,UM,0,1,0,2015,0.92304164,-0.3224347,43.65604004,12.38301887,49.35934931,55.95202269,0.769
RUS,RUS_3,UM,1,2,0,2016,0.92314106,-0.3261886,45.08652193,11.7002791,46.51811984,53.10247383,0.766
RUS,RUS_3,UM,2,3,0,2017,0.9374603,-0.2168885,46.41090817,12.31277213,46.87652434,52.07659751,0.729
RUS,RUS_3,UM,3,4,0,2018,0.9589516,-0.1630089,47.52907347,12.81988325,51.58090037,51.24331067,0.7
RUS,RUS_3,UM,4,5,0,2019,0.97948176,0.0414379,48.5943755,12.96920728,49.22875366,52.56142892,0.719
RUS,RUS_3,UM,5,6,0,2020,0.9813726,-0.0432286,49.56780052,13.40281368,45.9669082,59.5836265,0.754
RUS,RUS_3,UM,6,7,0,2021,1.0,-0.1170517,50.27172331,13.1326684,50.58619546,54.64224478,0.686
RUS,RUS_3,UM,7,8,1,2022,0.96810013,-0.2086802,50.97725203,13.14871936,42.78278643,54.64224478,0.417
SAU,SAU_1,UM,0,1,0,2000,2.0884078,-0.3057124,68.11301987,9.227065308,68.1664488,24.23561345,0.703
SAU,SAU_1,UM,1,2,0,2001,2.0112224,-0.42820045,66.43980359,9.603832496,63.56058368,27.09048016,0.681
SAU,SAU_1,UM,2,3,0,2002,1.9208837,-0.5506885,64.05347926,9.881550782,64.59279741,28.94839766,0.594
SAU,SAU_1,UM,3,4,1,2003,1.959872,-0.5549181,61.18994438,10.31856752,69.83117071,28.23331014,0.568
SDN,SDN_1,LM,0,1,0,2007,1.0352116,-1.1761874,91.44614282,4.496305856,36.39587023,9.812856018,-1.431
SDN,SDN_1,LM,1,2,0,2008,0.97663575,-1.3101006,90.62227859,4.50574782,36.74109783,9.379790825,-1.431
SDN,SDN_1,LM,2,3,0,2009,0.9893402,-1.2261288,89.76343024,5.134511309,36.39587023,11.55851007,-1.431
SDN,SDN_1,LM,3,4,0,2010,1.0341058,-1.3183855,89.39246743,5.134511309,36.39587023,10.50269127,-1.431
SDN,SDN_1,LM,4,5,0,2011,0.98780656,-1.3212982,89.42484687,5.134511309,36.39587023,9.291921668,-1.431
SDN,SDN_1,LM,5,6,0,2012,0.968962,-1.3159644,89.18433217,5.134511309,36.39587023,11.94236412,-1.431
SDN,SDN_1,LM,6,7,0,2013,1.0064344,-1.3113659,88.6212642,5.134511309,36.39587023,10.51779167,-1.431
SDN,SDN_1,LM,7,8,0,2014,1.0504524,-1.3093428,87.47358536,5.134511309,36.39587023,8.150646863,-1.431
SDN,SDN_1,LM,8,9,0,2015,1.0572753,-1.29343,85.98776381,5.134511309,36.39587023,8.12473336,-1.431
SDN,SDN_1,LM,9,10,0,2016,1.0650426,-1.2725849,84.63986518,5.134511309,36.39587023,8.219716433,-1.431
SDN,SDN_1,LM,10,11,0,2017,1.0877441,-1.2418267,82.90964536,5.134511309,36.39587023,8.389756138,-1.431
SDN,SDN_1,LM,11,12,0,2018,1.08201335,-1.3754275,81.33425774,5.134511309,36.39587023,9.354756033,-1.431
SEN,SEN_1,LM,0,1,0,2009,1.3992304,-0.341083,85.91604882,15.76568231,52.30729088,19.41735305,-0.508
SEN,SEN_1,LM,1,2,0,2010,1.3774353,-0.2855436,86.0160132,15.57288881,52.4578552,21.31374792,-0.46
SEN,SEN_1,LM,2,3,0,2011,1.3206348,-0.250523,86.11195127,17.24574864,57.5768786,23.87444267,-0.688
SEN,SEN_1,LM,3,4,0,2012,1.3089387,-0.23996,86.19269542,16.99510584,61.975304,24.43248138,-0.418
SEN,SEN_1,LM,4,5,0,2013,1.2686217,-0.1805346,86.08064623,17.38002414,60.62676636,26.31651314,-0.542
SEN,SEN_1,LM,5,6,0,2014,1.2700304,-0.1242113,85.58240222,16.99741556,58.44252898,27.31693757,-0.573
SEN,SEN_2,LM,0,1,0,2018,1.1353146,-0.0860241,81.2850927,15.52562326,61.78983948,29.55161659,-0.758
SEN,SEN_2,LM,1,2,0,2019,1.052741,0.1244277,79.75922286,14.89211538,64.23625061,29.51666583,-0.785
SEN,SEN_2,LM,2,3,0,2020,1.0203108,0.0852361,78.12145584,14.64224451,60.04687161,29.30675397,-0.649
SEN,SEN_2,LM,3,4,0,2021,1.0,0.1309278,76.38359142,15.08960778,69.37599399,29.901568,-0.703
SEN,SEN_2,LM,4,5,0,2022,0.9506155,0.1203621,74.59227094,15.56090514,79.59982165,32.18201457,-0.693
SEN,SEN_2,LM,5,6,0,2023,0.925893,0.1516215,73.07022808,14.54350517,71.39302491,31.44798225,-0.786
SEN,SEN_2,LM,6,7,0,2024,0.925893,0.2344127,71.82156284,14.2223141,68.14051477,29.81191962,-0.507
SEN,SEN_2,LM,7,8,0,2025,0.925893,0.2344127,71.82156284,13.20249012,68.14051477,30.88404197,-0.507
SEN,SEN_2,LM,8,9,0,2026,0.925893,0.2344127,71.82156284,13.20249012,68.14051477,30.88404197,-0.507
SLV,SLV_1,LM,0,1,0,2000,1.1296736,-0.962052,71.70872159,19.53286824,68.7100889,45.9128729,-0.171
SLV,SLV_1,LM,1,2,0,2001,1.1024728,-0.9254257,71.36700856,19.24834791,65.89073854,45.9128729,-0.087
SLV,SLV_1,LM,2,3,0,2002,1.1134483,-0.8887994,71.00218829,18.88011111,65.91909078,45.56045824,-0.198
SLV,SLV_1,LM,3,4,0,2003,1.0949805,-0.8359755,70.57063231,18.09649281,68.23698248,47.42865241,-0.222
SLV,SLV_1,LM,4,5,0,2004,1.088951,-0.4755758,70.11862491,17.55758252,69.78226418,48.15518974,-0.107
SLV,SLV_1,LM,5,6,0,2005,1.0913239,-0.5234141,69.67109577,16.62573139,69.71581168,49.92391911,-0.133
SLV,SLV_1,LM,6,7,0,2006,1.1004356,-0.4228257,69.24409531,16.35054991,73.45556751,50.27641698,-0.014
SLV,SLV_1,LM,7,8,0,2007,1.0736779,-0.4204939,68.27952804,16.22631417,77.62105603,51.53429706,-0.099
SLV,SLV_1,LM,8,9,0,2008,1.0769037,-0.4518894,66.66957843,16.86411603,80.66597394,51.05486773,-0.036
SLV,SLV_1,LM,9,10,0,2009,1.0512775,-0.3350992,64.93682757,16.17890853,66.07119117,54.55257926,-0.128
SLV,SLV_1,LM,10,11,0,2010,1.0528176,-0.2079515,63.19231188,16.14095248,73.53728767,52.31042775,-0.045
SLV,SLV_1,LM,11,12,0,2011,1.0568831,-0.2858874,61.49822144,16.24677452,79.2766437,49.99771768,-0.203
SLV,SLV_1,LM,12,13,0,2012,1.0468416,-0.2629505,59.86140062,16.1734113,77.64857162,49.2960792,0.03
SLV,SLV_1,LM,13,14,0,2013,1.032413,-0.2285247,58.28464859,15.97729249,80.45119449,51.5041857,0.017
SLV,SLV_1,LM,14,15,0,2014,1.028211,-0.1173206,56.82380543,16.07623796,78.10442575,53.270198,0.045
SLV,SLV_1,LM,15,16,0,2015,1.0246224,-0.3051905,55.540933,16.38749326,76.56027074,54.09189543,0.016
SLV,SLV_1,LM,16,17,0,2016,1.0194777,-0.3247185,54.42487155,16.28568464,72.81909337,55.05979801,0.097
SLV,SLV_1,LM,17,18,0,2017,1.0171665,-0.3512048,53.49280427,16.08462885,74.30465119,56.04867799,0.164
SLV,SLV_1,LM,18,19,0,2018,1.003688,-0.3651057,52.77220147,15.68784263,75.63361689,57.27701564,0.156
SLV,SLV_1,LM,19,20,0,2019,0.9890284,-0.3446971,52.20977845,15.55867794,76.0420131,59.07431321,0.03
SLV,SLV_1,LM,20,21,0,2020,0.92600256,-0.1427333,51.61406342,14.74042772,66.45950695,65.33322271,0.033
SLV,SLV_1,LM,21,22,1,2021,1.0,-0.2484854,50.96228538,15.06930724,81.84507598,61.13956858,0.08
SLV,SLV_2,UM,0,1,0,2022,0.9847292,-0.387094,50.32777205,13.76851225,88.70110938,62.61342464,0.058
SLV,SLV_2,UM,1,2,0,2023,0.9803316,-0.0947816,49.72460658,13.0905518,81.71477234,62.43278262,0.087
SLV,SLV_2,UM,2,3,0,2024,0.9803316,-0.1831795,49.15297433,12.90812744,84.65964616,63.35686263,0.346
SLV,SLV_2,UM,3,4,0,2025,0.9803316,-0.1831795,49.15297433,12.67368437,84.65964616,64.37013944,0.346
SLV,SLV_2,UM,4,5,0,2026,0.9803316,-0.1831795,49.15297433,12.67368437,84.65964616,64.37013944,0.346
SVK,SVK_1,UM,0,1,0,2000,0.878024,0.5075292,44.97049459,19.63226813,108.939263,33.76175219,1.105
SVK,SVK_1,UM,1,2,0,2001,0.878024,0.4466876,43.74736931,20.97342632,121.9311312,33.76175219,1.119
SVK,SVK_1,UM,2,3,0,2002,0.878024,0.385846,42.61083685,19.03692527,120.599168,33.76175219,1.101
SVK,SVK_1,UM,3,4,0,2003,0.878024,0.5256977,41.60069591,19.41766391,125.9985062,33.76175219,1.119
SVK,SVK_1,UM,4,5,0,2004,0.878024,0.7232277,40.75052379,20.04563191,140.22246,33.76175219,1.103
SVK,SVK_1,UM,5,6,0,2005,0.878024,0.8709154,40.06094811,20.25981198,148.7054612,33.76175219,1.13
SVK,SVK_1,UM,6,7,1,2006,0.878024,0.7019393,39.45038466,20.22706856,164.9922057,33.76175219,1.125
SWZ,SWZ_1,LM,0,1,0,2000,0.878024,-0.2793718,85.13895012,33.97324113,85.20345513,11.24617893,0.312
SWZ,SWZ_1,LM,1,2,0,2001,0.878024,-0.2792462,82.82267281,34.45077125,85.20345513,9.037990844,0.351
SWZ,SWZ_1,LM,2,3,0,2002,0.878024,-0.2791206,80.95670799,33.91782166,85.20345513,10.51868005,0.317
SWZ,SWZ_1,LM,3,4,0,2003,0.878024,-0.8082803,79.51552563,33.06283744,85.20345513,13.03350336,0.219
SWZ,SWZ_1,LM,4,5,0,2004,0.878024,-1.1297751,78.40743979,33.97952366,85.20345513,15.67940751,0.398
SWZ,SWZ_1,LM,5,6,0,2005,0.878024,-1.0842476,77.5516148,34.40571883,85.20345513,17.6107811,0.575
SWZ,SWZ_1,LM,6,7,0,2006,0.878024,-0.5609934,76.87013252,34.58525262,85.20345513,19.52072807,0.841
SWZ,SWZ_1,LM,7,8,0,2007,0.90164065,-0.5904897,75.891508,35.29294914,85.20345513,21.69832554,0.875
SWZ,SWZ_1,LM,8,9,0,2008,0.8952803,-0.3147488,74.44026472,34.50034861,85.20345513,20.67390968,0.735
SWZ,SWZ_1,LM,9,10,0,2009,0.89680344,-0.3984928,72.95580456,34.61560463,85.20345513,20.9217752,0.767
SWZ,SWZ_1,LM,10,11,0,2010,0.89768744,-0.2557265,71.69082215,32.43504205,85.20345513,19.46855679,0.414
SWZ,SWZ_1,LM,11,12,0,2011,0.89510167,-0.3542781,70.65720532,31.68380859,85.20345513,22.84078221,0.297
SWZ,SWZ_1,LM,12,13,0,2012,0.9228935,-0.1872129,69.82297876,31.27396213,85.20345513,19.74881633,0.304
SWZ,SWZ_1,LM,13,14,0,2013,0.9371552,-0.2076097,69.04731272,29.9101627,85.20345513,21.47455838,0.325
SWZ,SWZ_1,LM,14,15,0,2014,0.9246789,-0.2740835,68.15699007,30.41550231,91.62001869,21.84456734,0.356
SWZ,SWZ_1,LM,15,16,0,2015,0.9217797,-0.2900182,67.1629718,31.7176271,88.2620944,21.25805437,0.359
SWZ,SWZ_1,LM,16,17,0,2016,0.91379815,-0.2483557,66.25451611,31.08822065,89.35848744,21.58016592,0.368
SWZ,SWZ_1,LM,17,18,0,2017,0.9389731,-0.2875028,65.44082986,28.64580219,86.88014203,20.63527611,0.333
SWZ,SWZ_1,LM,18,19,0,2018,0.95494616,-0.4508541,64.59115096,28.19183685,85.49277682,20.98901025,0.296
SWZ,SWZ_1,LM,19,20,0,2019,0.9812895,-0.4962233,63.7013214,29.34748495,86.64079485,20.22337857,0.15
SWZ,SWZ_1,LM,20,21,0,2020,0.9748814,-0.6235547,62.76301479,26.43624385,84.01401884,20.964354,0.412
SWZ,SWZ_1,LM,21,22,0,2021,1.0,-0.7233034,61.83288424,28.29068117,89.93138749,20.82324715,0.343
SWZ,SWZ_1,LM,22,23,0,2022,0.9690121,-0.6320655,61.20084957,29.62183316,92.57158713,21.34289071,0.189
SWZ,SWZ_1,LM,23,24,0,2023,0.979489,-0.7177742,60.81274994,29.18531677,99.72461108,21.30952732,0.172
SWZ,SWZ_1,LM,24,25,0,2024,0.979489,-0.7811414,60.29297963,29.12159964,107.4806211,21.62314088,0.271
SWZ,SWZ_1,LM,25,26,0,2025,0.979489,-0.7811414,60.29297963,28.06128612,107.4806211,23.07508112,0.271
SWZ,SWZ_1,LM,26,27,0,2026,0.979489,-0.7811414,60.29297963,28.06128612,107.4806211,23.07508112,0.271
TGO,TGO_1,LM,0,1,0,2025,1.0366492,-0.8014589,74.63971243,11.41838664,61.5750924,22.99963672,-0.637
TGO,TGO_1,LM,1,2,0,2026,1.0366492,-0.8014589,74.63971243,11.41838664,61.5750924,22.99963672,-0.637
THA,THA_1,LM,0,1,0,2000,0.878024,0.2796884,43.88298777,28.37544528,121.2979554,106.3625511,0.562
THA,THA_1,LM,1,2,0,2001,0.878024,0.1925842999999999,43.37923602,27.82676748,120.2679663,106.3625511,0.598
THA,THA_1,LM,2,3,0,2002,0.90197974,0.1054802,42.95884441,28.51503178,114.969743,106.3625511,0.583
THA,THA_1,LM,3,4,0,2003,0.93419284,0.1883012,42.62693436,29.58050295,116.6928197,106.3625511,0.608
THA,THA_1,LM,4,5,0,2004,0.9486435,0.1673729,42.35787463,29.41896805,127.4118737,106.3625511,0.629
THA,THA_1,LM,5,6,0,2005,0.95316976,0.2466566,42.09634392,29.61506806,137.8538668,106.3625511,0.647
THA,THA_1,LM,6,7,0,2006,0.96237206,0.1709682,41.7734548,30.16807997,134.0869462,106.3625511,0.691
THA,THA_1,LM,7,8,0,2007,0.9778127,0.1510563,41.38661141,30.58744967,129.873227,106.3625511,0.704
THA,THA_1,LM,8,9,0,2008,0.9569881,0.1042204,40.99226275,30.55473054,140.4370115,105.7597639,0.723
THA,THA_1,LM,9,10,1,2009,0.9273831,0.2394144,40.63822979,29.46214007,119.2694189,108.9833527,0.723
THA,THA_2,UM,0,1,0,2010,0.97168493,0.1380751,40.28904563,30.93047882,127.2505226,115.7475686,0.779
THA,THA_2,UM,1,2,0,2011,0.95996594,0.1220647,39.92237431,28.99588092,139.6754072,130.672938,0.78
THA,THA_2,UM,2,3,0,2012,0.99647015,0.1802694,39.62347843,27.97278735,137.6749385,136.2309986,0.805
THA,THA_2,UM,3,4,0,2013,0.99910414,0.1498463,39.49401293,27.58869075,132.4622742,142.3632027,0.863
THA,THA_2,UM,4,5,0,2014,0.9916634,0.1288639,39.55651447,27.57350096,130.9054954,145.5642258,0.909
THA,THA_2,UM,5,6,0,2015,1.0054526,0.0674039,39.72661984,27.3740712,124.8396622,149.3732535,0.931
THA,THA_2,UM,6,7,0,2016,1.0239727,0.0943555,39.89143602,27.14423937,120.5752273,146.2239494,0.927
THA,THA_2,UM,7,8,0,2017,1.0500381,0.1567658,40.06185419,27.01481548,120.8914274,144.6403073,0.941
THA,THA_2,UM,8,9,0,2018,1.0691534,0.1754361,40.30134051,26.71283439,120.8418647,144.0887917,0.931
THA,THA_2,UM,9,10,0,2019,1.0662005,0.1402125,40.60779406,25.62159641,109.6895147,143.3691634,0.954
THA,THA_2,UM,10,11,0,2020,1.0062424,0.1171649,40.97436892,25.56488352,97.80074325,160.1707593,0.952
THA,THA_2,UM,11,12,0,2021,1.0,0.2086191,41.40843585,27.15939147,117.2529446,164.1420236,0.955
THA,THA_2,UM,12,13,0,2022,0.97577685,0.2274924,41.90385414,27.03033006,132.8587121,156.4377613,0.869
THA,THA_2,UM,13,14,0,2023,0.96812415,0.3053878,42.46624738,24.98484844,128.8241142,153.8107171,0.855
THA,THA_2,UM,14,15,0,2024,0.96812415,0.2536395,43.08656488,24.23922687,136.747107,146.2950798,0.812
THA,THA_2,UM,15,16,0,2025,0.96812415,0.2536395,43.08656488,23.74360754,136.747107,143.0836521,0.812
THA,THA_2,UM,16,17,0,2026,0.96812415,0.2536395,43.08656488,23.74360754,136.747107,143.0836521,0.812
TJK,TJK_1,LM,0,1,0,2014,0.878024,-0.7049542,64.79815751,7.617665427,54.60715961,21.77536177,-0.776
TJK,TJK_1,LM,1,2,0,2015,0.878024,-0.7357851,64.65465793,10.73290727,49.93781607,21.57390776,-1.29
TJK,TJK_1,LM,2,3,0,2016,0.878024,-0.7803613,64.63168677,11.37774387,55.72464469,19.09622873,-1.142
TJK,TJK_2,LM,0,1,0,2020,0.94552106,-0.7639755,65.84997493,15.62585236,55.74910402,13.03200297,-0.909
TJK,TJK_2,LM,1,2,0,2021,1.0,-0.8282832,66.37792727,14.99886719,71.82593744,10.34419842,-1.317
TJK,TJK_2,LM,2,3,0,2022,1.051249,-0.7979088,66.84189984,15.14066899,65.43551159,10.41707929,-1.288
TJK,TJK_2,LM,3,4,0,2023,1.1073372,-0.7683569,67.10194429,14.61257608,65.63470104,12.22291069,-1.01
TJK,TJK_2,LM,4,5,0,2024,1.1073372,-0.6009336,66.98134403,13.23647694,65.63470104,12.22291069,-1.399
TJK,TJK_2,LM,5,6,0,2025,1.1073372,-0.6009336,66.98134403,13.23647694,65.63470104,12.22291069,-1.399
TJK,TJK_2,LM,6,7,0,2026,1.1073372,-0.6009336,66.98134403,13.23647694,65.63470104,12.22291069,-1.399
TUN,TUN_1,LM,0,1,0,2000,1.0239446,0.5323842,55.46084382,16.31004233,82.63911067,53.48235338,0.107
TUN,TUN_1,LM,1,2,0,2001,1.0184366,0.49556765,53.66052523,16.55053801,89.55220119,49.60032477,0.103
TUN,TUN_1,LM,2,3,0,2002,0.9902142,0.4587511,51.91127778,16.54863652,85.34217597,50.67442478,0.084
TUN,TUN_1,LM,3,4,0,2003,0.9948327,0.2272092,50.25842646,16.07968745,82.39034071,49.5788002,0.137
TUN,TUN_1,LM,4,5,0,2004,1.0384998,0.2763063,48.73893602,15.77687089,86.9253447,49.61648022,0.18
TUN,TUN_1,LM,5,6,0,2005,1.0452569,0.267202,47.44040547,15.65236082,90.25124788,50.06555864,0.192
TUN,TUN_1,LM,6,7,0,2006,1.0593936,0.5228632,46.38872402,16.15475061,93.94093041,48.5995857,0.233
TUN,TUN_1,LM,7,8,0,2007,1.0901972,0.5739597,45.54156472,16.8400365,104.059401,48.01155598,0.169
TUN,TUN_1,LM,8,9,0,2008,1.0941273,0.5209222,44.89532487,18.13862776,114.3436602,48.5083071,0.256
TUN,TUN_1,LM,9,10,1,2009,1.0947828,0.5437486,44.46854511,16.93690224,93.01687879,49.97706953,0.276
TUN,TUN_2,UM,0,1,0,2010,1.0856973,0.351978,44.28651879,15.72391041,100.1510098,52.24710387,0.327
TUN,TUN_2,UM,1,2,0,2011,1.0686423,0.1431788,44.33055545,15.96951608,100.1063793,57.93479863,0.213
TUN,TUN_2,UM,2,3,0,2012,1.0875363,0.1317565,44.5724,15.43494647,101.5507239,57.85204274,0.428
TUN,TUN_2,UM,3,4,0,2013,1.0803444,-0.0619573,45.06472364,15.00824302,98.95495669,57.95988231,0.371
TUN,TUN_2,UM,4,5,0,2014,1.0870644,-0.0117935,45.68505309,14.5464537,96.10710386,59.80855559,0.405
TUN,TUN_3,LM,0,1,0,2015,1.0913984,-0.0139339,46.35711181,14.0105699,87.24853066,60.13655414,0.333
TUN,TUN_3,LM,1,2,0,2016,1.1255306,-0.0573078,47.10663624,13.80913851,87.09266436,62.24695547,0.34
TUN,TUN_3,LM,2,3,0,2017,1.1045713,0.0523774,47.8580035,14.20104596,95.80919798,64.75372854,0.435
TUN,TUN_3,LM,3,4,0,2018,1.081392,0.1031302,48.60573117,14.51690704,103.8718243,63.52243898,0.412
TUN,TUN_3,LM,4,5,0,2019,1.0657426,0.0551904,49.38128262,14.31893977,102.3326147,59.29035832,0.382
TUN,TUN_3,LM,5,6,0,2020,0.9844833,-0.0327607,50.07155123,13.69390161,84.33332971,67.65671846,0.391
TUN,TUN_3,LM,6,7,0,2021,1.0,-0.0145067,50.41893034,14.4468112,93.63341407,64.66753465,0.441
TUN,TUN_3,LM,7,8,0,2022,1.0276812,-0.1524479,50.551481,15.62750772,116.0957944,66.00676675,0.366
TUN,TUN_3,LM,8,9,0,2023,1.0247755,-0.1684668,50.60508388,15.17352795,112.128858,62.73056523,0.49
TUN,TUN_3,LM,9,10,0,2024,1.0247755,-0.2393469,50.53118875,14.79488685,106.2985492,60.61172497,0.565
TUN,TUN_3,LM,10,11,0,2025,1.0247755,-0.2393469,50.53118875,14.79488685,106.2985492,57.68583425,0.565
TUN,TUN_3,LM,11,12,0,2026,1.0247755,-0.2393469,50.53118875,14.79488685,106.2985492,57.68583425,0.565
TUR,TUR_1,UM,0,1,0,2000,1.017731,-0.2793402,56.31720824,18.71519222,42.3746747,33.16285584,0.47
TUR,TUR_2,LM,0,1,0,2001,0.94814503,-0.1778327499999999,55.4197844,17.73339001,49.94478307,33.16285584,0.481
TUR,TUR_2,LM,1,2,0,2002,0.9863563,-0.0763253,54.62011001,16.96871449,48.10261012,33.16285584,0.425
TUR,TUR_2,LM,2,3,1,2003,1.0107949,-0.1220872,53.91063255,17.16079604,46.36815534,33.16285584,0.447
TUR,TUR_3,UM,0,1,0,2004,1.0443985,0.0811852,53.27842649,17.00493481,48.99345754,33.16285584,0.474
TUR,TUR_3,UM,1,2,0,2005,1.0556427,0.04984,52.71741146,16.96540702,46.30883088,33.16285584,0.512
TUR,TUR_3,UM,2,3,0,2006,1.0497439,0.0791777,52.20028872,17.12801735,48.94567666,33.16285584,0.511
TUR,TUR_3,UM,3,4,0,2007,1.0423273,0.1916776,51.70398806,16.87238131,48.02746818,33.16285584,0.523
TUR,TUR_3,UM,4,5,0,2008,0.997232,0.1301583,51.05705123,16.33626085,50.76125001,33.16285584,0.54
TUR,TUR_3,UM,5,6,0,2009,0.9283864,0.2313188,50.24599194,15.21305001,47.03913857,36.81907832,0.485
TUR,TUR_3,UM,6,7,0,2010,0.9460673,0.2639953,49.45485319,15.11583655,46.94333667,44.04597076,0.512
TUR,TUR_3,UM,7,8,0,2011,0.9758097,0.3221463,48.72431355,16.53030983,53.6515839,48.74220841,0.503
TUR,TUR_3,UM,8,9,0,2012,0.9658712,0.3847742,48.03714651,15.94023077,53.3277613,51.5586766,0.58
TUR,TUR_3,UM,9,10,0,2013,0.989882,0.3007252,47.35580286,16.40088469,53.068353,59.97929142,0.569
TUR,TUR_3,UM,10,11,0,2014,0.98369116,0.4793163,46.62969946,16.90585751,54.30677404,63.23763272,0.597
TUR,TUR_3,UM,11,12,0,2015,0.9849239,0.3331512,45.94526435,16.76897197,51.87492526,66.38985211,0.578
TUR,TUR_3,UM,12,13,0,2016,0.967963,0.2092276,45.59096954,16.83801213,48.87018381,69.28263647,0.597
TUR,TUR_3,UM,13,14,0,2017,0.98114944,0.2874577,45.49220473,17.574177,56.13565852,70.08440273,0.606
TUR,TUR_3,UM,14,15,0,2018,0.9674224,0.0477841,45.54640158,18.90950142,62.82513239,66.69766682,0.593
TUR,TUR_3,UM,15,16,0,2019,0.95710737,0.2099076,45.95230148,18.25985518,62.57845893,64.25575194,0.592
TUR,TUR_3,UM,16,17,0,2020,0.9984503,0.070917,46.48529509,19.03477065,60.38985312,75.26760192,0.593
TUR,TUR_3,UM,17,18,0,2021,1.0,0.0250833,46.8236863,22.12391589,69.60889761,70.99836085,0.581
TUR,TUR_3,UM,18,19,0,2022,0.9855846,-0.0247939,46.86290541,21.80195073,79.89827223,53.42622215,0.626
TUR,TUR_3,UM,19,20,0,2023,0.99021935,-0.114085,46.71524232,19.46865145,65.68320847,48.7952169,0.676
TUR,TUR_3,UM,20,21,0,2024,0.99021935,-0.0707153,46.4838487,16.84248014,54.59880612,42.96710221,0.697
TUR,TUR_3,UM,21,22,0,2025,0.99021935,-0.0707153,46.4838487,16.84248014,54.59880612,45.78276025,0.697
TUR,TUR_3,UM,22,23,0,2026,0.99021935,-0.0707153,46.4838487,16.84248014,54.59880612,45.78276025,0.697
TZA,TZA_1,LM,0,1,0,2019,1.0444378,-0.5098718,87.24319789,8.501810556,36.39587023,12.63830815,-0.961
TZA,TZA_1,LM,1,2,0,2020,1.0368205,-0.4883765,86.53798451,8.03212809,36.39587023,12.43518081,-1.2
TZA,TZA_1,LM,2,3,0,2021,1.0,-0.4868409,85.73776282,8.024874633,36.39587023,12.97761267,-1.21
TZA,TZA_1,LM,3,4,0,2022,0.96822345,-0.4272502,85.01823612,8.183102341,36.39587023,15.15767727,-1.259
TZA,TZA_1,LM,4,5,0,2023,0.95659685,-0.4051307,84.38990117,8.398510723,38.21203481,16.38667957,-1.115
TZA,TZA_1,LM,5,6,0,2024,0.95659685,-0.2924507,83.75971467,8.398510723,41.51312072,16.67204565,-0.923
TZA,TZA_1,LM,6,7,0,2025,0.95659685,-0.2924507,83.75971467,8.398510723,41.51312072,16.67204565,-0.923
TZA,TZA_1,LM,7,8,0,2026,0.95659685,-0.2924507,83.75971467,8.398510723,41.51312072,16.67204565,-0.923
UKR,UKR_1,LM,0,1,0,2002,0.878024,-1.0173133,43.78279527,16.92890518,95.99466981,84.56384289,1.002
UKR,UKR_1,LM,1,2,0,2003,0.878024,-0.9148617,43.49927256,17.54394188,102.5901823,84.56384289,0.999
UKR,UKR_1,LM,2,3,0,2004,0.878024,-0.7853926,43.2844447,17.51169087,109.9817085,84.56384289,0.948
UKR,UKR_1,LM,3,4,0,2005,0.878024,-0.8795064,42.92636433,18.50828186,94.64757011,84.56384289,0.861
UKR,UKR_1,LM,4,5,0,2006,0.9024759,-0.8759033,42.53773382,18.74896021,89.18105264,84.56384289,0.862
UKR,UKR_1,LM,5,6,0,2007,0.96080875,-0.7953472,42.2913225,18.40445956,88.04656067,84.56384289,0.847
UKR,UKR_1,LM,6,7,0,2008,0.97164774,-0.825253,41.7453667,15.88655446,94.17189214,84.56384289,0.836
UKR,UKR_1,LM,7,8,0,2009,0.878024,-0.8187084,41.24491277,14.31668289,87.47616262,87.34997514,0.786
UKR,UKR_1,LM,8,9,0,2010,0.878024,-0.8109626,40.86714676,13.0957491,95.72973045,75.75190257,0.784
UKR,UKR_1,LM,9,10,0,2011,0.907549,-0.8250636,40.51663544,11.76553427,104.8050739,68.48385858,0.825
UKR,UKR_1,LM,10,11,0,2012,0.91058457,-0.6959142,40.83455267,12.22962711,102.6227884,66.98381047,0.784
UKR,UKR_1,LM,11,12,0,2013,0.9122001,-0.7401478,41.31667406,11.14059174,94.00166945,70.69117175,0.765
UKR,UKR_1,LM,12,13,0,2014,0.9059572,-0.5207145,42.09549058,12.22812816,100.6917825,75.22884563,0.774
UKR,UKR_1,LM,13,14,0,2015,0.87822425,-0.5539736,43.33416075,11.90277912,107.8066163,56.65775413,0.694
UKR,UKR_1,LM,14,15,0,2016,0.8994556,-0.5158451,44.48595757,12.21912603,105.5212049,47.30713009,0.686
UKR,UKR_1,LM,15,16,0,2017,0.9226507,-0.4837223,45.65577771,11.98030207,104.0349829,38.3051473,0.614
UKR,UKR_1,LM,16,17,0,2018,0.94352865,-0.3631939,46.55766114,11.53402155,99.19981507,34.51185864,0.581
UKR,UKR_1,LM,17,18,0,2019,0.96356934,-0.3729409,47.2491269,10.78860042,90.51123429,30.02706859,0.597
UKR,UKR_1,LM,18,19,0,2020,0.9579663,-0.3827228,47.88463797,10.10138261,79.15645238,28.17515425,0.59
UKR,UKR_1,LM,19,20,0,2021,1.0,-0.4048591,48.21959873,10.28329715,82.69796136,23.55564887,0.537
UKR,UKR_1,LM,20,21,1,2022,0.878024,-0.6371971,48.54132198,7.603575719,87.39651399,23.31603781,0.509
UKR,UKR_2,UM,0,1,0,2023,0.878024,-0.5803376,48.92714209,8.312677157,77.50961419,18.64662084,0.447
UKR,UKR_2,UM,1,2,0,2024,0.878024,-0.5988431,48.92250906,8.420482106,77.75301133,18.1641435,0.359
UKR,UKR_2,UM,2,3,0,2025,0.878024,-0.5988431,48.92250906,8.318697366,77.75301133,18.1641435,0.359
UKR,UKR_2,UM,3,4,0,2026,0.878024,-0.5988431,48.92250906,8.318697366,77.75301133,18.1641435,0.359
URY,URY_1,UM,0,1,0,2000,0.878024,0.4115084,59.81134051,12.5186631,36.71373815,45.09422693,0.262
URY,URY_1,UM,1,2,0,2001,0.878024,0.45835415,59.84892164,12.67439435,36.39587023,53.85388568,0.314
URY,URY_1,UM,2,3,0,2002,0.878024,0.5051999,59.8358582,13.08012991,40.02906731,70.51173827,0.254
URY,URY_1,UM,3,4,0,2003,0.878024,0.4907809,59.70331231,14.87090944,51.75919958,43.18654311,0.22
URY,URY_1,UM,4,5,0,2004,0.878024,0.2761452,59.4505495,14.90260843,61.47668809,24.1933896,0.154
URY,URY_1,UM,5,6,0,2005,0.878024,0.5531436,59.21403042,14.85246711,58.87769633,22.47494307,0.397
URY,URY_1,UM,6,7,0,2006,0.878024,0.5439623,58.98506863,14.54339075,61.97157452,23.75193528,0.233
URY,URY_1,UM,7,8,0,2007,0.878024,0.5605234,58.67087651,13.73514408,59.21044784,23.02997259,0.164
URY,URY_1,UM,8,9,0,2008,0.878024,0.629273,58.30295999,14.94688285,65.20809501,27.16853395,0.276
URY,URY_1,UM,9,10,0,2009,0.8800155,0.6581432,57.88230794,14.81860071,53.39441927,19.8647261,0.264
URY,URY_1,UM,10,11,0,2010,0.9242464,0.6600282,57.42266623,13.52832362,51.6990372,21.40403612,0.206
URY,URY_1,UM,11,12,1,2011,0.9415285,0.5985767,56.95235983,12.73340431,53.24703401,21.97399051,0.198
ZAF,ZAF_1,UM,0,1,0,2000,0.9621116,0.4728977,65.70270523,18.96826643,46.22072174,117.0953665,0.707
ZAF,ZAF_2,LM,0,1,0,2001,0.99319965,0.45100965,63.54386091,19.03695787,49.17094519,121.0697456,0.642
ZAF,ZAF_2,LM,1,2,0,2002,1.0165523,0.4291216,61.40677841,19.0721823,53.46550163,97.31737283,0.64
ZAF,ZAF_2,LM,2,3,1,2003,1.0618509,0.4573859,59.45525216,18.50211188,45.72386257,102.7677012,0.672
ZAF,ZAF_3,UM,0,1,0,2004,1.0727559,0.4701653,57.85877215,17.98981452,45.64357522,112.8209134,0.658
ZAF,ZAF_3,UM,1,2,0,2005,1.0907042,0.4932407,56.65103797,17.37057973,47.4277814,122.283168,0.655
ZAF,ZAF_3,UM,2,3,0,2006,1.0634682,0.382498,55.68531128,15.59552455,53.76814127,139.0073677,0.632
ZAF,ZAF_3,UM,3,4,0,2007,1.0744199,0.3321647,54.84779105,15.44192483,57.12513914,142.4220455,0.614
ZAF,ZAF_3,UM,4,5,0,2008,1.0604687,0.3051168,54.19906046,15.60869108,65.9745238,125.9558803,0.583
ZAF,ZAF_3,UM,5,6,0,2009,1.0352073,0.3762598,53.66699386,14.50780436,49.58753533,121.0945463,0.571
ZAF,ZAF_3,UM,6,7,0,2010,1.0549344,0.2719786,53.02351831,13.85957361,50.40608716,124.0938999,0.535
ZAF,ZAF_3,UM,7,8,0,2011,1.0396868,0.3051973,52.36100429,12.86177002,54.63635044,118.970676,0.573
ZAF,ZAF_3,UM,8,9,0,2012,1.0422217,0.3162949,51.86550724,12.48259185,55.58261719,125.1677855,0.579
ZAF,ZAF_3,UM,9,10,0,2013,1.0383126,0.3334887,51.46003027,12.36677578,58.87502763,127.0292725,0.579
ZAF,ZAF_3,UM,10,11,0,2014,1.0328304,0.331414,51.1390116,12.48071139,59.49957406,128.8383748,0.555
ZAF,ZAF_3,UM,11,12,0,2015,1.0034618,0.2444848,50.77981422,12.51794447,56.72667614,127.2032442,0.492
ZAF,ZAF_3,UM,12,13,0,2016,0.9941757,0.2013163,51.0589577,12.48364435,55.8612575,124.3604961,0.477
ZAF,ZAF_3,UM,13,14,0,2017,0.99501264,0.2227717,51.26678854,12.5127045,53.53593183,127.0302839,0.452
ZAF,ZAF_3,UM,14,15,0,2018,0.97401124,0.148105,50.67742758,12.45703328,54.48554513,118.380858,0.429
ZAF,ZAF_3,UM,15,16,0,2019,0.9493873,0.1893815,50.09433937,12.40089127,53.89799641,117.1855569,0.424
ZAF,ZAF_3,UM,16,17,0,2020,0.9961099,0.0953251,49.49614179,11.72504678,50.75965908,109.0546914,0.378
ZAF,ZAF_3,UM,17,18,0,2021,1.0,0.0420935,48.9162852,12.07755389,56.16471363,93.19638974,0.334
ZAF,ZAF_3,UM,18,19,0,2022,0.9674038,-0.0015597,48.55046604,12.4454055,64.9471344,91.56972876,0.345
ZAF,ZAF_3,UM,19,20,0,2023,0.92727757,-0.18467,48.36793447,12.98000555,65.67987597,89.71179959,0.293
ZAF,ZAF_3,UM,20,21,0,2024,0.92727757,-0.2259135,48.31141734,12.79730097,61.64677047,89.44763602,0.378
ZAF,ZAF_3,UM,21,22,0,2025,0.92727757,-0.2259135,48.31141734,12.25451087,61.64677047,89.44763602,0.378
ZAF,ZAF_3,UM,22,23,0,2026,0.92727757,-0.2259135,48.31141734,12.25451087,61.64677047,89.44763602,0.378
ZMB,ZMB_1,LM,0,1,0,2010,1.271457,-0.7193465,92.62723546,7.578283936,65.01470252,13.69295912,-0.6
ZMB,ZMB_1,LM,1,2,0,2011,1.2742832,-0.5109032,91.94376572,7.51615953,72.79543244,13.69295912,-0.749
ZMB,ZMB_1,LM,2,3,0,2012,1.3095355,-0.5002823,91.24801217,7.075813251,75.36770986,15.85901905,-0.507
ZMB,ZMB_1,LM,3,4,0,2013,1.2847432,-0.5312299,90.41536253,6.023734529,80.45624102,15.81697364,-0.389
ZMB,ZMB_1,LM,4,5,0,2014,1.2495524,-0.4462427,89.42766688,6.819983359,76.19349973,17.08812469,-0.458
ZMB,ZMB_1,LM,5,6,0,2015,1.1807194,-0.529713,88.38199832,7.522311308,79.86526876,19.76483406,-0.54
ZMB,ZMB_1,LM,6,7,0,2016,1.1422778,-0.5286172,87.27264252,7.68612523,73.95856125,15.44212051,-0.488
ZMB,ZMB_1,LM,7,8,0,2017,1.1128565,-0.4632759,86.08802791,8.127238236,71.58569465,14.90601054,-0.755
ZMB,ZMB_1,LM,8,9,0,2018,1.1070703,-0.5019925,84.88484383,6.84776648,74.88836953,14.97371923,-0.539
ZMB,ZMB_1,LM,9,10,0,2019,1.0420272,-0.6197185,83.63371371,6.788930097,68.79120494,15.62618991,-0.671
ZMB,ZMB_1,LM,10,11,0,2020,0.9814598,-0.7343493,82.29107547,7.70383075,79.20684941,15.16355456,-0.688
ZMB,ZMB_2,LM,0,1,0,2022,1.0375543,-0.5899419,79.51647008,7.996352892,69.29731542,12.97508883,-0.687
ZMB,ZMB_2,LM,1,2,0,2023,1.0608859,-0.5628206,78.10699209,8.502958799,78.24188705,15.62630606,-0.706
ZMB,ZMB_2,LM,2,3,0,2024,1.0608859,-0.5330555,76.69124074,9.048585707,62.53488741,17.00737997,-0.67
ZMB,ZMB_2,LM,3,4,0,2025,1.0608859,-0.5330555,76.69124074,8.748954373,62.53488741,17.00737997,-0.67
ZMB,ZMB_2,LM,4,5,0,2026,1.0608859,-0.5330555,76.69124074,8.748954373,62.53488741,17.00737997,-0.67
ZWE,ZWE_1,LM,0,1,0,2018,1.1535145,-1.0473123,86.51683985,13.67822941,54.55031659,7.24834771,-1.116
ZWE,ZWE_1,LM,1,2,0,2019,1.05774,-1.1049584,85.44790583,12.15720733,46.10654427,7.24834771,-1.089
ZWE,ZWE_1,LM,2,3,0,2020,0.9731874,-1.1252829,84.38438064,13.78848296,40.17840622,7.24834771,-1.121
ZWE,ZWE_1,LM,3,4,0,2021,1.0,-1.0994958,83.38495332,11.16712271,44.11455949,7.24834771,-1.094
ZWE,ZWE_1,LM,4,5,0,2022,0.99702585,-1.0997627,82.54760546,18.06044693,55.06735225,7.24834771,-1.088
ZWE,ZWE_1,LM,5,6,0,2023,0.9731387,-0.9884796,81.62535176,15.27833091,40.2912612,7.24834771,-1.124
ZWE,ZWE_1,LM,6,7,0,2024,0.9731387,-0.9876299,80.10041179,15.57108685,41.48653127,7.24834771,-1.091
ZWE,ZWE_1,LM,7,8,0,2025,0.9731387,-0.9876299,80.10041179,14.90812264,41.48653127,7.24834771,-1.091
ZWE,ZWE_1,LM,8,9,0,2026,0.9731387,-0.9876299,80.10041179,14.90812264,41.48653127,7.24834771,-1.091
