Country Code,1960,1961,1962,1963,1964,1965,1966,1967,1968,1969,1970,1971,1972,1973,1974,1975,1976,1977,1978,1979,1980,1981,1982,1983,1984,1985,1986,1987,1988,1989,1990,1991,1992,1993,1994,1995,1996,1997,1998,1999,2000,2001,2002,2003,2004,2005,2006,2007,2008,2009,2010,2011,2012,2013,2014,2015,2016,2017,2018,2019,2020,2021,2022,2023,2024,2025
ABW,,,,,,,,,,,,,,,,,,,,,,,,,,,39.46432507,39.4419244,43.77565543,43.35638554,44.48882396,44.22594491,43.28292541,40.90216606,42.44488789,43.06184433,45.41611336,43.23377097,41.8701107,44.62052529,44.79970061,46.59285265,50.79121223,55.01251722,51.78522982,54.06070072,53.88412026,51.727256,50.65845761,55.89304113,58.8006573,56.25043416,58.68590324,59.16368514,60.24053866,56.62688176,57.22193169,57.24653443,55.96510183,59.63263001,82.4396515,68.44637579,60.48364832,58.04635122,,
AFE,,,,,,30.71914282,29.94685103,31.82159534,30.62792026,31.27223599,35.08040808,35.49847949,34.26694796,35.98327943,34.89925585,35.03472072,32.59718149,31.14613147,30.996923,30.25030377,32.9162844,33.62881383,33.11137727,37.07179384,38.38215061,36.10224546,37.72918904,42.0625778,42.58389994,43.35942291,43.92434673,,65.06702371,68.12919886,73.82614636,76.72681427,76.22192004,73.3412274,72.98227745,82.0091114,74.63035689,76.64447537,61.91180472,70.9125376,79.85964559,85.31112801,94.39419001,93.35924815,78.15406258,79.60510488,84.61972797,76.39545452,79.28207566,75.47416445,73.99620433,65.80451974,65.96999026,65.65777637,61.88065814,60.38962216,55.66913337,49.48916734,44.33225952,45.52390311,50.67791077,
AFG,,,,,,,,,,,,,,,,,,,,,,,,,,,,,,,,,,,,,,,,,,,,,,,4.842856866,6.839982237,9.388327721,10.58413068,11.57504424,4.959180376,4.47210363,4.321685417,3.9410571,3.981493795,3.888321746,3.841881205,3.512317033,3.22995723,3.09659809,,,,,
AFW,5.709637535,6.073111734,7.644584992,8.603105582,8.710084564,8.732643171,8.855069927,9.41685074,9.848943876,9.647320076,7.998427373,9.584502639,9.897915041,10.27605319,9.31246269,11.80914134,12.01156501,14.41976833,16.68975239,16.3073137,16.85598264,9.38384888,10.09057151,11.00507453,11.03614858,10.96636033,14.28651908,14.85829198,13.75292687,13.28646206,12.95567692,11.84012989,11.71942812,10.00078638,8.376880362,7.294365653,6.748355984,7.390673763,7.900279166,8.810007648,8.586793442,9.203603086,8.315415055,8.942796285,8.692543667,8.67513976,8.500442559,12.32843246,15.21254945,16.36299305,13.0127138,11.85751144,11.61222997,12.5774936,13.97594044,14.44158852,15.86066732,14.9291314,13.29344553,11.07885985,11.73430357,12.6487514,12.58142954,,,
AGO,,,,,,,,,,,,,,,,,,,,,,,,,,,,,,,,,,,,,,,,,,,,,,,,,,,,,,,,22.27492802,18.3180075,14.63025796,13.1109176,13.39560287,11.37655908,8.844301746,7.025061944,7.645733744,7.168926409,6.580882966
ALB,,,,,,,,,,,,,,,,,,,,,,,,,,,,,,,,,,,,,,,,,,,,,,,,,,37.3109373,38.56672221,40.89041911,41.04892897,39.72199576,39.06036961,36.88088022,36.20986353,34.13246524,32.50735868,33.72559551,37.71933343,36.43416869,33.79123815,32.46656721,34.12608986,
AND,,,,,,,,,,,,,,,,,,,,,,,,,,,,,,,,,,,,,,,,,,,,,,,,,,,,,,,,,,,,,,,,,,
ARB,13.53971698,13.74231975,12.89429343,13.12755136,12.73288435,13.55488097,13.10144389,12.58778883,13.54920811,14.69388017,13.59459416,13.30176206,15.15613359,15.59668216,11.2325391,14.67723027,15.06902114,16.31548293,18.89275116,18.49459574,16.62438125,19.72851252,24.27758985,28.70033644,30.79188219,33.25700197,38.28189734,38.12629079,39.03853494,35.41302179,,22.40539526,20.14984892,21.13399779,22.9497436,25.44311901,25.56981463,27.54953491,33.70933269,33.90486373,31.64483254,33.7454753,34.4164153,33.01807253,31.78377949,31.7948382,30.92986576,32.78445054,32.29588545,37.78854916,37.0223548,34.5051404,34.02795147,35.94159486,39.04136582,47.37656487,55.36908292,53.30535022,,,,,,,,
ARE,,,,,,,,,,,,,,,,,,,,,,,,,,,,,,,,,,,,,,,,,,,,,,,,,,,,,,,,,81.93984492,78.14889232,73.98430782,75.28849703,88.83569161,76.16766214,65.45743118,,,
ARG,13.61124436,14.08812177,12.01111434,11.5200602,10.6266941,10.10666974,11.0604754,10.94357073,13.86592329,15.97850118,17.5387441,18.02169837,17.63452604,16.70557572,19.17380828,16.44134984,13.56276729,18.38290986,20.55711741,24.05622763,25.39579275,33.55230678,33.90637227,28.11827564,25.00099884,17.36414138,16.90722949,21.29731488,20.33583548,39.71749502,15.60169481,12.58720349,15.44533545,18.28460493,20.280578,19.96060756,20.18700183,21.93345876,24.15329877,24.89334375,23.89473362,20.83357465,15.3318584,10.76270592,9.682518196,10.65349292,11.91026166,13.09854135,12.31394671,12.41620754,12.69010625,14.00871512,15.21281502,15.72909201,13.82376925,14.41423304,13.66763343,15.95849734,,14.47762924,15.74648977,13.26442898,12.88910093,15.35708234,15.11767784,17.59829274
ARM,,,,,,,,,,,,,,,,,,,,,,,,,,,,,,,,,,,,,,,,,,,,,,,,,,24.85492197,28.4451646,35.36788787,40.0600551,42.38024049,48.91717311,45.63078261,48.87564437,51.54258581,55.50200273,60.15523792,72.19291409,61.67381255,52.55384268,55.40496026,64.37994332,70.53967725
ASM,,,,,,,,,,,,,,,,,,,,,,,,,,,,,,,,,,,,,,,,,,,,,,,,,,,,,,,,,,,,,,,,,,
ATG,,,,,,,,,,,,,,,,,,40.01290199,38.08758571,29.02098611,28.72294614,32.56477005,30.65287049,36.08867252,32.12642675,33.13424534,32.18926589,38.19516518,37.13153938,38.13290804,38.9224318,40.20290664,42.81762656,40.94179887,36.37013249,42.4962425,46.37319489,51.79188478,51.73909577,53.01519967,53.77134965,56.90766628,60.08784048,58.26905273,54.42291661,53.93032909,56.97467556,56.86690256,58.65563542,65.79204509,69.96728036,67.71585243,61.8781905,61.27823541,56.03329474,48.63174113,47.0134239,44.22662526,41.65418746,41.94913127,53.77040578,45.43474642,38.36420892,37.11782779,39.35906988,37.41838042
AUS,19.08648356,17.60240895,18.61809609,19.25345239,20.08222911,21.09570758,22.34694295,23.06197421,23.96130311,24.78537894,23.24296537,23.58057974,24.63295452,28.3245811,27.81867814,27.30001682,27.81230906,27.3446615,28.00775606,28.61027724,27.80156522,27.88420577,27.00695568,28.74572983,30.27844125,36.97871384,40.24081348,42.72186666,46.65409208,59.1774529,60.47537145,60.03337413,61.77330911,63.1920719,66.67342398,69.66794967,71.38637677,75.20146983,78.97489612,83.90469941,87.38103286,88.18928303,91.06854013,98.97007014,102.4476938,108.2590107,113.4059168,120.2872496,121.4448193,122.1130741,124.7913393,121.7908062,120.7747562,124.1832756,127.8838487,135.8002927,142.1042557,140.108067,139.4980628,135.6667144,141.7047493,138.3395671,133.6438831,126.9621209,129.3173497,133.792638
AUT,,,,,,,,,,,,,,,,,,,,,,,,,,,,,,,,,,,,,,,,,,90.18438491,89.16936762,88.30933758,88.42499081,94.96703597,95.10906162,93.50258949,96.44189203,98.34385103,99.1468795,96.67256926,94.83797958,93.34113914,88.35991713,86.4399965,83.58975397,84.73708659,84.86296388,86.30279436,93.05163379,93.06245468,89.18355299,84.10247131,81.7652651,
AZE,,,,,,,,,,,,,,,,,,,,,,,,,,,,,,,,,,,,,,,,,,,,,,,,,,,,,,,,,32.86885403,22.09960381,20.76648582,23.00186901,26.0320151,22.92504408,18.29846879,23.12779805,26.35563943,24.86059283
BDI,,,,,2.669223312,2.594072395,2.54206847,3.523492084,3.795383656,3.072763324,3.965328098,4.855878537,5.053391,5.330711022,9.197668218,2.931887901,3.846094178,3.220491008,6.193156265,7.415154058,6.888882446,9.775013702,8.260664547,7.027161279,3.971109663,3.573358503,4.454778026,4.341578209,5.956344924,7.005425957,8.614541103,10.74847332,10.72101083,14.031198,14.73611674,12.26566371,14.23340935,11.87170362,13.5352074,15.39020641,17.08001445,16.30283234,20.31026273,20.13272616,17.35074775,14.54366833,15.83088022,14.77452426,13.66291515,14.67938267,18.36191803,21.55998672,20.25648358,19.38967853,19.29310314,18.09930663,17.34300794,14.87510956,16.50860113,18.57722612,19.64409142,28.46429395,35.06954106,37.17997333,38.25757292,38.54317252
BEL,,,,,,,,,,,,,,,,,,,,,,,,,,,,,,,,,,,,,,,,,,66.29922874,64.13292449,62.53089436,61.84259333,63.59777008,65.8336191,68.44384869,62.75830286,58.46580254,56.78549641,55.01452955,54.49032815,56.15986973,57.61062312,60.80262214,63.61608628,65.33723404,68.16857232,69.36000362,76.12535092,74.75369886,72.5545339,69.33697091,68.13764419,
BEN,5.01243664,5.53633105,6.68049505,7.136377711,7.351051453,6.362138676,5.724098585,6.066568627,6.358768762,7.627221825,8.023575444,9.250576324,10.07107635,11.32805842,12.32435379,22.36560877,19.2348025,20.40461982,21.51728112,25.1699104,28.62907311,24.7977724,30.22083544,31.83996194,25.44393576,30.95551126,28.6602538,26.57859881,28.56228675,21.58168211,19.12768904,15.38381026,11.67447662,10.51454471,8.452625141,7.428405154,8.477640746,5.415282989,6.913210987,7.142326952,7.761429738,5.136080002,4.833189689,7.671284648,7.804471976,9.034310336,10.33506666,12.30918321,12.78056591,15.12971165,15.83483768,16.57434044,15.64759241,16.45394985,16.73710914,16.73570644,17.48237228,16.57791951,16.74641544,17.61070254,15.53712076,15.58607928,17.10004107,18.60833054,18.98016117,19.7665001
BFA,,,2.462386861,3.42840311,3.988464001,3.936689408,3.395956535,3.372836767,3.558227041,4.573793891,4.443413948,4.595926133,5.016387905,6.089106688,8.509340388,10.75412529,13.8870775,16.58217118,16.8058118,15.5070847,14.78187387,13.82731186,13.16061357,12.79558658,11.94865647,13.34491424,13.90426007,14.47041695,14.90149302,16.45133691,16.90694303,12.46412868,10.92607806,9.773838345,7.026029493,6.785180138,6.912335601,11.55207851,11.01929683,8.992765855,10.33639705,9.708668108,8.858713851,11.35347814,12.95342946,13.29620371,14.67788443,12.78455818,15.0909569,16.0831018,15.6345263,15.37034214,16.64245917,20.82103798,23.40560816,25.03777056,25.8099456,27.42160189,27.14971371,28.34785789,28.67389053,29.48196965,31.64930567,31.92064116,27.14335933,22.71946164
BGD,,,,,,,,,,,,,,,2.611807689,1.91711979,2.965405824,4.989642568,4.534053146,5.339445773,5.77134167,6.776746857,7.15570951,9.034443858,12.55462231,13.03952255,12.74331352,13.21453085,14.41493371,15.97003116,16.07409915,15.91990928,14.5455434,15.29431692,16.27119183,20.88176074,18.91199757,19.98663128,20.49663795,20.98723413,21.77938901,24.17959271,26.20812497,26.03862768,27.91340329,29.3438305,31.1657017,32.04283305,34.04219175,36.19103757,40.96132263,42.47024116,43.00066938,41.79475481,43.73612387,44.40697181,37.79864267,40.44895614,40.02473659,39.03447094,39.16105924,39.08201633,38.95556843,37.64138023,35.81117158,34.50434379
BGR,,,,,,,,,,,,,,,,,,,,,,,,,,,,,,,,82.80719085,74.8684868,66.4511822,49.25047524,27.53872925,50.70868428,8.546145575,8.944893733,11.47815263,11.95557274,14.33799985,18.77728656,25.89516968,33.1446416,39.06344906,42.45044426,58.45851684,66.92030157,68.95856741,68.2016629,65.27895137,65.78329165,66.18685096,59.22654523,54.79459875,52.01975239,49.80388941,50.54061125,49.83248385,51.30320683,48.15346542,44.72881182,45.32493996,47.06790322,
BHR,,,,,,,,,,,13.26038139,18.7428177,22.67905836,25.10426695,29.38120088,36.98276714,42.8136934,39.48334257,36.96880084,36.35036579,33.02539062,32.87960207,34.94216805,38.00371265,38.34069638,38.32917884,43.37851704,34.34105591,31.0591781,29.2026291,26.24531424,31.01453767,33.29986608,36.81483698,38.4402727,37.89920523,36.5960611,39.5763886,44.03556403,46.01328207,40.51178965,41.8156768,44.53830714,42.125486,43.94291963,43.68435091,44.87775572,53.11805426,64.21337912,71.43726731,64.93766774,66.90659251,66.51722715,66.98763993,61.3347998,70.5500803,,,,,,,,,,
BHS,,,,,,,,,,,,,,62.7515278,51.34408602,60.24823885,51.39386388,49.5371669,46.19173474,38.74363584,38.64300157,39.90185769,39.64392067,39.05817175,36.09818235,36.20890405,39.66430738,42.74502737,44.02924163,43.49118223,46.31080227,48.70530606,50.81376648,53.94890039,57.02669531,60.07874016,62.34968135,40.28458584,41.51483488,41.10819158,44.80670392,46.91367821,45.82396894,46.16074921,47.9211599,50.36396169,56.6101945,58.5628262,62.10146304,66.07920689,65.1481414,66.01393185,61.84190888,62.19105897,58.0675279,54.08359803,51.94219293,,,,,,,,,
BIH,,,,,,,,,,,,,,,,,,,,,,,,,,,,,,,,,,,,,,,,,,,,,,,47.77516379,60.22376308,65.61371848,64.06832059,61.84531112,60.54884345,61.71592716,60.8344455,60.21667067,57.96827388,57.17117811,57.52365356,56.65951147,57.16910265,57.65856181,53.28938025,48.09929174,47.34475188,48.0664491,
BLR,,,,,,,,,,,,,,,,,,,,,,,,,,,,,,,,,,,,,,,,,,,,,,,,24.8038771,28.63419287,35.9356304,42.81137331,37.95861837,21.77755644,22.92620252,23.63266211,27.88282009,25.71702914,26.2361144,27.61409406,28.7688813,32.50829684,29.1729869,,,,
BLZ,,,,,,,,,,,,,,,,,26.68394262,22.3880153,20.29420396,23.29710145,15.01845377,17.40977948,21.65761416,22.34617585,20.00034441,20.96606335,19.22407705,19.75249259,23.48428046,23.52626756,24.54069979,27.74526,26.73472742,25.65572333,26.25350138,26.65790363,28.10825705,30.93241326,32.8681972,32.06615138,29.86056789,32.89250418,35.53804306,38.62891762,40.16988263,40.10650083,42.22438901,45.55002188,49.40662648,52.87537639,49.83459338,47.62180512,46.47995486,44.87032809,44.69447119,45.89121401,44.73528906,44.37636602,45.33084975,45.96264817,55.07824264,47.61783898,42.48679054,42.03925825,41.27758607,43.10591195
BMU,,,,,,,,,,,,,,,,,,,,,,,,,,,,,,,,,,,,,,,,,,,,,,,,,,,,,,,,,,,,,,,,,,
BOL,1.678946193,2.224958949,2.513609912,5.242329149,6.504719171,6.367688022,6.866666667,6.668894086,7.532378336,7.88391887,8.781658666,9.113398894,10.13157895,10.99517252,10.53157569,11.67525666,13.66583131,15.87463805,17.31469908,17.88105532,17.08949388,16.66500533,27.08547116,17.13904701,14.29528464,19.04108106,12.82561956,15.3989109,17.13849406,20.71151383,24.02556072,28.66016741,36.30461444,45.49823774,49.93605901,48.20184539,52.73723045,58.27542338,64.05184308,64.4499927,58.72180269,53.55660003,51.00167685,47.88051986,42.65070129,39.7951589,35.17788766,34.34642796,31.49483437,34.02142978,36.02902219,36.75350592,38.96580384,40.93109503,43.7497193,51.44887246,57.40864577,47.87330074,52.11611245,54.88626549,67.91757078,62.84883823,62.9475276,60.22197084,59.24277947,51.75242721
BRA,17.97272656,17.02200798,17.02852855,14.70566238,13.52351449,13.08658763,11.89698834,14.20943913,16.65089303,26.72324965,30.89205987,37.55379743,41.83728619,41.8104102,46.16605948,52.59559389,54.46879498,54.39278096,50.42510735,51.01291063,42.05373828,44.69143382,45.65257234,50.47614083,50.39323009,44.24583339,,,105.3910076,127.7470501,42.08278959,45.15931635,84.4659027,134.1135891,69.52319942,43.49452482,40.77849368,40.85223717,29.53226057,29.8269102,31.14098578,29.00403802,29.64514194,27.68566994,29.37277026,31.83978415,35.42516668,40.69093794,45.782256,47.49428985,52.76465763,58.07849111,62.5192932,64.23057383,66.02851039,66.82970065,62.19400696,59.4843093,60.21834794,62.79050508,68.69615485,68.80522468,70.60609738,71.07554055,75.63087309,75.10299273
BRB,,,,,,,34.37271422,33.08507354,33.16534107,46.7844473,49.87660114,51.25228258,53.01415279,49.86476814,40.34476778,35.08562468,36.99230319,35.4935072,35.74592069,36.72995624,29.12770138,32.26729139,33.00256301,34.6315366,32.61572536,32.40458554,31.8380983,32.97287048,34.2402633,35.76009913,36.20311342,37.62106299,38.52938171,36.92361446,38.95655188,42.50325185,41.63041649,44.19681592,45.38316273,47.56577396,47.90210819,59.24814209,60.45039433,62.40247702,67.26832632,72.76447179,73.6824584,71.28230432,75.53214274,82.77161996,,,71.89987653,68.86102004,67.73966442,68.65015738,69.93562455,70.11366691,68.56261992,67.32121396,75.93759545,68.4902597,61.05824098,59.73078831,,
BRN,,,,,,,,,,,,,,,,,,,,,,,,,,,,,,,,,,,,,,,,,,,,,,,31.70455946,34.20035173,31.76852752,40.10178643,36.90827107,28.1209484,27.99214233,31.19241555,33.20797849,41.43626782,44.30216388,39.46186112,35.0404688,35.70555075,39.68988317,36.26937709,31.55563457,37.08384979,37.70964975,40.14766706
BTN,,,,,,,,,,,,,,,,,,,,,,,,2.723468763,3.170901847,2.743010783,2.79088702,2.615762287,3.058374479,4.473418887,4.286371038,5.601224269,6.8370247,7.093637672,8.910220354,7.969406058,6.960742835,11.51158314,9.817910862,8.667144014,8.439542256,9.392923405,10.66621842,12.38747437,15.11374768,17.19786162,20.38456184,22.30783671,28.61546792,30.80098577,38.45892203,43.08341596,42.25003904,42.2246323,41.08529995,42.52914215,44.12893414,48.31302455,54.84782854,59.37341912,67.55249884,64.88887856,67.87143654,71.44366828,68.39427126,72.26068022
BWA,,,,,,,,,,,,,9.140833989,12.36293892,17.1156528,19.32343423,20.49242658,17.85509533,14.21351876,12.6408261,11.28955188,15.11641625,12.88072341,12.02550842,12.66627355,8.558429006,8.297221904,7.922109411,6.640473138,7.004369483,9.384531397,11.85936079,14.68729638,14.22814091,13.99025764,11.89344375,10.09004089,9.685510536,12.15594744,13.87316946,14.71113308,16.58616021,19.28015902,19.97736212,21.9357047,19.76342857,20.93623104,23.46175582,26.30225881,29.35643862,27.51492774,27.85352853,32.91046086,33.19446228,32.58369282,35.99436798,32.69064478,33.95222131,34.73966332,35.9371549,39.72853196,34.53202846,29.88921584,30.05596849,33.12565044,33.22750519
CAF,11.16363502,13.4105958,13.47540816,14.3217662,13.64942329,14.41734417,16.13402062,18.28784119,17.55877133,20.2668502,19.64811775,14.65456267,15.47208652,16.2630476,21.58148623,16.42602151,11.17036487,11.81791156,13.23698247,10.47845138,13.93586792,12.93961878,12.34078237,12.28763362,10.98636552,9.01620147,8.225973698,8.161145004,7.309395139,7.539745042,7.285311851,6.772834543,4.507616604,4.399300751,3.956823876,4.159714052,4.508881983,4.416705796,4.897990653,4.512677883,4.746257023,6.109479139,5.84049758,6.183484712,7.160591845,6.898907878,6.705660372,6.785260826,7.020111129,6.962529158,8.30898125,9.180465421,10.77194141,13.57682599,12.7910233,11.7154336,12.31484324,11.21501773,12.34433199,11.70501456,11.70390713,11.7946888,13.03858265,,,
CAN,18.49862737,18.24678852,18.75902932,19.1211869,19.96814325,22.15370598,28.38837942,31.04571715,32.27842022,33.60532628,33.39153784,35.68708774,38.90209308,40.84839357,41.76717333,43.15978821,44.9792462,48.1931926,53.03218432,55.67599072,56.41662745,69.87034352,68.06386711,63.00733891,62.61878066,63.22858566,63.30478704,64.08670186,66.22028605,69.80072337,73.06804735,74.98892092,76.52859823,75.53200176,74.75150637,73.95051352,78.63308499,81.53117888,79.86262472,77.24988094,73.98773849,121.3528318,117.839259,113.2407999,115.4432267,121.660066,134.1181186,123.5336481,124.0974721,,,,,,,,,,,,,,,,,
CEB,,,,,,,,,,,,,,,,,,,,,,,,,,,,,,,,,,32.76269471,30.98971267,28.96674569,28.67260361,27.76022428,27.16835093,27.85508776,27.81446031,25.30731564,18.43518604,20.31489729,28.52053749,31.30787312,35.76049519,42.12411692,48.39938818,49.91212468,51.86526043,51.96531731,50.9771077,50.25816234,48.7902828,47.84631147,47.88221781,46.33223442,45.86145528,44.75095115,45.91791838,44.26614959,40.73596983,37.58508452,36.95955209,
CHE,86.48526642,87.34899549,87.87695679,87.77538397,85.78159407,86.86738071,86.32834557,86.25389959,88.25423947,89.72288179,88.96145711,84.8300948,81.54721877,79.34283026,68.35636909,73.59765797,79.09033146,83.17239401,88.41253582,90.42869315,93.91513399,95.47242146,110.5291812,115.2947164,116.8677654,121.1165103,122.2684648,128.7341266,134.8826049,141.7983597,142.16488,141.0324733,141.1371073,140.6510957,142.0562834,144.4334881,142.4679994,144.2417562,142.8625871,149.1606617,140.3002961,134.9760564,135.480433,139.1614847,140.9245686,144.2285102,147.9285837,151.063647,143.9787712,152.5891381,151.1241175,153.8824717,159.5656959,161.2047239,161.8645564,163.9239418,167.772891,,,,,,,,,
CHI,,,,,,,,,,,,,,,,,,,,,,,,,,,,,,,,,,,,,,,,,,,,,,,,,,,,,,,,,,,,,,,,,,
CHL,,,,,,,,,,,,,,,,,,,,,,,,,,,,,,,,,,,,,,,,,,73.08169596,74.34609828,75.83206214,76.74998578,77.63456541,78.11332337,84.07524732,100.1725681,102.6870759,99.47559066,101.8634854,104.2666865,104.1493446,107.2940277,108.6831579,109.6589862,111.8597311,116.0982746,123.2387298,123.5325706,109.2588461,112.6695848,109.5050875,104.5678163,102.084209
CHN,,,,,,,,,,,,,,,,,,51.09356761,50.20625271,49.65913518,52.53389038,55.91239104,56.69626272,56.8769167,60.60556195,66.06917584,75.83500077,77.89949246,73.85706019,76.99767577,86.03302026,88.10107427,86.0530635,96.50639173,85.4875548,83.78329716,88.96380864,96.11097538,104.3743645,109.3995988,109.994877,108.7747922,115.9793905,123.9084413,116.9111601,110.3184129,107.6184841,104.2104649,100.407961,122.3011477,124.4256085,121.1670931,126.8197345,131.9390457,137.6237263,149.628832,153.1927618,152.0897475,154.9915602,162.2075662,179.1041002,173.5545187,181.7851624,189.606709,194.3125283,
CIV,,,18.70924739,19.59574972,20.97165695,19.84472081,19.14546939,20.55930884,20.65258465,22.3368181,23.03753358,25.52728026,28.51534039,31.36648172,32.982409,35.05332665,34.9174127,39.05600333,38.74018276,40.4092767,40.76189665,41.76311576,41.11196106,42.26379672,36.4147866,34.05086765,33.86367685,37.93906682,37.65785241,35.54779411,36.49501454,36.01034154,32.05944863,28.65582463,18.52206714,18.50463231,11.23564537,11.10128195,10.25233579,9.471890154,9.761974872,9.444312816,9.641545205,9.025656486,9.48303012,8.854635466,10.14936881,12.15520837,12.03231221,12.69928287,13.08787196,13.16814883,13.68345554,14.3175686,14.69069981,16.74171163,17.6694308,19.25051348,19.27482783,19.0476722,20.57380249,20.99630382,20.85394728,21.90362936,22.51843295,22.67670072
CMR,9.70117467,9.812598556,11.58727824,13.30110974,14.06723222,13.69924775,14.31372568,14.84151158,13.44440109,13.82243987,14.20584591,14.13917449,15.27353479,15.31288297,17.1952632,18.74653057,20.80649707,24.53117521,25.35829667,25.71280981,29.54283126,31.15564539,31.24234681,30.89243834,25.23095413,22.87880843,24.01781574,25.86899243,24.39344089,25.07278465,26.37738605,26.41865716,12.52026432,8.048956956,7.476409612,6.848254066,6.799911553,5.528166782,6.433485296,6.763599694,7.24834771,7.840749159,8.063339602,8.23854971,7.795419524,8.402862426,8.123532984,8.285086704,9.239715279,9.643957385,10.77793742,12.32636507,12.41202001,12.96113749,13.72783643,14.19039309,14.37066405,14.06334615,14.68207763,14.09109288,,,,,,
COD,,,,1.338577668,1.956021198,1.498702573,1.698113114,1.54138317,1.051664257,1.055666865,1.683908044,1.925664862,2.773946476,3.274773737,4.582185304,5.518386149,4.659599733,4.796283071,4.909831426,3.205617758,2.742176395,2.315371146,2.421882579,1.986517681,1.589142832,1.562430082,2.233163879,2.832732168,2.377497904,1.997824715,1.809679788,0.683666,0.926181883,1.210995542,1.056857111,1.063120141,,,,,0.776252724,0.543904071,0.491387512,0.795986809,1.09523594,1.139607048,1.944397298,2.410954214,4.344586412,5.311928942,3.323821635,3.938737052,4.695474196,4.913971988,5.353617633,5.931674716,7.112128151,5.535986341,5.917385649,6.63540523,7.773517859,6.764036323,8.540463114,11.28631369,,
COG,22.22909707,22.82257623,19.85293621,22.32227134,22.6153794,20.12345265,19.46494465,19.28082522,18.05305466,16.92453813,16.28552632,16.0687657,15.51497585,15.31539735,15.09155429,17.17396594,19.87132557,20.70691489,19.87947554,17.8772549,15.53718091,17.3900683,18.47239437,19.01288789,18.83735003,20.72970746,31.67958152,27.06705793,16.24036419,14.73396288,15.69225722,15.99674776,15.75631118,8.68569925,7.698094385,8.112384018,7.547203201,7.857711883,9.739153117,10.90174567,4.780545256,4.897427135,2.866074398,3.635840142,2.932649239,2.210355224,2.010419762,2.170017922,3.213301677,4.872240315,5.979740079,7.1693854,7.412754333,8.878672805,11.15985253,15.22725217,17.93956499,15.78451445,13.00357811,12.63997628,15.55643687,13.90263097,12.76642693,13.79004785,,
COL,22.94862544,24.27270635,24.32805446,22.59135449,20.5169986,20.64211083,21.2949444,21.56820979,23.52783671,25.61399112,25.80215112,23.70193603,21.75314059,19.00353677,29.61840538,29.7866248,28.59488605,27.36132196,27.80809401,27.19737352,30.46462293,32.82226458,34.17445575,36.73227494,37.32248539,35.62752083,,25.48998188,23.22072451,,25.91059165,23.40430918,25.24216003,28.67135265,31.07361273,33.66342958,35.32348263,36.47584514,35.21855052,31.65418344,20.94747439,21.9066126,21.52330896,21.07623501,22.19913866,22.75271861,27.3293272,30.56656822,31.34288213,30.05884981,32.35295864,34.95997389,37.74485153,39.48369169,42.3846057,46.9053936,47.05419781,49.8054214,45.87070747,46.04157811,51.99877906,47.91240607,44.18831296,41.5886838,39.37408267,39.85652811
COM,,,,,,,,,,,,,,,,,,,,,,,5.338110435,6.017763035,7.688583911,3.975276286,4.476710367,5.048059052,6.845172751,6.046964119,8.313363212,8.631170969,8.729478758,7.347137597,6.618196799,6.477917273,4.509835173,5.32545869,4.350256171,5.03598379,5.277622637,4.306215664,4.488344268,5.073803542,4.164166574,5.163157962,4.985344696,5.350409305,6.353435392,8.783337324,10.47759021,10.6281811,12.08942665,12.80508669,13.62886651,15.8220262,16.1429577,16.45922046,15.77484964,15.48760281,14.98577495,16.05062106,16.30136991,16.59446112,15.31940096,
CPV,,,,,,,,,,,,,,,,,,,,,11.97776842,13.80578082,12.5984544,14.99378449,14.90160949,18.8934226,18.45125193,20.86778387,14.55163842,17.23700852,20.74168753,21.73594108,24.11439243,19.0186805,22.72122751,27.5923534,26.9264695,32.22177992,32.16727998,41.33940629,40.13151885,31.05413426,33.95229422,35.64025858,37.83950903,39.1008095,44.85596424,41.77845045,47.71569883,53.12623429,56.47074341,59.93140926,58.56562339,58.54032969,57.65074812,56.41116703,55.10423701,55.42405954,53.66070554,51.63855912,68.45603245,67.56164497,57.91778097,56.3288783,54.61314217,54.04268664
CRI,,,,,,,,,,,,,,,,,,,,,,,,,,,,,,,,,,,,,,,,,,,,,,35.86021923,37.86298406,43.77237768,49.38060624,47.6533512,44.31413315,46.02004266,47.45132052,49.72992444,53.09844535,55.12724836,58.63805379,59.68590601,60.16219778,55.8867473,59.74203061,56.04755279,51.3585723,50.52696827,51.22764957,51.03068366
CSS,,,,,,,,,,,,,,35.31177127,25.01748006,25.39372721,27.40249868,28.1161503,30.29085007,28.19197406,25.33975846,27.44853745,28.50665925,32.37651837,32.95947508,33.07948077,34.80036555,36.11859369,36.89471557,36.82800252,35.70438365,37.94197709,38.53991586,38.59762352,36.70128121,38.79545386,40.50367838,39.25560549,40.81559129,40.7985361,40.99916976,48.38284008,48.11898155,45.1033467,45.17880227,44.34672294,43.84825291,44.09006896,41.40704005,49.34008229,42.55777129,40.52842122,42.06639808,41.52515652,41.19042653,43.31048123,45.15310136,42.7869169,42.92646465,43.88132977,50.17543742,43.37920308,36.42095782,38.82195119,33.54455303,34.36534107
CUB,,,,,,,,,,,,,,,,,,,,,,,,,,,,,,,,,,,,,,,,,,,,,,,,,,,,,,,,,,,,,,,,,,
CUW,,,,,,,,,,,,,,,,,,,,,,,,,,,,,,,,,,,,,,,,,,,,,,,,,,,,,,,,,,,,,,,,,,
CYM,,,,,,,,,,,,,,,,,,,,,,,,,,,,,,,,,,,,,,,,,,,,,,,,,,,,,,,,,,,,,,,,,,
CYP,,,,,,,,,,,,,,,,,,,,,,,,,,,,,,,,,,,,,,,,,,144.4192554,149.4930128,147.1952286,147.3385092,156.6760154,162.9375713,180.6807301,212.2092381,226.3559793,234.2515929,242.5411203,249.2181221,254.6680646,251.8303848,243.4163373,216.2427574,191.7839322,135.3185992,106.6841361,106.4735203,87.39524438,70.8069404,60.57186138,56.65776315,
CZE,,,,,,,,,,,,,,,,,,,,,,,,,,,,,,,,,,61.16181076,65.28638943,64.57587782,62.97091748,64.19084625,56.46948846,51.1442282,44.68579406,36.93247424,23.54697748,24.25037864,25.60842315,29.19851129,33.84681887,38.71113867,43.28374733,45.07691664,45.87029551,47.933134,49.05494531,50.28986491,49.09269419,49.26044964,50.57218312,50.23244256,50.71851956,49.44010471,51.98299063,52.03612062,48.63476954,47.71952523,48.02066428,
DEU,,,,,,,,,,,,,,,,,,,,,,,,,,,,,,,,,,,,,,,,,,111.2401705,110.165745,108.505942,105.024727,103.7535204,100.3412772,95.49834397,95.4017333,96.85934474,86.77037847,83.24939659,82.19127776,80.68477715,77.79203678,76.58150391,75.98868306,76.05908596,76.61884142,77.96569681,83.80937891,82.7038242,81.07918754,77.25348457,,
DJI,,,,,,,,,,,,,,,,,,,,,,,,,,55.94297133,,54.84809318,52.70610223,52.94457129,45.44448066,43.13834765,41.17771683,39.60684128,38.3092918,42.84729131,44.347628,43.17632309,46.06099597,28.85506551,32.06543541,26.44042206,24.39621988,22.58445017,21.11189018,20.07511573,20.18291193,22.5217827,24.33560795,29.34713033,33.11016514,30.90883396,28.93089884,22.14638741,22.13770189,21.7028461,20.43712656,21.17275426,21.63323739,22.35148332,21.15363925,18.59685815,19.83432925,21.8231301,23.10252766,25.16472788
DMA,,,,,,,,,,,,,,,,,,20.87730913,22.21435888,24.74419893,25.32398163,27.29081691,27.9218747,29.68212547,27.59122938,27.59368051,23.60898785,22.82477645,27.86335642,34.3074818,38.82083624,39.50872994,41.77321349,43.68143969,43.77663524,46.49599978,45.42532027,47.22652096,47.09538087,46.86285236,50.43326632,43.13182554,42.77619837,41.72983055,42.07334379,45.21018421,47.21773835,46.54570441,46.73166102,46.39828469,50.44335361,52.36896326,55.21267509,52.65169318,48.81372606,47.57243201,44.150648,47.22436985,41.65387382,38.35602185,50.75426251,49.38020607,45.8489422,41.77300662,39.38622996,38.09304039
DNK,43.73488401,43.45160694,43.91057086,45.64082492,45.47959478,45.7173721,48.72825432,47.97573052,48.38496018,48.55042008,47.04061306,46.36877098,46.78175206,46.32737863,44.94915101,47.81846432,47.72988784,45.43889762,42.79115618,39.74480224,39.44995854,37.7655516,36.45032717,38.49683704,40.88445778,43.67252003,54.84223647,49.72032257,47.89852667,50.79713502,50.3413529,41.88210186,39.33149771,34.26103614,30.29179177,30.37174711,31.01624832,31.56600062,34.34284428,34.09555853,132.0609356,138.7541033,141.4818504,139.8868148,145.2929988,157.1381478,168.7455026,184.0374247,190.3168661,200.3991823,192.8299468,187.0711283,182.294825,176.4777871,173.4062642,170.4826084,167.0593463,162.0560897,161.9602238,161.8986789,163.5367551,155.2293211,143.4060006,147.4820985,144.0622369,
DOM,,,,,,,,,,,,,,,,,,,,,,,,,,,,,,,,,,,,,,,,,,,,,23.6407583,19.64943663,18.69262141,20.7082666,20.74011254,21.56646248,22.73509619,22.93743724,22.53740883,23.43714048,25.26616485,26.03927205,26.90639697,27.58276785,27.39115366,28.0978072,30.62762843,27.7700298,27.96579547,30.84219569,31.92208649,32.8494014
DZA,,,,,14.94764169,18.10898792,15.54507662,17.23931839,23.52473391,32.18621504,28.44051036,35.00871245,47.72993733,49.13802343,42.00649728,49.96541139,53.55384694,49.90439961,53.82227679,51.98721525,48.50830715,52.57105497,62.16137017,65.06718023,66.49738339,68.72982799,69.31185043,67.53259218,68.14677827,63.19371516,56.14321672,46.28916649,7.254817644,6.617753019,6.489104896,5.199387035,5.364902709,3.907416857,4.563822482,5.388089302,5.965639986,7.384503886,11.2566389,10.3642725,10.21032839,11.50028863,11.52081537,12.30581563,12.13019176,14.84757686,13.7901332,12.56510641,12.90864387,15.0652749,16.42166364,19.22034514,20.25245482,21.86038558,22.38714887,22.91286954,26.11721342,22.6599904,18.2397846,18.84670252,19.03414132,19.59127592
EAP,,,,,,,,,,,,,,,,,,47.03556912,45.79556755,45.71358506,48.44661258,51.67853896,52.79498979,54.85440763,57.59476244,63.14484334,71.58665087,,68.11698318,71.31707191,76.24648709,78.08555359,79.12476123,86.9671295,80.73878571,80.55822888,87.24032609,95.05451975,100.8902649,104.1207204,104.5625752,103.9024505,109.7857923,116.6486509,110.7549018,104.6578663,102.3218558,100.2427299,96.90702326,109.5515079,109.8668658,108.7032108,114.5531168,120.3550022,126.0366781,137.3529222,139.9452226,139.203183,142.60743,148.2063693,164.3159211,161.2400055,166.7741969,173.8654065,177.7155522,
EAR,10.54537561,11.26510121,11.00731925,11.18879256,11.13461717,15.38810081,16.53236573,16.78871183,17.53007278,18.52877059,19.21965382,19.73349418,20.33148239,20.52925479,18.47596701,20.13265932,20.69479537,21.43737168,,23.99919961,23.80029332,24.94245619,26.23064498,27.90188374,27.62043458,26.62525868,28.29261349,29.2538887,29.98672416,31.44626389,27.94387683,,,,,,,30.27869237,30.30964617,30.50483221,29.56741101,28.85316235,29.06783593,30.58585764,32.90533328,34.93143081,37.31667039,39.04944876,36.94439709,38.29268309,39.46966314,39.8206907,40.71479914,42.05236206,43.63195988,45.61421249,43.50182344,42.88578336,43.80861373,42.26680291,44.81611154,41.88380144,40.04721087,40.15249218,40.14008308,40.1910028
EAS,,,,,,,,,,,85.90825649,95.08495719,104.8086412,105.5693442,98.09085153,100.6047571,100.9004347,93.11601677,97.76244169,96.77604216,98.14442957,100.7265828,101.8368784,106.7344942,108.3883957,112.8125661,124.8995621,139.3595673,145.7473257,149.7811458,153.2729162,153.6594249,156.5047073,161.662155,161.6145949,158.4520617,154.146934,161.8401999,170.3889271,173.9969112,167.3812016,149.1492433,147.4977846,148.8198157,141.9580583,138.5525761,135.0606454,129.0889068,126.7980807,133.5611596,129.4824897,127.7519074,129.7495931,132.1149595,135.4249772,141.7802045,144.6204059,144.9111089,146.7384131,152.6623801,168.2891389,165.7704791,168.6461078,172.8553683,175.3690463,
ECA,,,,,,,,,,,,,,,,,,,,,,,,,,,,,,,,,,,,,,,,,,,,,,,,,42.25689033,43.74069616,47.72394949,49.96778769,51.0998123,54.4696637,56.17800718,54.26204159,55.18055968,54.22410872,50.65614382,48.48427632,55.13132911,51.32816762,42.48510665,40.31695505,37.89320883,42.22516717
ECS,,,,,,,,,,,,,,,,,,,,,,,,,,,,,,,,,,,,,,,,,,91.10082691,91.75268376,93.1133401,95.17411321,98.99792172,102.8199931,107.4387134,106.973068,110.1079106,106.3289313,102.4173176,100.098861,97.3366768,94.91576548,93.74773955,93.13552094,88.98937336,88.04503532,87.08204076,95.78224008,90.50804586,87.37478605,81.74035349,79.0298082,
ECU,,,,,,,,,,,,,,,,,,,,,,,,,,,,,,,,,,,,,,,,,,,19.07193963,18.05512023,20.54139802,21.98430105,22.33121655,23.38045986,23.96487556,24.88963322,27.08433369,27.59154869,28.44437278,28.55223321,29.20843098,29.93626137,31.5046558,34.2208461,38.33749475,42.69158202,49.05570507,49.75339812,52.37994877,54.65454498,56.57699423,58.87426271
EGY,17.4631349,16.75824176,17.83373154,17.41829168,16.07326007,14.89737365,13.5975136,12.77418337,14.17093344,14.75172567,12.29072964,12.3678052,11.83175336,10.27770828,13.21731691,16.60008292,17.10169138,18.71764577,18.32074352,18.99575089,13.93637654,25.89510827,24.7087638,25.8481203,26.21582278,27.19865952,29.22426304,28.89514563,28.13327922,26.53012987,25.5256785,22.05863111,22.27045291,23.76578608,27.90365714,32.73382353,36.53439407,39.69360662,46.55501044,52.00182055,51.95327845,54.93114023,54.6553972,53.89762874,54.04291428,51.16543405,49.29097974,45.51522157,42.79751378,36.09271335,33.07229522,31.15492329,27.38844973,26.2224395,25.60668054,26.31639376,34.13486263,27.06982467,24.29527907,22.8487309,25.78947425,28.23075439,30.84700212,29.25782154,27.56922797,25.84124801
EMU,,,,,,,,,,,,,,,,,,,,,,,,,,,,,,,,,,,,,,,,,,87.88430582,88.00076843,88.89104398,90.02073372,94.55367938,98.21851398,101.1868736,102.9990291,105.4630258,102.6932706,100.7237541,98.74103392,95.74406515,91.57774513,88.86868891,87.89343832,86.82245255,85.61016727,84.88539665,93.56026398,88.8957462,84.85179666,79.58884885,77.13022231,
ERI,,,,,,,,,,,,,,,,,,,,,,,,,,,,,,,,,,,,17.09591004,34.64970713,35.21082608,46.47665148,33.28628614,29.19470753,29.03011661,28.6125798,30.20946859,26.94248933,27.56323901,25.98826924,20.73574904,22.06097637,16.76807275,21.28053768,17.56470221,16.15971775,33.98680589,53.24107738,,,,,,,,,,,
ESP,,,,,,,,,,,,,,,,,,,,,,,,,,,,,,,,,,,,,,,,,,94.93944098,99.29296038,106.5440529,115.9283258,135.871254,156.5802566,167.6359415,170.7430207,173.3823242,171.3251234,167.027108,157.4343317,145.7595754,129.3589964,118.2168903,110.9018342,105.1569882,98.82988692,94.41162629,107.5725239,98.4256245,88.11240654,78.34968329,74.2192018,
EST,,,,,,,,,,,,,,,,,,,,,,,,,,,,,,,,,,,,,,,,,,,,,40.29808001,56.57390871,76.22456528,83.74761304,89.66887263,101.383035,92.80434922,77.72733933,72.23596263,68.56881285,66.22448268,67.72204027,68.41240276,62.85953774,60.76372341,58.2395452,62.46749513,59.29423079,57.22718872,57.66109745,60.53542203,
ETH,0.544827291,0.466948987,0.45373137,2.807487161,3.175196477,3.153705761,3.565033224,3.568013476,3.962825435,4.30684521,5.081575964,5.209245299,5.485401288,5.531489837,5.757151412,4.900950301,4.560530164,4.856354772,5.875124508,3.01750439,1.989521684,2.37412804,2.363361744,2.126521264,2.101993786,1.857071573,1.795431047,2.309885811,1.665678846,1.599062362,1.582143363,1.438475724,2.071576914,3.490877552,4.841146854,7.544823359,11.64926182,13.99620086,15.76436061,18.91973189,17.62386403,17.77854679,17.97811769,17.50062346,16.52918653,18.86578926,20.44932507,18.52507603,17.71014835,,,,,,,,,,,,,,,,,
EUU,,,,,,,,,,,,,,,,,,,,,,,,,,,,,,,,,,,,,,,,,,86.0745561,85.80062745,86.81760596,88.21357814,92.48733453,96.15729375,99.3834698,101.3696749,104.2900086,101.6595428,99.90522218,98.18261397,95.58076222,91.71544804,89.03217202,88.22135038,87.0043634,85.69692034,84.75589158,92.67095909,88.30586728,83.91375807,78.47214922,75.55669842,
FIN,,,,,,,,,,,,,,,,,,,,,,,,,,,,,,,,,,,,,,,,,,52.65456618,55.43637825,60.28448264,63.73274705,69.25473382,73.41389903,76.28288401,80.10532656,86.3086362,88.13321499,89.53378361,92.07547735,93.31341494,93.36620437,94.98506128,94.78437026,94.03175705,94.88152476,95.91938554,101.7382513,100.1402936,96.19779435,93.21294482,92.0244354,
FJI,,,,,,,,,,,,,,,,,,,,,,,,,,,,,,,,,,,,,,,,,,35.43373104,55.29912125,54.74255602,61.1134717,69.19158479,79.06668897,78.74967828,85.91135089,89.60556722,83.46154955,75.38807326,76.80125559,74.88874654,72.59697598,78.76592894,84.42514494,86.20668122,92.79632474,104.1138812,130.0508243,139.1639577,118.3818517,113.6005533,115.3463288,118.9588508
FRA,,,,,,,,,,,,,,,,,,,,,,,,,,,,,,,,,,,,,,,,,,77.38838615,76.52843931,75.96124496,76.97441619,80.32432947,84.35728351,88.97430656,92.63574261,95.09664072,95.84714523,96.64919195,96.5785493,95.87696269,93.91590815,94.94542023,97.49046876,101.6178302,104.624052,106.9130306,125.3974397,120.7219099,119.290367,112.5673548,107.5826606,
FRO,,,,,,,,,,,,,,,,,,,,,,,,,,,,,,,,,,,,,,,,,,,,,,,,,,,,,,,,,,,,,,,,,,
FSM,,,,,,,,,,,,,,,,,,,,,,,,,,,,,,,,,,,,29.81494112,27.77285196,28.43923498,30.30566145,32.57336939,31.18020981,29.5730277,21.27375772,16.6208826,18.33079234,20.02672065,20.9688,21.31146245,20.03065134,21.33718412,20.93732877,19.70746753,19.52901235,19.85286624,21.38670886,23.15865385,22.99602446,23.1199446,20.21954315,22.80936709,24.16984377,23.42736335,,,,
GAB,8.216216145,10.72604105,12.57042023,20.26410137,15.97050298,13.94594595,14.47020107,14.19161677,14.74622366,15.6421025,17.76312452,18.54519505,22.8359447,20.56424581,13.11998924,14.41025087,13.87081074,18.06925529,24.10645401,19.13651877,15.76929883,16.29252025,15.55858356,17.728546,16.18243156,20.20633122,28.53423263,29.74003851,16.74835827,15.478772,12.92231272,14.63402793,10.94436113,10.31525176,6.755996566,7.921784098,6.589329854,8.680582805,10.77950851,9.963671195,8.696552298,12.52132357,12.31095356,11.5183479,9.270946511,8.463617664,9.553023111,9.952229099,8.661172309,10.09111298,8.209996832,9.527671612,11.30209567,15.0128213,14.54172512,14.51614723,13.82898955,10.29036221,13.08269307,13.37647797,,,,,,
GBR,17.33894093,17.49324689,17.43805355,19.34336083,20.67206454,20.62365946,19.49659583,19.82421875,19.71046771,19.35005255,19.81598134,20.75254683,28.55085667,33.56490317,35.19952825,28.31414609,27.3619158,26.08476554,25.59901349,25.8619442,26.21587268,30.86013713,34.04858657,37.07233105,42.23567933,43.90624549,77.61064168,82.77104602,91.57544594,102.930035,104.8059603,102.3337644,101.6779981,99.87622468,100.0308644,96.98381488,99.81195457,101.5125102,102.0813639,105.1117436,114.2942488,119.3368864,124.5334601,129.2161121,136.6670359,142.6644879,153.4713953,169.5833486,190.146653,191.1298289,183.7628192,169.6158736,160.0107055,148.9062486,134.6050554,130.0827379,131.480106,132.3332485,132.7833598,131.4430654,145.5720754,136.1615946,126.1263977,117.9783618,112.372019,
GEO,,,,,,,,,,,,,,,,,,,,,,,,,,,,,,,,,,,,,,,,,,,,,,,,,34.43633456,32.71523661,31.85207692,32.87910262,35.53626934,39.90459301,44.94835108,48.23007444,54.01457007,55.07107957,59.52964265,65.02832583,79.06452491,72.90838974,63.07260827,66.40331603,68.28892759,68.42196644
GHA,4.568469505,5.827956989,6.180344478,7.581818182,6.957928803,8.519781719,8.451910408,7.566489362,8.658823529,9.210394803,8.25143869,12.584,10.06039076,5.343330477,5.676824034,5.784402801,5.902696905,5.018364239,3.521156962,2.818864715,2.192616447,1.84738248,1.802350464,1.542268445,2.209409338,3.108398825,3.628109888,3.154155496,3.139281352,5.844565464,4.928698646,3.657340448,4.941929269,4.838175667,5.250032661,5.073564508,6.005079066,8.195094024,9.358847166,12.56208324,13.97149132,11.88439126,12.1495373,12.49304876,13.17248937,15.54406881,10.85758702,14.48843023,12.61349047,17.73697326,16.66077481,17.19528265,18.07171286,15.29237165,16.50489063,17.93356705,17.43563866,16.09952014,13.71414322,13.93721139,13.05852886,13.05443112,13.28852379,9.446194974,8.924353962,
GIB,,,,,,,,,,,,,,,,,,,,,,,,,,,,,,,,,,,,,,,,,,,,,,,,,,,,,,,,,,,,,,,,,,
GIN,,,,,,,,,,,,,,,,,,,,,,,,,,,,,,,,2.401440024,2.475344704,2.853629244,3.000257902,3.399564233,3.326840977,3.101731185,2.505634862,,2.735372093,2.771575998,2.845314407,2.898929527,2.59622911,3.879156543,4.604760736,3.262639439,3.239431467,2.659868666,3.942701992,6.817893792,5.912833207,7.336493275,9.930538641,11.81550068,10.76699468,9.111468642,9.647996739,10.28854697,10.01983166,9.006718513,10.45634553,10.24907661,10.66687432,10.57400831
GMB,,,,,,,16.16212793,16.63943991,17.81924198,17.22635494,16.38366223,17.39737991,13.06587838,16.359375,14.6918853,11.02521008,15.66679389,16.97141419,21.12165179,21.34923046,23.870818,24.18778782,21.08157709,24.67861778,25.11799874,24.34040617,15.09178594,11.96694003,11.82257749,11.01988671,10.99267546,5.176671669,3.727217008,5.477087416,5.626659601,4.836178454,4.373222081,5.445033797,5.709563808,6.606307188,6.741074287,8.321402009,10.68994156,11.75794416,5.032580387,5.852238866,7.212918964,7.548512304,8.73270873,9.166452597,9.491080142,10.40755212,10.07965389,9.981000856,8.831185556,,,6.092216305,7.052268045,8.202172458,8.152222434,8.875449974,9.620220466,8.725313359,9.403974962,
GNB,,,,,,,,,,,,,,,,,,,,,,,,,,,7.477975717,6.432786226,6.502738831,6.784976026,8.464787109,5.128974773,3.907178957,4.57288194,5.49587903,3.339127899,2.574597274,2.724438315,3.601910306,2.763803118,4.361207844,0.383077012,1.300372979,0.636901086,1.140614662,1.464687727,2.179167986,3.21439573,5.121932873,4.431438254,6.359534879,8.68660544,12.22372441,11.9864957,13.43389961,7.779956348,7.005862806,11.70905744,13.85351741,13.34731192,13.60998119,13.29065443,14.5846321,12.58319483,10.72536886,9.987224455
GNQ,,,,,,,,,,,,,,,,,,,,,,,,,,23.39150039,31.60580111,26.79133769,24.62591214,27.65507694,25.77133183,38.23269584,21.2194973,5.165654493,4.020116937,4.79762403,5.210355743,4.654521426,6.461722235,5.566367889,3.633416174,3.470077572,4.169054371,3.588791701,2.722154318,2.148532638,2.372933931,2.802672966,4.104054824,5.31752124,6.078285315,6.406482044,4.832049941,6.863157223,8.108476789,12.52625259,14.94685826,14.1214331,14.18824915,15.23950828,12.87089031,10.45427711,8.081929414,5.81219669,,
GRC,,,,,,,,,,,,,,,,,,,,,,,,,,,,,,,,,,,,,,,,,,51.696591,54.87183274,58.73196094,63.87754281,73.65739572,77.54543742,85.79842374,90.50731366,89.22442516,112.8142773,119.2013825,120.1479314,119.7902037,117.8950572,113.4333573,108.6270975,100.6475099,91.2069328,80.21223967,81.27097513,56.19733616,52.45674212,49.21574082,48.54100045,
GRD,,,,,,,,,,,,,,,,,,26.32836736,25.17586634,23.30545959,24.15780045,24.0523783,23.26588786,21.40306503,20.68127771,24.21683218,30.02240643,32.5117312,33.33054858,37.82153112,36.05753384,35.4070944,37.61732876,49.44943346,47.23172734,47.33219911,49.99329236,55.52392988,56.86970867,59.0021571,62.5581236,63.08051819,61.43224629,58.46474544,61.61798672,57.95106496,64.87666684,68.79352477,70.07704869,79.3771165,83.97993986,84.87602087,82.80481368,74.25666023,65.20633553,57.32142857,53.72278409,51.06690575,50.64570309,49.54706523,59.39716954,57.31610561,53.63006155,50.98696627,55.68951576,57.53505213
GRL,,,,,,,,,,,,,,,,,,,,,,,,,,,,,,,,,,,,,,,,,,,,,,,,,,,,,,,,,,,,,,,,,,
GTM,,,,,,,,,,,,,,,,,,,,,,,,,,,,,,,,,,,,,,,,,,22.76671319,21.56157222,26.65440813,26.63084525,25.76644405,28.82849313,28.64102595,27.7613593,25.75636006,24.2180601,23.96393766,32.17208304,33.13095853,33.49614862,35.26220532,35.70284675,35.16762327,35.04890704,34.07722664,35.85072767,35.66148932,36.60698146,37.15726081,36.77828968,37.23488143
GUM,,,,,,,,,,,,,,,,,,,,,,,,,,,,,,,,,,,,,,,,,,,,,,,,,,,,,,,,,,,,,,,,,,
GUY,,,,,,,,,,,,,,,,,,,,,17.94157825,21.81834827,29.38665284,33.66648501,34.78033465,33.59430769,38.04253632,34.24932276,45.35884595,28.2984818,29.60979367,18.73049325,21.47209954,20.89848285,21.67598923,28.00713484,42.04797798,48.24011434,56.06949176,57.07515943,57.1228498,60.72085952,62.11910155,57.5479804,53.20104886,57.12242743,22.65816058,22.35727946,21.8393975,23.34803987,24.51380231,26.43719889,28.76781323,31.97334079,36.65987405,36.50224106,34.95272841,34.06938663,36.57044241,37.09274713,39.17571804,30.82862472,20.18756408,19.92857841,14.95110651,15.6083104
HIC,59.55334094,62.69488693,63.33715952,,,,,,,,77.28047015,80.88264241,86.32456598,86.53541932,,,,,,,,83.39916862,86.80201732,91.34405708,93.45607785,99.10256569,109.0247549,115.3731156,,124.2331846,,,,131.1003525,131.7893261,135.1190861,135.6200562,142.443428,150.1202243,159.2965253,154.332067,136.8444346,132.1796525,135.7909648,136.4738965,139.1468828,143.5339374,145.4582432,138.6179796,144.3172791,139.4878251,133.7264731,133.8357219,135.4586228,135.117222,138.1346169,139.7001111,141.5061775,137.5298096,144.2382897,160.3019452,157.5908775,146.0031125,145.698959,152.2277778,
HKG,,,,,,,,,,,,,,,,,,,,,,,,,,,,,,,160.5382341,137.2553785,129.5210189,134.9088624,143.5186403,149.4122462,156.667889,169.2800071,166.8047068,152.7926523,150.3513642,148.9766313,145.707823,146.2314644,144.7619641,143.1276998,136.8003204,136.6797429,140.2857527,155.4261611,185.5819127,202.2927455,198.5315051,218.1603921,233.2110012,207.8993282,214.3001788,223.3718664,219.9081233,236.7400716,258.9028417,259.1839882,264.4465354,248.7912385,230.1861444,222.6469107
HND,,,,,,,,,,,,,,,,,,,,,,,,,,,,,,,,,,,,,,,,,,36.68356621,36.0320656,37.19104638,37.81436819,38.84175807,44.72935316,52.27042007,51.29183267,50.33822017,47.46224708,47.30923103,51.27564823,54.72268682,55.0869372,54.59360022,57.83540236,57.7901975,62.81495971,64.46303283,71.23046368,67.72704719,70.08416262,75.63082478,78.46330143,
HPC,,,6.330276581,5.601112887,6.614432935,6.174993742,6.218126914,6.672986292,6.822627407,6.792918184,7.746970682,8.117699525,8.644766624,9.095722009,9.974493316,11.27231721,11.38127961,12.30773674,13.38433524,13.95743641,14.19624045,13.62265025,13.74527256,12.95412408,11.9257136,11.58232921,12.95459635,14.38662123,13.01044396,12.55720019,12.33929973,10.88702891,11.92170907,11.13009837,9.918220501,9.737882388,10.51779859,11.1034932,11.99995652,12.4738602,10.3641719,11.58954136,11.21299911,11.32464636,11.22432426,11.65353463,12.29244432,12.97079955,13.17823758,14.4370113,14.46386565,14.62452342,15.82316129,16.32670863,17.16577912,18.64669391,19.48979057,19.24276212,19.15370531,19.3158992,20.41767077,20.37258979,20.92203565,22.16702282,,
HRV,,,,,,,,,,,,,,,,,,,,,,,,,,,,,,,,,,,,,,,,,,,,,,,,,,,,,69.23489094,67.91309751,66.74690202,63.17930644,58.99171677,55.98407464,54.27351246,52.92499909,59.14787955,52.87523782,50.54353453,46.44002728,46.86106746,
HTI,3.675135585,4.131835051,4.0936967,4.293222338,4.051878805,4.041989312,4.010097884,4.538851693,4.372109809,4.581180561,5.955676329,6.034564498,7.900430108,10.87266495,13.91390166,15.01628999,14.47667804,16.14665259,20.80876617,19.269665,16.53737534,17.66750034,17.65664089,14.81080315,14.36676577,13.60697721,11.56019845,12.65298945,11.79605336,13.35035277,11.63069426,10.30148808,10.14785466,10.86391503,10.17929222,12.45413214,12.79007074,15.68876625,14.13565725,14.46242816,9.017971344,8.343350618,9.826980465,9.673964256,8.281373807,8.862702922,8.470203521,8.062165111,8.682092027,8.211085237,7.797039675,8.518780035,10.81496405,10.76152761,11.41523155,10.76792677,10.45527571,9.826318973,11.20633065,10.36870087,8.609335969,8.388136829,8.296622968,5.241596891,4.281226145,3.208331701
HUN,,,,,,,,,,,,,,,,,,,,,,,46.34249521,46.79694557,46.96862213,49.26397265,52.33941056,50.91100257,44.87547649,45.12500332,44.67216693,37.55418355,32.04069198,27.2416249,25.41922525,21.6358949,21.28063707,23.46603731,23.33968261,25.46515155,31.84591129,32.61256383,34.34431075,36.51001385,38.94909665,43.2545318,47.27917874,53.19802285,59.36028568,59.9028399,60.32091757,58.44700532,50.4166617,46.0968824,42.53202767,35.09767126,33.31915432,32.39086027,32.26497879,33.17210527,37.62960632,38.41258531,36.0420466,32.90599972,32.36625271,
IBD,,,,,,,,,,,,,,,,,,36.56337799,37.07831042,36.63624412,35.18236746,37.87644052,38.54075162,39.19409938,39.83374932,40.60552278,,,,,,,,,,,,49.54260176,48.98215244,52.21798585,52.64357066,50.78212709,54.53956438,58.13881464,57.33393896,55.95933468,57.80805476,60.85269933,60.53263896,70.34900443,71.6192604,72.72169199,77.12673952,82.24911535,87.96306096,97.00134415,97.59417654,97.11866354,102.3864529,104.7239352,118.7489572,115.6332863,119.8846719,120.7485659,122.0430533,
IBT,,,,,,,,,,,,,,,,,,32.97307453,33.1038225,32.8903309,31.70004083,31.83779827,32.99784749,34.47336847,35.49938039,36.2879176,,,,,,,,,,,46.03851796,45.63356348,45.04205691,49.21188363,49.1234182,47.75998605,50.96741799,54.20945928,53.6035843,52.46369987,54.14988428,57.36637119,57.40818585,66.68667601,67.99080113,69.0102483,73.28024991,77.70717354,82.99538093,91.43393504,92.15706046,91.91587722,96.74602088,98.39223811,111.7462308,109.5572121,113.0102064,115.9316442,117.4992164,
IDA,,,8.327621465,8.014549266,9.489938492,9.51953771,10.14686318,10.75099658,10.75723337,10.48061926,10.61784475,11.28493529,11.50057069,10.24332312,8.68928503,9.274529667,10.46054167,11.96721321,12.90504963,13.01935661,13.70963754,9.928973834,10.5582338,11.43878195,11.97569861,12.30534063,14.08067505,14.50420999,14.29052212,14.19916028,12.80526072,11.75245261,13.01552882,12.40003395,11.87057663,12.60719127,12.07737531,12.63079668,12.86093017,15.33494286,13.44509168,14.52157293,14.77229479,14.9505347,15.41557134,15.63680505,15.76695132,17.56699887,19.3388514,19.74514965,18.48295331,17.81605445,17.86258596,17.86544873,19.53843648,20.90328854,22.39454491,22.87278268,23.05341544,21.62158868,22.44834856,23.06769401,23.29488898,27.86615884,,
IDB,7.562203847,8.40956953,10.85851365,12.481887,14.39819795,15.08973367,16.45058486,18.11251642,17.94516085,17.13032456,14.63916597,16.62216419,16.8274923,14.53880555,11.79726192,13.46968096,14.25366495,16.88189266,18.65518558,17.61388539,18.91032016,10.77280759,11.78562039,13.41817222,14.28420123,14.96263716,18.38004463,18.5118737,18.49536256,18.45744435,16.77970151,16.38422649,17.52676587,16.14480647,14.91803528,13.08159677,11.76514581,12.28201273,12.37598245,16.75174603,14.02992366,14.58207402,15.00881557,15.15474537,15.35219403,15.02063243,14.76790922,17.74935719,20.49316272,19.64050153,16.4800794,14.89236727,14.26894092,14.16628794,15.34241531,15.62320395,16.82166809,16.20857335,15.85067886,13.79840263,14.96557694,15.53143599,15.34616013,,,
IDN,,,,,,,,,,,,,,,,,,,,,,,,,,,,,,,,,,,,,,,,,,,,,,,,,,27.65871049,27.25304113,30.08219936,33.43417143,36.05813961,36.42354516,39.1187983,39.40242469,38.73234956,38.80544967,38.37269395,38.67953909,36.99082706,35.28843296,36.01295126,36.39240671,36.28329833
IDX,,,,5.586819632,6.279878732,6.038355486,6.101287459,5.921952209,6.024189347,5.990023434,,,,,6.526885172,6.493659635,7.084635553,7.696161596,8.178497324,8.597871498,8.547476653,8.360377053,8.461203821,8.807045523,9.298562725,9.32549928,9.735251974,10.40957382,10.17331755,10.46905583,9.737116049,8.413974335,9.103724018,9.156208627,8.87410126,11.95818953,12.59382208,13.21207735,13.69213568,14.0661198,12.88561343,14.4645569,14.53831466,14.7460806,15.48331321,16.30356804,16.88386414,17.36960574,18.15330464,19.85136555,20.50769735,20.59468101,21.87765916,22.24368459,24.8661209,27.34820051,28.36363936,29.60276837,30.19163554,30.55679083,30.64461284,31.77632233,32.29825719,32.64353798,33.20044205,
IMN,,,,,,,,,,,,,,,,,,,,,,,,,,,,,,,,,,,,,,,,,,,,,,,,,,,,,,,,,,,,,,,,,,
IND,7.843132628,8.516176155,8.980480807,9.10745401,8.536791909,9.270091621,9.515407718,9.116728704,9.820643428,10.40012864,11.2365497,12.49343793,12.92235768,13.09386383,12.91379979,14.93373333,17.8877017,18.04178519,19.6954207,20.95673624,20.54345895,21.22546245,22.68789892,22.89266876,24.28257464,24.56366516,25.8010011,25.38235951,25.27511744,26.58981401,24.91645657,23.82174445,24.69824025,23.83205539,23.6473414,22.5107747,23.40244204,23.55532535,23.67774686,25.42286221,28.33955116,28.61941543,32.30648907,31.62626562,36.19180385,40.06798048,43.62775243,45.62776475,49.55936669,48.12444791,50.55537498,51.28923313,51.88850765,52.38570952,51.88218736,51.86752408,38.20365079,38.17071386,38.8975254,38.73794498,40.78678486,36.89208851,38.18597636,40.8940759,41.60796943,44.02509034
INX,,,,,,,,,,,,,,,,,,,,,,,,,,,,,,,,,,,,,,,,,,,,,,,,,,,,,,,,,,,,,,,,,,
IRL,,,,,,,,,,,,,,,,,,,,,,,,,,,,,,,,,,,,,,,,,,71.77639788,75.40688795,85.71898387,104.8995593,124.6403806,144.5708585,158.0991297,166.3226391,169.2522922,133.4267531,114.7415225,110.6363311,102.4046837,78.3674079,51.26579726,47.38684144,42.62273403,39.71791066,36.05527226,32.34024643,26.48306201,25.44196667,25.22255537,23.78453756,
IRN,12.93681681,14.2183461,12.97752832,14.83352175,16.4653159,15.96772425,17.20658887,17.83092394,19.00933599,19.34586014,20.98020089,19.67152025,20.46522615,19.79745772,15.37110179,20.91926696,21.68477564,21.49023757,,25.73462184,29.69508404,26.16050401,20.66915143,19.81902473,18.30482291,19.25917446,22.78181313,21.54547759,21.33045845,22.7084297,22.97866413,22.42038052,23.19095226,20.85201807,19.70570131,16.68823738,15.17698489,16.60541304,18.02192033,18.04327967,26.24978118,30.07958278,29.10088063,32.43325476,35.0710959,38.34815323,44.7948028,47.04727614,45.31506944,49.21222941,52.02294982,49.2475079,49.61732348,44.59649913,48.9844793,56.37195936,57.83133837,,,,,,,,,
IRQ,9.343941299,10.01458386,9.902614643,10.06256024,9.003893696,15.21919957,14.7673774,14.31317308,13.61527308,13.61757587,14.06689991,12.48024005,12.66812705,11.96630658,6.964038931,7.190448632,6.552355522,,,,,,,,,,,,,,,,,,,,,,,,,,,,1.26692714,1.556177168,2.26399132,2.475804461,2.682220363,3.778730148,5.39309563,5.41445204,5.90755945,6.335649162,6.814295451,9.875822389,10.07668376,9.549839733,8.580017333,8.808960328,13.31485768,11.19560275,9.541256841,12.55189932,13.99144759,
ISL,44.6048571,42.72882372,40.02229142,38.48617878,29.77793934,31.35671901,30.66014408,34.88360491,37.10479939,32.72467297,31.16309709,29.96422241,28.25998524,27.36268512,29.79832458,27.53543082,25.02560668,24.33129099,23.4179251,25.00466546,25.66534449,28.11721842,34.9081142,36.73672006,38.077195,36.64580429,31.92184251,34.27703514,38.22011229,44.28715699,40.43930743,41.61359103,44.59190573,44.58225381,42.52057298,43.90311631,46.40601504,63.78922026,61.40586968,69.98892693,92.35794975,94.08891207,99.51121681,123.6803999,156.231076,235.4619086,301.0189436,243.1549478,190.991585,171.8262702,157.6179419,134.8601915,116.3202449,106.388457,93.27164531,86.33044925,83.02890194,85.67512707,89.49217567,87.71155478,98.40925425,99.52282079,93.03148267,88.28704351,91.0796731,89.24179374
ISR,11.40551479,11.60187366,12.36931975,12.54562982,15.08422598,16.64196202,19.50189594,21.71120163,22.91450703,24.04419165,25.35302102,24.65171253,27.8461238,29.93200001,32.83964131,32.77466209,33.39193733,40.44453415,50.9173192,58.5089312,61.05628567,53.58049078,57.59192058,59.77122733,69.44560728,50.06908382,43.66811262,46.20402097,48.3998136,49.24661797,48.78059321,46.66803027,48.18471895,53.92684746,56.5022762,58.3085214,59.86806268,61.89236879,66.28182166,69.16291905,70.28936512,74.37766918,77.22703714,73.91748608,72.07590945,74.68066233,72.70076543,65.82279956,69.09937255,65.16352255,67.02097084,67.4637001,66.37106367,64.76804211,65.07288103,65.85375211,64.90084513,64.8424704,65.63069549,64.68307241,67.93894549,69.20092405,70.14524013,69.3907873,69.50998045,72.47438067
ITA,,,,,,,,,,,,,,,,,,,,,,,,,,,,,,,,,,,,,,,,,,60.14302957,61.8212742,65.11427154,67.4938632,70.59362215,75.42323236,81.45311644,83.38226709,87.18616699,92.66762949,93.57188187,93.26868755,90.3656642,88.18747105,86.91585296,84.4917347,80.41671706,76.44822282,73.44040697,82.65282421,76.00512215,69.58686086,63.12283444,60.30400478,
JAM,15.74103317,16.3011845,14.94095622,12.9888824,16.27708716,18.30357143,17.25810569,17.58479673,19.20947741,24.71038582,23.8766465,25.41328759,28.91390452,31.57357986,30.8543442,28.9270508,27.51813631,22.21720957,20.6362439,20.99506975,21.89650332,25.56194765,31.51272242,33.74871255,29.1155747,25.37340053,24.20766819,28.0697206,31.75504448,35.61932205,31.55846411,28.88344071,23.18535879,20.85800386,19.57969823,21.33403534,19.90135576,18.46488455,23.36738477,23.85852667,25.56436013,12.95205936,14.7238342,18.35216231,20.00582612,20.97807564,23.43907815,27.30668573,30.19132402,28.60347587,26.40566482,26.7957383,28.98832874,29.76976879,29.32295105,28.47486454,30.25177871,38.24605195,40.26192404,44.90808398,52.35970172,50.02269672,46.19045219,44.56635949,45.12880882,45.88081671
JOR,,,,,,14.77217554,15.82808511,16.34618794,19.12125749,17.4150641,19.09544658,18.54624277,17.02201705,19.12641084,20.81436349,26.5242028,31.24894217,28.5721321,39.45140199,45.2924173,46.49703837,47.7092365,51.08690382,55.59588044,59.35644342,60.74835076,57.85338094,59.24056501,62.4528856,64.66101835,62.27525262,62.36193374,55.89569023,60.65799094,64.50129667,68.86251511,69.36318104,69.99102641,69.12631466,71.38786494,72.08740227,75.70839292,72.7396232,70.80223277,74.69885921,88.09189298,91.76859883,91.63205922,69.2832049,65.51157093,64.0144083,64.96878243,64.70408061,64.16055683,60.59956037,60.72043583,64.7882044,68.0683901,69.14089522,70.35883313,75.79728882,74.83915987,76.75391313,74.4753222,72.95599382,71.30961593
JPN,,,,,,,,,,,103.7843729,114.9078284,123.9602443,122.7812834,117.4806127,120.7014708,121.3226116,119.3305813,118.6126274,120.021584,121.9386307,124.8578673,129.8269742,134.1422619,136.8494571,140.3384125,145.9104778,161.2033676,169.9074245,178.1552916,183.1312547,182.8072411,186.4473786,189.8103129,191.5531334,190.332713,189.7252044,202.6433474,211.8954766,215.2994596,205.7495766,177.6000405,175.2739153,175.4458501,169.1002875,169.1639442,167.2362857,161.0850631,159.0591752,166.2821558,158.1876412,157.5981259,157.7567919,160.8521799,160.3795496,159.1817285,160.0349191,165.0667559,164.3377753,172.4846023,190.1182946,188.2926686,186.7927644,186.1108902,187.0679852,187.406647
KAZ,,,,,,,,,,,,,,,,,,,,,,,,,,,,,,,,,,,,,,,,,,,,,,,,,,,,,,,,37.72910693,33.03022982,29.18759774,25.93253398,24.2664786,25.6352311,26.01022236,25.02189369,26.04595035,27.27967958,27.70791749
KEN,,12.30579422,11.80493182,13.17519473,13.69498542,13.76263012,12.6112031,14.58427987,12.89001076,12.72919267,15.11891873,17.43253456,16.48604837,17.89331663,17.97643066,17.33316621,16.82708448,17.50860261,21.71203036,20.9732641,21.81177808,21.00307985,20.43702436,19.32301155,18.98640335,19.33408457,19.31198823,18.41641773,18.92614283,19.22447875,18.65653235,19.95807259,22.15245024,18.49619644,19.83415589,25.81411778,21.68162611,24.35517783,23.96341678,26.56944193,25.75838277,25.2226867,25.85460183,25.15567522,27.28751603,26.27687547,22.888311,23.04496428,25.38061175,21.87482158,23.98663655,27.36595285,26.40223411,28.3321722,34.52206518,36.69932935,35.57107321,33.1505993,31.19868977,30.83202877,32.14980742,31.12312402,31.25841639,31.79808487,,
KGZ,,,,,,,,,,,,,,,,,,,,,,,,,,,,,,,,,,,,12.53916049,8.659318869,3.474550035,5.348698415,5.101380683,4.161489771,3.829001062,4.178298667,4.783990729,7.07665126,7.946704929,10.55755056,6.351054341,13.77385249,13.72828285,13.64448082,11.48827264,13.37110594,15.66249447,20.05196336,22.81526427,20.61339346,21.40147068,23.37481209,23.30019174,26.61682217,24.1631715,20.79685698,19.94500573,22.29139849,
KHM,,,,,,,,,,,,,,,,,,,,,,,,,,,,,,,,,,2.371986061,3.336969157,3.478932847,4.722340253,6.276632412,5.585181132,5.705934709,6.310573498,5.754435856,6.005855718,6.65618936,8.188157705,7.993962825,10.4471374,15.53037402,19.94756899,20.46084763,22.43612536,22.60864296,30.54258815,39.98945754,47.48460138,55.48954767,61.56088864,65.46272053,73.81642697,84.32367386,103.73277,121.8422312,132.8170461,130.1297204,124.6597657,121.4821514
KIR,,,,,,,,,,,,,,,,,,,,,,,,,,,,,,,,,,,,,,,,,,,,,,,,,,,,,,,,,,,,,,,,,,
KNA,,,,,,,,,,,,,,,,,,,,27.21722163,28.54685133,30.85989011,32.59622836,36.15322306,30.44698193,31.59749099,29.08941477,31.77905344,36.47629056,43.08907272,39.51602455,44.0815504,51.13296725,52.76743337,52.245994,52.0857504,51.56302335,51.56374936,54.5263891,55.63649461,59.83040864,54.61345081,50.80517259,54.23756095,54.69023768,54.45903415,51.69806658,54.73942409,55.08169942,58.84465258,60.21664273,58.43318789,59.18342781,55.35802616,52.36134127,53.87850648,51.46865263,49.27459143,49.17011849,48.51728899,61.5059981,68.18093587,63.09597488,61.70759861,64.33252487,65.03177916
KOR,5.72169059,11.98745461,12.6585034,10.49520154,8.782784129,10.16730402,11.06547453,16.68630116,25.3056679,31.6500112,32.58524137,34.58267354,33.88041037,33.90584288,35.62652492,33.17975535,30.29340934,29.60877338,32.29328984,34.8550342,39.67499023,40.04338648,43.36458483,42.80315289,42.28145003,44.73768512,43.98624988,44.53590251,42.63639527,47.23955002,49.26182536,48.85505925,47.39702287,47.1889262,47.73512286,46.97305606,50.14628717,54.80178483,59.6086941,64.48812557,69.18667236,99.60824109,108.7053821,107.1806258,101.9925412,106.1219888,117.5356745,124.027716,136.1966607,132.599106,124.6795681,127.0818139,125.1358602,122.7567881,125.4886302,125.8588108,128.0406882,129.5391356,133.5041396,142.6524784,154.747902,159.9261202,162.7695017,163.5156315,160.3471827,
KWT,,,6.370597243,8.394698085,8.175675676,9.919893191,10.09367681,11.08944954,14.12197687,13.65015167,13.35866706,10.6310617,12.00136612,15.43544667,9.223708608,14.36191527,24.00708389,30.15081504,36.19585864,30.53159538,33.96331136,52.43923237,72.18743693,71.78504149,72.43130781,73.42703963,93.54560504,83.02143211,90.84563311,73.70815569,,26.73014336,17.72419089,17.16249624,23.07859172,30.02625125,33.65220435,46.96796898,60.7297793,54.69208371,45.3894886,56.63054206,58.33706644,59.46456908,56.36454355,50.93266704,49.95414242,59.57938773,57.26492814,79.07192699,74.63938307,60.80625819,55.74336827,59.75188735,67.64071574,98.51079039,105.1868128,98.69910722,90.62807133,91.95705813,,,,,,4.922180638
LAC,15.87970709,15.64592991,14.99086232,13.85825193,12.93466708,12.63844123,12.48899768,13.53849543,15.59321093,20.48275716,22.82089982,25.93547849,28.45914668,28.53496341,31.18918116,36.54698225,38.7756733,40.01900935,37.78182647,39.0471388,,,,,,,,,67.41295039,,31.53177191,,,,,34.45172548,33.6271938,30.58532146,25.02379522,23.11995072,21.98120561,19.61617877,19.86521139,19.42352605,19.91618873,21.86773098,25.18523433,29.19304326,31.33071734,33.3273282,36.28109576,40.11679224,42.1853092,44.26690221,46.14076414,45.13450935,44.28789027,44.20029965,47.93205,46.23897905,49.85979006,47.63788204,47.56819907,47.59719054,49.43076024,50.07644139
LAO,,,,,,,,,,,,,,,,,,,,,,,,,,,,,,1.057650714,0.962944844,2.951233014,4.666047566,6.930809864,8.92282028,9.080050551,9.021903865,12.97360531,12.61876668,8.441349714,8.931729258,9.586862653,8.512054525,6.919117655,6.713329194,7.354783144,5.873850551,6.543260116,9.566283245,17.24181865,20.91926156,,,,,,,,,,,,,,,
LBN,,,,,,,,,,,,,,,,,,,,,,,,,,,,,54.55073738,65.54829386,79.37749836,45.73585724,48.94835821,42.96859191,48.81639586,54.94463255,60.54853598,66.14,73.89131516,82.26747512,87.90161414,86.02285113,82.57456705,78.64287036,78.1256872,69.66952645,71.81109422,74.10642012,76.27527271,72.04469361,82.52848001,89.98785657,89.95533027,93.31729293,98.22554758,100.5661239,103.9993482,106.5677251,,,,,,,,
LBR,,,,,,,,,,,,,,,0.629215115,0.293244145,0.305360806,0.354171829,0.397637403,0.387810609,0.224611106,0.234053744,0.188218039,0.188325375,0.194443196,0.198034012,0.192321691,0.201292314,0.156348346,0.340667608,,0.666042626,1.588448933,1.947354547,3.879707546,2.849718541,1.015939477,0.687779456,7.862825761,4.999545038,1.991835527,2.029503293,2.054917497,2.558169373,3.352115762,3.809670052,4.744132338,5.259374881,6.126649856,7.946963176,9.36698516,10.37426364,10.04677562,11.82077415,11.44044818,12.74494943,13.0206646,16.75235379,16.97640791,14.30787157,13.41860542,12.89969514,14.78743041,,,
LBY,10.10844394,9.650696387,7.997082158,5.281016159,4.573444525,4.191513653,4.568508789,4.662580101,4.573803387,5.309850986,5.214041325,5.138340042,6.416953022,8.3960876,9.22088252,13.776697,12.4869353,12.07574829,13.45874183,11.1433856,8.988861028,19.06209625,14.00149086,21.85222483,23.57809236,20.85847524,24.8886705,25.76219194,32.45432264,31.80827916,30.43372022,28.42445162,28.75652447,32.22728247,32.40995284,32.53464419,23.68472906,22.01922397,24.56286297,23.94941867,20.46729926,19.61482558,17.20667384,12.78405711,10.33999861,7.38438933,6.007618628,6.153676013,7.299144171,11.17826557,9.260186236,14.18191947,9.338085156,13.73693691,19.31871886,21.51997872,18.88292583,14.78962831,12.84654233,14.62895318,21.83373915,11.03917385,10.71857068,12.21800754,13.04185191,12.53554815
LCA,,,,,,,,,,,,,,,,,,,,,35.54891304,35.23504762,39.78747475,39.10977444,35.07643594,32.85976563,30.09901961,30.83491124,34.61336207,39.52975647,36.96370607,37.64502112,37.37032967,43.61665765,44.65007784,45.94281553,50.29366197,53.85220588,53.11072182,56.01386099,58.84380461,63.97593361,63.92884774,56.19669917,57.3071875,62.53320287,69.69939043,85.67860232,88.87127712,93.51375065,90.88051289,88.17061824,92.84457587,89.38818575,79.35694927,70.90519052,64.04541463,58.87371293,55.90314094,54.09609796,77.44247572,62.91371734,51.57375034,50.38833935,49.62397816,51.74399085
LCN,16.17144383,15.93908188,15.38520798,14.21811322,,,,,,,,,,,,,,39.68879345,37.59344854,,,,,,,,,,,,,,,,,34.40010287,33.61935777,30.61192877,25.37058114,23.59790259,22.46524986,22.12973621,22.66166753,22.21412811,22.81337407,24.75426337,28.03069075,31.9121392,34.31823338,36.35590802,39.16017362,42.85570513,45.06090259,46.99221646,48.97694399,48.56201534,48.12779305,48.08870199,52.53170837,50.76310937,54.72207776,51.36290629,50.69497109,50.57836525,51.86047982,52.56988024
LDC,,,,4.285632818,5.00734307,4.479659673,4.548326475,,5.058690884,,,,,,6.307576456,6.406830989,7.098456958,7.643173395,8.343561892,8.555478342,8.773533947,8.574822093,8.379861598,8.411962051,8.92612438,8.957100499,9.519271956,10.40007568,9.95605148,10.24241664,9.501920268,8.496739315,9.164813798,9.046790937,8.621683608,10.46639658,11.38034344,12.0182056,12.64069366,12.93613653,11.74471366,12.80220962,12.86206911,12.89619254,13.54481036,13.99051987,14.69714558,14.80470855,15.80097152,17.77889396,18.75870242,18.19784799,19.56512,20.33336482,23.12511209,24.98530069,25.77499245,26.63472544,27.15422593,27.93579161,29.53217606,30.40252051,29.91144248,30.87021186,31.21785523,
LIC,,,,5.716905279,7.148110645,6.347356423,6.603865543,6.541273575,6.413791926,5.987935645,6.314798985,6.053908774,6.433425612,6.843880704,7.214538981,7.606099818,7.309773732,7.324553379,7.970218333,8.019407987,7.950511875,7.626276285,7.582152431,7.775785948,7.840100778,7.227056659,7.625027117,7.734841664,6.231501864,5.967708034,5.772552554,5.409436255,6.123295263,6.092445518,5.404850174,5.858255722,7.17939561,7.609648976,8.262170552,8.372200368,6.724184851,7.147421867,6.993309678,7.820444362,8.397052305,9.254776549,10.16796974,10.15197781,11.06990965,12.22244634,12.36242361,11.16291251,9.634307223,10.03833491,11.33703504,11.5661289,,,11.81142001,11.92957298,12.60156376,,,,,
LIE,,,,,,,,,,,,,,,,,,,,,,,,,,,,,,,,,,,,,,,,,,,,,,,,,,,,,,,,,,,,,,,,,,
LKA,7.27164357,7.330909091,7.230989957,8.629097805,9.367380983,9.178624443,9.775698693,10.34635388,11.29874977,12.35570757,11.70228337,12.35587189,13.88666623,11.59258857,13.41214084,12.65417466,12.97487005,15.69368528,20.31149654,22.62584229,17.16521112,18.13634492,19.62423668,21.0762247,19.30255096,20.68366436,20.3556504,20.19158919,21.79956032,20.18055429,19.6162954,8.821200768,9.056628175,9.833355019,10.9574086,31.06684617,29.8959939,29.44191213,28.72261505,29.25775094,28.83454354,30.73267832,31.03446544,30.74549024,32.38635085,33.07610259,34.67049206,34.23950368,29.54200652,25.74003016,24.68426166,33.73879695,34.01804378,33.53936076,34.49362888,39.38185044,42.47566529,43.88275256,46.69840733,47.00849294,,,,,,
LMC,9.292730048,9.501941612,10.08072173,10.33158056,10.17166838,10.74046314,11.32501948,11.33453359,11.89232122,12.2182718,12.45695179,13.5641739,13.97409166,13.67457127,12.45294287,14.60728171,17.3348104,18.56898965,20.05970969,19.81973221,19.71504678,16.99657123,18.67192029,20.25598015,20.58319798,21.17828638,23.6800306,23.38441765,23.69071983,23.7241259,22.20028759,20.88438687,21.89317585,20.9546464,20.65073381,19.69192926,19.72721154,20.76996816,21.54652018,25.46769577,25.78759236,26.32383636,27.80370928,27.22127261,29.12513906,30.6340362,32.16651517,34.86982032,35.85705129,35.84282213,37.63851469,38.14471066,37.66654247,37.50773661,38.64096869,39.11395131,34.09588797,33.98381104,33.3714891,32.21393442,34.42368875,32.9916309,33.47801076,37.76694379,38.11965091,38.76685149
LMY,,,,,,,,,,,,,,,,,,33.03271929,33.14182525,32.91426671,31.71237728,31.8168503,32.8198596,34.42030137,35.46687201,36.25950994,,,49.07186426,60.02516534,,,47.58849536,,49.85440489,46.07596575,47.64656996,47.00286547,46.32492678,50.61879696,50.3818141,50.58006731,54.85115011,58.65336255,57.57246184,56.30101991,57.7124874,60.43244162,59.45598482,69.05603947,70.59178122,72.05953204,76.71465066,81.35502359,86.41247441,94.77789046,95.54254653,95.72043631,101.2066166,102.8131141,116.9216844,115.0171525,115.8352779,119.5285285,121.5263369,
LSO,,,,,,,,,,,,,,6.826397146,8.396097561,7.625678119,9.010124611,8.114217728,7.954270923,9.763814982,7.057720916,10.90183727,13.58810973,11.79908069,14.46932679,15.35989983,12.97636281,14.72703602,14.94216825,14.84955265,15.59595952,16.16359641,15.59447398,17.97905164,22.02083783,18.25105305,16.34400921,21.37027768,16.24177312,14.74904978,13.7714837,12.47160866,12.49695559,5.349780265,5.255960102,7.233122641,7.360804436,9.992370076,10.02378792,12.6072342,13.41137887,14.34885829,18.5687327,19.94730038,19.33150184,18.2736367,18.21289346,20.00384032,20.13140455,21.32246779,21.9341137,22.32877945,21.69606395,24.7276903,24.30197856,
LTE,,,,,,,,,,,,,,,,,,48.38053028,46.56792016,45.98945045,43.31360615,46.87601055,49.28610526,52.43533339,54.60015826,56.18317373,,,,,,,,,,,60.54844739,64.60444239,64.57459109,72.63942034,73.41089863,69.40269314,73.73675181,77.72846253,75.40873603,72.08066667,72.51241166,75.24393713,75.54872901,90.79596028,90.68739256,89.81770979,95.24421806,100.3418064,106.5303724,119.223276,120.803719,118.6010725,121.8246337,127.4248479,143.7214165,139.6120481,148.5802814,153.9120373,156.4407562,
LTU,,,,,,,,,,,,,,,,,,,,,,,,,,,,,,,,,,,,,,,,,,,,,,,,,,,59.41055619,49.89951052,46.75631312,43.22127754,41.00781955,41.45220094,42.7658484,40.97973743,39.9935535,38.73943365,37.03401083,37.18272984,35.8983246,34.14428534,35.70171956,
LUX,,,,,,,,,,,,,,,,,,,,,,,,,,,,,,,,,,,,,,,,,,78.4547581,67.49381072,69.05403521,65.99646881,71.27238916,74.72410209,85.31183984,101.1533269,100.973751,86.11712717,84.17663005,83.58294518,86.66145807,86.30596121,91.78405116,96.25308594,100.4731335,105.4950194,109.0122043,110.2121496,102.9976944,102.5489047,93.20533634,85.14360826,
LVA,,,,,,,,,,,,,,,,,,,,,,,,,,,,,,,,,,,,,,,,,,,,,,,,,,,96.64417562,82.8884474,67.20423102,60.33377462,53.21953155,49.99102309,48.36687012,43.68660522,37.90655374,35.71887457,34.73132327,32.45283026,30.99858848,28.56368637,29.32674097,
MAC,,,,,,,,,,,,,,,,,,,,,,,,,52.42820342,63.18861863,61.09147186,56.01683566,59.63647231,63.59755256,62.64285714,65.59426637,66.06166569,79.74369199,79.03680408,74.26614656,77.81946339,84.35068408,78.93658609,80.48180567,71.9693932,63.40378865,54.57937521,48.21940224,40.72075613,43.90168968,40.91515704,47.31151902,53.28204745,57.45580501,56.86602674,56.1253217,57.57093179,62.51508476,77.34735912,108.5117041,117.6736905,113.6284599,113.8582973,119.7915558,269.837325,232.5239157,287.3598289,146.6692531,129.6302651,117.0428363
MAF,,,,,,,,,,,,,,,,,,,,,,,,,,,,,,,,,,,,,,,,,,,,,,,,,,,,,,,,,,,,,,,,,,
MAR,,,,,,,,,,,,,,,,,,,,,,,,,,,,,,,,,,,,,,,,,,,,,,,,,,,83.29228908,86.80417696,87.76184019,83.56554256,83.51030761,78.393398,80.22994968,80.19404817,78.95681018,81.47485955,90.93144498,86.05892119,87.53621776,80.50480858,77.76355338,
MCO,,,,,,,,,,,,,,,,,,,,,,,,,,,,,,,,,,,,,,,,,,,,,,,,,,,,,,,,,,,,,,,,,,
MDA,,,,,,,,,,,,,,,,,,,,,,,,,,,,,,,,,,,,,,,,,,,,,,,,,,,29.49704603,29.9278324,33.70248781,35.73508834,31.40384473,28.93713529,25.842113,23.13367991,23.6435927,25.32422527,28.67481955,28.53093499,27.51064117,25.57731641,29.33321034,
MDG,,,13.09075591,14.0093079,14.89183471,13.57842247,14.05281758,15.5595531,15.34648198,15.0381701,15.79537314,16.54435714,16.46443726,15.15409306,14.20621805,13.6873182,13.59737154,14.91702699,15.10846848,16.33326167,14.1122154,13.29303914,12.43697228,12.17594064,13.4508701,14.39711394,14.44066625,14.53597856,11.68738788,11.43330981,12.89145683,14.25822378,13.26409384,13.65162154,12.38951468,9.469857844,7.85652529,8.283184098,7.56390698,7.207537902,7.352042504,6.979457169,6.658481085,7.538672416,8.607274485,8.495638304,8.78158028,8.77598082,9.702179478,10.14157929,10.86866161,10.18025378,10.11669385,11.08328794,11.66775886,12.31059239,11.88781403,12.70612262,12.9668769,14.21169155,16.4151092,17.85244468,18.61920646,16.93162635,16.47793818,
MDV,,,,,,,,,,,,,,,,,,,,,,,,,,,,,,,,,,,,,,,,,,,,,23.08144899,38.84257809,42.63670766,54.63022877,57.73434069,53.78100731,47.68449279,42.42816361,35.11874636,31.21616209,28.95489978,29.10147864,30.34762254,31.19896331,31.03786638,31.53933401,53.35516269,39.30898283,35.21696976,35.8362091,35.72990499,36.42781575
MEA,12.97052503,13.50803822,13.51338611,14.2765939,15.23769638,16.13043116,16.91152635,16.98627602,17.64952075,18.55879315,18.35855221,17.61263287,19.37722431,19.05712523,14.53660254,17.91454942,18.35689969,19.88603362,,23.02588304,21.90026462,23.14112023,25.5285658,28.16929179,29.26221208,29.62555716,32.92379289,34.45667118,35.68759206,34.37065609,,26.73195504,24.82702747,26.27296199,28.18698984,29.86353881,29.50031027,31.51092946,36.47762352,36.84989745,35.61287919,37.98326683,38.30174948,37.27217977,36.42556702,37.0932285,37.03929297,38.34326123,37.90081948,41.85626578,41.76913931,39.3062639,38.27481756,38.42236992,41.23880276,47.70649381,53.42738988,51.02039007,,,52.40938028,,,,,
MEX,,,,,,,,,,,,,,,,,,,,,,,,,,,,,,,,,,,,,,20.31290908,17.93177764,15.538535,14.34778095,12.24097723,14.17826254,14.64127546,14.10549326,15.31359081,18.35189167,20.43946981,19.75537532,21.61192257,22.32377503,23.58483284,24.92705638,27.85905933,28.18368211,30.83049787,32.95084239,34.34312567,33.61521781,35.58518648,36.93258977,35.05706055,34.24876961,33.22560992,35.07481995,35.50211225
MHL,,,,,,,,,,,,,,,,,,,,,,,,,,,,,,,,,,,,,,,,,,,,,,,,,,,,,,,,,,,,,,,,,,
MIC,,,,,,,,,,,,,,,,,,34.22942665,34.51797322,34.09081984,32.84428152,32.85954235,33.87389627,35.51975901,36.55519876,37.3156804,,,50.66595792,62.19133932,,,49.17271925,,51.25818238,46.98939782,48.37099874,47.62291963,46.91584323,51.3337581,51.28504501,51.41636109,55.86746966,59.73865972,58.60911287,57.32491983,58.78397094,61.52662137,60.45112567,70.01420979,71.50194513,73.06587762,77.53204426,82.2580327,87.2524681,95.67237782,96.33560458,96.49291923,102.0614667,103.6625635,117.9324069,115.9054856,116.7616784,120.3423809,122.1692375,
MKD,,,,,,,,,,,,,,,,,,,,,,,,,,,,,,,,,,,,,,,,,,,,,,,,,,,,,48.11219661,47.64909491,50.51355396,52.03203647,48.97800585,49.88447924,50.24445256,51.26796565,55.74662869,55.50101334,54.29532204,52.03593066,53.92352566,56.30828939
MLI,,,,,,,,11.16244345,7.631676981,11.08027862,11.80484785,12.71525171,13.83183456,17.22395115,26.31227886,28.6889434,27.31220134,20.68225476,23.84110756,22.42037749,14.34981845,14.39097989,17.20393207,17.82225032,11.6417424,11.66378728,13.51365759,13.053485,8.717616724,9.357239713,9.543143142,8.56060532,9.501463403,9.264552407,5.894308706,7.826837023,9.044917189,10.05508555,11.09440274,11.58362241,11.37527273,11.35119459,12.32802369,12.51510141,14.30216364,12.48311741,13.0338404,13.6593666,10.24853115,13.86598118,15.14415491,15.48321017,16.44745225,17.58247053,18.55947926,21.01685823,22.13704578,21.7776425,21.44736045,20.6750807,21.92753486,23.74541696,24.75110498,23.22978729,22.39561054,20.4131323
MLT,,,,,,,,,,,,,,,,,,,,,,,,,,,,,,,,,,,,,,,,,,,,,,97.74558022,106.8910259,108.6404859,114.4216188,121.5671272,115.0053972,116.9445035,108.6057771,99.87460919,94.49105808,83.41390601,79.32056796,70.88476115,69.08938668,69.52932382,75.12800228,68.44350396,68.92164494,64.1608044,61.74372318,
MMR,6.191797208,6.988294703,7.178934075,4.588627965,3.159604218,1.901889022,2.289670471,1.890935431,1.916282704,2.188603391,4.701754523,4.671840478,6.357222606,6.582871695,2.996537258,3.365421448,4.871112354,5.884934857,7.430817493,5.685902504,5.519438702,5.923507463,5.276537476,5.274672499,4.470399488,4.933112029,5.09758074,4.364027976,3.67377943,2.616591459,4.743934175,6.760619778,7.769872415,6.465642968,5.993050381,7.581561327,9.564256673,10.31889873,9.699200386,8.097720881,9.517409286,11.00217158,10.34484714,4.095681213,4.740162895,4.657059701,3.877139918,3.423736465,3.121102902,3.472176911,4.766953785,6.746762064,9.310266145,12.83852973,15.57524367,18.13055139,22.00636698,24.50054608,26.20930858,26.63790148,28.98289995,,,,,
MNA,13.99228566,14.6258711,15.17280376,16.06480621,16.60585291,17.24627458,17.79078998,17.59588907,18.29738003,19.20746033,18.93091394,18.84657302,21.13555881,20.60704731,17.12659985,21.41320412,21.88788224,23.62010592,,26.89309691,26.82725517,29.08310698,27.54769778,28.51403385,28.51863593,29.53576342,32.33837594,33.93717446,34.19744096,33.22907488,,26.88012753,22.3267896,22.03031185,22.90143349,24.2686499,23.81640212,25.29976546,28.32682402,30.01051327,29.87460294,31.00463504,30.74091723,30.46259917,29.24922955,29.31246852,30.69365744,31.43979673,29.97213837,32.15328014,35.70120183,34.90719798,33.48733587,31.14926791,33.09562002,35.80589158,38.95199543,30.58584022,26.60029369,26.62736625,30.61529136,30.20724168,28.39079759,28.24706483,27.63690458,
MNE,,,,,,,,,,,,,,,,,,,,,,,,,,,,,,,,,,,,,,,,,,,8.054681395,11.29383072,14.62802652,17.95246706,36.01293184,80.06281599,86.61431015,76.51429735,66.56867827,55.75172164,55.27233553,54.25928114,52.15195742,50.91663529,49.49492225,49.45120578,50.23266782,49.54346135,60.55899629,52.60946665,47.15539486,42.38351252,45.27366331,
MNG,,,,,,,,,,,,,,,,,,,,,,,,,,,,,,,,14.83912155,13.0786091,6.449568437,10.66986531,7.957424669,8.845108551,5.162680546,9.122807107,7.43951128,6.932842914,9.143142627,14.41040506,22.30562862,25.55292722,27.55066505,30.11903323,41.57649112,39.90201125,40.29972802,34.19126582,43.49346733,43.72176099,59.87485793,59.29431871,54.4604207,56.94315938,52.81772293,55.40684003,48.90102215,45.78516453,47.48638081,40.97748578,38.6134824,44.90588355,
MNP,,,,,,,,,,,,,,,,,,,,,,,,,,,,,,,,,,,,,,,,,,,,,,,,,,,,,,,,,,,,,,,,,,
MOZ,,,,,,,,,,,,,,,,,,,,,,,,,,,,,,,,10.68780221,12.15662901,8.703629638,8.623509762,8.593047039,7.590012435,9.188736326,9.923992054,10.74365405,12.16692415,9.056738928,9.096668113,8.083086606,6.794929147,8.784134495,9.893252834,10.04213565,14.01241957,19.55112623,21.6491865,20.91973413,22.4314518,26.26115476,30.18878179,32.05313167,31.20788791,24.45820645,22.12920351,21.27915852,23.86961927,23.02058008,20.7200636,18.51186279,17.60699071,18.26726649
MRT,,,3.230550847,2.324365197,2.282706492,2.443254566,2.181059872,3.741213408,5.249262088,6.629257666,9.036972327,8.629332438,9.374045019,12.99835639,11.43944503,19.00485152,18.80278817,22.15648959,23.8409034,20.34377196,20.95209638,21.09596324,22.22630774,21.71596922,21.86580359,21.39243544,19.7859589,19.34648027,19.58664662,19.35570051,24.47739247,18.55997492,,,,,,,,,,,,,,18.40148131,14.61742261,16.29917868,19.20839421,19.97772334,18.27540307,16.59344738,16.76638119,18.34583983,19.52029977,21.11557839,20.29890976,21.06657412,22.04112089,22.72354116,,,,,,
MUS,20.01673129,18.38728241,17.83116963,11.53249301,17.96730089,18.34113516,18.14499202,18.73706847,19.04767216,18.46688049,18.33525644,23.79425341,22.11379095,25.71548487,16.62367052,19.67268649,25.38944583,25.72855987,25.10462165,22.95661604,21.90014349,22.3322862,21.23393308,22.24688835,23.6392392,27.5826495,27.54451786,29.02665321,31.21724247,32.60986379,32.62037929,33.7805454,37.22071669,41.46393446,44.77936155,46.39099757,42.82712085,48.44606485,55.65938299,55.6873319,55.75106298,56.09740917,56.92899929,69.70587714,69.96579453,71.93031426,67.63990871,70.64312333,80.68844541,78.90462357,84.16839928,88.08715107,97.48059701,103.6994923,95.58274242,98.74668429,92.30626817,97.67717638,74.19530368,76.96904687,90.56030736,85.41189173,72.36865612,69.89395047,69.86494969,72.03283738
MWI,,,,,,,,,,,,,,,,,,,,,12.58101207,11.89303949,12.08307224,12.17873276,9.190375182,7.512664389,7.370879721,5.387819013,5.066356733,5.999369322,6.921527153,7.31974308,9.371981533,5.765325751,7.840391923,4.030062637,2.768401911,2.515651707,4.394597257,3.262209063,3.850605117,3.578623024,1.887519127,2.155590373,2.527828724,2.777933841,3.506167866,3.764337824,6.262299164,7.47258449,9.502993442,9.573614102,10.01467366,8.557086084,7.83598581,9.172403859,8.009309219,7.478350942,6.817648644,7.220741696,7.853148938,8.239599196,8.647049075,7.74778353,7.910338465,
MYS,8.915785885,11.86877362,12.63260976,11.95991671,11.18846952,12.36464088,13.19754754,14.39254251,16.57675331,18.37225887,21.28666836,22.5627171,24.24050633,27.78935,28.23650363,34.31578005,33.98255296,35.82374768,39.19284168,41.47746855,49.90939446,57.76144273,62.73292818,69.92689228,74.89013199,88.17464825,101.4660446,89.57661713,86.46248782,95.65288455,69.41266869,73.76054587,108.5292205,106.459807,109.217184,124.4141536,141.6337391,158.3850476,158.5053788,149.1529811,134.9998539,129.1013756,121.8273449,118.9741489,111.9376051,106.5244319,103.6638304,101.5800752,96.74825351,111.60689,107.1227526,108.4259367,114.1245298,119.8996939,120.578651,123.1036296,121.9798206,117.1675684,120.2763119,120.7069463,133.8169955,127.2608946,113.0704706,117.09943,116.1074108,117.9380771
NAC,67.38736776,71.38139234,71.99971201,76.42804528,79.06754182,81.94142213,79.8325144,83.23089214,84.0926617,83.10618723,83.55481678,86.75062963,91.15609588,90.2702261,87.52105285,86.03618085,85.41133738,86.29087373,88.3377542,89.7797361,91.02655795,87.54473427,90.49972999,93.26301843,94.02166009,100.5360664,106.5802644,108.6440861,109.482486,113.1786752,110.9997723,115.1800053,114.7581875,117.4550577,116.8339626,126.0372424,133.388643,141.9650877,152.7086343,165.4046906,156.6168971,167.6185031,159.5045019,172.748451,179.42841,183.1049616,192.6906381,198.7214093,179.3192396,187.4799632,181.9206665,174.4745591,175.4438436,184.1629217,184.7940213,183.6321634,186.327051,194.0909967,183.0540018,194.7352589,217.2643434,219.1259401,187.0873554,191.0753901,195.8750757,201.2661307
NAM,,,,,,,,,,,,,,,,,,,,,,,,,,,,,,,,,,,,,,,,,,,,,,,,,,,,,,,,65.62596884,68.5718639,65.08508986,65.84154868,70.95057935,72.76766772,68.84732487,61.39684175,56.06679023,55.05576604,
NCL,,,,,,,,,,,,,,,,,,,,,,,,,,,,,,,,,,,,,,,,,,,,,,,,,,,,,,,,,,,,,,,,,,
NER,,,3.738021295,3.940082023,4.600651529,5.235729253,5.703058343,5.576083479,6.611986592,6.185579656,5.592883726,5.098963304,5.703495317,5.90881716,8.491230882,12.70133689,11.13902324,10.22140954,13.48490018,16.80428936,17.1075476,17.66587492,17.13348441,17.2213651,16.97306154,15.63380761,17.37872223,16.13068151,15.78246395,12.96234723,8.683549254,8.128089446,8.079064339,7.511901278,6.639018456,3.654703526,3.521499063,2.660906097,3.165781423,3.055043017,3.859404275,5.917782688,4.41414054,4.572364066,4.486850086,3.953365052,3.874003087,7.078326277,8.054482299,8.891402212,9.03427296,9.922308182,9.970813567,10.46063041,10.68003599,11.27315474,11.54302576,11.23983602,10.23162344,11.64403863,11.78280489,13.00646568,12.41040683,10.89995179,10.27815074,9.565874531
NGA,3.696698931,3.704259447,5.572166384,6.439532572,6.328186669,6.699077715,7.203483003,7.810902438,7.865410498,6.649362708,4.921051163,5.390635542,6.140629106,6.048189624,4.699551112,6.814001935,7.619340543,9.244900997,10.99242781,10.3896346,12.22697431,5.802075118,6.450601547,6.208622851,6.266045741,6.039750503,7.574985288,6.602985867,6.066023538,5.090333177,4.957522443,5.241096469,8.234513857,7.007718165,8.037288168,6.508711496,6.174443942,7.030590147,7.619452394,8.168807855,8.248988698,9.880807397,8.084342998,8.909484726,8.461664055,8.435095263,8.120360453,13.79701693,18.6330147,19.62560166,13.49074284,11.04362961,10.60470377,11.53321494,13.29700538,13.07868448,14.60803886,12.85202981,10.2465813,7.923222659,8.759585595,9.733221369,9.561691767,,,
NIC,,,,,,,,,,,,,,,,,,,,,,,,,,,,,,,,,,,,,,,,,,13.71783659,15.13039662,17.68000145,19.63950417,22.61956371,26.46173006,32.96267309,31.39029391,28.46398166,26.79027719,26.20214526,28.72568491,31.87194623,33.86110448,36.85121625,38.58003242,42.71415952,39.85705848,32.21731345,29.79282045,28.01307734,29.69976042,30.00900362,32.33345602,
NLD,,,,,,,,,,,,,,,,,,,,,,,,,,,,,,,,,,,,,,,,,,110.2223667,108.8030646,108.372289,112.3279399,115.8908884,112.9576606,112.7175946,110.2186553,116.2410957,112.9952008,113.5169354,116.0139586,112.969994,115.2058495,110.1352308,112.6881661,109.2617675,103.7054491,98.63684625,100.3520062,93.88076945,88.81950454,85.4757445,82.33209409,
NOR,,,,,,,,,,,,,,,,,,,,,,,,,,,,,,,,,,,,,,,,,,96.51856199,102.6169916,106.679367,104.8632185,106.0848358,96.36078087,105.7065897,117.4433786,125.0562186,125.0042853,122.1738454,119.8086536,120.9635339,124.7411697,133.5325557,140.3089093,140.3975209,137.8524803,143.9294415,157.2816211,132.758588,106.5204839,122.5479139,124.3896217,
NPL,1.045701034,1.226252189,1.252857767,1.234835355,1.499104091,1.893966474,1.788970856,1.920498801,2.215251576,2.414527269,2.869525547,3.839785015,3.515285813,4.790851448,4.886008935,4.412527963,3.625962997,4.788194444,5.703932467,6.419986467,8.573937244,9.190317568,8.631728634,8.095971564,8.485910323,9.852316146,10.58161654,10.45158462,11.78620654,13.04865071,12.8086563,13.35385013,13.4183155,14.57309798,18.55012245,22.83143607,23.19776388,23.88507426,28.66308232,28.87594825,30.67062082,29.41591045,22.86890082,26.14257403,27.09733041,28.72615081,33.15138628,37.28150565,51.65264553,59.17845463,54.58998779,46.42465312,48.75434965,50.46227084,54.4670476,56.90827407,69.84080011,69.18912434,76.32460801,78.9459109,88.44003947,103.6513514,94.46699156,91.55726414,91.29337283,90.54476247
NRU,,,,,,,,,,,,,,,,,,,,,,,,,,,,,,,,,,,,,,,,,,,,,,,,,,,,,,,,,,,,,,,,,,
NZL,,,,,,,,,,,,,,,,,,,,,,,,,,,,,,,,,,,,,,,,,,,,,,,,,,,,,,,148.8875362,152.2035822,154.8783941,153.218888,153.3400486,155.3310088,159.3027655,155.6968117,145.9939596,140.5743682,141.8984896,143.378736
OED,59.56341824,62.71575418,,,,,,,,,77.56904409,81.28708756,86.79329246,,,,,,,,,,88.84680167,93.00598116,94.95476608,100.4344417,110.3207272,116.3577979,120.8252555,125.6485391,,,,132.433845,132.9544572,136.31235,137.0875975,140.4084861,147.5198912,156.558442,151.2878088,135.5707518,131.184958,135.5868977,136.8220214,140.0689352,145.2269825,147.6920014,139.5763362,144.626471,140.0958727,135.4299705,135.9581734,137.3941938,136.1436775,138.1885068,140.3470436,142.920346,137.7680907,144.4336097,160.554337,157.9933073,143.0649945,141.3880766,147.1618778,
OMN,,,,,,,,,,,,,4.703835227,11.13459268,11.58065084,11.86840816,13.59301142,17.64913206,20.95921596,17.26110896,13.70635497,13.35197171,14.45393522,17.11442086,18.59191309,19.53699527,24.11084019,22.92375384,23.71967747,22.86341436,18.09539255,18.82426365,18.88536013,19.88496966,21.69151644,22.45649441,23.38772399,31.29703156,41.54769006,40.60104715,32.82862083,35.15359389,33.97035642,32.1772116,29.86512642,26.830213,26.86022931,30.97648444,30.64581835,40.7469449,38.21191088,36.10304564,36.82016904,37.81017636,40.99643638,58.17211276,66.67023304,65.94876212,61.07217589,65.1353365,76.58938994,68.1863495,55.78977046,59.752817,63.20772259,
OSS,35.18457129,32.54781527,31.19410709,27.28976161,25.94822388,27.51924898,27.454075,30.56288693,31.81332662,27.91821849,,,,,,,,,,,,,,,,,,,,,,,,,,,,,,,,,,,97.2609606,122.6315161,126.0318374,124.3619162,120.230358,124.4188152,118.9981368,110.7984619,105.5458331,102.5810938,97.58096266,94.71910034,89.92261365,85.24958106,73.62240734,67.9402676,74.12848,67.43490721,61.54146024,59.66296517,60.19402576,
PAK,11.02274,12.0098914,15.04896468,17.42109559,21.73565723,22.91128033,25.86064524,26.067912,25.60867976,25.55225036,25.44847228,25.11232305,28.77288607,26.29007882,20.2861456,19.34252539,22.21541223,23.40665652,22.2704073,24.8379037,23.44202512,24.03952609,24.70284644,26.37627028,24.21805994,27.78217839,29.78607745,27.64354675,26.36859647,24.91286075,24.15733291,22.23701744,23.49682388,24.39504513,23.82300646,24.2071212,24.69397544,24.64621515,25.11394294,25.47431764,16.60361828,16.2084603,16.00410078,18.22159978,21.29470034,21.60168149,22.76831341,23.04163909,24.16858518,20.39577681,19.28543834,16.7900431,15.19776621,14.40595914,14.03634343,13.87767206,14.68224913,15.31381293,16.63235111,15.68798581,15.03312013,15.34013978,14.83832424,12.02039551,11.46061956,10.72682465
PAN,,,,,,,,,,,,,,,,,,,,,,,,,,,,,,,,,,,,,,,,,,,,,,,,,,,82.06996389,80.31740142,79.59230098,65.43741358,80.87282291,82.93242773,84.19087186,84.43801043,83.95147994,83.32655675,100.1538916,,,,,
PER,9.82722736,10.68063303,11.01202541,11.08743164,10.87651974,11.19360868,10.31464633,9.820222494,8.919463552,8.732773588,8.587509805,9.413763854,10.31970564,10.55272347,9.192244563,9.319335438,8.494072075,7.13359674,6.087787987,6.133603111,8.950316245,11.63476127,11.57063349,13.41707222,12.05365207,9.808610594,8.478288173,7.490649767,8.862956147,8.282388048,8.017272737,6.977929932,9.079596179,11.11648592,13.28355938,15.87387642,21.02532336,24.40979955,28.19104966,28.97732825,26.34167756,23.44780788,22.20204829,19.98574116,17.91023992,19.06642161,20.81316402,24.60707369,29.76396075,30.01452903,30.26168715,32.3092275,34.04374682,37.71992918,40.89962682,43.86793145,42.80902535,42.41461431,43.90394244,44.72423689,55.31240991,47.11533429,45.64884423,42.94911119,39.61871963,
PHL,10.67713534,13.74668599,14.70493512,16.49698069,18.04484207,17.08412884,17.44291611,19.35804555,19.05088788,18.19581007,18.04794922,17.67365827,19.24074714,20.27164252,22.02769541,22.05664904,22.44382008,23.40541763,25.94405461,27.4927929,27.68876958,28.91173434,29.40827743,32.46668285,21.51117805,17.68283904,13.05617121,14.03324041,14.15516992,15.23448602,16.90254848,15.64549172,18.10396529,23.1490828,25.48453339,32.86521754,42.87278591,49.40110697,41.99260447,37.32792991,35.6071396,36.2651173,33.66395998,31.94837336,31.00921165,27.89657364,27.47069492,27.63902332,27.87606106,27.89666842,28.33247881,30.49763975,31.90537598,34.33572791,37.5782838,39.90378358,42.86451799,45.60519779,47.5627908,47.97366866,52.0356914,49.94132491,48.87302992,48.31104071,49.84499777,52.10939522
PLW,,,,,,,,,,,,,,,,,,,,,,,,,,,,,,,,,,,,,,,,,,,,,,,,,,,,,,,,,,,,,,,,,,
PNG,,,,,,,,,,,,,,,,,,,,,,,,,,,,,,,,,,,,,,,,,,,,,,,,,,21.7870347,21.09151997,20.93251288,22.85655391,25.09960391,22.62564291,22.55345091,22.11934528,19.35275517,18.74321342,18.05466942,18.81498125,17.40690775,15.04266866,16.51369998,16.29349646,
POL,,,,,,,,,,,,,,,,,,,,,,,,,,,,,,,18.86465365,21.41433701,19.3649106,19.10798097,16.65122804,16.44662958,18.74049745,20.47531209,22.25260253,25.08828244,26.31840604,23.44738359,12.8291654,13.28922978,26.15958581,27.04106442,31.0991033,37.05716183,47.10555254,46.91511757,48.87212569,51.48378929,50.32510563,51.66427724,52.62354982,53.3148869,54.34569873,52.27429794,51.8969895,50.22772955,49.26651852,45.72788912,39.3159295,34.70752273,33.58579002,
PRE,,,7.463264071,6.477270582,7.392805335,7.530686069,7.556824849,8.274382307,8.177592713,7.761397641,7.87807579,8.33510377,8.892163668,9.376697305,8.476156286,9.966581868,9.832810603,11.97011818,13.59983235,13.79258255,14.58720167,9.159457618,9.62080329,10.10809138,,,12.38896429,,,,,10.05682981,11.39116573,9.405677009,8.308615319,7.504632356,7.149398961,7.703157633,8.188214566,9.037177428,8.085587538,8.801200272,8.138145699,8.776477482,8.054368298,8.08254684,8.323309935,10.72807282,12.77148209,13.80735576,11.83765275,10.77145003,10.88840065,11.67834434,13.17312077,14.94511791,15.42971997,14.4346544,13.13016575,11.85515127,13.09262427,13.22557951,12.7107129,,,
PRI,,,,,,,,,,,,,,,,,,,,,,,,,,,,,,,,,,,,,,,,,,,,,,,,,,,,,,,,,,,,,,,,,,
PRK,,,,,,,,,,,,,,,,,,,,,,,,,,,,,,,,,,,,,,,,,,,,,,,,,,,,,,,,,,,,,,,,,,
PRT,,,,,,,,,,,,,,,,,,,,,,,,,,,,,,,,,,,,,,,,,,115.0027543,119.0522096,120.6719962,121.1907741,124.7730218,133.4129522,142.235675,151.4811766,159.8613019,155.3888883,156.062341,152.7286752,142.9336882,129.6511737,120.0485132,111.3285686,102.8552906,97.09630519,93.35554945,104.0741853,98.84850946,89.45631118,80.22710637,77.11817269,
PRY,8.153242771,8.487197078,8.627442352,9.156123377,10.2270077,11.41129321,13.40499472,16.93364692,18.80718754,21.25133751,22.86635256,22.6748352,21.87710915,20.34543237,17.78012938,18.07502665,18.85102467,18.94940291,19.41753322,18.63381911,18.90512955,17.6206065,18.57279116,17.41626105,15.45694885,12.90545953,12.85400204,11.46375501,13.56952853,13.30721321,14.31575887,16.94349086,19.96747474,23.10538929,26.87910116,23.96444465,25.78565917,32.77410119,24.521931,25.05516054,23.76039843,24.16866754,20.85562797,12.68617075,12.29681119,12.28088846,11.66828606,13.71766497,18.75969801,21.58143065,25.42413906,28.95225032,31.54630209,34.37789428,38.13814904,43.34964647,41.35571913,41.07534412,44.51219242,47.65227984,50.64453392,49.42958441,51.09440192,52.20601792,57.02913945,55.70260663
PSE,,,,,,,,,,,,,,,,,,,,,,,,,,,,,,,,,,,,,,,18.02951829,21.37201583,21.48865504,21.41060796,24.19652143,21.69313754,23.11760672,26.4462262,26.21735483,22.86742796,17.57291999,19.53363221,21.35953044,22.95771736,24.04757288,24.11996857,27.3246796,32.60104707,36.52793214,41.7423779,44.84028782,44.92673536,52.24382116,47.32951604,47.71061748,52.73257223,58.62527208,56.4537278
PSS,,,,,,,,,,,,,,,,,,,,,,,,,,,,,,,,,,,,,,,,,,32.76316552,45.65074485,45.29094439,50.01376925,56.50816938,62.5982583,63.11727808,67.5764592,67.71955462,64.28165802,60.08903952,60.8352606,60.82754743,61.67668801,64.91534668,68.61743003,69.4436954,72.29767258,77.84255729,88.91126285,92.93058882,88.20678851,84.92451852,85.21465857,
PST,59.98420308,63.21542045,63.93247081,,,,,,,,78.00491507,81.72699662,87.30129168,87.72994206,,,83.55331783,,,,,86.4808208,89.35124605,93.51151301,95.36543966,100.916549,110.5576737,116.9601324,121.4405413,125.8829472,,128.2307884,129.5327296,133.824224,134.5209997,138.0645426,139.1379398,146.1958486,153.9779304,163.2522904,158.3251478,141.283495,136.5070629,140.4078391,141.4701866,145.0701433,150.5641373,153.0536974,146.3211943,151.2045255,147.3824737,142.6527734,143.2055051,145.0813268,143.9258202,145.6592785,147.5047794,150.5312604,144.9568501,152.1852279,169.0166923,167.1853264,152.214555,151.1829862,158.8644635,
PYF,,,,,,,,,,,,,,,,,,,,,,,,,,,,,,,,,,,,,,,,,,,,,,,,,,,,,,,,,,,,,,,,,,
QAT,,,,,,,,,,,14.93980934,14.25467188,14.86684473,15.86774205,7.938139646,11.39566647,11.97756789,17.20213669,18.39202459,15.42446476,12.88497366,14.27809807,20.12571738,25.65681,21.75103967,28.77489062,43.66503561,44.10214376,42.15369216,44.68669546,36.9718946,53.25510856,65.0797643,42.06065259,35.59140186,34.69617176,31.12718341,30.55004377,38.75596035,34.76291814,26.84899298,34.89328477,28.67824896,29.98815825,28.98486651,33.72158664,35.99745816,41.57698405,40.80128271,51.73510868,44.70181515,39.75302488,37.12844236,40.00533999,46.09680861,70.84248012,79.76058858,80.08170079,80.43683982,100.6361468,138.8578429,123.3166183,101.0839843,118.0757832,120.9658965,126.75458
ROU,,,,,,,,,,,,,,,,,,,,,,,,,,,,,,,,,,,,,10.9909815,8.292438069,11.66792316,7.987189441,7.12522458,8.653376568,10.08985851,14.13226812,15.78192827,20.05825486,26.00542562,33.99995467,35.91491714,37.00856261,38.28600737,37.43260739,35.96056979,34.16965053,31.08576027,29.90381457,28.55862431,26.66846046,25.69173917,24.71556311,25.85472182,26.4890321,25.22203698,23.25023044,22.72811954,22.07180361
RUS,,,,,,,,,,,,,,,,,,,,,,,,,,,,,,,,,,,,,,,,,,16.83777185,17.97239278,21.24356706,24.31640095,25.92253952,30.94192403,37.78357772,41.55404382,45.2609093,42.84004525,41.69860598,43.91396024,48.02475005,54.83227989,55.95202269,53.10247383,52.07659751,51.24331067,52.56142892,59.5836265,54.64224478,,,,
RWA,,,,,0.938461582,1.102150686,1.981461268,1.467786247,1.358304155,1.658187274,2.406548365,2.907332486,2.036563948,3.660246052,6.19002757,3.142505158,3.418781421,5.52436161,5.896606334,4.418009756,5.747291437,6.092547342,6.129216996,5.871269814,6.453670537,7.718798255,7.889092118,7.921321017,9.006006795,9.221565943,6.920655555,5.119700284,5.675160606,6.329145184,9.882279766,8.414882651,6.80643599,8.090273982,8.759214222,8.363668731,8.732255491,9.07881915,9.424351807,8.929573517,9.831252552,10.31089848,11.9327005,12.19076559,13.51878472,11.30184983,11.62892095,13.42640518,15.95597951,16.43864832,17.86672987,21.24009797,20.70967583,20.79326528,21.37270501,21.11378452,24.30396793,24.95103548,22.12995327,21.63780246,21.3238079,22.08673823
SAS,7.733728144,8.380528689,8.823237302,9.01762535,8.495555241,9.180096618,9.379615857,9.045327265,9.762961082,10.36003203,11.14238031,12.38062362,12.826799,12.95523661,11.74203304,12.67584564,16.28151625,16.91513869,18.26159375,19.43532535,19.09492563,19.71202808,21.20374414,21.69095928,23.04787024,23.34173502,24.49131244,24.16906543,24.17902524,25.38591189,23.89640093,22.46902202,23.14883307,22.40694219,22.52737711,22.62344826,23.13130226,23.37791765,23.55521812,25.12831768,27.71810952,28.24343512,31.59129818,31.04961865,35.3022278,38.95481905,42.42406308,44.47396035,47.91195325,46.77231429,49.17210427,50.08231034,50.63522152,50.88341794,50.63727436,50.82799037,38.58573276,38.85329564,39.63713006,39.40994037,41.14219972,37.84755314,38.91453682,41.07343532,41.51187858,43.5359475
SAU,6.978909709,7.31172529,7.655618655,6.986622239,7.795269824,8.660769728,9.427430088,8.405769413,7.352613542,7.988209888,7.067939499,5.634209139,4.55087877,4.267020432,2.750595474,4.08545554,4.374789767,4.08460506,5.276522606,7.111172587,6.80489458,6.938192108,9.548039914,12.73673054,14.14611987,15.89403111,18.40388796,18.32294169,21.33692768,20.52307003,14.82210998,14.87170218,16.75855366,20.46971815,22.35975742,22.56862636,20.79243879,21.50873484,29.18834755,26.744619,24.23561345,27.09048016,28.94839766,28.23331014,32.35425943,35.41891798,33.72458677,37.07158877,37.68431885,45.62980131,39.16419361,33.62869447,35.568511,39.01134119,42.55707813,52.76017981,54.37577185,50.13759358,,,,,,,,
SDN,8.870474248,9.145138563,10.07351351,12.72688629,11.45014481,9.080984518,9.56084349,11.16490977,12.12256077,10.27048034,9.68549159,8.763805221,9.806847097,9.218852077,8.938701487,11.07955222,10.90791862,10.13288909,11.18668926,12.75706496,13.24560424,12.93748648,13.73881674,12.86937341,11.84804777,10.11630907,10.45559937,10.45562293,6.971465679,5.129312358,5.064619795,4.57256403,3.89778335,3.185101654,2.381421927,1.626660437,2.828364181,2.137898759,1.962589971,1.615531144,2.268144071,2.4874468,3.736179576,5.017280004,6.128541101,7.813579847,11.04811651,9.812856018,9.379790825,11.55851007,10.50269127,9.291921668,11.94236412,10.51779167,8.150646863,8.12473336,8.219716433,8.389756138,9.354756033,9.173616141,7.890887162,6.619864492,5.639804685,,,
SEN,11.72691872,11.26578878,12.89684089,12.4644192,12.07262131,11.64774837,10.05750325,8.831334111,10.06671256,10.72990848,10.47245114,10.79507247,11.56962325,15.28682917,17.74132518,17.62973687,17.77946698,20.03495796,26.49725797,26.74332922,28.29833042,29.12147177,26.90511239,27.09805423,24.53616631,23.12703675,20.97900208,20.70358175,22.60020185,21.78219796,20.44860443,19.37478778,20.41726903,20.44777993,12.59969938,11.33181382,12.33924996,12.22685638,11.46281086,11.98295091,14.57552234,11.23710665,11.89537816,13.0371551,14.36438657,15.6269415,15.77269878,16.19455095,18.86541402,19.41735305,21.31374792,23.87444267,24.43248138,26.31651314,27.31693757,27.30468627,27.79827987,29.70934674,29.55161659,29.51666583,29.30675397,29.901568,32.18201457,31.44798225,29.81191962,30.88404197
SGP,,,,33.67746529,37.92196405,37.27041158,37.48063401,35.77930816,38.28704977,41.80032669,45.31151668,44.87799247,50.25113523,59.08268883,53.31452531,56.00675956,57.34033619,58.17210087,60.19392062,64.58952188,68.90713424,75.34264628,80.12077266,85.60880761,85.32868125,87.60535255,84.35001846,80.57607658,76.35269303,79.54035737,79.16467472,79.87110213,81.08553677,80.97170126,81.19024054,88.29349696,93.74180643,96.47030493,107.9310737,102.7073041,96.05246317,115.0239673,102.0242236,104.7828006,95.72896576,89.2233562,84.287056,85.3517596,97.86436233,96.86137655,94.8584027,104.7036738,112.9735432,124.0659516,128.1297633,122.4213538,123.0546938,120.4426381,117.4398584,119.256589,128.4328583,,,,,
SLB,,,,,,,,,,,,,,,,,,,10.78350515,15.97938931,19.5497939,22.77289938,21.624646,21.57371891,24.23454561,31.97664677,32.96401775,30.9111851,34.55151951,39.25302099,19.08594217,16.13445024,16.81996628,16.49276608,13.80018475,13.03953038,14.01033755,14.41253949,15.04331273,14.79502268,16.5940803,19.37375172,18.65718389,15.17778559,14.3561775,15.39741923,18.53320247,23.26787857,25.24362649,23.76909271,20.5357765,18.84036535,19.7202924,29.31463089,31.62095766,33.01390371,34.22091055,33.22628261,30.69706567,30.73806893,32.5671298,32.82655442,34.7058485,34.78436213,33.69441148,
SLE,2.769366545,3.497357054,4.756049905,6.560296151,6.737792692,5.921308921,5.544369873,5.898653998,5.216764951,4.674447625,5.328596803,5.622473831,5.809444842,6.005302554,7.162373568,6.698852858,6.603990188,5.899463261,6.452793013,6.05504462,7.867589788,7.680699582,7.088189467,7.051329886,4.077303535,3.097823597,5.414807302,2.743859025,3.496429194,4.827736449,3.247484398,3.522636014,3.053375973,3.431690507,3.128157002,2.676426444,2.506822119,3.245411264,2.724515625,2.0718273,2.108033609,1.031624128,1.296612645,1.851528815,2.239294356,2.169530307,1.954453789,2.571022638,3.359267775,5.10499215,4.731628285,4.640309433,3.414082211,3.127730737,3.190147355,3.347368173,3.51808122,3.327676622,3.640603225,3.859649947,3.619891405,4.226149232,3.537873395,3.23642146,3.967826412,5.504237717
SLV,,,,,,,,,,,,,,,,,,,,,,,,,,,,,,,,,,,,,,,,,,45.9128729,45.56045824,47.42865241,48.15518974,49.92391911,50.27641698,51.53429706,51.05486773,54.55257926,52.31042775,49.99771768,49.2960792,51.5041857,53.270198,54.09189543,55.05979801,56.04867799,57.27701564,59.07431321,65.33322271,61.13956858,62.61342464,62.43278262,63.35686263,64.37013944
SMR,,,,,,,,,,,,,,,,,,,,,,,,,,,,,,,,,,,,,,,,,,,,,,,,,,,,,,,,,,,,,,,,,,
SOM,2.420480873,3.067932941,4.918145333,5.524968661,8.752668326,9.954621356,9.578981723,9.560603877,10.36132813,10.90696628,12.20822995,10.25954736,10.08608971,20.50119748,25.40849415,10.80934199,6.306161087,5.453197674,4.918899083,5.004897051,2.4571824,2.605322815,5.577822816,6.527370549,5.986860071,4.61106656,3.447521068,10.97412858,10.30784927,14.84036489,,,,,,,,,,,,,,,,,,,,,,,,,,,,,2.348772909,2.407758889,2.614765552,3.402729375,3.911774947,5.07180182,5.430980509,
SRB,,,,,,,,,,,,,,,,,,,,,,,,,,,,,,,,,,,,,,19.59771794,21.20294635,24.31031445,40.79697133,28.31312895,14.5424899,15.96816729,20.22698352,25.80896361,25.61207057,30.58581502,35.44097088,38.61746598,45.3256409,43.12302149,44.7225076,39.30384482,39.09043568,39.0291248,39.40384387,38.71334401,39.72097777,40.16657183,43.44905781,41.43241456,38.38665574,33.04428192,32.63652449,35.36190447
SSA,,,,,,23.19336972,22.84802344,24.81769656,24.34825279,24.67532237,24.87644495,27.01322351,25.6598875,27.09350312,25.24934596,25.81300946,23.50605778,24.1226602,25.18848818,24.46796137,26.12003973,20.1251502,20.73838053,25.32282312,26.64407116,24.27307347,27.62145663,31.19721131,31.7168886,32.96873927,33.16351133,,45.80811082,46.59601869,49.2276469,45.23042234,39.97404515,38.98185166,36.68835527,55.4596847,51.1835736,50.25731841,38.60159643,46.2240572,51.52166721,53.29461001,55.09545015,55.75086157,46.36122475,48.99160785,50.44027364,46.23246752,45.84199591,42.54907819,41.6256104,41.11763987,41.90731145,43.43810578,39.80857471,34.42554577,32.8990929,31.50953089,29.42881496,,,
SSD,,,,,,,,,,,,,,,,,,,,,,,,,,,,,,,,,,,,,,,,,,,,,,,,,,,,0.497601394,1.123485295,1.133828045,1.810109431,2.304606007,4.424748747,1.705071221,1.52680961,1.703504806,1.925004554,2.750154239,3.017161317,3.047698802,5.763154632,3.242498802
SSF,,,,,,23.19336972,22.84802344,24.81769656,24.34825279,24.67532237,24.87644495,27.00923492,25.65766207,27.09221222,25.24761605,25.81047024,23.50582081,24.12249205,25.18743052,24.46482651,26.11399053,20.1229309,20.73528667,25.3165082,26.63431066,24.26135162,27.60289227,31.17303982,31.6899958,32.94008188,33.13352345,,45.75560639,46.53849296,49.16841226,45.18918314,39.94395263,38.95213313,36.65997045,55.38496973,51.12470945,50.1993393,38.56626782,46.19268035,51.48302929,53.2559512,55.05393637,55.7168971,46.34498501,48.96839825,50.41993167,46.21538524,45.82400709,42.53155805,41.61130466,41.10276711,41.88854396,43.43810578,39.80857471,34.42554577,32.8990929,31.50953089,29.42881496,,,
SST,,,,,,,,,,,,,,31.17103066,,,,,,,,,,,,,,,,,,,,,,,,,,,,70.02272395,71.53985694,76.35161929,77.49705103,94.45467456,98.4833579,98.62168468,94.25164001,99.86701426,94.94705387,89.4459735,83.89369882,81.90883333,78.5668116,76.56871885,75.52119645,74.26752037,66.58301258,62.89236612,69.49027105,63.04902081,56.05464958,55.56555081,54.78666539,
STP,,,,,,,,,,,,,,,,,,,,,,,,,,,,,,,,,,,,4.545068905,2.955547282,2.854832584,4.516727296,4.54408342,4.376403033,4.357666131,5.678818659,10.03687483,15.52071691,22.22937739,26.11988033,30.79286821,27.62580186,32.69622578,39.18594163,39.74666235,41.00316126,36.32589911,32.74417004,33.25682932,31.4994056,29.43870865,24.77109076,22.49003534,19.89160485,17.6880687,12.85175563,7.816315129,,
SUR,,,,,,,,12.23380154,13.17381396,14.93934142,16.77519098,17.52491694,19.00785382,18.0100162,18.27253873,16.90870032,22.78536103,22.17381138,24.53569001,26.90798722,28.98553459,30.72890889,33.62185792,35.09337861,36.31018519,39.50572738,40.82996633,39.43622449,40.43023256,42.7799484,37.82312049,40.72260656,40.61921239,21.50322404,8.201094459,6.592384922,13.18820818,17.17035154,18.17809342,14.5262095,7.911978621,8.787978272,15.96538389,17.22718318,18.75587186,19.31981872,17.48841113,21.3584595,23.86463972,24.40769772,24.01853927,23.65726607,24.19478962,27.8152814,29.73024355,33.73302061,36.32938764,28.28688665,24.27807781,23.09408338,24.22090756,18.10475438,19.37847797,16.59840678,17.02071423,20.26662489
SVK,,,,,,,,,,,,,,,,,,,,,,,,,,,,,,,,,,,,,,,,,,,,,,,33.76175219,37.36628965,40.69768875,44.91945463,44.34350877,46.00616341,46.15885607,47.68505672,49.50077257,52.33328274,56.67163508,59.87799959,61.44194642,62.46450725,65.64759041,65.11248247,66.73892522,61.46226343,59.65090188,
SVN,,,,,,,,,,,,,,,,,,,,,,,,,,,,,,,,,,,,,,,,,,,,,44.95103567,52.66449538,60.34762086,71.33905292,76.77499481,84.05793089,85.79526356,82.46151475,79.97747956,66.09504044,55.03239991,50.34383248,47.14232107,45.47052821,43.70311445,42.71554131,43.57057521,41.10118163,41.1837742,36.34191584,35.4165074,
SWE,35.58807473,34.74967125,35.14607224,37.4108691,36.64636141,37.32042897,37.28295673,38.9750099,41.0921646,39.64147756,36.92252694,36.92157199,37.64756822,37.78923692,37.03661343,35.21700958,35.16188505,36.73502356,36.55324632,37.57172962,36.63009407,36.83364612,38.14564802,36.02763956,35.95769155,34.81780562,37.30419766,39.20246421,45.95344033,50.2687732,51.12258768,47.42771742,47.43482334,38.14928179,34.28905126,31.32474274,31.83213523,34.71877519,35.83293825,37.43218703,39.7999398,89.54743452,89.62876715,89.91152768,91.63502579,99.27003509,102.7244596,111.2522889,118.4172285,124.5633225,123.2800997,124.7674581,128.7414804,131.0230078,130.3178926,127.5174099,129.1723663,132.7159061,133.26679,131.8224744,138.4591814,136.7978648,136.0776526,129.1367657,125.2896147,
SWZ,,,,,,,,,,,,,,14.67532468,16.29398664,20.44652908,19.6464135,18.45612708,25.45104659,24.66560969,23.28847931,26.43641445,24.06698647,23.67690318,21.38629198,19.83214953,16.10893501,17.38972505,16.87745503,18.67293913,16.40001064,20.79355921,18.6461085,16.86611558,18.12241191,15.0610498,14.30656316,14.00773084,13.44103882,13.09764402,11.24617893,9.037990844,10.51868005,13.03350336,15.67940751,17.6107811,19.52072807,21.69832554,20.67390968,20.9217752,19.46855679,22.84078221,19.74881633,21.47455838,21.84456734,21.25805437,21.58016592,20.63527611,20.98901025,20.22337857,20.964354,20.82324715,21.34289071,21.30952732,21.62314088,23.07508112
SXM,,,,,,,,,,,,,,,,,,,,,,,,,,,,,,,,,,,,,,,,,,,,,,,,,,,,,,,,,,,,,,,,,,
SYC,,,,,,,,,,,,15.76763485,20.599022,23.95418327,20.6097561,19.0211732,22.83948085,23.72262774,23.04976463,19.28278943,15.97558222,15.07629679,14.00784753,13.13875127,10.76179408,8.369872709,6.903471609,6.228139735,6.19402691,7.203342434,6.827723513,7.433182171,7.053717593,7.065521343,8.701697886,10.68384076,11.82678044,12.87302662,13.50175358,14.2154305,15.55773774,16.98807977,19.10971509,24.58132621,23.78869452,23.37995387,21.39595125,23.78910644,27.52360663,19.99206732,24.15525574,22.39061785,20.86008851,21.36721124,24.3504438,24.34973377,24.51661065,,,,,,,,,
SYR,25.2688269,21.69636496,20.53202644,20.24768645,18.03642349,18.38583365,20.72715972,10.53671422,9.788875471,8.687162795,8.104411765,7.115936603,6.266796706,6.624074637,4.37866835,4.181676943,4.634984833,4.958353385,5.098644602,6.253399702,5.741174176,5.304893808,6.501424667,8.102222647,8.733375806,8.200060078,7.60589595,7.024085442,6.486586723,7.694454551,7.45706747,8.597719891,9.567688292,10.74476441,10.34246129,11.15057577,9.644962706,9.838284585,9.186849416,9.198600401,8.468841129,8.128454246,8.171248474,10.1042393,11.65453348,14.76464162,14.69854789,15.08498336,17.53817402,19.63746053,21.93645469,20.74252313,,,,,,,,,,,,,,
TCA,,,,,,,,,,,,,,,,,,,,,,,,,,,,,,,,,,,,,,,,,,,,,,,,,,,,,,,,,,,,,,,,,,
TCD,3.498552192,5.200777797,4.599107161,5.390332869,6.357212629,6.361799493,7.11945391,8.810955078,9.605884373,10.17399813,8.454452782,6.809354621,6.385895328,7.823712662,9.44879244,12.09582207,9.35141828,10.26766574,12.41393889,17.86838874,17.17232855,13.11880524,10.93846839,10.2315411,11.43651083,13.99422688,20.28257661,21.21364529,7.035728355,6.430632201,6.481099041,5.948406425,6.08781622,5.034537345,3.625668697,3.850477656,3.642482509,3.234293286,3.306278479,3.586104606,3.479363697,4.338486053,4.212367312,4.194897442,3.133762659,1.95252225,1.694904314,1.908859581,2.377798715,2.965029799,3.214976998,3.537082989,4.021022157,4.414952674,5.99411802,6.281996002,9.668962923,9.106177086,8.248736569,7.541473121,7.229155641,8.322909549,,,,
TEA,,,,,,,,,,,,,,,,,,47.03556912,45.79556755,45.71358506,48.44661258,51.67853896,52.79498979,54.85440763,57.59476244,63.14484334,71.58665087,,68.11698318,71.31707191,76.24648709,78.08555359,79.12476123,86.9671295,80.73878571,80.55822888,87.24032609,95.05451975,100.8902649,104.1207204,104.5625752,103.9024505,109.7857923,116.6486509,110.7549018,104.6578663,102.3218558,100.2427299,96.90702326,109.5515079,109.8668658,108.7032108,114.5531168,120.3550022,126.0366781,137.3529222,139.9452226,139.203183,142.60743,148.2063693,164.3159211,161.2400055,166.7741969,173.8654065,177.7155522,
TEC,,,,,,,,,,,,,,,,,,,,,,,,,,,,,,,,,,,,,,,,,,,,,,,,,42.65020204,44.94094493,45.4794329,45.59898636,47.09489399,50.40738434,54.11808662,53.69919173,52.88765979,51.56135804,49.64409414,49.05705238,54.02992401,50.23285116,,,,
TGO,,,7.846086055,8.009159915,7.672692701,4.844186408,4.920797929,5.366766002,7.053961226,6.479872969,8.447961707,8.46776597,8.529183366,10.42320453,8.533074263,13.1881734,15.33547403,16.3978665,19.41872088,21.7268491,19.44322701,17.19108235,18.67377896,16.80741774,16.31688268,14.75056149,17.61593119,18.18927407,17.25598939,15.99819908,15.98388952,17.60285573,17.71488431,20.94116007,13.30315951,14.21930243,13.3103536,12.58269584,12.28010142,10.71303377,9.880506712,9.088112748,8.124244466,10.05160137,9.353115379,10.15954562,11.24507902,16.16573465,13.62331566,14.17623689,15.71451691,20.08610356,21.87679062,27.24755745,25.47542234,29.17512663,30.41710563,29.63987689,27.80623122,27.59217318,26.89351313,26.21548494,26.57476771,26.29338782,25.36521255,22.99963672
THA,,,,,,,,,,,,,,,,,,,,,,,,,,,,,,,,,,,,,,,,,,,,,,,,106.3625511,105.7597639,108.9833527,115.7475686,130.672938,136.2309986,142.3632027,145.5642258,149.3732535,146.2239494,144.6403073,144.0887917,143.3691634,160.1707593,164.1420236,156.4377613,153.8107171,146.2950798,143.0836521
TJK,,,,,,,,,,,,,,,,,,,,,,,,,,,,,,,,,,,,,,,,,,,,,,,,,26.825902,22.83990142,14.17053945,16.03704339,14.64830628,18.54142399,21.77536177,21.57390776,19.09622873,13.01458571,11.94225244,11.58236731,13.03200297,10.34419842,10.41707929,12.22291069,,
TKM,,,,,,,,,,,,,,,,,,,,,,,,,,,,,,,,,,,,,,,,,,,,,,,,,,,,,,,,,,,,,,,,,,
TLA,16.17144383,15.93908188,15.38520798,14.21811322,13.52498615,13.13662694,12.65845225,,,,,,,28.17406758,30.8688385,36.12540283,38.39804786,39.66696056,37.57483557,38.78905398,,,38.73334813,,,,,,66.59713035,,,,,,,34.32400094,33.53408607,30.57198559,25.30289749,23.50400337,22.35542232,22.00857825,22.52221212,22.06768299,22.68219379,24.63688815,27.92049243,31.82382845,34.24190571,36.27237206,39.10053054,42.81046897,45.02497013,46.96038191,48.95402838,48.54395853,48.11272767,48.08342535,52.52932541,50.7573529,54.70638025,51.35302576,50.68924656,50.57399656,51.86047982,52.56988024
TLS,,,,,,,,,,,,,,,,,,,,,,,,,,,,,,,,,,,,,,,,,,,1.361502473,5.375330024,20.05172393,22.91088898,24.56187501,18.51565926,15.79726711,14.24335067,12.43415795,12.73647538,13.79165183,13.0233995,13.24748078,13.32233603,12.67653078,16.38078083,16.05770208,12.97060375,13.42464736,8.375976949,12.72360237,23.68298842,34.79320728,39.14724468
TMN,13.99228566,14.6258711,15.17280376,16.06480621,16.60585291,17.24627458,17.79078998,17.59588907,18.29738003,19.20746033,18.93091394,18.84657302,21.13555881,20.60704731,17.12659985,21.41320412,21.88788224,23.62010592,,26.89309691,26.82725517,29.08310698,27.54769778,28.51403385,28.51863593,29.53576342,32.33837594,33.93717446,34.19744096,33.22907488,,26.88012753,22.3267896,22.03031185,22.90143349,24.2686499,23.81640212,25.29976546,28.43108985,30.09739396,29.9502264,31.08248116,30.78963689,30.5274855,29.29174918,29.33137788,30.71981526,31.48441977,30.03878737,32.23103264,35.78694032,34.97762408,33.54493756,31.19929752,33.13938402,35.83205413,38.97281594,30.44875994,26.38131232,26.39972244,30.35919946,29.9930359,28.16517115,27.95224838,27.33297195,
TON,,,,,,,,,,,,,,,,2.690088153,8.495125881,10.42001631,10.44675432,13.73404306,15.61798473,18.39632221,22.20188584,20.70930594,21.48447638,25.44361497,24.72432146,29.43062665,36.23588979,39.0809579,37.68653674,32.09110214,30.12315724,31.68518808,30.31877048,35.50658304,35.59282573,40.40727178,42.26962051,37.85605318,40.5102913,41.88081711,44.03040953,44.61535759,40.57396217,52.82953283,48.22974872,55.07522058,52.2729543,48.00634865,39.92120436,33.00585409,30.59281913,30.60487223,31.49605963,34.04323149,37.38933586,38.02349376,39.30035478,38.21033715,37.82251557,36.39906435,35.96550591,35.6521961,34.79873406,34.1086238
TSA,7.733728144,8.380528689,8.823237302,9.01762535,8.495555241,9.180096618,9.379615857,9.045327265,9.762961082,10.36003203,11.14238031,12.38062362,12.826799,12.95523661,11.74203304,12.67584564,16.28151625,16.91513869,18.26159375,19.43532535,19.09492563,19.71202808,21.20374414,21.69095928,23.04787024,23.34173502,24.49131244,24.16906543,24.17902524,25.38591189,23.89640093,22.46902202,23.14883307,22.40694219,22.52737711,22.62344826,23.13130226,23.37791765,23.55521812,25.12831768,27.71810952,28.24343512,31.59129818,31.04961865,35.3022278,38.95481905,42.42406308,44.47396035,47.91195325,46.77231429,49.17210427,50.08231034,50.63522152,50.88341794,50.63727436,50.82799037,38.58573276,38.85329564,39.63713006,39.40994037,41.14219972,37.84755314,38.91453682,41.07343532,41.51187858,43.5359475
TSS,,,,,,23.19336972,22.84802344,24.81769656,24.34825279,24.67532237,24.87644495,27.00923492,25.65766207,27.09221222,25.24761605,25.81047024,23.50582081,24.12249205,25.18743052,24.46482651,26.11399053,20.1229309,20.73528667,25.3165082,26.63431066,24.26135162,27.60289227,31.17303982,31.6899958,32.94008188,33.13352345,,45.75560639,46.53849296,49.16841226,45.18918314,39.94395263,38.95213313,36.65997045,55.38496973,51.12470945,50.1993393,38.56626782,46.19268035,51.48302929,53.2559512,55.05393637,55.7168971,46.34498501,48.96839825,50.41993167,46.21538524,45.82400709,42.53155805,41.61130466,41.10276711,41.88854396,43.43810578,39.80857471,34.42554577,32.8990929,31.50953089,29.42881496,,,
TTO,8.472183307,7.92781006,8.797221133,8.196447077,9.603418161,11.38037539,12.79922624,13.92328602,13.36803356,17.44096509,20.10099167,20.41219535,24.15085275,22.83363321,15.87759715,16.7562873,20.48436055,23.38705395,27.381397,24.85560145,22.11880262,24.18449437,25.04888161,30.4379327,32.63254015,32.33689337,34.2838934,35.49559981,34.13653457,33.64665542,29.84493245,33.7277136,33.35049161,31.99716652,26.0155501,27.5716075,28.31638376,33.12909422,35.40840957,33.9004036,31.9045427,47.41287955,47.15027389,39.33872634,37.96116536,33.49220255,32.69499242,32.05282277,26.70825241,35.95344207,30.84546084,28.12563979,26.97367964,26.63228499,27.68746073,32.5688299,36.65552814,37.48848106,38.93717247,41.44843385,46.45598241,40.78295833,37.12719985,45.52919034,48.37663267,50.36231447
TUN,,21.81781517,24.26059906,25.37718915,28.15988541,28.70632328,32.73302836,34.9154386,34.98651403,34.67025989,33.83562732,32.41307308,31.16740047,34.48770955,33.56654607,38.74612381,39.49503363,40.53360099,40.47626716,37.87785763,38.23841265,42.87054301,46.92923154,48.46302994,48.99405839,51.58665204,54.37887548,52.21751521,51.43084775,58.94411829,55.07633348,53.7573324,54.00472063,53.9262361,53.81392202,54.38617037,49.15762366,45.93822189,46.57647367,46.57341324,53.48235338,49.60032477,50.67442478,49.5788002,49.61648022,50.06555864,48.5995857,48.01155598,48.5083071,49.97706953,52.24710387,57.93479863,57.85204274,57.95988231,59.80855559,60.13655414,62.24695547,64.75372854,63.52243898,59.29035832,67.65671846,64.66753465,66.00676675,62.73056523,60.61172497,57.68583425
TUR,,,,,,,,,,,,,,,,,,,,,,,,,,,,,,,,,,,,,,,,,,,,,,,,,33.16285584,36.81907832,44.04597076,48.74220841,51.5586766,59.97929142,63.23763272,66.38985211,69.28263647,70.08440273,66.69766682,64.25575194,75.26760192,70.99836085,53.42622215,48.7952169,42.96710221,45.78276025
TUV,,,,,,,,,,,,,,,,,,,,,,,,,,,,,,,,,,,,,,,,,,,,,,,,,,,,,,,,,,,,,,,,,,
TZA,,1.689205828,1.615944727,1.680851843,1.766411935,2.193214511,2.510278336,2.318442414,2.132923126,2.087175469,3.113325417,2.389110812,2.536103274,1.701768054,1.721938062,1.522821731,1.001866944,1.053089413,1.367419537,1.276547738,1.215503685,1.116821132,1.320289866,1.204051184,0.701722418,0.897539515,0.828042001,1.163060833,1.090426954,9.681925782,9.573309254,9.661539374,6.710456923,7.435147982,6.679333489,4.58283883,2.130345108,2.441427632,2.964576363,3.192939314,3.113873131,4.115703693,5.224054334,6.192303921,7.109675707,7.825384463,9.790020028,11.46894867,11.91102554,11.26738836,11.71826227,12.35496321,12.81844889,12.5373333,13.30373481,14.61353808,13.6703068,13.07651278,12.7000394,12.63830815,12.43518081,12.97761267,15.15767727,16.38667957,16.67204565,
UGA,,,,,,,,,,,,,,,,,,,,,,,,,,,,,,,,,,,,,,,,,,,,,,,,,,,,11.65640252,12.16764942,12.22623024,12.90355961,13.76861154,13.64008878,13.4819167,13.63922942,13.80506371,14.22040164,14.78696653,15.0891725,14.81255095,14.30017618,
UKR,,,,,,,,,,,,,,,,,,,,,,,,,,,,,,,,,,,,,,,,,,,,,,,,,84.56384289,87.34997514,75.75190257,68.48385858,66.98381047,70.69117175,75.22884563,56.65775413,47.30713009,38.3051473,34.51185864,30.02706859,28.17515425,23.55564887,23.31603781,18.64662084,18.1641435,
UMC,,,,,,,,,,,,,,,,,,40.75048182,,40.63089163,,,42.40589963,43.60994741,44.24196655,45.3362726,,,,,,,,,,56.48113606,58.44301571,55.65295725,54.83675483,58.88866669,58.71109307,58.74900302,64.284315,69.67015637,67.47028749,65.15523637,66.51916797,69.0233587,66.22586215,78.20284612,79.6716693,80.66502322,86.09530959,91.66496344,97.24353486,107.9412444,110.2439693,110.6653581,117.2883851,120.1675156,136.9783024,133.934263,135.0911823,136.7627376,138.9807771,
URY,30.95172414,29.32386364,30.79896907,31.26609442,35.0358209,32.93260474,18.72102564,17.54680978,12.48173207,11.4606719,15.7290566,17.72967538,21.73292032,12.17363155,18.72874188,20.17444065,22.34369323,25.7328905,29.34125865,33.94831982,37.23591167,40.42415806,72.38234399,57.96174349,52.82851831,55.28629207,46.77741229,37.05291261,38.31548547,36.33086492,32.43984008,25.51205009,25.31990378,24.86348115,23.85579907,26.43822057,26.80770338,25.90578431,40.521269,43.5957665,45.09422693,53.85388568,70.51173827,43.18654311,24.1933896,22.47494307,23.75193528,23.02997259,27.16853395,19.8647261,21.40403612,21.97399051,22.17052919,24.37688152,25.16679317,27.81400853,25.6815823,23.92630027,24.94485122,25.3082497,27.88463978,26.7129872,26.38220447,28.13801091,30.56525671,30.75760626
USA,71.04632224,75.26178333,75.73374388,80.48866253,83.34388438,86.34544158,83.70822235,87.22888543,88.06315348,86.96943565,87.67668434,91.11707885,95.79130338,94.83886997,92.28667856,90.47470672,89.88468586,90.17645152,91.63124374,92.94553229,94.35486599,89.23800767,92.61092632,96.1092728,96.79606787,103.684613,110.1617105,112.619055,113.6908621,117.5399525,114.7914257,119.1776729,118.2431638,120.9945322,120.1830353,130.1685995,137.6657111,146.5798622,157.804657,171.6142647,162.620242,170.8494347,162.4043445,177.4001193,184.805504,188.6330738,198.2839028,206.3513373,185.1255933,187.4799632,181.9206665,174.4745591,175.4438436,184.1629217,184.7940213,183.6321634,186.327051,194.0909967,183.0540018,194.7352589,217.2643434,219.1259401,187.0873554,191.0753901,195.8750757,201.2661307
UZB,,,,,,,,,,,,,,,,,,,,,,,,,,,,,,,,,,,,,,,,,,,,,,,,,,,,,,8.256548834,8.880877152,9.108339741,10.34470028,13.56264489,19.55207978,24.79786935,30.48413739,30.54292386,31.25553327,32.79496309,31.45110911,31.20901607
VCT,,,,,,,,,,,,,,,,36.52763526,30.9659737,26.92236229,29.21825055,28.31316503,30.60063485,31.88326175,27.33974973,29.55047542,25.02362615,27.29987262,24.90985358,27.86563747,29.41257201,32.73960555,31.48399821,34.68868089,34.43729347,34.40720283,36.48397912,40.67133916,44.56079194,47.62167458,48.21911833,51.72114054,51.24287477,48.52935884,48.09423564,46.37664205,43.31809712,43.31345653,44.61127613,46.26822601,46.40558433,48.55204837,49.00963614,50.19524709,51.49668609,49.75579074,49.25450291,49.46079955,48.05928264,46.70702222,44.43152168,43.61282187,47.51783167,46.2241449,41.18967654,39.7035965,36.66227124,36.56690567
VEN,15.6752756,14.80905861,14.22523285,13.88212266,14.75488958,15.59419908,15.26267841,15.79027027,16.27195216,17.08791565,16.72638155,16.79284577,18.22265943,19.38924003,16.91278935,24.30066555,29.15857414,29.99576124,33.45971844,28.47793123,27.46558825,26.69651623,29.24231292,30.66115418,24.67269897,24.88022361,30.61324033,28.89741981,29.99233925,20.18590258,16.58778876,18.41384274,18.58833741,15.76515021,9.198434337,8.655919769,8.126613469,12.60689645,12.04051444,11.21428579,10.48384232,12.37006674,10.12716637,8.906126215,11.08177213,13.21487177,17.03713287,23.48117247,21.46967381,23.61362868,18.85433542,20.47422565,23.87297589,27.47279942,,,,,,,,,,,,
VGB,,,,,,,,,,,,,,,,,,,,,,,,,,,,,,,,,,,,,,,,,,,,,,,,,,,,,,,,,,,,,,,,,,
VIR,,,,,,,,,,,,,,,,,,,,,,,,,,,,,,,,,,,,,,,,,,,,,,,,,,,,,,,,,,,,,,,,,,
VNM,,,,,,,,,,,,,,,,,,,,,,,,,,,,,,,,,13.65691022,16.52946427,,18.48467225,18.67003595,19.84884112,20.12386314,28.18658706,35.25907401,39.29039363,43.13077449,48.37235081,58.72243079,60.46678778,65.35954237,85.63968738,82.87277097,103.3223538,90.3531701,79.94308182,75.54939137,77.55811082,80.00103149,90.39922733,98.85896077,103.9720323,105.2759847,108.0319009,115.5253499,124.2828987,124.9614788,,,
VUT,,,,,,,,,,,,,,,,,,,,30.24390613,31.97196713,31.37526268,29.52614379,29.9382769,28.05328869,27.34568343,29.52528608,30.20541775,30.9420658,31.28099821,33.97480904,30.37389371,35.88219663,35.36552347,33.88821497,32.91310414,34.17061644,30.96921471,32.46386821,35.95987628,31.54611255,33.43318837,37.09012667,38.54497072,39.79175306,43.59995365,42.44131575,43.79495633,55.05525116,64.83207945,67.58730771,69.3541401,73.70882013,63.78439785,66.49260679,61.95064745,59.40854882,56.83298237,54.38400559,52.12842853,53.82089867,52.95147011,50.60063822,50.29417804,48.52231222,
WLD,,,,,,,,,,,68.81028162,72.24337811,77.30552445,,,,,72.07925509,,,,72.81777669,75.53162967,80.1446352,82.67042743,87.54898181,98.56793328,105.0024373,109.5939205,115.0575142,,,,121.3731475,119.9359016,120.73523,120.1820714,123.0708337,128.77583,139.0020602,134.39255,123.4456402,120.5947098,124.3907903,124.2670753,125.1203747,127.7166488,127.9225622,119.8925723,124.4842918,119.2008466,114.5994752,115.4197582,117.4883695,118.8069186,123.1119222,124.550893,125.4241118,124.755658,129.2855601,144.7530921,141.7634573,134.4255445,135.9707942,140.3204509,
WSM,,,,,,,,,,,,,,,,,,,,,,,,,,,,,,,,,,,,,,,,,,,,,,,,59.37089059,57.19939746,57.04432211,61.98594054,63.55814205,65.12500353,67.81505831,72.85790155,72.12327575,75.6587264,77.64804712,81.5490929,83.25522043,87.01174257,94.89296627,88.93881052,74.14891232,69.94392918,65.48230992
XKX,,,,,,,,,,,,,,,,,,,,,,,,,,,,,,,,,,,,,,,,,,,,,,,,,36.08842579,38.70989649,38.68985681,38.47633464,37.8965812,36.6983135,37.01186277,37.29575218,38.95386536,41.66074258,44.4606205,46.67218235,51.62434242,50.7890551,52.78238542,55.04573482,60.71283071,65.61852841
YEM,,,,,,,,,,,,,,,,,,,,,,,,,,,,,,,5.219792103,4.94373538,4.65483189,4.846797084,4.202767195,4.604806156,3.014533477,3.888261825,5.349375629,5.246512816,4.860630017,5.734765817,5.801288281,6.366397792,7.16253623,6.939312159,6.913219608,8.184084966,7.704922009,7.735476025,6.28934065,5.068725811,4.645404088,5.636719541,,,,,,,,,,,,
ZAF,,,,,,58.71665774,57.40271894,56.83656314,54.80134075,56.18902217,57.63822908,58.12410416,57.2086915,57.94372482,55.0149344,56.69019855,54.7326943,53.87482241,53.40694358,52.06801055,50.08529948,53.92211796,55.29482396,58.84009293,61.75956616,65.19769036,64.85738405,65.22541338,66.75334619,69.14079289,71.93819892,,90.98307672,95.82825572,101.0586032,105.0070844,105.5438686,102.3654612,103.7189432,118.1744005,117.0953665,121.0697456,97.31737283,102.7677012,112.8209134,122.283168,139.0073677,142.4220455,125.9558803,121.0945463,124.0938999,118.970676,125.1677855,127.0292725,128.8383748,127.2032442,124.3604961,127.0302839,118.380858,117.1855569,109.0546914,93.19638974,91.56972876,89.71179959,89.44763602,
ZMB,,,,,,,,,,,,,,,,,,,,,,,,,,,,,,,,,,,,,,,,,,,,,,,,,,,,13.69295912,15.85901905,15.81697364,17.08812469,19.76483406,15.44212051,14.90601054,14.97371923,15.62618991,15.16355456,11.35950446,12.97508883,15.62630606,17.00737997,
ZWE,,,,,,,,,,,,,,,,,,,,0.007725797,,1.631430554,0.690890724,3.992056061,10.48467884,11.99341673,12.13666463,15.70636724,19.4247209,25.07505531,12.37787307,15.28016941,18.70296438,21.80452325,21.22153561,24.78966636,21.54412533,26.58076803,24.81536848,16.16161783,21.56289645,27.72454606,84.81336967,53.16830695,17.04796859,14.94854882,,,,7.159091461,13.54368902,18.98339797,20.14072421,18.73192977,19.21034541,18.31574378,17.0984957,5.810054181,5.83026743,3.428021764,3.642132035,4.759521822,5.826323074,6.477697265,,
