Country Code,1960,1961,1962,1963,1964,1965,1966,1967,1968,1969,1970,1971,1972,1973,1974,1975,1976,1977,1978,1979,1980,1981,1982,1983,1984,1985,1986,1987,1988,1989,1990,1991,1992,1993,1994,1995,1996,1997,1998,1999,2000,2001,2002,2003,2004,2005,2006,2007,2008,2009,2010,2011,2012,2013,2014,2015,2016,2017,2018,2019,2020,2021,2022,2023,2024,2025
ABW,,,,,,,,,,,,,,,,,,,,,,,,,,,,,,,,,,,,,,,,,,,,,,,,,,,,,,,,,,,,,,,,,,
AFE,,,,,,,,,,,,,,,,,,,,,,,,,,,,,,,,,,,18.43832383,18.51293569,18.71499574,17.93424713,19.19330684,17.45676866,18.03532334,18.00023306,16.96418962,17.55008824,18.30940598,19.03668895,19.4802019,21.2249386,23.74314806,23.91958625,21.34896309,21.83465792,22.19779681,22.60527296,23.1851832,22.6383363,22.12871906,21.73110374,21.2100174,21.35527397,19.61759031,19.40578142,19.49541231,19.58256504,18.61508228,17.93173063
AFG,,,,,,,,,,,,,,,,,,,,,,,,,,,,,,,,,,,,,,,,,,,,,,,,,,,,,,,,,,,,,11.45562833,12.98670367,16.66847171,15.24357655,17.0345351,
AFW,,,,,,,,,,,,,,,,,,,,,,,,,,,,,,,,,,,,,,,,,,,,,,,,,,,,,,,,,,,,,,,,,,
AGO,,,,,,,,,,,,,,,,,,,,,,,,,,0,0,0,0,0,0,,,,,,,,,,,,31.26989135,30.34419309,31.18053045,28.98499667,22.88872551,26.25037611,30.58105967,43.00039714,28.91945189,27.4418409,27.78888117,27.1594385,28.43275736,29.07212075,29.63480859,28.70570322,23.89411373,24.45135591,19.66567476,16.21942019,14.46537032,12.42119329,10.62275443,
ALB,,,,,,,,,,,,,,,,,,,,,35.14548255,32.1448264,34.49230123,36.69191551,38.34723543,33.45274869,32.09443393,33.56887838,32.68150975,32.47762018,30.36094681,7.603111096,5.656684102,13.67613745,18.8965849,23.48886714,22.82774758,20.81524715,22.2095425,24.31548359,32.383471,36.87448584,36.02251685,36.18441077,38.17111364,38.45288852,38.37330646,36.44509205,35.06199285,34.46966714,30.17462318,31.69034618,28.62308041,27.80694496,26.5299242,26.08104053,25.6267467,26.25966857,25.91958386,24.6048342,25.19757554,27.21505618,25.69481294,24.28651459,24.35524611,24.26641509
AND,,,,,,,,,,,,,,,,,,,,,,,,,,,,,,,,,,,,,,,,,,,,,,,,,,,,,,,,,,,,,,,,,,
ARB,,,,,,,,,18.04683268,18.40369025,18.14273141,16.92803979,17.64047408,18.4684761,15.09231585,24.07937208,26.44823392,28.73883792,31.97659893,27.23570474,24.58090944,28.36746723,31.83881425,32.31527201,29.41291729,27.53582243,29.0348335,25.83874112,24.38668718,25.50236856,20.2623981,22.7810144,23.52225674,24.31030327,23.15228202,22.13344479,21.01979595,20.69145333,22.11855001,20.28223356,18.34935966,19.46833743,19.94209887,20.12502179,20.02594183,20.06134478,20.60515714,22.59682822,22.78514198,25.02979457,24.24681715,22.15618865,21.1313481,22.29082989,23.14383913,25.57137281,24.22889654,23.56480807,22.56108499,23.09443128,22.14998729,21.30594118,21.1936356,23.29104759,24.44039297,25.05550879
ARE,,,,,,,,,,,,,,,,,,,,,,,,,,,,,,,,,,,,,,,,,,20.97810403,21.07143859,20.79145662,18.68413093,18.37912798,17.57821191,23.57302512,22.3738986,28.9130022,,,,,,,,,,,,,,,,
ARG,23.47876828,27.76589541,21.73050328,18.27251579,17.17889981,19.22342519,20.54254663,21.21503579,21.69049729,23.9906052,24.44009525,24.11303242,23.89154462,20.89381153,22.26033179,29.44104696,30.72943959,30.9416888,27.82189321,23.91514081,25.25778629,22.69108872,21.75494795,20.88775231,19.96409245,17.58906692,17.46176421,19.554866,18.6400389,15.51469828,13.99698158,14.6369774,16.70240577,19.05643407,19.93897526,17.93774611,18.08218126,19.37012354,19.93496169,18.0140244,16.19264939,14.17911832,11.96064809,15.13750756,15.89378728,17.3511469,18.33118672,19.51607916,19.01016098,15.58175264,16.64146616,17.2482847,15.85752542,16.28951119,15.97995408,15.56474508,14.27236275,15.16219875,15.2510495,14.19904614,14.28250537,17.29063258,17.61779019,18.49302899,15.90356666,16.00003475
ARM,,,,,,,,,,,,,,,,,,,,,,,,,,,,,,,44.34506062,28.47283222,17.06695896,12.45540381,20.23628063,16.15395543,17.88451095,16.20419366,16.21597597,16.41956918,21.71400015,20.83744658,24.8429527,27.08676191,28.1078274,35.09419069,41.85068025,43.50453186,46.83331579,42.88387857,39.37510944,30.73674486,23.59883562,21.212512,19.99505739,20.6125616,17.35771966,17.648376,16.74091087,15.81559843,17.77392125,21.20394186,21.06911323,20.57366192,21.35504476,21.41552849
ASM,,,,,,,,,,,,,,,,,,,,,,,,,,,,,,,,,,,,,,,,,,,,,,,,,,,,,,,,,,,,,,,,,,
ATG,,,,,,,,,,,,,,,,,,,,,,,,,,,,,,,,,,,,,,,,,,,,,,,,,,,,,,,,,,,,,,,,,,
AUS,30.21816215,30.24259985,29.74292771,29.51406915,30.00657833,31.05437637,32.22081166,31.38753169,32.43428024,31.33650387,31.42316017,30.59705184,30.02712214,29.028702,28.44238564,25.81142441,26.17321816,25.74996367,26.28222188,26.6432902,26.36994177,28.3547755,28.91065497,26.51142929,26.00483311,26.98367594,28.10396711,27.89808695,27.72666572,28.66142202,27.62356228,24.53485744,22.80648776,23.45295472,23.93052649,25.05723934,24.11138816,24.00091116,25.11567074,25.32969882,25.89196542,23.15820217,24.25546236,26.00703094,26.58806592,26.96762431,27.74128666,27.34717558,28.14940816,27.51298878,26.94613524,25.94328683,27.31759085,27.72863956,26.75823016,26.11138058,25.28410439,23.97442501,24.38638801,23.32198743,22.72793546,22.58263061,23.11568906,23.19324738,24.09197675,24.32871747
AUT,,,,,,,,,,,27.63187127,29.77425529,32.29654912,30.47632828,30.3614122,28.49347488,27.82806966,28.69949222,26.70022861,26.97750981,27.71229533,27.62026972,24.9152895,24.03775981,23.53299212,24.171501,23.95985379,24.53467295,25.29187265,25.55111119,25.75103147,26.84209691,26.42441171,25.90388399,26.55690275,25.68143529,25.97923942,25.54107351,25.58285019,25.0791471,25.70604997,24.92791306,23.62307749,24.19412123,23.76824666,23.23458642,22.8306808,23.13939735,23.53379701,22.6637108,21.86115542,22.70735925,22.95274343,23.31211015,22.96717884,22.8959622,23.32191024,23.84594512,24.31359376,25.08011172,25.1342567,25.86465416,25.21272038,24.68755842,23.54791121,23.52671002
AZE,,,,,,,,,,,,,,,,,,,,,,,,,,,,,,,20.25920873,11.45209581,21.81697475,20.95382166,26.25871364,15.64345299,29.10780941,36.99141943,35.51415451,28.51050303,23.13643204,22.88170667,34.08,52.88183027,57.71025298,41.30884408,29.70095273,21.39948167,18.5787748,18.81943177,18.16672554,20.17760455,22.45518662,25.79388814,27.43039375,27.82530342,25.03458822,23.81720782,20.69407681,21.1295518,22.66647928,16.22712525,12.01162625,17.40061594,17.60856816,16.29161696
BDI,,,,,,,,,,,,,,,,,,,,,,,,,,,,,,,,,,,,,,,,,,,,,,,,,,,,,,,,,,,,,,,,,,
BEL,,,,,,,,,,,26.92219551,26.17319199,25.29276934,25.35429554,26.9000679,26.58318248,26.02409434,25.51081436,25.51102238,24.35284722,24.81975737,21.55826799,20.29564008,18.72058051,18.36695069,18.82190099,18.66555342,19.10863019,21.07564173,22.83655658,23.98038129,22.39168582,22.09815151,21.31809101,20.79848278,21.23174074,21.18466301,21.8542937,21.7804885,22.16653543,22.50706383,22.39027083,20.69642412,20.49418884,21.46185041,22.15389359,22.32543906,23.29301444,24.11814191,22.55005178,21.93824289,22.79000616,22.82362324,22.15585114,22.84091967,23.1519861,23.51982218,23.50415149,23.77498358,24.23120988,24.03387249,23.91638567,23.91611424,24.17458024,24.27798488,23.89457074
BEN,,,,,,,,,,,,,,,,,,,,,,,27.05232804,16.62673771,12.47550605,8.748403367,12.83768938,13.37416552,15.08535043,12.45710965,12.62154628,12.95583104,13.41680751,13.88251853,16.24278327,17.56486738,16.34026602,17.22596062,17.27875476,20.05968561,18.72600357,19.06306631,16.91268416,17.5433639,16.08666085,15.04108686,14.16144095,17.05747393,15.84500887,16.56555047,17.64999674,18.226328,16.2040296,20.70826275,21.6376627,20.49573923,19.72249305,23.4384504,25.90056276,25.17325563,25.20651739,28.44744444,30.73287577,34.12177731,34.66631864,35.4311376
BFA,,,,,,,,,,,,,,,,,,,,15.54795023,14.1196847,13.80871586,17.21710279,17.26397342,14.85305278,19.1403974,19.14394292,19.965683,18.45522718,19.6549793,17.74093187,20.00185363,19.49376999,18.75298704,25.7157288,22.47980673,22.55213559,24.22601591,22.37186228,17.09129272,16.49092883,13.66418715,13.35961387,14.39923886,15.63492283,15.4378656,15.89519415,18.18322396,17.30189639,18.79157105,20.12277427,21.11375025,22.15505363,23.48258207,18.66126058,19.14721161,20.2451558,20.8835009,20.15229636,18.84015652,17.75689484,18.10793988,18.14625725,18.36619179,17.20086765,16.72921771
BGD,,,,,,,,,,,,,,,,,,,,,14.4393913,17.15576644,17.36327909,16.56273677,16.48425757,15.8309437,16.17645483,15.47344203,15.73598307,16.12091443,16.45867552,16.89594746,17.30502928,17.94683201,18.40255619,19.11979582,20.7299506,21.81621451,22.12141282,22.7213703,23.80856257,24.17430673,24.34141614,24.67918886,24.99183394,25.83043551,26.14414575,26.17849707,26.2022714,26.20605702,26.24665618,27.42097337,28.26233501,28.38962075,28.57787571,28.88668925,30.23976392,30.94687312,31.82257477,32.21373311,31.30794134,31.01873874,32.04727558,30.95120008,30.70049002,28.54110038
BGR,,,,,,,,,,,,,,,,,,,,,28.26482633,27.64730699,27.4792692,26.7467034,25.61141304,26.42064206,26.98863636,26.87262408,26.75847998,26.09340252,21.26513552,18.15390824,16.22411408,12.95471054,13.76074069,16.66868535,4.452339604,9.680981267,14.59377664,16.25535525,16.73118093,19.26591914,18.97727626,19.80514146,20.95072,25.66516793,27.43775265,28.28880702,32.97962383,27.78101204,22.18222771,20.83924754,21.12244097,21.1825267,21.06086015,20.8597785,18.41046508,18.30380607,18.82992432,18.71883846,18.99596276,16.28225819,17.0042274,18.728454,18.31254436,20.13225952
BHR,,,,,,,,,,,,,,,,,,,,,27.10302977,25.66421442,28.99250554,36.07652755,38.74788448,29.6933269,28.36013559,19.81102048,17.00046748,17.42338175,16.6447673,17.4048255,19.0130223,20.42919848,17.53968727,15.23885536,10.8902702,10.53233687,12.33843067,11.94049085,16.38842017,16.97367446,23.11181095,23.5722708,22.51388423,25.68651486,29.49945313,33.55127239,34.5226692,25.25991997,27.41173623,21.48707939,27.17295544,25.11251678,26.09021092,24.42366356,26.83237655,28.45552401,29.64739514,27.54537086,29.08552536,24.84181996,26.84918034,27.51335912,28.87649201,
BHS,,,,,,,,,,,,,,,,,,11.40252454,10.3195579,11.87050256,15.94398263,16.74728356,18.92542609,17.93051708,15.99627652,17.57228498,17.19716886,18.72144505,,28.6708034,25.62760581,25.41142211,26.13058861,21.33311772,24.17766186,25.43861184,27.68550845,28.11747911,31.16100462,27.67615798,27.99614188,25.40205799,22.89790973,23.04260723,22.01586034,26.1442427,32.34404583,29.38029862,28.28614858,26.77430084,26.69338415,28.3661604,30.30950338,28.31040638,30.2654613,23.58670676,24.78010925,26.46763451,24.42898153,24.20576938,21.9999614,23.30231785,22.55771113,21.77417771,25.74970946,
BIH,,,,,,,,,,,,,,,,,,,,,,,,,,,,,,,,,,,,12.26847306,34.03526728,34.21655688,32.56667167,23.89676236,31.1070294,29.01327818,28.96813327,27.76350784,26.91776429,29.37813539,23.26641484,27.43223873,29.38700866,24.17088521,21.19037904,22.45294603,22.31367103,21.45866938,23.40176998,21.35356159,21.09124457,22.18209775,22.82227039,23.06392152,23.15091338,21.62668317,22.57744969,23.79318392,24.36512397,
BLR,,,,,,,,,,,,,,,,,,,,,,,,,,,,,,,21.93995381,22.22222222,25,33.90862944,33.26027089,24.69790697,21.07913407,25.23103345,25.93465032,26.32697127,25.2015481,22.66904246,21.9847427,23.74824968,25.31735205,26.51662668,29.66076678,31.37632468,33.30374726,35.53743262,38.82708438,37.68588586,33.41611021,37.18684605,33.22436403,28.65431481,25.44007836,26.15798661,26.2274188,27.03453743,25.3653467,22.5711362,19.44771628,22.55536338,23.50659012,25.08219014
BLZ,,,,,,,,,,,,,,,,,,,,,16.56649223,17.72287152,15.71546671,13.1844589,14.27925245,12.24372868,12.34397689,15.47727553,18.53718602,19.57076685,22.05142705,24.20554429,22.99474453,24.97823378,18.30514305,19.46261881,18.13331293,17.69059006,16.49535492,21.3333416,24.79992103,22.13479148,20.04770353,16.95032467,15.77388834,16.54471374,16.75620139,17.59906697,22.04342411,16.53100961,13.87679301,14.24469693,13.54813966,14.66077307,16.46533774,16.36015884,18.02598266,15.41761008,16.58225445,16.75690979,17.15691116,19.93539093,20.51926535,20.50100764,21.13405167,
BMU,,,,,,,,,,,,,,,,,,,,,,,,,,,,,,,,,,,,,,,,,,,,,,,,,,,13.04302674,12.58254206,11.01442918,10.89311134,12.094597,11.89258583,12.80320862,13.76364473,13.4097576,14.74851703,12.23790408,12.90292491,12.70260987,11.21508516,11.03875263,
BOL,,,,,,,,,,,14.83198146,14.98924401,15.68779904,17.88144983,15.58558987,18.81832163,19.54561253,19.22237191,21.79330337,19.31049773,16.9190807,16.17380349,14.98695682,12.52967637,15.17689698,14.46359663,13.38158682,12.08552566,12.70120857,11.99131738,12.55848919,14.48402371,16.31557019,16.66438332,14.85147714,15.53352715,16.17636874,18.96895135,23.15321599,19.0973227,17.88747896,13.92677322,15.64964696,12.66392267,11.68712102,12.99084691,14.29667967,16.13959369,17.24871715,16.4792608,16.57224535,18.96562563,18.36287724,19.06008183,20.98204962,21.37105961,20.67048419,23.11766583,22.82329911,22.91420534,15.79373053,17.04314899,17.38066963,17.70805633,16.60881176,
BRA,,,,,,,,,,,18.83382251,19.90825494,20.33176656,20.36840996,21.84540424,23.32888529,22.41805602,21.3455067,22.26512497,23.36074238,22.67378128,23.43039931,22.25523897,19.43479702,18.74090871,17.91785449,19.96083966,23.17362585,24.34364824,26.90278704,20.6635852,18.1090137,18.42325903,19.28311611,20.74808454,20.28629762,18.64065378,19.12290113,18.5423485,17.01629422,18.30448803,18.4180865,17.92625082,16.60475915,17.32023332,17.05618346,17.21029958,17.99576134,19.38532956,19.10195804,20.53467365,20.60896421,20.71671277,20.91192187,19.87302891,17.83580705,15.52432732,14.55898652,15.09691196,15.47116974,16.56102156,17.91784905,17.80040239,16.41097511,16.90936132,16.83902523
BRB,,,,,,,,,,,,,,,,,,,,,,,,,,,,,,,,,,,,,,,,,,,,,,,,,,,,,,,,,,,,,,,,,,
BRN,,,,,,,,,,,,,,,,,,,,,,,,,,,,,,11.13243125,10.8883468,12.14908655,15.37633433,19.62427387,18.10879847,22.53987421,27.57809826,23.67095209,24.67193697,15.588759,18.64919484,21.06258181,33.79787685,21.92381653,19.53785752,16.10423637,15.19736036,19.76227309,20.6452002,26.21346596,23.53213958,25.91402053,32.76609054,39.45760176,27.27830211,35.02798519,34.36847535,34.58756769,40.89148804,38.50702739,40.37762875,31.08439132,25.67803325,29.42540136,27.69775102,26.91452271
BTN,,,,,,,,,,,,,,,,,,,,,32.84829575,34.47011114,36.97628525,40.88931959,38.27144671,45.51838741,42.72626997,37.14247687,39.79317268,36.62291685,23.54882031,34.38148568,40.79001539,42.92842546,42.82589036,42.31770753,37.75735903,32.67821892,34.17130444,40.03437752,52.3538772,62.23825397,67.93486875,66.51477893,68.93443326,61.71060973,48.27469707,40.22476021,45.2241686,49.7747232,62.73690059,67.79043837,69.15492624,63.35056632,54.62804126,56.1511419,56.92566527,54.26420338,53.60363352,45.79967956,38.57053483,43.98969894,55.10768815,44.60665446,42.14550629,
BWA,,,,,,23.32317073,23.17073171,22.47351336,20.84210526,24.48244824,34.5177665,45.98017621,46.22344611,42.46090292,32.91656648,26.61336379,24.93044822,25.5095332,28.80662644,31.47261299,34.5157965,35.77629382,32.17070954,27.2310145,26.33065392,22.82939249,22.36424777,27.5284134,29.95678068,31.43774493,32.35588137,31.27121036,29.5505207,26.94625311,25.88197226,26.9776273,23.01348442,26.17335414,28.11252717,26.67991515,25.14247788,25.91849909,27.47239656,28.01585283,27.84177356,25.33981253,20.26153137,24.56792259,25.38575028,28.33510353,26.76489412,30.19829213,31.46583173,27.58975352,25.43543744,27.10328568,24.51917227,24.17917645,26.3934732,28.84966512,27.63081994,26.39405425,24.41313513,25.484374,28.45919449,28.22582124
CAF,,,,,,,,,,,,,,,,,,11.63417164,9.072392339,11.20295257,6.947743162,8.050846484,6.384706161,10.47807511,12.12773749,12.39985073,12.86463037,12.85552803,9.848492892,10.46225682,11.81272387,12.17679319,12.13599377,9.859625576,11.93501151,13.05391158,6.696014649,7.838583965,8.249939108,12.9619644,11.07229594,10.24082921,9.624946666,6.404792507,6.812138026,9.864817356,10.23421102,10.68724058,12.72838729,12.92174239,16.13642323,13.4133986,10.76960051,6.349848525,21.15590576,20.57277537,20.87763843,24.23802733,16.39798,14.38813,18.29877,15.72306,14.93227,14.59484649,15.12661217,14.78257706
CAN,,22.36229804,21.71167578,21.53880824,22.88601675,24.22292424,25.16053294,24.115857,22.53229015,22.45228304,21.86168539,22.72957793,22.43187246,22.9113433,23.63153568,24.34565116,23.97663334,23.464643,23.11348839,23.46216064,23.97463101,25.01968194,22.56859558,21.02341236,20.15970181,20.70648185,21.03659116,21.86002619,22.62870597,22.96140886,21.70464169,20.26367501,19.38530363,18.6566395,19.39424626,18.34730003,18.80676968,20.30012262,20.55493771,20.19029288,19.59933566,20.15176469,19.97488458,20.01236906,20.87458122,21.83724505,22.88474439,23.33899573,23.46896039,22.30692716,23.46115247,23.51037613,24.49428031,24.1873901,24.38930492,23.85055797,22.77235397,22.69627953,22.67606995,22.57992849,23.18420521,23.78933305,23.08270543,23.04039423,22.91015975,22.90232822
CEB,,,,,,,,,,,,,,,,,,,,,,,,,,,,,,,,,,,,21.55447468,23.16549619,24.36937962,24.95317032,24.77485195,24.50108821,23.51076365,22.6647456,22.82801813,23.03073096,23.58410132,24.80670766,27.24209655,27.47402999,23.66721368,21.86597601,22.39606181,21.72958866,21.2342865,21.7046123,22.17920693,20.47313546,20.37324087,21.17057906,22.08935355,21.69057421,21.38944114,21.66830457,22.5234378,21.28716274,21.35808978
CHE,,,,,,,,,,,35.18744336,37.39217476,37.94369505,37.55805514,35.23099424,30.69805156,26.32283348,26.51258334,27.38454437,27.88720835,30.39720748,30.79516684,29.24992549,29.93459476,29.68003606,29.92890998,30.59620404,30.94005629,32.66689888,33.27018583,32.7237313,31.29718425,28.23555323,26.45627896,26.79659692,26.60871505,25.4833436,25.65042958,26.88995993,27.20085284,27.52920298,26.91507638,27.10071553,26.56961693,27.37095255,27.26453529,27.06799701,27.23127793,26.89785549,25.37213793,25.36827759,25.61241351,26.15402836,26.15236966,26.3235666,26.4939782,26.73411637,27.51543585,26.99993468,27.00187816,27.63339035,26.77501907,26.25619165,26.89208703,26.45017618,25.99662012
CHI,,,,,,,,,,,,,,,,,,,,,,,,,,,,,,,,,,,,,,,,,,,,,,,,,,,,,,,,,,,,,,,,,,
CHL,14.44827449,14.95619862,15.11463809,16.20668141,15.50367715,15.04595146,14.52658792,14.61010758,15.18285164,14.71686878,15.50251239,15.13532609,13.45163632,13.12919724,17.54691493,18.12699243,13.80801782,13.89648745,15.42165078,15.5303822,17.39643709,19.40764796,14.59253588,13.30975488,15.3860767,16.50727006,16.85492465,19.22103519,20.5783101,24.09216182,23.77097294,20.7492215,23.49843742,26.21888541,24.72099182,25.61946157,27.89726043,28.63484097,27.57859191,22.4124645,22.0430828,22.48808094,22.27450537,22.08962916,21.39858041,23.36879573,21.0647065,21.97984302,26.88106512,24.12031546,23.01546032,24.7203929,26.75266216,26.34868319,25.47353997,25.4703711,24.12919758,22.25766445,23.04979257,24.5476232,22.56054194,23.31217246,25.65405462,24.39753147,23.6573015,24.08696675
CHN,32.57543458,18.95127211,15.44596376,17.71950886,20.22700293,20.60435334,21.78610988,18.14524747,17.33421028,20.94527927,24.10114131,24.80688386,24.58760018,24.24595799,26.51548479,29.00209131,28.98870141,28.07846036,29.29147967,28.30487185,28.51015709,27.20883371,28.18565416,28.12319889,29.26516764,30.3746507,30.90283944,30.50455344,30.99970009,25.5610476,23.94215641,26.03337426,30.61592345,37.31075358,34.69450823,32.62805477,31.90958114,31.25023372,33.06989317,32.67504862,32.64717902,33.45988179,34.98786411,38.08468093,39.35053706,39.27032898,38.52157262,37.67098731,38.80308142,43.40976685,43.52018219,43.51539093,43.87370765,44.07554314,43.38034737,41.61667104,41.08058009,41.4184898,42.38037602,42.25034905,41.84941146,41.35212038,41.23293173,40.45443472,39.65193252,
CIV,,,,,,21.29547505,19.63433593,19.18168136,17.33921729,17.32127667,20.65622825,20.97659567,20.21025477,21.80289728,19.43166364,22.03714836,22.19030447,25.83160084,29.66120558,27.10165052,24.35462174,24.36938258,21.66411974,17.72200553,12.96537906,11.77108552,11.8174755,11.76969848,11.4848529,10.31752261,8.502141867,8.574199909,8.50242173,9.345464497,11.5492123,13.68612314,19.19350525,18.0276618,18.20578677,19.26633436,16.36206805,15.34076825,15.45886395,12.8438508,13.49333136,13.73747376,14.2436392,16.69714714,16.11778346,16.10816078,20.70317397,17.84705923,17.11227154,20.73120222,22.47607017,23.5616685,23.2965013,21.91091875,22.46655036,22.17664811,20.34476314,21.0571796,22.28952187,20.60274258,19.72198937,20.04443413
CMR,,,,,,,,,,,,,,,,16.38085955,17.15523358,39.67625687,45.11499569,40.60042758,20.02552846,24.57136558,20.59378481,21.11153717,19.38028093,17.18996846,24.79571834,24.53657747,20.7848137,18.16654893,17.33476457,16.64571014,14.30538628,14.78106734,17.17193582,17.33357065,17.51499258,18.16000905,18.56512711,17.50944651,17.49022333,19.23158532,19.51490012,18.36332315,18.8910238,18.58028377,17.85567821,18.58305078,19.8958105,18.59924321,18.52583587,18.93489064,18.19665798,18.39354376,19.436914,18.61178163,19.45761488,19.29614069,19.55004135,19.08850679,18.19229915,18.18953947,18.81642687,19.14696009,18.18190258,19.34255248
COD,,,,,,,,,,,,,,,,,,,,,,,,,,,,,,,,0,,,7.544642408,9.653606335,27.09570595,2.500000031,2.100000021,3.069010671,14.41831117,6.662787904,7.428933449,9.424783611,12.14211295,17.03808071,15.5353662,16.91645638,23.31125252,22.09726068,27.82496843,29.47187991,27.5116098,30.21450481,31.23932637,26.25397563,28.27741946,27.52911872,28.67115193,22.29934385,21.84540797,32.55839412,36.68315454,34.07555493,31.38464491,28.79028864
COG,,,,,,,,,,,,,,,33.56990901,37.40875803,29.72823411,26.01063489,23.3988885,25.96074349,35.76581576,48.16318996,59.73239437,38.43843856,30.39123631,30.28430264,29.45062753,19.72836302,18.61911988,14.50872395,17.23097113,19.65656303,20.58217414,28.94356006,52.93884116,34.30034558,31.7209356,21.59902633,24.33675333,26.58524805,20.91166848,26.26875946,22.54294741,25.48002788,21.90546992,23.42333118,25.35507741,58.68632809,39.54562085,52.82920501,38.77981189,33.86871681,38.15147808,47.06191186,54.82598071,78.00091728,77.8214899,36.66445802,26.34578193,26.11553015,23.25573046,22.13867637,20.6905597,24.90451981,26.53933987,29.08126185
COL,18.98503778,19.24582262,18.82347072,17.27629183,16.87771348,13.33818278,14.97168588,15.43122219,16.72880064,17.45041529,18.0156363,17.5140808,16.07792674,15.79865109,16.39132215,15.33640412,15.88874068,14.5302774,15.38196808,15.42079227,16.77467973,17.65446675,17.46251348,17.18478903,16.96991431,17.52892688,17.73897768,17.42026207,19.50061493,18.07051602,19.05249288,17.51471671,19.10497692,22.85074092,23.2882963,22.39616479,21.59582071,20.20562069,18.93646066,13.24785428,14.12931411,15.39953332,16.72529685,18.1097505,18.83175961,20.95615432,22.57759353,24.07737581,21.91378102,22.64670816,22.0429732,21.91582542,21.12520949,21.3383971,22.67050988,23.3747819,22.12965771,21.72279192,21.22787108,21.26910726,18.36207561,18.98973197,19.0704918,16.42408014,16.2164481,16.01012975
COM,,,,,,,,,,,,,,,,,,,,,17.11630734,17.11648451,17.11646166,17.11639063,17.11642145,17.11647149,17.11649331,17.11649566,17.11651827,17.11650958,17.11641253,17.116504,17.1164652,17.11647413,17.11647141,17.11642147,17.11648989,17.11642997,17.11640932,17.11640907,17.11642693,17.11646953,17.11644262,17.11645199,17.11646375,17.11644399,17.11645598,16.01074128,18.69449668,16.6441196,17.86243907,16.72721184,16.69606908,16.21639415,15.237497,13.4963324,12.47559196,13.32325981,14.75945763,12.62817351,10.9568843,13.26157644,11.93729487,12.1036211,11.99159357,11.84521409
CPV,,,,,,,,,,,,,,,,,,,,,,,,,,,,,,,,,,,,,,,,,,,,,,,,,,,,,,,,,,,,,,,,,,
CRI,16.09508715,17.21571295,18.5401345,18.2362942,16.37658485,18.57197309,17.16024705,17.99779844,17.2060003,18.09806698,19.46202834,22.11713698,21.91143893,22.15618336,24.02294259,21.98683707,23.43825572,22.36476855,23.02584335,26.16757799,23.89658333,24.05753122,20.31534775,17.99457135,20.0468803,19.32085623,18.66462432,19.79138477,18.93131181,20.47938688,22.39096686,17.00509432,19.3713111,20.39289278,19.98613705,19.79151607,17.95231909,19.26964018,22.1180457,21.08700812,19.68958195,19.83481613,19.7839964,19.79017538,19.87815593,19.95180297,20.29306693,22.36499942,23.74497136,21.00356279,19.45640914,19.43251564,20.0288558,19.81561009,19.83994966,18.98892616,18.82454314,18.17776082,18.29052957,16.469033,16.25116909,17.07140115,17.32009786,16.6428398,16.29621033,16.25424273
CSS,,,,,,,,,,,,,,,,,,,,,,,,,,,,,,,,,,,,,,,,,,,,,,,,,,,,,,,,,,,,,,,,,,
CUB,,,,,,,,,,,25.42307708,25.42727635,25.42954036,25.42592124,25.4200335,25.41261274,25.44827159,25.44086407,25.40782168,25.39059587,25.37551071,25.62656614,25.40382325,25.24261151,25.30446942,25.30008475,26.88184316,24.29010752,24.43655356,25.61375755,24.51590227,22.62295271,15.60860416,13.68180437,8.193954579,7.754024419,11.66789375,11.74410941,12.13071116,11.60248421,11.87682805,10.78611469,9.151694676,8.202789879,8.474465356,8.961435812,10.40141972,9.688433705,10.82700312,8.675902062,8.646312648,7.711262502,7.761720512,8.243894851,7.303849306,8.64312865,8.811386733,9.874998288,11.44727223,11.21170751,9.814442209,10.49928652,11.48535839,12.85637621,12.75635223,
CUW,,,,,,,,,,,,,,,,,,,,,,,,,,,,,,,,,,,,,,,,,,,,,,24.89456088,24.82796767,26.22250503,28.0465653,27.2986548,27.45270612,31.10089524,26.99993022,28.86877814,26.50858781,26.24189283,29.26565968,28.72641588,34.04735711,,,,,,,
CYM,,,,,,,,,,,,,,,,,,,,,,,,,,,,,,,,,,,,,,,,,,,,,,,,,,,,,,,,,,,,,,,,,,
CYP,,,,,,,,,,,,,,,,19.64981032,21.0542119,29.44929606,33.64264844,34.85233216,34.1970288,31.49543049,29.72973235,27.79977296,30.843426,27.1893124,23.98650971,23.47488973,24.59041011,27.53333979,24.60773852,24.30926913,25.6501985,22.63413479,20.58509348,25.20154487,24.06828702,24.55429582,19.68163903,21.33760671,20.0836358,19.02272361,20.94763863,20.28618734,20.64573436,21.52668947,25.07756097,25.54834089,27.18330901,23.43934291,22.39315328,18.983541,15.46179268,14.07952486,13.30433988,12.83300471,18.03462808,20.79473753,18.58061932,18.68391988,20.81838456,19.21713285,20.36535248,21.98672561,20.548534,20.03448295
CZE,,,,,,,,,,,,,,,,,,,,,,,,,,,,,,,24.65530511,23.47822586,27.20688453,27.66695507,29.15175486,33.48165049,34.16320938,32.31737122,30.83982361,30.01590014,31.10584656,31.00007949,29.63446388,29.25158399,28.5804642,28.52485926,28.15107817,29.66655595,28.90567184,27.18415006,26.52196208,26.09834801,25.37511054,24.77537238,24.7408229,25.67646206,24.30934766,23.72740641,24.84566106,25.77204553,25.53536029,26.23695752,27.68776511,27.94086679,26.50247116,26.40839918
DEU,,,,,,,,,,,29.25198523,29.9479138,29.28693226,27.68723631,24.92777954,23.63488899,23.45622448,23.73987941,24.28424135,25.19672073,25.89506037,24.73051681,23.33301474,23.56361289,23.10643625,22.59676211,22.47424036,22.63065355,22.88311474,23.56238058,24.37217566,24.83950214,25.00850932,23.96172625,24.02471137,23.46465396,22.93291368,22.57261664,22.70087178,22.83347134,22.88294845,21.54336311,19.88670301,19.26388226,18.83146391,18.76442033,19.46240592,19.71517021,19.96303992,18.83819773,19.18616122,20.00811821,19.96631277,19.57714688,19.78257446,19.74775107,20.04384688,20.13392897,20.81752343,21.15229781,21.34267631,21.18150415,21.60104678,21.19168774,20.46031735,20.31255663
DJI,,,,,,,,,,,,,,,,,,,,,,,,,,,,,,,,,,,,,,,,,,,,,,,,,,,,,,25.02587108,28.04091176,30.33558946,27.72287723,26.11206826,28.49375868,29.79521014,30.06819315,29.6579988,28.97631423,24.64590783,24.16494691,25.46294521
DMA,,,,,,,,,,,,,,,,,,,,,,,,,,,,,,,,,,,,,,,,,,,,,,,,,,,,,,,,,,,,,,,,,,
DNK,,,,,,,24.56168293,24.71644163,24.05775054,25.30172577,25.23250036,24.68492458,25.81962468,25.70674867,24.84320696,22.33877357,24.20775681,23.44785978,23.00531001,22.33329213,20.47736798,17.29123323,17.94851566,18.19410184,19.07414143,20.73382536,22.65455143,22.38553543,20.84536809,20.76928129,20.41805651,19.57831944,18.68888496,18.06377726,18.30431467,19.456007,19.58969145,20.79481837,21.53456158,20.89241535,21.45958661,21.26379179,20.58711393,20.69764567,20.65793992,21.17237973,23.27476471,23.49838631,22.93938775,20.10243138,17.99391446,18.14753095,18.79864356,18.80653812,19.33425699,19.8029126,20.98488206,21.23038287,21.76294543,21.35340899,22.18442448,23.20623783,23.08974209,23.53053567,23.33203841,21.8499949
DOM,11.25818468,8.408497658,11.07875258,14.14753552,16.70241973,10.03265398,14.35105194,14.84344801,15.84653878,15.60341325,16.55624369,17.62562256,21.46759585,21.23021153,21.99815429,22.30309513,19.74637479,20.4756382,21.79460967,24.27302321,23.42005236,21.89438324,18.03710961,19.08550496,17.58923011,17.08343355,19.28352693,22.55459841,22.93094962,25.47552402,23.06135409,14.54052833,16.01532737,16.96017742,17.97938456,17.88775922,19.19019619,20.14011673,25.28227056,23.15008357,25.04435713,23.57825989,24.75224704,20.05372035,20.43936113,22.61261991,25.88014001,27.03742999,28.01608958,22.99268488,24.92005174,24.37784399,23.64417637,21.82225695,22.19851166,22.57738623,22.16851061,20.9638453,24.82057524,24.98431382,24.8098539,28.94956121,29.96700548,28.98354844,26.12109216,24.86974052
DZA,,,,,,,,,,29.49808326,34.1502687,33.27672055,32.32349955,35.93697968,30.78194891,39.05963563,42.53745743,44.15504482,48.58504007,39.34522258,33.78461421,32.91535946,34.44123299,34.36029067,33.48280978,32.44078221,34.45742706,29.68798273,26.23748182,27.12024555,26.97013325,25.86145698,27.0749862,27.00686015,28.4009383,29.13694429,24.87937806,22.95158624,25.74809903,24.39007744,20.67724276,25.12438402,27.12319349,26.11910905,26.10143953,24.83338499,25.16692939,27.99862372,30.03976757,38.77385347,36.82474542,32.55504196,32.37227747,35.54827249,38.59920384,42.8089904,43.38669353,41.5075398,41.0086253,39.87225001,39.08982169,35.11750351,30.38479045,32.72236868,35.19785395,39.39828474
EAP,27.56894164,15.86404619,13.90136294,15.95105603,18.25009638,18.67191607,19.70146363,16.63213302,15.79072133,18.69956674,22.20476406,23.00576176,23.05263017,22.52448093,23.54506298,25.82244821,25.12858514,24.71284269,24.72280696,24.45167266,24.77408617,24.3271492,25.07133419,26.31655251,26.41693826,27.25004469,27.03527647,25.6068632,27.44044141,26.27131142,26.84312662,28.47053334,30.37400108,33.80937274,32.96689564,32.53098759,32.27077543,30.87967356,30.39913612,28.9317129,29.40585947,30.36871712,31.31562699,33.59439113,35.07189534,35.42642835,34.85066985,34.49882022,35.75938272,39.91552235,39.9053096,40.10811687,40.8100647,41.10170297,40.70604279,39.49359691,39.00297645,39.29420309,40.21584867,40.00060188,39.63146621,39.43947954,39.13957859,38.40294644,37.66418556,
EAR,,,,,,,,17.59059964,17.59829246,18.27215878,18.79557521,19.06050131,20.1661607,20.11918543,19.28949028,23.43219243,25.7174686,26.517643,26.59743477,23.701719,23.30735447,23.65391175,23.55447352,23.98044973,23.09316066,22.20933427,22.88148387,22.25193745,21.81891999,21.39107226,21.64514838,21.74142109,21.69291384,21.50798284,21.72062423,21.24535332,21.83950194,22.21655505,22.16396542,21.3919903,20.83227933,20.89001102,21.08051396,21.52972984,22.76204236,23.35734497,24.22471159,25.57926447,25.60376075,25.19906353,25.04048739,25.79081034,25.57370104,25.33952455,25.25256158,25.45657555,25.2292582,25.09311916,25.45910098,24.98008329,24.32734947,25.09115963,25.92521581,26.50119051,26.41028681,26.15956715
EAS,53.92061655,33.91558873,29.61378986,31.38397062,33.5352865,35.20507221,35.67417183,30.30328444,28.53881963,30.41680313,32.91744682,32.44517957,32.83695383,34.47110977,33.46433716,32.1968205,31.24904489,30.65799315,31.73649573,32.52013662,32.2526465,31.6269211,30.7529072,29.56271973,29.23259061,29.6853528,29.98883518,30.56388972,32.28747228,33.21337402,34.1545215,33.97741353,33.12638604,32.92359004,32.06535901,31.9509379,32.49448992,31.46296984,29.96719782,29.28055559,29.40052435,28.8013009,28.21071471,28.62082969,28.98342758,29.53295507,29.84669071,29.75408975,30.63376103,31.9114299,31.79904373,32.45632863,33.35396084,34.44428594,34.71620772,34.27895263,33.7923431,34.23411443,34.9993744,34.97863265,34.85748925,35.09040623,35.24356037,34.66521706,34.12935718,
ECA,,,,,,,,,,,,,,,,,,,,,,,,,,,,,,,21.85127123,22.08789235,24.25679193,23.94527322,23.34517839,22.90563003,22.7301678,23.0631783,21.67424746,19.90451187,22.02415041,19.62080427,20.45330102,21.71143365,25.35553849,26.23840525,28.03328451,28.11693057,27.19931762,24.04931357,24.44618071,25.6408503,25.69264328,26.24787185,26.37197945,27.19156771,27.16081791,26.9612832,26.65488227,25.05160096,25.25136057,24.7088298,25.34805406,28.37787232,27.85513736,27.82297245
ECS,,,,,,,,,,,27.05083812,27.34353319,27.22294033,27.35420595,26.85038522,25.77783104,25.21851336,25.04251784,24.69758435,24.76054373,25.28762467,24.24808344,23.44366062,23.01329561,22.68200805,22.61152659,22.63474585,23.20670013,24.09725044,24.88346119,24.6135016,23.57599853,22.91153555,21.51999912,21.49472323,21.31971174,21.20578899,20.9032647,21.27864536,21.51648875,21.87845895,21.47560636,20.96474509,20.89769338,21.1397672,21.4525145,22.1298159,22.85479121,22.76314738,20.97012289,20.5434346,20.68573664,20.46404991,20.24979664,20.2453557,20.58745197,20.90623313,21.17841082,21.23796548,21.97837949,21.95636918,21.61782859,21.81275791,22.37538952,21.72262684,21.90691708
ECU,11.9989861,12.17290247,10.90930545,10.97965834,10.75040688,8.456920312,9.154889844,10.8052823,11.96907487,11.76124153,12.54695694,14.89207745,15.77604994,19.18398721,11.41270533,14.90330386,15.21057454,16.05633069,17.7122659,16.49517083,15.5504888,15.68855528,16.55651772,12.64547361,12.84595119,13.55206275,15.31311927,17.12466694,15.65938939,15.9094638,14.38662608,14.15789279,13.51335466,14.31706637,13.96029196,13.59646673,13.15432276,13.37602936,14.8854083,12.78913394,15.0108795,15.29701901,16.71900297,15.43656674,15.76995982,16.29527448,16.57733351,16.46631484,17.43633954,18.1411515,19.71277185,20.94101778,22.13959238,23.92534647,23.48388927,22.54150461,20.71483378,21.46122862,20.9884221,20.6549278,17.99544243,19.2305888,20.57954939,19.87328202,18.96662095,19.93678152
EGY,11.52375751,14.18349093,15.1320223,16.20433947,17.87545788,15.81990731,15.43368912,14.15496292,11.5084679,12.36547168,10.95702149,10.5311491,10.14706291,11.59619715,15.31101556,23.84389251,21.62843421,22.39125933,26.99952916,29.38704972,24.62265867,32.09875036,27.38689036,31.48834586,29.28860759,28.78847185,29.75283447,28.58873786,34.12711039,31.16597403,27.29874739,27.06604444,23.29496765,21.09033505,22.8656,22.55941176,23.92689625,25.75434374,21.3460682,20.8140117,18.9499559,17.7256203,17.81472684,16.31137725,16.40222543,17.92014856,18.73077546,20.85123523,22.27805695,18.9119171,19.21100613,16.70921158,14.69516928,12.98645453,12.44600939,13.65440484,14.46814793,16.31335649,18.40898376,18.77233738,16.95868413,16.28521259,18.04399107,15.13185103,11.69813791,11.70531864
EMU,,,,,,,,,,,27.37889242,27.5784342,27.3690291,27.1700587,26.41308845,25.3455689,24.71186157,24.65171775,24.51818139,24.66944782,25.40940717,24.6772581,23.60527547,22.96799255,22.27615667,22.10696047,21.97324644,22.33615355,23.03661049,23.62759461,23.99483836,23.78955341,23.19393305,21.83315213,21.65743724,21.60377818,21.39229963,21.29320485,21.70666552,22.23062106,22.66715654,22.21275621,21.51481923,21.4095291,21.53789557,21.87141541,22.5284338,22.99669736,22.69364737,20.84641661,20.39223237,20.42427909,19.92494537,19.33100121,19.2834434,19.68609087,19.98578345,20.32033671,20.70504225,21.90389123,21.79909925,21.64813716,21.90233846,21.90479418,20.9662661,21.17980353
ERI,,,,,,,,,,,,,,,,,,,,,,,,,,,,,,,,,7.810856542,16.99501349,25.13739619,22.53669613,27.58925736,31.28072738,32.28685892,45.51417965,21.99675676,35.26062176,29.54893233,26.54396041,20.26292175,20.33943972,13.68111654,12.67357541,12.71354048,9.263795978,12.38540149,12.62631766,,,,,,,,,,,,,,
ESP,,,,,,,,,,,26.89114503,24.58969943,25.74785442,27.27435948,28.86326049,27.26322117,25.71268193,24.68312719,23.37277415,22.25806889,22.76523588,22.64417846,22.41542176,21.80286964,19.98238171,20.52048036,21.06546613,22.29821417,24.11949271,25.50277358,25.75307806,25.01846118,23.03060245,21.17268643,21.02188676,21.89680158,21.69605642,22.13861661,23.28339564,24.7406937,25.97267627,25.9006959,26.1773352,27.12390819,27.82530036,29.02840359,30.04549362,29.87580055,27.85662405,23.16219163,21.87421378,20.1470024,18.71059226,17.5983667,18.02995142,18.29894252,18.1917189,18.90619338,19.67390264,20.30501472,20.61593285,20.19953475,20.48823175,20.46581531,20.28783251,20.60857587
EST,,,,,,,,,,,,,,,,,,,,,,,,,,,,,,,,,,24.36013625,27.05281997,26.5046103,27.03013883,28.59618255,31.33680271,25.90499311,26.68719604,27.4503342,30.55281784,32.75095456,31.71449726,32.85643697,36.7942379,36.39057239,31.12901065,22.67714471,21.23326337,26.35564263,28.44042363,27.53276835,25.34276952,24.0517427,23.94490431,25.40394707,26.57605175,26.61533869,31.17536488,29.98213892,25.16082578,25.40868395,23.89654983,24.22458054
ETH,,,,,,,,,,,,,,,,,,,,,,,,,,,,,,,,,,,,,,,,,,,,,,,,,,,,32.10766647,37.09796197,34.08111832,37.9937253,40.67127298,37.34876297,38.44398716,34.16295511,35.26397562,30.57896866,28.02529541,25.34222683,22.16940396,20.57547232,20.11997216
EUU,,,,,,,,,,,27.30618367,27.44702732,27.30367196,27.10492521,26.36547118,25.28733261,24.74962358,24.6666716,24.43763272,24.59271894,25.26176841,24.40935241,23.40757719,22.84268037,22.23750557,22.17536894,22.07366741,22.46289727,23.13883583,23.80473598,24.18347543,23.77204908,23.11022987,21.67727052,21.52111509,21.50647787,21.38734801,21.35006487,21.79109314,22.27126689,22.70593263,22.24139847,21.5352798,21.42018553,21.54818836,21.88075916,22.61297507,23.25403864,23.04451516,21.05453993,20.51677545,20.59733648,20.12769819,19.55269428,19.59942433,20.01382953,20.19339249,20.49899101,20.90411017,21.99050187,21.90586061,21.80519372,22.04864475,22.1143807,21.17027617,21.31403336
FIN,,,,,,,,,,,27.90965226,29.22253899,29.67981333,30.64686865,31.78185467,33.47365025,29.90576133,29.19157711,25.88823594,25.2138858,27.31729055,27.12750585,27.42335016,27.80291604,26.33134987,26.66208673,26.14078754,26.9270541,28.17922278,30.56267176,29.67767468,25.87069828,22.2253674,19.17182572,18.67374181,19.29733683,20.52423586,21.36975913,22.21770142,22.44893134,23.0668837,22.87761128,21.6087308,21.78836495,22.26015963,22.920943,22.76858285,24.19717843,24.49537459,22.9565026,22.82098572,22.90860337,23.31493477,22.33153314,21.71674237,21.41993986,23.05242517,23.68917608,24.59326017,24.42079843,24.65617822,24.42073612,24.6641742,23.39847256,22.05309555,21.83412339
FJI,,,,,,,,,,,,,,,,,,,,,24.61115944,26.90340909,23.87282199,20.57432844,17.23516035,17.82892738,15.21516043,15.27436527,11.56462585,11.24108537,12.54040404,14.07933399,11.97898576,15.90882061,13.51614231,14.19033527,17.56829138,19.45254507,26.04658243,24.67685693,18.19276097,19.33545986,22.58804749,26.87333761,27.35505316,18.75992063,17.91313818,14.53833569,20.86056222,15.95452691,15.9384159,18.07641449,14.92649566,25.97291608,19.2526864,19.81142484,19.37389475,19.21743607,18.79652847,17.35760494,17.7062089,18.42071648,20.03047918,19.46491171,20.08790397,
FRA,22.88955365,24.24440861,24.10604802,24.93284054,25.90075901,26.28904522,26.62535539,27.0211095,26.73049528,26.44259775,26.1072334,26.31313741,26.42460996,26.68322221,27.26951285,25.81117881,25.43020331,24.49974861,24.03878021,23.93514573,24.78457953,24.25709755,23.61818059,22.21772728,21.47703959,21.28570634,21.27444466,21.90158718,22.63673825,23.16333522,23.38084214,23.15428141,21.9280863,20.46582659,20.1350361,19.7468962,19.46131663,18.96221915,19.34455882,20.17470548,20.8814379,20.86028824,20.33633135,20.49895063,20.83727938,21.25526454,21.89778685,22.5857089,22.93301351,21.44952357,21.48216768,21.69929278,21.65592493,21.26956379,20.95838616,20.55986968,20.92126011,21.42043361,21.87539007,22.41609554,22.43623085,23.48322873,23.48577082,22.83446749,22.09684654,22.0193072
FRO,,,,,,,,,,,,,,,,,,,,,,,,,,,,,,,,,,,,,,,,,,,,,,,,,,,,,,,,,,,,,,,,,,
FSM,,,,,,,,,,,,,,,,,,,,,,,,44.94095988,,,,,,,,,,,,,,,,,,,,,,,,,,,,,,,,,,,,,,,,,,
GAB,,,,,,,,,,,30.39105466,30.63747859,47.46543779,32.46431409,42.05004036,55.83910035,60.56181338,48.97131266,41.54302671,31.50791188,26.67551427,33.07289185,32.34081924,36.32283525,31.30060404,40.87304232,46.1016374,27.62851061,37.93888456,26.02770498,21.44884611,26.11860279,22.06369148,22.88939325,21.07219786,22.6769546,23.46196,30.15020452,38.41209907,26.16858187,21.90205643,22.74519248,25.10644311,22.63881283,21.49601272,20.98150201,23.16961739,23.64492696,25.02588259,29.52852496,31.40718532,28.680217,27.73728223,29.94537965,35.69513641,29.23095629,26.98226104,21.29646742,19.25823243,21.89879657,19.86346911,17.45655062,16.02694049,18.07606611,19.13522905,24.82591347
GBR,,,,,,,,,,,23.97757066,24.05022018,23.60986863,25.22243555,26.76833403,26.03345261,25.68780147,24.37990067,23.97945514,24.11727217,23.26683834,21.08433097,21.08703861,20.91878663,22.15861575,22.17282315,21.99320247,22.85245754,24.82854139,25.97846753,24.01668824,21.13011933,19.72976226,18.84723385,19.28178828,18.32414925,18.86321172,17.54649524,17.95236158,17.90868106,18.2268712,18.10677055,18.1258716,17.86547665,17.79876019,18.13006815,18.35475752,18.81978103,18.41261202,16.98885152,16.59280411,16.18113171,16.27215532,16.59458088,17.178062,17.94995477,18.56895232,18.96766294,18.69012078,18.83130689,18.22164803,18.53661246,19.00266142,18.89752936,18.66859604,18.88359369
GEO,,,,,,,,,,,,,,,,,,,,,,,,,,,,,,,23.38634238,19.37172775,16.3538874,3.059724704,2.646569877,4.032902674,18.56546207,18.45856989,25.55341391,26.20758199,25.44738297,27.23491459,24.48476931,27.3525531,28.16180288,28.786927,26.21338806,26.37903235,22.03838552,15.71333259,18.63997652,19.83091038,21.58413091,18.43789107,21.44252159,23.92013517,26.00244084,25.1354717,24.79275334,23.96279572,22.23280946,20.75809235,19.75015729,21.46007015,21.3178431,19.01855847
GHA,,,,,,,,8.776595745,9.411764706,9.995002499,11.99645861,12.44,8.667850799,7.654955727,11.90987124,11.62218436,,,,,,,,,6.852798445,9.529570206,9.295590671,10.36032172,11.23948341,13.15616414,14.3862086,15.8234155,12.73599429,23.78554273,22.57444765,21.13084872,20.29865858,23.83550385,22.36355227,20.4674438,23.09813093,27.1229213,18.77494577,22.93692798,28.37750668,29.00214064,22.46580574,15.38454499,16.49196394,15.47882959,11.76409219,11.97694023,16.10990938,24.03899898,26.42288052,27.01262554,24.82616879,18.88642524,21.19909375,18.03819368,17.66074711,16.75365045,16.20458356,9.867318425,9.741924422,
GIB,,,,,,,,,,,,,,,,,,,,,,,,,,,,,,,,,,,,,,,,,,,,,,,,,,,,,,,,,,,,,,,,,,
GIN,,,,,,,,,,,,,,,,,,,,,,,,,,,10.23814283,11.15376891,11.71875732,11.78468787,12.69838987,11.6079961,11.28965709,11.20315,11.82135531,13.91488508,13.1057758,13.46526347,12.26197357,12.96937846,13.43804676,10.63007632,9.806805539,13.58869769,13.54283094,12.72542006,19.95275809,24.66995872,22.58947508,20.93560311,19.13718924,23.60218868,25.11778155,23.42938647,22.71137065,23.96917417,52.41831913,25.76582414,19.46740955,17.79924111,16.57538689,15.02252636,15.21749545,24.50161136,33.17755836,38.0745728
GMB,,,,,,,,,,,,,,,,,,,,,,25.33389988,22.46033002,18.88316426,18.31340466,15.08618238,16.59925327,17.12583291,16.355963,20.36526023,22.34319427,20.33774598,24.78932969,5.277756134,4.685493621,6.903703396,6.779200574,5.175169509,4.884402019,4.755047184,4.562497397,11.17274014,7.278327629,10.03888601,14.31837652,13.83185067,15.69068531,12.56652088,10.52243473,12.8914138,13.87671053,12.89616829,20.87716865,14.71153313,16.6526122,20.34981404,24.91993419,22.95972668,20.87842426,24.65384316,32.34205469,30.37079025,28.62364921,27.44597499,29.93907429,40.38628422
GNB,,,,,,,,,,,,,,,,15.39744488,,,,21.83705955,28.1809614,25.74569314,28.25955476,22.66192623,37.7245564,35.10014046,23.77964044,35.21446273,44.7013023,38.98193313,29.92581868,30.9893744,48.39673917,30.85746903,21.77070417,22.30105475,23.0520755,53.86083598,30.51568519,21.86115633,19.94361476,18.76802945,23.47846727,27.52951898,20.8349347,18.13513114,19.96036838,24.14806248,17.23079661,18.25736059,19.36645239,15.72471446,19.20984137,17.64943044,18.43614583,16.19440983,17.97101803,17.9786141,19.02117377,23.90307681,25.40937253,21.24930716,20.6330286,21.32373686,23.33219966,22.29345889
GNQ,,,,,,,,,,,,,,,,,,,,,,,,,,,,,,,,,,,,,,,,,,,,,,38.80482498,27.14018535,30.19735145,28.1900366,53.61273149,42.32165507,38.16056081,46.55954576,30.17013666,28.57708471,24.53096818,16.55043316,13.95655302,12.68014344,11.39298186,7.555197368,8.056909953,7.574527062,8.621598534,6.489935715,6.371460478
GRC,23.60707397,23.3175153,25.54206006,22.2636223,24.28959757,25.23211884,26.27613335,25.13846184,28.63471676,30.03772193,29.01722992,30.31428312,34.8593217,35.19785986,27.02297891,26.90741158,27.51322751,31.29109552,34.84004196,37.20405725,32.2086507,29.38130223,26.59537926,28.49957566,23.05038467,24.76039678,25.74387521,24.35111044,24.26711366,25.408907,26.03960391,25.42524379,24.00309366,22.83348814,21.01295773,20.96669102,22.10842021,21.58993914,24.51359029,25.38603194,25.93735478,25.5981997,23.87585455,24.87800682,25.04492253,21.35688706,24.05658499,25.53087734,23.28069624,20.43844698,16.82005721,13.86559554,12.27953128,11.5362301,11.23378143,11.1610942,11.36847082,12.04928341,11.33105261,10.97046318,12.29986587,13.79154665,15.72133585,15.8842465,16.03952316,16.88120281
GRD,,,,,,,,,,,,,,,,,,,,,,,,,,,,,,,,,,,,,,,,,,,,,,,,,,,,,,,,,,,,,,,,,,
GRL,,,,,,,,,,,,,,,,,,,,,,,,,,,,,,,,,,,,,,,,,,,,19.35609528,16.31696081,23.9590376,23.32122123,31.35629894,40.58960654,31.60999204,52.17999716,64.83510384,38.35477789,30.10577274,23.39414457,24.02431336,25.27038966,23.1335872,21.40225227,30.78277573,33.08349165,36.86754785,36.49132088,34.68665599,,
GTM,9.783442869,10.11423889,9.312696747,9.898637947,12.26233641,13.13654898,12.02991299,13.18885449,13.71623719,13.46624772,12.53151261,13.28093511,12.96816257,13.8798064,14.79993721,15.65594229,20.62172036,18.95082496,20.05897209,18.63066037,16.42402934,16.76445019,15.01663353,10.49723711,9.63463559,10.95626983,10.05935086,12.35559849,13.37162366,13.74268524,12.98192985,12.17699133,15.64311296,16.08651244,14.22526252,14.51473662,13.32993918,15.1125539,16.64630058,17.8918289,16.12561254,18.60193668,19.61979751,18.96159189,18.64025871,18.58989157,20.43683642,19.90588467,18.22684543,15.37760321,15.04883901,15.04591634,15.02692489,15.09057516,15.17177593,14.51658028,13.87171603,13.60942418,13.6958971,14.37928996,13.70245985,16.13311758,16.70697664,16.34763846,15.96244234,16.7094645
GUM,,,,,,,,,,,,,,,,,,,,,,,,,,,,,,,,,,,,,,,,,,,,,,,,,,,,,,,,,,,,,,,,,,
GUY,27.27895819,24.29378531,17.1454219,13.24261533,15.8131177,19.31034483,22.19650206,24.68845521,20.89227421,19.6550341,21.02315161,18.2237192,18.07108293,24.00744417,20.74997381,29.49894737,33.5357803,25.78465369,19.08968999,24.50795566,29.77453581,29.49280084,24.96542185,21.38964578,27.42032307,29.84615385,33.7788034,27.79856035,18.0280333,18.86737864,27.711461,39.76315044,51.75132623,40.42814136,27.00303692,33.22868326,31.85720693,31.88794199,28.92075512,24.99795472,23.77598249,21.5703447,20.86049903,20.95211587,23.54568087,32.33397827,,,,,,,,,,,,,,,,,,,,
HIC,,,,,,,,,,,25.14343189,25.46661793,26.10874634,26.90943649,26.21870345,25.1610897,24.87357666,25.26642657,26.01677337,26.29993585,25.98720288,25.51350185,24.63188422,24.12018941,24.33431737,24.46693037,24.67519178,24.90781209,25.61609892,26.09283296,25.81123514,25.0759114,24.40935359,23.98668851,23.95768062,24.04807507,24.09742255,23.73585635,23.53935257,23.82253296,24.1091216,23.38338412,22.46533394,22.32865923,22.49502512,22.92960107,23.22182054,23.26167962,22.9161627,21.19459943,20.74636109,20.97761028,21.25569327,21.20186386,21.46129229,21.72414677,21.8100684,22.02861266,22.13177797,22.48594607,22.6257748,22.38648685,22.39663605,22.53733378,22.20577124,
HKG,,23.24614353,27.70806953,32.7515105,35.506393,34.15752885,26.89399244,19.36672052,15.87733624,15.6196944,19.66588765,23.60481241,22.68649303,22.15016817,22.74767146,21.47250398,20.66470327,24.1990066,26.32020704,29.74594244,32.2457335,32.66197329,30.26759521,24.67726124,22.20296803,20.9719985,21.50347087,23.59905768,25.31990491,25.87809706,26.21467286,26.32864811,27.16253887,27.0029323,29.35347415,30.21065124,31.0100939,33.30344925,30.20035564,25.8047383,26.50584934,25.79851371,22.74467546,21.65462823,21.82013123,21.39697265,22.42676527,20.61818948,20.54457808,20.46424729,21.77813607,23.53633887,25.39990251,24.1086281,23.49180643,22.39959471,21.48945755,21.65643773,21.5995181,18.29774954,17.0302785,16.84304559,16.07011515,16.95653778,16.58677041,16.93914413
HND,33.95353726,29.90264256,33.24255799,11.7163505,12.14684487,12.13424468,13.6025428,16.77208869,15.43319639,17.82330649,18.09486953,15.86937242,14.26284384,16.34760259,19.00241352,20.58945152,20.48386082,21.27111064,23.09443737,22.09507359,23.29952267,18.46907305,16.09614588,15.48866699,17.72748703,16.08021625,12.95340091,13.19355994,15.05890403,17.38599381,19.29070532,18.3745583,21.45189041,28.10473313,27.97743013,23.25733466,23.26120856,24.98392156,27.22193332,29.64464139,25.77244966,23.93745086,21.51763691,22.9262739,27.08035231,24.91442056,27.32635926,32.1934758,33.59737883,22.0079149,21.55586964,24.44077775,24.37101579,23.58542028,22.28544003,23.68300792,22.0345381,23.53214833,24.74735561,22.80469707,18.28406921,22.66619147,22.49108863,23.75620763,24.24750161,23.33361063
HPC,,,,,,,,,,,,,,,,,,,,,,,,,,,,,,,15.00711328,14.58400031,16.38577452,17.42619956,18.83825564,16.38448703,18.62376469,16.84296603,18.68629064,18.37339692,18.8617963,18.73085595,18.7601814,19.64423928,20.50039511,20.89658986,21.24220425,22.43560302,23.17369151,22.28387285,22.78566966,23.66574044,23.58310679,25.27242535,26.13785042,26.27789845,26.39871434,25.54028593,25.53883736,25.59161673,23.3585645,24.3319925,24.14097891,23.26850869,22.14711733,21.63642396
HRV,,,,,,,,,,,,,,,,,,,,,,,,,,,,,,,,,,,,14.27207941,18.17971818,21.47582697,20.7673905,21.00049307,19.91237221,20.41077807,22.12602043,25.5640787,25.43335415,25.1844891,26.3003292,26.49900606,27.855225,24.78456476,20.82003327,19.82115585,19.20698355,19.22018552,18.79290363,19.08802158,19.55808771,19.47237191,19.97625294,21.91017375,22.35338168,20.94852853,21.6629938,24.74679868,25.19061754,25.73487497
HTI,,,,,,,,,,,,,,,,,,,,,,,,,,,,,,,,,,,,,,,,,8.322396005,8.048111819,9.495958322,16.67925856,11.40765729,9.815927731,14.35277123,9.224667533,12.61716207,12.60692422,24.98821766,20.99674948,17.50923442,17.88085932,16.55686633,13.97372865,16.83684659,20.13510645,16.051092,18.53625002,17.70308378,18.08044821,15.88197347,13.88456279,12.13878169,12.05957654
HUN,,,,,,,,,,,,,,,,,,,,,,,,,,,,,,,,22.6639145,21.51530927,20.44457766,21.7916329,21.70470102,22.78938931,23.19764749,24.11058275,25.03676402,25.47136341,24.82925667,24.70434689,23.65141535,24.06485129,23.85772927,23.51489184,23.70336123,23.35844326,22.68497193,20.11154979,19.56893055,19.20097494,20.8591446,22.1003955,22.29370479,19.61276202,22.31751791,24.87733843,27.12434389,26.44763335,27.2593628,27.54700713,25.55418909,23.20611197,21.94458318
IBD,22.9956675,18.85771054,17.19096392,17.39708813,18.6564893,19.52212006,19.62260465,18.33395637,17.96285537,19.34189404,20.50256731,20.98332669,21.51685249,21.21045096,21.69196422,25.25173869,26.09130485,26.07112661,26.12909528,24.32266794,24.30618837,25.15634973,24.78458202,24.50885503,23.8738581,23.610348,24.06290835,23.61697137,24.18526533,25.12154028,22.94586516,22.48195991,23.40586666,23.85509655,24.36727756,23.6655319,23.73143797,23.55776136,23.26320684,22.64773583,22.78019469,23.36877503,23.9924792,25.08882013,26.03718612,26.23797286,26.60144963,27.54548422,28.51957471,30.05924471,29.87866887,30.47790404,31.0192657,31.42088007,31.4552031,31.58339029,31.11844442,31.01035912,32.0593923,31.98301966,32.15061323,32.30518305,32.00793847,31.63332788,31.05766649,
IBT,21.66527543,17.81443896,16.18801246,16.28568114,17.79568445,18.59393938,18.54613551,17.52369766,17.17634715,18.38715597,19.44059835,20.10830189,20.62514387,20.45444796,20.8247558,24.02698789,25.01498293,25.19191013,25.22881645,23.58495459,23.62156716,23.40888245,23.22254317,23.38202978,23.01955964,22.71845357,23.60276737,23.22672158,23.70362968,24.64578002,22.60278287,22.06535073,23.22476393,23.59317157,24.10347531,23.22022603,23.18413167,22.98546002,22.61848016,22.57141965,22.68744315,23.26069898,23.72871208,24.79597084,25.70680548,25.91521093,26.24113079,27.211496,28.14637024,29.62389842,29.46218895,30.08418831,30.58757016,30.9691069,30.9630401,31.10725793,30.79426392,30.77651934,31.80472441,31.51429771,31.63087467,31.92278365,31.63685962,31.38640817,30.97211092,
IDA,,,,,,,,,,,,,,,,,,,,,,,,,17.6964503,16.75323615,20.38181802,20.94229344,20.00881272,20.67394322,20.71191746,20.63819554,23.31618715,22.24133441,21.86343977,18.70190374,17.97068636,17.10003615,17.0297225,22.49529722,22.9735958,22.96646193,21.49286268,22.2188425,22.22087275,22.105223,21.89359316,22.31239958,22.39536324,22.8502883,21.84795533,21.76540023,21.29186907,22.13592237,22.47983558,23.71130954,25.80160193,26.50849805,27.10139325,24.79625504,24.21279373,25.18116554,25.46946458,25.92935643,27.82503295,27.06644715
IDB,,,,,,,,,,,,,,,,,,,,,,,,,,,,,,,,,,,,,,,,,,,,,,,,,,,,,,,,,,,,,,,,,,
IDN,7.867760123,10.23399277,5.602576586,8.196210421,12.08382982,6.692113032,4.526748971,8.008964378,8.804311537,11.66298749,13.62275449,15.79520697,18.77738826,17.8872864,16.78184535,20.34170457,20.72129155,20.12761234,20.53415985,20.93432088,20.87150159,21.38449294,22.58345268,25.74547882,22.79311422,23.26912357,25.55099716,25.17103053,26.99155834,28.53472836,30.55156209,29.67141818,28.00259346,26.28067311,27.57068775,28.42981109,29.60236064,28.30767706,25.42950667,20.13875931,19.85085445,19.6726582,19.42916405,19.50605922,22.44861697,23.64051177,24.13099153,24.94694364,27.69859122,31.11476656,30.99940883,31.30745404,32.71962807,31.96577957,32.51674144,32.81192658,32.5777315,32.16063886,32.28849709,32.34688455,31.70975645,30.79419506,29.08487553,29.15271725,29.14555042,28.76700399
IDX,,,,,,,,,,,,,,,,,,,,,,,,,,,,,,,16.61249091,16.43287244,19.64632818,20.48352153,21.73888186,20.11846403,21.04062709,20.18129475,21.20096788,21.04692162,22.08314447,22.30074251,22.15933556,23.28211275,24.01762446,24.38480608,24.28859128,24.07900616,24.22723584,23.63025708,23.2771169,24.06215351,23.83366163,25.15698096,25.47500409,25.88195426,27.38856782,27.90475756,28.55813063,28.50901784,26.9352957,27.87185299,28.08718471,26.60027541,25.84301491,24.63954025
IMN,,,,,,,,,,,,,,,,,,,,,,,,,,,,,,,,,,,,,,,,,,,,,,,,,,,,,,,,,,,,,,,,,,
IND,14.45590665,15.75595724,15.96638889,16.34441522,16.28628808,17.1201176,16.73215383,16.06880339,16.20858694,16.12370467,15.53615888,16.58570045,17.05243317,15.90728514,16.60442799,17.71471084,18.48894783,18.79019263,19.39253623,20.35431402,19.67624017,19.86725387,21.01451313,20.56906776,20.85042847,21.80329777,22.90091499,24.44362326,23.57197889,24.57681356,26.08217017,24.58433379,25.08949989,23.66775629,23.35888821,25.1369225,24.52478712,25.35005215,25.45876778,27.53509242,26.02178485,29.93230964,28.33252481,28.33482571,30.70814142,32.75533704,33.58489158,35.81287812,34.71795935,33.95162693,33.23001467,34.31341665,33.43693433,31.29580085,30.08023706,28.73314413,28.18843788,28.17781362,29.46306815,28.45454433,27.32432137,29.57803452,32.36705206,31.89960318,31.64344153,31.67909775
INX,,,,,,,,,,,,,,,,,,,,,,,,,,,,,,,,,,,,,,,,,,,,,,,,,,,,,,,,,,,,,,,,,,
IRL,,,,,,,,,,,22.47354919,23.3655494,23.39212765,24.95685355,24.33628638,22.4564295,24.7174561,24.46784902,27.33050011,30.12900214,28.26018753,29.29863916,26.19280493,22.85866147,21.17786799,18.80952218,17.76587032,16.79231553,17.09160442,17.82829767,19.21223365,17.58909204,17.30361146,15.90800143,16.98154815,18.0715462,19.8192153,21.04640572,22.52567405,24.15987572,23.74204838,23.93639095,23.59308667,24.91107206,26.95025164,29.82892664,30.98669163,28.70708245,24.84211873,21.16312455,17.59138556,16.5650712,19.5031733,18.27556673,20.19171328,24.28158498,34.11093342,32.47545036,27.89889686,53.21066286,41.38781126,22.07773191,21.14405953,24.88827085,17.34801433,22.23580294
IRN,30.11697607,27.41477644,24.0351738,23.94934574,27.1794977,31.28348305,29.28894144,34.43506835,34.20136557,36.28996111,36.81983941,34.75705051,36.91316249,34.21119522,27.96516997,42.20513039,49.31620097,49.13352461,47.25790488,31.1039847,36.9223238,33.60446861,30.94854477,39.18490876,39.43532457,32.87852648,29.96978714,26.26023679,24.59869986,24.66124886,26.98318321,34.67487091,33.01689641,27.82796039,25.96435753,24.68889427,31.46451891,32.65023332,32.63835334,31.84427349,31.30545392,35.79939754,33.24578326,32.6580827,31.23817549,28.55716877,27.24709615,28.342124,31.92269305,30.85489639,27.35283332,29.05372873,30.05396543,27.44560637,28.5708134,25.3650139,23.81604521,23.97438189,24.53216427,25.24461307,30.25955381,28.62302764,26.64418701,27.41632219,28.10716023,28.79810192
IRQ,,,,,,,,,,,15.79486304,14.24912178,15.85250091,18.55709877,18.48334264,26.7317515,25.49113103,25.20740159,28.40245119,24.3060033,24.14097028,50.30536975,51.40899903,43.68275097,30.46821846,28.65146085,26.33906634,20.78295455,22.62533321,30.89734858,11.12174014,4.914302406,4.977482095,7.459826288,2.815188668,1.730535373,0.734464756,1.675257985,2.406100486,2.189218675,2.91803373,6.127235481,5.360604275,10.65095422,5.368249731,13.84722412,17.69172145,6.75640343,14.80043431,10.31147596,16.19896164,17.1424862,15.00237875,20.11666115,20.96528602,26.01721793,14.57576961,14.58514976,14.17051397,19.76406121,7.769075574,10.1215293,9.687051505,12.46885638,14.35600789,
ISL,,,,,,,,,,,27.72137702,33.4187911,32.38185512,35.3535438,37.41516043,36.42708314,31.78599295,30.77523321,27.46022226,26.53639687,28.7000214,27.85976871,27.78098904,24.42946894,24.09585125,23.31589934,21.32319271,22.59189997,21.74804257,20.52185441,21.03447762,21.3193558,19.5355938,17.67720746,17.23628548,16.93719923,20.05009439,21.34072745,25.31441729,23.22686717,24.24761446,22.9243407,19.60240458,21.18157196,24.6369177,29.10143706,34.9959953,29.01192255,25.1262762,15.26462566,13.90902714,15.1954436,15.78317626,15.44324668,17.00741993,19.11775278,20.66905478,21.54789292,21.65779731,20.59820324,21.00636147,22.48679164,23.75540977,24.93115021,26.7786299,26.66123002
ISR,24.11451698,26.03676297,28.67433214,26.3175242,28.0964429,27.505465,21.41662754,16.87870837,21.02024111,24.52083862,26.43378924,28.55342243,28.69738927,30.28525088,29.23608611,27.55426094,23.46125684,19.86205361,21.44404451,22.97773313,22.27821153,22.6620146,22.20096112,23.1220452,20.65514709,18.46954545,18.02217295,19.0040804,17.61703896,16.98059267,19.50294814,24.35908784,23.84005684,22.76604235,22.65356373,28.03705964,28.70542833,27.42881356,25.64168026,25.37680727,24.16654359,23.68850366,23.43576607,22.31361616,21.69040751,22.16529157,22.54476962,23.31233746,22.83300127,21.43234821,21.52317396,22.82845008,23.53435799,22.6695243,22.01463378,21.29845326,22.60224941,22.28805263,23.48680484,23.13242173,23.02329602,24.03873877,25.27274953,24.65594025,23.06684616,23.80453408
ITA,,,,,,,,,,,25.96507618,25.48697593,24.91997841,26.48468929,27.83957442,26.71076295,25.53477296,25.41765233,24.76723204,24.83933494,26.32500045,26.44528879,24.91667745,23.53097017,23.36280586,22.93271745,22.13531424,22.13778408,22.54287135,22.59049306,22.86471476,22.45160009,21.87790521,19.59350812,19.29267214,19.87011077,19.66804149,19.64297781,19.963938,20.37152232,21.22575867,21.19189246,21.81208675,21.28423466,21.35980209,21.67343941,21.92424187,21.9944756,21.56204577,20.31595976,20.23866452,19.90884672,18.48239189,17.31189808,16.83972945,17.080918,17.29346519,17.57946292,17.97220118,18.12917903,18.20181641,20.77052174,21.77573528,22.65366788,21.51294677,21.83473722
JAM,,,,,,,,,,,,,,,,,,,,,,,,,,,,,,,,,,,,,,,,,,,,,,,,,,,,,,,,,,,,,,,,,,
JOR,,,,,,,,,,,,,,,,,31.61142454,39.23812283,33.23274236,32.78371501,35.87432398,43.83542731,37.99163687,29.99552222,27.58548463,19.5270476,18.27270699,19.61778983,21.84627171,22.86126572,25.13853174,22.92089249,29.06326169,33.55988055,31.92802883,29.58830891,29.41607623,25.79175832,21.1683126,23.40999948,21.11457482,19.41952009,18.94760082,20.6233486,24.78587055,30.62763288,25.4519737,27.4834519,,,,,,,,,,,,,,,,,,
JPN,,,,,,,,,,,40.23307305,38.80372529,38.65890345,41.23301102,39.41247017,36.77103599,35.33455827,34.17260612,34.44983479,35.88806907,35.76998024,34.7310487,33.33631948,31.32688906,30.987073,31.4859575,31.34743356,32.17686942,34.05037564,35.56913762,36.67426805,36.06562853,34.62190275,33.46642224,32.26577232,31.99043779,33.06693049,32.11976356,30.40568448,29.96970083,29.7197544,28.98035672,27.55132132,26.84197145,26.36550867,26.8812204,27.05009194,26.45794094,26.38694574,24.68399158,23.56351085,24.26348221,24.76077765,25.51959146,26.40139746,26.3727058,26.128396,26.42029378,26.73342077,27.17785457,27.13669861,27.07788499,27.83466114,27.84769647,27.81361849,
KAZ,,,,,,,,,,,,,,,,,,,,,,,,,,,,,,,,,30.43117745,27.90664478,26.13056735,23.05402341,17.22592631,16.25251436,15.71859674,16.17980018,17.3182862,23.73057866,24.02169989,23.04127041,25.08331368,27.96459987,30.19844501,30.0175388,26.84117976,27.79172627,24.32734736,21.46470236,22.80315637,21.88218786,21.55591068,22.88152096,22.71926427,21.69754106,21.17682655,23.46743295,24.71858242,23.03897125,22.12566255,24.95917985,24.31758181,
KEN,,,,,12.41940477,12.82267616,14.71507397,18.6733303,18.51775221,17.98982433,19.68183564,22.70365589,21.75923465,20.44973244,19.11944942,20.21309434,19.98004609,20.96940965,25.07647349,19.17131577,18.32275948,18.61132611,19.0277845,18.11458912,17.15324296,17.27142511,19.63592774,19.62612404,20.44687558,19.45809966,20.64819763,19.03009714,16.58137009,16.93761611,18.87307148,21.38558662,16.00905817,15.38790076,15.67521329,15.59143148,16.70880651,18.15155736,17.23687985,15.83820913,16.25922348,18.69911176,19.42443802,19.96472911,18.86492382,18.28649163,20.84705765,20.70863906,21.58503823,20.78578554,23.88473367,22.09103677,19.39173807,19.89572218,19.09799539,18.96157223,19.32158166,19.68626155,18.60525283,17.46380277,17.56491611,17.91693806
KGZ,,,,,,,,,,,,,,,,,,,,,,,,,,,,31.9218241,29.91202346,33.06666667,21.96261682,15.89189189,14.27222447,13.10624311,12.0698549,20.37769974,22.40879001,12.39013612,12.88332251,15.72111439,18.02664414,16.79752583,16.25782175,13.63074898,14.56173616,16.00607339,23.03302018,24.62104742,26.77929209,28.21155047,27.76471133,23.69125257,31.39140397,29.55950946,32.49102807,32.58800333,31.79472602,31.46573915,31.65044919,30.00804874,25.93744831,24.13949824,21.47616554,22.03247284,23.32759116,25.75550142
KHM,,,,,,,,,,,,,,,,,,,,,,,,,,,,,,,,,,10.76235245,10.69097804,13.91683295,12.67608988,13.41961396,12.38631286,15.97892865,18.38953012,17.38968083,20.9017584,21.27234647,21.74744903,22.0482982,23.07938947,24.16170008,21.85957756,25.23613521,21.28662801,21.38549929,23.67490743,25.90014297,29.11484224,29.00922052,29.51134825,29.77944876,29.98318007,30.65983784,30.63188601,29.74068819,33.98321775,32.67938041,31.58534979,30.91073816
KIR,,,,,,,,,,,,,,,,,,,,,,,,,,,,,,,,,,,,,,,,,,,,,,,15.7117835,15.39873783,13.80321387,17.64074557,15.65551958,19.44240043,25.23355324,29.90632246,28.11190177,38.55632615,30.55251718,25.44003436,18.29261981,15.76197524,14.60192896,17.40358398,22.26117971,24.67630706,29.03677012,
KNA,,,,,,,,,,,,,,,,,,,,,,,,,,,,,,,,,,,,,,,,,,,,,,,,,,,,,,,,,,,,,,,,,,
KOR,11.20414673,11.68702542,13.76870748,13.47408829,11.51311365,15.15296367,20.23842787,21.92267029,25.84842624,26.38583912,25.62203162,23.13649843,21.23156018,24.04433023,26.8448439,26.9007377,26.1027511,29.02121943,33.25784599,34.22157887,32.59201354,28.78944809,29.41850992,29.9563457,29.37118606,29.15914352,29.09418457,29.88149615,30.28290695,32.28552315,36.80065947,38.40535211,36.4406324,35.8115117,35.88392729,36.53164807,36.92459003,35.08927711,30.12955226,29.5595294,31.495121,30.50583501,30.18757161,31.07196249,30.91489495,30.45856736,30.50428666,30.06912133,30.89175159,30.88705498,30.46279987,30.5799573,29.85542849,29.23486105,29.19258085,29.18008405,29.86621689,31.69851381,30.49498636,30.11252653,31.04090837,31.48776444,31.9338931,31.4470155,30.02937121,28.32993397
KWT,,,,,,12.6835781,15.80796253,18.69266055,16.50893796,17.18907988,12.32583065,9.16196332,8.695355191,9.089208902,5.814319586,11.97591018,14.66520822,20.12193567,18.61735807,11.54419754,12.56426786,15.35686635,23.11543303,25.10142247,21.1528557,19.79568802,21.66079526,16.94439354,13.68149404,10.80933484,18.02833886,39.29963702,19.87471003,15.13076871,13.3062336,,,,,,,,,,,,,,,,16.68630605,12.80225702,12.12833003,13.71304581,16.35199297,25.48022798,29.27307081,27.00853905,24.73776126,22.74927154,20.00064336,15.61852848,16.09584639,18.16864237,16.74715644,
LAC,,,,,,,,,,,20.73428554,20.68232727,21.13606601,21.02582473,21.49379848,24.03980875,24.18540977,24.18414496,25.02661468,24.34016188,23.73933841,24.29355971,22.58983668,19.2899683,18.41609892,18.12287226,19.43421131,20.73337448,21.56815402,22.27413767,18.7278662,17.61640489,18.3697201,19.83493618,21.17314428,19.08756813,18.79598308,19.56212544,19.82652016,18.57241111,18.86457374,17.97786073,18.14915847,18.21730818,18.60714162,18.65138711,19.22199336,19.86944221,20.47519713,19.31979301,20.18441811,20.97721445,20.7372103,20.92746186,20.06452825,19.48742522,18.12205571,17.56913351,18.03801062,17.86909002,17.50816649,19.11040105,19.32974304,18.93252803,18.81734604,18.40931474
LAO,,,,,,,,,,,,,,,,,,,,,,,,,6.178861969,7.042253955,6.931279694,10.18907515,13.50085184,,,,,,,,,,,,13.41565796,13.54360717,29.04042318,27.77152163,31.75424351,34.0580868,30.06954104,32.31224303,31.68198579,33.93847055,27.46248774,28.06780252,32.50425528,30.64732204,29.8013514,31.5566516,29.0076541,,,,,,,,,
LBN,,,,,,,,,,,,,,,,,,,,,,,,,,,,,,,31.31269096,29.27333838,29.27333838,31.036396,36.65279338,36.45508364,34.79249868,29.46391753,28.40644002,22.91118484,21.02613374,20.77272898,19.39941812,19.78860446,22.36727236,21.98658012,21.91662014,24.48520939,27.31841287,28.04248077,25.03619096,25.63542698,25.29712806,27.01256804,24.37542436,21.71920203,22.59222288,21.39405689,21.78162765,13.55915499,8.098176142,5.359484461,1.225170749,1.897544099,1.44489296,
LBR,,,,,,,,,,,,,,,,,,,,,,,,,,,,,,,,,,,,,,,,,,,,,,,,,,,,,,,,,,,,,,,,,,
LBY,,,,,,,,,,,,,,,,,,,,,,,,,,,,,,,13.87049481,11.51653491,10.56283408,16.11658808,16.27370322,11.65730337,13.46469622,11.90896883,10.96374196,9.205321827,11.6365677,10.45542636,12.94018145,8.948526175,13.96134142,15.167945,20.98479695,20.69777594,22.05851304,25.03804496,21.79888074,17.39445278,15.93616387,16.75947629,23.20251724,17.09444769,19.43348483,16.18314755,16.07430315,13.75707413,9.449828172,12.16090711,10.52019678,16.88042539,14.27094601,14.27189323
LCA,,,,,,,,,,,,,,,,,,,,,,,,,,,,,,,,,,,,,,,,,,,,,,,,,,,,,,,,,,,,,,,,,,
LCN,,,,,,,,,,,20.34299175,20.45269801,20.76587144,20.35048907,21.1743334,23.7505346,23.70821514,23.4636725,24.33725177,23.63698491,23.03004146,23.68406533,21.90022477,18.62029954,17.87529656,17.64436852,18.86603417,20.19765214,21.03593118,21.84145713,18.61215827,17.53007674,18.36085037,19.83285813,21.00864715,19.20090067,19.03425031,19.82790431,20.02259163,18.74416303,18.93473453,18.06998135,18.15532259,18.24502521,18.53970239,18.67292014,19.15245331,19.88159117,20.6373088,19.41965787,20.13328158,20.976476,20.94549845,21.12923156,20.30132519,19.78009583,18.44464055,17.88449742,18.49752826,18.36261185,17.6606669,19.27648464,19.58908584,19.18991915,18.99680772,18.6524265
LDC,,,,,,,,,,,,,,,,,,,,,,,,,,,,,,,,,,,,,,,,,21.95621343,22.39712973,22.07241981,22.78220267,23.4168056,23.71271453,22.96307392,23.73514216,25.06184458,26.49093044,24.16458332,24.76711568,25.05815252,25.44797324,25.98399229,25.7902155,27.27446794,28.21509059,28.51522857,29.2069477,27.48714482,28.17361699,28.31495804,27.37266489,26.37254059,25.10768666
LIC,,,,,,,,,,,,,,,,,,,,,,,,,,,,,,,,,,,,,,,,,,,,,,,,,,,,22.75350856,21.33770485,22.22950358,21.80677092,21.17743912,22.08648971,22.83602356,23.03767697,23.41229001,21.59018834,22.94467954,22.12518229,21.64983859,20.72203891,19.90020531
LIE,,,,,,,,,,,,,,,,,,,,,,,,,,,,,,,,,,,,,,,,,,,,,,,,,,,,,,,,,,,,,,,,,,
LKA,15.12407513,14.97977153,15.53144851,14.83836807,14.24039206,12.9020287,14.2377354,15.11563572,14.63096016,19.46130825,17.26434426,15.23131673,14.46842002,13.54596827,12.50262925,13.91804944,15.21372049,13.82975801,19.9718739,25.28489893,31.33314293,27.38544791,30.51149761,29.06390572,25.72944987,23.68406467,23.58336026,23.25706704,22.50677983,21.53669643,21.88331303,22.61504787,23.52292473,25.19692132,26.63862238,25.58882373,23.89041931,24.3602805,25.11959889,27.28190068,28.03609311,22.00116811,20.0732624,20.0384314,22.63792417,23.37195071,24.8720514,24.72101508,25.28656566,23.73051643,,,,,,28.25862349,30.08910024,31.60018791,30.74196308,28.54616773,25.56406176,26.34573426,23.9141453,18.16491714,19.0827226,20.77259192
LMC,16.01549707,16.65252299,16.78488124,17.16497426,17.75555143,18.32818369,17.08871873,17.02243372,17.19378917,17.09132149,16.47632348,17.94305273,18.19710237,17.45036943,16.83519567,19.3541786,21.43011789,24.139079,25.25507794,23.74705118,21.5955281,18.95510942,19.99620278,20.52054665,19.97332456,20.50820318,23.53241471,24.61766971,24.64762745,24.91360788,25.14172351,23.11655904,23.79852138,22.4389647,22.67625394,21.85524546,21.16264936,21.43831178,21.00293942,25.18812174,23.37826784,25.2813715,24.53873371,25.0743286,26.24062154,27.19453137,27.1539259,29.43110937,27.63387037,28.11804584,27.2330703,28.15621326,26.8990639,26.25588646,25.32898813,25.3711812,25.85933297,26.53435724,27.40885882,25.826817,24.78882757,26.49779909,28.07576034,28.44014964,29.09243172,28.85978967
LMY,21.11486307,17.20941632,15.57828392,15.69777537,17.26291703,18.06529784,18.00306416,16.95878838,16.62349187,17.83016981,18.91201755,19.52479575,20.07171961,19.96915526,20.17024872,23.23465339,24.21895273,24.43544745,24.4520911,22.86010887,22.91458963,22.65646292,22.53199225,22.75920326,22.40340673,22.07715265,22.92793236,22.48962177,22.97854085,23.28736839,21.54749672,22.01859131,23.18869109,24.02574247,24.40712209,23.54044542,23.51534263,23.28233888,22.87059314,22.89445727,22.99152411,23.62842508,24.29519027,25.46681985,26.594352,26.87936062,27.1664087,27.8504964,28.722514,30.52257549,30.47245652,31.23332606,31.74506982,32.16099763,32.06091137,32.00772117,31.63890166,31.71599635,32.92755553,32.54041149,32.63607577,33.09563704,32.82240664,32.3591611,31.97553818,
LSO,,,,,,,,10.39451925,11.16427432,10.39898132,10.18329939,10.96892139,12.86173633,11.89060642,12.68292683,18.98734177,35.82554517,24.3902439,22.43313201,30.29062628,35.61374591,36.05309711,,,,,,,,,,,,,,,,,,,,,,,,,,23.5298086,26.36866221,28.37755119,29.35201536,28.031808,35.94741498,30.99269993,29.38948372,28.33961471,26.63107928,27.38722722,25.97845662,25.85149052,24.31159488,25.67004551,27.07148982,28.1875103,29.3435853,30.88969981
LTE,30.80305687,18.92359393,15.88588495,17.02371045,19.68454943,20.19787411,20.70838532,18.01854849,17.09862949,19.55644437,21.81322252,22.44116016,22.20083415,21.57074923,22.3163449,24.45560891,23.63550529,22.95372332,23.34162177,23.09632709,22.69482975,23.06906298,23.15771231,22.5483272,22.77275443,23.12640338,23.38584829,23.33914499,24.8790294,27.27929984,24.9054578,23.19044448,24.65298677,25.76776998,26.11784436,25.61970317,25.23800734,24.75322691,24.53313056,24.16624982,24.51921717,25.40562672,25.98765551,27.21345206,27.77120736,27.62988231,27.57147278,28.37902984,29.29494875,31.99136508,31.86654874,32.01021071,32.97473865,33.56802781,33.65224482,34.07913999,33.84812661,33.68876965,34.64539851,35.22824385,35.64738078,35.03702324,34.27380176,33.72719107,32.8929213,
LTU,,,,,,,,,,,,,,,,,,,,,,,,,,,,,,,,,,,,20.23511077,20.46649762,22.26434372,23.78051326,21.85211516,19.10614378,20.50139495,20.68804514,21.5317487,22.80372151,23.40315266,26.01252755,28.58253671,26.04808308,17.83426944,17.0850047,18.79886644,17.57791287,18.67065137,19.10753461,19.59724646,19.91901691,20.1373564,20.69208914,21.20030992,21.43371578,22.47424458,22.43557484,23.81857308,22.41177059,22.94156113
LUX,,,,,,,,,,,20.63983477,25.36736533,24.85259829,24.40081185,21.96521281,24.80910736,22.27533992,22.41740852,21.51210012,21.80488874,24.24688176,22.73800069,22.34724659,18.99398826,17.92890888,15.80520567,20.06474393,23.13913981,23.22044204,22.69581226,23.00212584,24.77014332,20.97854,23.2650206,21.96379317,21.15284281,19.83972967,20.62700261,21.16744673,23.15958641,20.62505226,21.87915046,21.30268357,21.04899756,21.24328209,19.34777541,18.21505109,18.91763814,20.14408357,18.01924742,16.8240878,19.21325376,19.17753161,18.45427294,19.15173476,17.30945547,17.2848389,17.81132299,16.15162456,18.04838194,17.17515094,18.14527096,16.60136142,16.06862751,15.37514499,14.97457724
LVA,,,,,,,,,,,,,,,,,,,,,,,,,,,,,,,,,,,,14.18922836,18.13566009,17.56654925,24.04447829,22.90116155,25.19817598,27.16948129,24.30129531,25.37651878,29.4387766,32.02972412,35.32125296,38.11352164,33.41812875,22.91652633,19.51983223,23.72497419,27.01157573,24.96488804,23.64421938,22.30759489,20.16987878,21.52656127,22.90376349,22.72403955,23.02961162,22.9289576,23.28807545,24.02272498,22.24483731,23.46878262
MAC,,,,,,,,,,,,,,,,,,,,,,,20.38521018,19.39221946,19.27297014,19.80725103,22.99421683,22.03941075,22.44199315,22.84123844,22.30030722,26.3753401,31.13402588,31.05159389,30.81868668,25.87367746,18.67282331,18.49001915,16.14021501,15.67731825,10.24334615,9.206706343,9.483282675,13.15252392,15.32758661,24.87296618,32.64657939,35.945904,29.62837778,18.37600144,12.47699278,12.32273524,13.5165991,13.34267174,18.96284106,24.86059596,21.94149047,19.85884999,16.7924715,13.87568428,26.58097483,22.52722832,22.41619417,14.62365182,13.74434048,11.9371352
MAF,,,,,,,,,,,,,,,,,,,,,,,,,,,,,,,,,,,,,,,,,,,,,,,,,,,,,,,,,,,,,,,,,,
MAR,9.811641112,11.31137533,10.52316956,11.51780983,10.60809173,10.61662198,11.69964345,13.64815776,13.24675264,13.13382759,14.92432945,14.85841553,13.60890983,13.53955375,14.70483005,24.8194227,28.74681273,31.95474367,24.89755956,23.97691923,26.11942857,31.20308969,30.87289782,27.7465294,25.27965177,25.21108643,23.48115834,22.23584818,22.51214447,26.85078005,25.78506213,24.94702423,24.80616629,25.55049117,23.57298072,23.95730326,21.81301906,22.75862949,21.78202759,23.62427329,24.36437542,23.27573127,23.62154013,23.26215601,24.61435436,25.79361334,26.38507475,29.23124671,31.26828599,29.07735876,28.33170386,29.00323638,29.95437078,28.42132298,27.01591885,25.86977875,28.68359944,28.1354693,27.85857533,27.19270936,26.22568607,26.28800929,26.61631943,25.075975,26.45893441,26.80544547
MCO,,,,,,,,,,,,,,,,,,,,,,,,,,,,,,,,,,,,,,,,,,,,,,,,,,,,,,,,,,,,,,,,,,
MDA,,,,,,,,,,,,,,,,,,,,,,,,,,,,,,,,,,,,15.95426651,19.74840341,19.89703907,22.05159046,18.43882679,15.43405879,16.74387743,16.32294812,18.56430356,21.18771229,24.58815468,28.35834786,34.10391166,33.99666253,22.59638675,22.52427922,23.16204598,23.63391139,23.03386043,25.98955143,24.02805472,22.22960275,22.42560473,23.34427133,23.39386987,24.93836091,24.08838845,22.11447315,19.43651397,20.51677409,22.03820392
MDG,,,,,,,,,,,9.103045315,9.805573827,8.257810391,8.418847103,7.18685885,7.687512517,7.789461345,8.078257039,9.221386679,15.27954981,46.58965819,35.68788596,26.3480536,25.99914214,26.82163614,18.76390559,20.50558138,25.00070536,17.6010365,40.7488309,35.96231421,30.67470925,36.09386686,37.87512495,32.87287107,8.870919191,9.526116187,10.1519133,12.24653094,12.2933453,11.93054641,14.50921734,10.97024314,13.72456569,21.15102512,19.3271127,20.311268,26.33136613,37.7908727,37.15833588,25.88589412,24.68602481,23.36572814,19.75481036,18.27815069,18.95947254,18.97725542,18.13942399,21.03202232,21.24780392,19.52815732,23.23219022,21.89810389,20.48535735,20.44107376,21.03628852
MDV,,,,,,,,,,,,,,,,,,,,,,,,,,,,,,,,,,,,,,,,,,,,,,,,,,,,,,,26.73091206,33.31664322,39.9583038,41.16657583,47.78211835,44.05120139,38.81762255,28.03536262,36.66227634,34.81517681,34.84123625,
MEA,,,,,,,,,21.63623632,22.7370004,23.15342463,22.30410739,23.35503921,24.41902134,19.8455822,28.95709163,32.42552289,33.87981635,34.82249326,27.29567756,25.97826355,28.07197221,30.14956174,33.386252,31.8077725,28.86152896,29.13515945,25.20157485,23.64278051,24.47061943,21.31977052,26.26921289,25.39372763,24.05046091,22.95374982,23.5057622,24.08096227,23.56974203,24.08689726,22.43372149,20.36738328,21.95345044,21.7171846,21.72415887,21.44461444,21.23722947,21.59050204,23.33578653,24.00395475,25.36507325,24.09949754,23.17213547,22.69625725,22.4994338,23.08219061,24.29330366,23.46815231,23.05609483,22.4099559,22.55778791,22.38389435,22.05922502,21.87619093,23.277903,23.86368926,24.33824431
MEX,16.76773006,15.53288136,15.46715789,16.46254717,16.95015936,17.38776557,17.69427632,19.10671687,19.15316076,19.18716749,19.96995495,17.97402041,18.96084956,19.29664255,19.87492222,21.41882727,21.03716265,19.65001622,21.07083012,23.41769231,23.45721323,25.00105246,21.59830383,16.72628033,17.10015683,18.04175805,18.72586555,17.5404425,18.67873073,17.37130576,17.97945911,18.73102744,19.62259502,20.05541522,21.66626523,16.21363009,17.7149735,19.39479925,21.01535555,20.89902376,21.23036151,19.67343653,19.367931,20.10404131,20.78090723,20.71034972,21.67994818,22.35488185,23.55917396,22.77438581,22.55309716,23.47206879,23.68820734,21.99018578,21.67130707,23.164183,23.72771944,23.22553978,23.04747279,21.665974,20.10752807,21.30973256,22.42375788,23.27738278,23.76230667,22.40576426
MHL,,,,,,,,,,,,,,,,,,,,,,,,,,,,,,,,,,,,,,,,,,,,,16.88397291,19.06333333,27.78156425,25.16498339,20.87564802,35.89927249,43.6016139,19.42623331,16.32313226,24.30418455,19.9638172,17.94376701,20.28419227,22.98306036,21.02309091,50.22567626,20.47055418,20.03341684,22.90221027,19.74772727,22.85515789,
MIC,21.76576072,17.7389081,16.12709307,16.34906051,17.72289577,18.57486397,18.52530285,17.38601005,17.03953122,18.2867608,19.38887216,20.01709035,20.56387409,20.43500606,20.58495902,23.70945983,24.65827228,24.922626,25.01655575,23.29423207,23.17088116,22.90994402,22.81503016,23.04433337,22.6580937,22.3321034,23.23896353,22.80583772,23.37711909,23.66725108,21.87450475,22.42622386,23.36173116,24.21352061,24.5475246,23.66033349,23.59051233,23.39554672,22.98567177,23.02451974,23.09978436,23.72554794,24.41669822,25.58133638,26.72527825,27.01463698,27.31288738,28.00801008,28.89460722,30.7200739,30.62877381,31.37687601,31.8938825,32.29849493,32.2071937,32.16424708,31.75815735,31.81957834,33.04153395,32.64773353,32.77055339,33.20769925,32.95814669,32.49154775,32.12424831,
MKD,,,,,,,,,,,,,,,,,,,,,,,,,,,,,,,17.12406015,18.48140496,18.42414961,15.87292915,14.58506494,15.71804319,16.51700226,16.47526615,16.56933712,15.78825274,20.29672707,21.99427084,21.29893534,20.07376421,21.22791022,19.03730625,20.08362203,22.69495748,25.7593579,24.55730762,23.06241082,23.52914564,23.37053758,23.71092528,23.41579627,23.83988665,24.3848721,22.49096433,20.03198775,21.04223721,21.59126225,23.45542608,24.02044397,24.66227905,23.4918706,
MLI,,,,,,,,14.14453544,14.1426318,14.28395123,13.16463278,14.07531298,15.53623963,15.77209233,12.06718139,13.49886473,12.29355376,14.42494717,15.91783593,15.47452634,18.97595216,17.71059592,18.0181097,17.17081194,15.83967123,15.85778538,18.27112948,22.84193283,19.11700634,21.25914078,21.14844382,20.0589631,22.01797159,20.73512301,24.54123631,28.48142168,27.68425886,26.90439528,18.07230599,16.45185028,17.81892788,17.58152049,17.62150892,19.3003705,21.33551874,18.4530017,21.6944451,19.36254397,21.79318338,19.97768485,21.07358555,22.17852846,17.99356965,24.81105765,26.04393721,23.75470248,25.55927618,24.17024226,22.84918108,24.04161312,22.18678806,23.48693764,21.13727651,20.95946984,20.88206624,21.66935444
MLT,,,,,,,,,,,23.62040611,21.02166949,17.75379516,15.4882325,19.09178966,18.20937498,21.37369553,20.14831571,17.49537041,19.32907157,17.88901339,19.48319337,20.94702268,23.16619141,22.08631167,21.29507231,19.24453716,22.50151518,22.09605214,22.64359462,25.49397953,23.86696866,22.17430637,23.71225596,23.87959303,25.83248717,26.07282545,24.00304727,24.89959744,22.76040758,23.72034505,21.37188703,17.44559812,21.85539562,21.14416258,22.54368817,20.44475261,21.9768517,20.21575325,19.72999591,20.82230233,17.98916778,19.77666715,17.2955194,16.84004184,23.6633678,21.31590301,18.69792344,19.11142076,20.07687404,19.93596034,22.31067577,24.91159201,19.10842636,18.51085073,17.78925183
MMR,,,,,,,,,,,,,,,,,,,,,,,,,,,,,,,,,,,,,,,,,,,,,,,,,,,,,,,,,,,,,,,,,,
MNA,,,,,,,,,,19.80383222,20.4757822,20.0584841,21.27154948,22.93841007,21.18894328,30.90788158,35.00592015,35.85280934,35.10216685,26.92708187,27.26968712,30.80534023,30.51083445,33.35948773,31.94702342,28.77588719,28.19880934,24.21257324,23.49262052,25.34918517,20.04620033,26.23696386,25.665217,23.86838521,23.6421997,22.72526354,24.42384961,23.79680767,22.9328521,21.41022793,19.85423725,22.02232009,21.87981934,22.21491624,22.1069921,22.13024782,22.71305098,23.02485113,25.11116591,24.96804732,23.89235769,23.61347179,22.90431572,22.31987488,22.70995187,21.9630098,21.08030226,21.4044664,21.58114293,21.56782125,19.79309289,19.89318343,19.19651689,19.80348485,19.84024287,20.57397956
MNE,,,,,,,,,,,,,,,,,,,,,,,,,,,,,,,,,,,,,,,,,16.8735262,17.50299202,14.6223811,13.29887268,17.13228605,17.97961867,22.75829867,32.77432167,39.01910433,27.24158729,22.05156486,20.08814376,20.29765249,20.42758396,19.39393669,20.70634113,24.92891571,27.22091449,29.76752681,27.60127568,28.20472919,22.24219667,21.74819731,20.43585463,21.06037644,22.33050303
MNG,,,,,,,,,,,,,,,,,,,,,,65.30488959,65.56017601,54.14977669,53.95750492,58.61729662,59.60744529,47.45193655,43.69112993,44.62306257,27.13479815,28.90570861,23.94921813,19.66539761,17.79896554,22.8948468,24.53694255,23.04012848,29.01599893,29.93417204,25.20263292,21.53753236,22.14658372,29.12034282,27.81918237,27.93802787,33.30225475,35.10882266,36.21504548,28.88899439,34.48631901,48.41232992,45.11627824,39.26364519,28.57375845,18.27690081,18.66465984,22.34895977,26.8454271,27.98345509,23.57817824,26.83534361,29.81355994,25.325681,27.1669091,28.01903567
MNP,,,,,,,,,,,,,,,,,,,,,,,,,,,,,,,,,,,,,,,,,,,,,,,,,,,,,,,,,,,,,,,,,,
MOZ,,,,,,,,,,,,,,,,,,,,,,,,,,,,,,,,,,,,,,,,,,,,,,,,,,,,,,,,,,,,,,,,,,
MRT,,67.43450363,82.3212894,50.19230834,22.26959307,19.25848807,18.99528922,29.65747837,38.04243159,31.05825225,30.45616602,31.59302835,42.03696111,26.42846452,12.3894941,20.49285299,53.11152116,45.32899933,34.4413095,34.24130489,40.742542,49.40987162,52.82246853,76.06085292,44.11254241,53.67741567,56.73890524,53.95881429,53.33246381,35.40982511,38.04120245,32.840472,39.38566722,27.29605488,93.5474633,38.8245673,33.58060234,28.84549826,26.61905507,28.81937275,31.91026677,32.24255197,41.98003038,47.55897247,44.77638431,40.72689796,36.39660723,42.20753566,37.2007686,36.39422897,33.27886701,29.42613335,33.23475775,32.72077394,37.96432977,34.30246438,29.00153987,30.2739569,32.92731408,31.24276105,24.70921404,28.32760164,29.78280483,24.00520779,25.78690939,26.97563092
MUS,,,,,,,,,,,,,,,,,26.99621347,27.3785239,27.90803939,25.37820001,23.00859504,21.6499269,17.67250296,17.78143009,17.83095246,18.40664172,19.48385976,21.08103717,27.83015137,25.73986902,30.17685927,28.07178416,27.23086022,27.58539309,29.95469177,23.17538177,24.50322583,25.44004304,22.55633329,26.56850649,22.24375746,22.0123753,21.13840507,22.19676216,21.41909886,21.19447734,22.84124901,23.62633971,23.43430628,25.13754217,23.82172213,23.13943082,22.27044023,20.33167522,18.26286781,16.68351444,16.53610685,16.58875677,17.77904743,18.81455503,16.90123514,19.36237483,19.73623436,20.26436006,20.97556051,19.74045021
MWI,,,,,,,,,,,,,,,,,,,,,,,,,,,,,,,,,,,,,,,,,,,,,,,,,,,,,,,,,,,,,,,,,,
MYS,11.11489942,13.34592923,15.7989228,19.02654867,18.76145108,18.38674033,18.10246285,16.3798402,16.37076999,13.59422357,17.50781976,20.84909301,22.58087201,22.53378198,25.3652988,25.08507971,22.09720491,23.08286951,24.76112548,26.38721351,31.13416373,36.03179838,36.33444624,35.79155074,31.91829038,29.8489738,26.34997346,22.08053277,24.60322616,29.07738067,33.04305473,36.35623575,36.62746712,38.87301532,40.24536864,43.58596324,42.49562531,43.11432069,26.82572914,21.89125028,25.29201658,25.12344751,23.48432856,22.41426658,20.95484002,22.30351486,21.9550122,22.40418433,20.57032349,21.97635711,22.43539956,22.18313914,25.36344842,26.47705608,25.97449665,25.86564353,25.51778782,25.0629653,24.2004646,22.9367865,20.91401628,19.28731746,18.20814497,19.22740008,20.54271838,21.33366172
NAC,,,,,,,,,,,20.38451352,21.00159417,21.91687693,22.27883137,21.96537554,20.99746854,21.41079875,22.54931203,23.6841598,24.34704095,23.57260993,23.49512686,22.52199795,22.2930741,23.20790021,23.45479867,23.40234914,22.96339785,22.4891646,22.10941723,21.32409943,20.13098155,19.79103927,19.97917099,20.33016352,20.68022179,21.13747797,21.49094066,22.14304633,22.61571347,22.90510639,22.38161297,21.43676167,21.5045071,22.02921043,22.84253947,23.02180809,22.41328924,21.44472073,19.11060219,18.81114149,19.22673791,20.01314347,20.18832467,20.78600365,20.89726746,20.83469954,21.11911955,21.39980182,21.42251001,21.69275595,21.48677384,21.46521256,21.49583667,21.45900232,
NAM,,,,,,,,,,,,,,,,,,,,,25.10053998,24.57421879,20.21004306,15.89306964,13.07022186,12.2516998,11.99611117,12.57721754,13.48114339,14.73894631,18.43289749,13.80649627,17.8159184,18.66992805,17.47094062,19.6879857,20.79036198,17.32330146,20.35600869,20.31175914,16.52532497,20.86876382,20.01505163,19.10707623,18.5551965,18.59298975,21.58094482,21.73595407,24.99147682,27.59751362,24.92297352,22.372552,25.74707288,31.10172904,35.13843332,30.98773384,21.82571199,17.93096794,16.86867524,15.75088587,13.66538732,16.02619417,16.71085605,26.20708137,24.03741705,21.51772349
NCL,,,,,,,,,,,,,,,,,,,,,,,,,,,,,,,32.90000014,,,,,,,,20.27447733,22.58880882,21.83343981,23.074768,24.71702902,28.85909741,25.13856515,28.44556771,34.90466501,36.08777639,41.29651685,37.46225066,43.06755264,42.856016,41.92271938,37.77409155,34.9802415,35.13271662,29.64804246,27.89317324,27.5984468,29.45656005,27.31694265,26.21861872,26.1746329,25.56003892,22.11894754,
NER,,,,,,,,,,,,,,,,,,,,,25.47169847,23.32598798,15.20362075,13.27317648,9.819890058,9.919654098,8.932362438,9.447176815,12.8828023,13.47619704,9.538456457,8.034043558,7.396731124,9.145865169,10.00869677,9.692807437,10.96999887,10.4359633,10.28537473,9.349266164,12.89875928,12.9187965,13.1124813,12.97497051,14.25204718,18.22108819,19.02365022,18.80510786,25.52193999,28.42993118,31.87047036,31.56276892,28.80514017,29.59487921,30.78425958,32.6070143,28.10185874,29.69610173,32.3380616,34.56651743,32.22239039,32.54915629,32.98545092,29.93738581,22.40686185,20.94133189
NGA,,,,,,,,,,,,,,,,,,,,,,,,,,,,,,,,,,,,,,,,,,,,,,,,,,,,,,,,,,,,,,,,,,
NIC,,,,,,,,,,,,,,,,,,,,,,,,,,,,,,,,,,,,,,,,,,,,,,,24.35274245,25.60334443,26.9478632,20.31517222,21.17373414,24.61373788,28.06472536,28.34442466,27.33342236,29.26353457,27.64390686,26.76135675,22.38505991,16.45718859,17.95493077,23.00136097,21.39722497,21.44485192,22.97261164,24.6119914
NLD,,,,,,,,,,26.07480228,28.06335678,28.21764111,26.12262382,24.88956932,22.41772641,22.41058048,21.42801546,22.63738678,22.69433787,21.96761118,22.5417115,20.67264276,20.04967151,19.94396504,20.44888914,21.19424715,21.76883058,22.07479807,23.53139033,23.17132739,22.82295744,22.23048164,22.01687792,21.23004177,20.66951196,20.90736656,21.52736751,21.65124709,21.80635651,22.8662622,22.52786986,22.09213962,21.01447402,20.5161769,20.17897824,20.31233616,20.90956755,23.1038497,21.93109463,21.08246466,19.44008137,19.93146477,18.59040581,18.19921961,17.38981797,21.80684378,19.29419933,19.75825086,19.9510208,20.90755598,21.27395853,20.68588413,20.46869654,20.3464704,19.85764255,19.79731368
NOR,,,,,,,,,,,28.17436359,30.74798731,29.0383771,30.25249714,31.97913954,34.94992462,37.27069443,37.40020164,31.939575,30.64400609,28.04922677,28.30341658,28.47665689,29.03947087,27.64517151,26.10142766,28.95951395,29.27169253,29.85274998,27.0157617,22.97405831,21.93700272,21.06716608,21.55559659,21.81915255,21.66286195,22.02543849,23.80981411,26.78490349,23.67948097,19.95996713,19.70371804,19.66000199,19.02318932,20.04069733,20.43541713,21.18753513,23.97700547,23.22529879,23.66923266,20.96990037,21.847276,22.72324015,23.75597844,24.16998043,24.15802477,25.78946486,25.03433373,24.44803059,27.49020653,28.38413037,23.99523533,19.40133462,22.57890422,22.94889995,23.37878386
NPL,,,,,,,,,,,,,,,,13.41500288,14.04507367,14.93634201,16.69369535,14.68827407,15.7637791,15.74321541,17.63585917,19.47867299,17.53490723,20.84317177,18.16811428,19.50864337,19.92172262,18.12051216,16.12032954,18.40049757,19.17108013,21.21902073,21.09277771,22.06912285,22.53036201,21.67243586,21.73045921,19.08249424,19.32182309,19.19511668,19.56477735,19.92418194,20.34116505,19.94173855,20.720886,21.06778122,21.87755162,21.35434374,22.20772753,23.98239062,23.9904074,24.73023144,25.25208469,27.55380746,28.70522169,30.5754364,32.43288003,33.81512568,30.46922052,29.33583946,28.98007499,24.59036045,24.51053512,23.57217593
NRU,,,,,,,,,,,,,,,,,,,,,,,,,,,,,,,,,,,,,,,,,,,,,,,,,,,,,,,,,,,,,,,,,,
NZL,,,,,,,,,,,23.4008158,23.01969365,24.94918699,24.87773068,27.83382789,30.19845451,26.90489831,24.4006904,23.55893965,21.38577503,21.6640372,24.70335516,25.73090602,25.83741112,26.35874118,27.34978963,24.09366211,23.26454897,21.25269116,21.63396755,20.67334848,17.66029987,17.86940703,19.53177653,21.29470199,22.42508001,22.34498175,22.1495015,20.55866549,21.87513799,20.85047439,21.48673006,21.9372545,23.25711755,24.21793619,24.74576063,23.91339736,23.91293867,22.87703921,20.36340112,19.95280983,20.07390837,20.95235035,21.44151728,22.61497342,22.99977687,22.74463579,23.11595125,23.68667871,23.67356025,23.38022003,24.73189919,25.54137394,24.84759931,23.3735425,
OED,,,,,,,,,,,24.81720031,25.11013198,25.76916756,26.60486718,26.11403258,24.95008273,24.67815126,25.02918006,25.6956955,26.06838207,25.89232032,25.44183096,24.392443,23.79434366,24.04753502,24.25881734,24.49007878,24.74946028,25.46289782,25.77463077,25.57493481,24.92568426,24.18755045,23.81735938,23.79763018,23.82064411,23.92069713,23.56139965,23.35222339,23.64571167,23.99496766,23.23617467,22.37254087,22.28341127,22.52021594,23.03961215,23.39277148,23.2997,22.91749268,21.05596672,20.68356943,21.06263202,21.3430751,21.24694869,21.51780081,21.76589091,21.87488615,22.12522003,22.31108703,22.56012552,22.61792561,22.47801598,22.56314671,22.6147458,22.23374135,
OMN,,,,,,,,31.18556701,12.5794155,9.3,13.76404494,28.45723421,29.82954545,26.21015348,30.62445031,35.62552273,36.32250368,32.82636958,29.68831171,24.66072896,22.47229079,22.7296206,27.17865689,,,,,,,,10.84059557,13.18676894,14.35748863,15.39403465,13.82113821,13.15092966,12.02343411,15.49096781,33.08153672,24.08301369,17.0526242,18.46078167,20.1461319,23.47188778,26.51190924,25.19776743,26.85464019,32.07603048,33.8954318,37.29463796,29.55022009,28.55277906,27.65295891,29.9441302,29.82734241,34.01135992,39.29899263,33.32164661,30.49141655,28.95325966,31.5744573,26.85757684,22.94357741,24.27801652,25.53608637,
OSS,,,,,,,,,,,,,,,,,,,,,,,,,,,,,,,,,,21.98595656,21.90895643,23.39877054,25.06251713,24.53266292,24.60720781,22.91796385,22.77060126,22.77613989,24.29838674,23.3431548,23.73865686,25.04238489,27.74115718,28.11751863,26.82794513,22.9450057,21.93435989,22.85064749,23.8675069,23.56715247,20.88264769,22.45675276,23.45400574,23.95535116,24.89099873,24.43281183,25.16333915,24.16232015,23.74871248,23.75691188,23.30700057,23.08520616
PAK,10.52985325,13.07806047,14.44579781,17.25467078,20.39457758,21.47689038,17.62578415,16.57007821,15.19479841,13.78267915,14.31383636,13.87056762,12.46136118,11.33023173,12.04739961,14.58676236,17.46647848,17.64364132,16.42337836,16.21476028,16.81448806,17.14870092,16.84019262,16.94928743,16.48681998,16.50404421,17.01449084,17.47487681,16.47435774,17.30053459,17.2997501,17.34832451,18.58979598,19.11228812,17.83361102,17.03420615,17.37707253,16.34299876,15.04468834,13.9313887,14.60067792,14.28690874,13.25241043,13.60486559,13.94077071,14.55644379,16.57221416,15.82593622,16.28642261,15.86773743,14.25155243,12.92162752,13.45898694,13.27238045,13.19755421,14.10093055,14.23114502,14.62289108,15.35829084,13.78964497,13.10553999,12.82469215,13.85054259,12.25814704,11.48925328,12.57280818
PAN,12.83644648,15.07230985,14.70616875,15.00852605,12.7035609,13.18611594,17.18011742,16.57792076,17.50876692,18.41731354,21.2125568,21.99381305,24.33820081,24.86046822,23.25195507,24.06141393,25.731477,17.81875576,20.44781068,19.53044196,20.50901561,22.84301832,22.76479787,17.24284925,13.49651067,13.78205676,15.19586341,17.20805207,7.844531446,5.811191264,7.626958609,13.34537393,16.50270294,20.69174983,21.10665278,23.23344876,20.14996613,20.3160859,22.88461088,23.17442253,22.39849473,16.40462312,14.82842864,18.80519847,18.39187213,19.33267948,21.54709651,27.35891521,30.93662621,28.48947503,29.14851553,30.570153,34.85617391,38.714327,40.20424665,39.2359688,38.31598792,39.3362735,38.67455681,37.046579,23.66522069,27.43426631,29.60655886,31.91888579,31.39633147,
PER,28.14285652,32.78643978,35.62731008,32.34865716,27.44861113,28.89355823,28.66887119,25.12853181,21.85707824,21.08263301,15.86990631,16.64016036,16.65789227,21.35226962,24.85283749,23.73698759,22.25333341,22.29071018,21.33969612,22.41875739,25.97729281,29.77172884,30.42485746,23.70304721,21.45255212,18.98457429,19.55183731,18.09900998,19.29962842,17.45836849,16.29243072,16.53344003,16.42127097,18.31649977,21.20228446,23.95832467,22.23647921,23.49956425,23.15266997,21.23761473,19.67007044,17.96665699,16.73093191,16.92106667,16.78855814,17.062082,17.78613778,19.98542352,23.42658037,22.1386316,23.51337863,23.3485326,25.04452592,25.30079697,24.54051551,23.08856814,21.44694504,20.60759692,20.92325188,20.97156896,19.94147021,23.08267536,23.27122166,21.10960407,20.59844559,20.51533428
PHL,,,,,,,,,,,,,,,,,,,,,,,,,,,,,,,,,,,,,,,,,19.36918058,18.31175848,18.34386421,18.62827792,18.54460068,18.1815182,18.71891305,18.87398642,19.08391685,18.61541784,20.40213617,18.96663866,19.93006495,20.7830144,20.86217334,22.23164338,24.99662392,25.64292819,27.283299,27.15512521,21.30226206,22.27927959,23.34596677,23.63450558,23.55786393,22.73647864
PLW,,,,,,,,,,,,,,,,,,,,,,,,,,,,,,,,,,,,,,,,,,,,,,43.37950718,39.06216955,35.36979663,32.33627635,26.10804737,25.38190302,29.7453042,27.96048769,24.16884333,32.27123304,30.27948652,29.59893415,32.45269103,28.7680937,34.64132447,43.03393254,36.88656795,42.36963112,35.37571518,35.83804464,
PNG,13.41107872,12.53430924,13.16466552,15.34090909,17.05796038,19.00423039,20.79633343,20.56287511,20.15234992,27.81390809,39.7813949,40.86173954,25.90992577,14.23417514,15.50425511,16.88700183,16.73619362,18.42895649,19.44384097,19.98040426,23.07827411,26.80823222,32.96935742,29.72694982,23.87844863,18.43571146,20.96178517,19.31121534,23.24847797,25.96119119,25.12515766,28.01475483,21.64574947,18.50794107,18.80431622,19.53551746,17.22945237,15.28041697,13.976935,12.1023255,20.41638489,21.1598107,19.4233881,18.15193656,18.1336668,,,,,,,,,,,,,,,,,,,,,
POL,,,,,,,,,,,,,,,,,,,,,,,,,,,,,,,,,,,,17.63029727,19.57801314,22.24419698,24.00357204,24.32446401,23.81274204,20.56576744,18.543252,18.2509197,18.5995675,19.11510501,20.68736462,22.69271836,23.21873748,21.6390287,19.610377,20.39809839,19.42373579,18.80101455,19.98479697,20.24106359,18.34701709,17.47404394,18.75574773,19.14561769,18.39749224,16.92793361,16.43617073,17.90128698,17.04071678,17.02864143
PRE,,,,,,,,,,,,,,,,,,,,,,,,,,,,,,,,,,,,,,,,,,,,,,,,,,,,,,,,,,,,,,,,,,
PRI,20.98232756,,,20.95474803,22.71931531,24.98698594,23.56095253,26.01409687,24.73552021,24.63738875,27.86660576,28.22306439,27.82474048,22.8578773,22.06433479,25.35769611,20.46919252,15.68374214,15.49484998,15.01882353,14.31965697,13.55189681,11.04257883,9.96839656,10.96041247,11.56033752,10.57416638,12.61185892,14.74960016,15.63463205,15.58864732,15.50533092,14.55993183,15.03752351,14.8214503,15.37933757,16.73968069,17.69909954,16.85839694,19.84319082,19.20937153,16.88241601,15.8546357,15.18449124,14.89144492,14.18293618,13.55854956,13.04052862,11.71975869,10.06270646,9.065239024,9.571437255,10.19654447,9.441386042,8.815685953,8.516814913,7.959136143,7.981110826,15.47206217,15.31061655,10.38146666,12.49687578,13.48612176,13.80846726,13.74773072,13.89387851
PRK,,,,,,,,,,,,,,,,,,,,,,,,,,,,,,,,,,,,,,,,,,,,,,,,,,,,,,,,,,,,,,,,,,
PRT,,,,,,,,,,,24.86305829,26.46796111,28.99323751,28.69451055,27.82983748,27.74324839,26.82647624,28.36172258,29.88461654,28.44712289,30.58381028,33.01893731,33.25182903,31.23116484,25.23287376,23.32912069,23.66027742,26.18691244,27.91445238,27.13132005,26.73844906,25.4312633,24.17941466,22.67133859,22.69477326,23.28152752,23.82378586,25.99736189,27.34822304,27.59113555,28.00305059,27.38158979,25.85710467,23.7604429,23.42406739,23.12657563,22.53285356,22.50962243,22.85223589,21.20159526,20.64803932,18.48411326,15.8781657,14.83091768,15.11074796,15.65407321,15.72672723,17.08565936,17.8287896,18.43282547,19.49629937,20.50297804,20.57324131,20.48595202,20.4281162,20.69506255
PRY,,,11.52305932,10.21045233,10.96750369,14.29184857,15.4764744,16.26045073,15.38697412,15.42664745,14.52596735,14.0919079,13.69467177,16.27191339,18.38921062,20.7641292,22.77116257,23.86917136,25.19237805,26.97751989,27.23731798,27.40539221,23.99747639,19.86291223,20.86809192,19.32134,21.2596308,20.86483255,18.94848238,17.55216267,16.82327533,17.74865812,17.4442677,19.5845021,21.83204502,20.02839247,19.52508148,19.17145703,16.64288526,15.92778569,15.43961905,15.61863281,15.19591919,17.74617348,18.30352661,19.14679741,19.27550655,17.88365847,18.9270604,18.53228185,21.29161343,20.94778016,19.53601451,19.05704731,19.77746253,19.39979321,19.07961837,19.19224002,19.94882278,18.70926957,19.88243164,22.94256798,22.17877361,20.63131396,20.83624079,21.73870895
PSE,,,,,,,,,,,,,,,,,,,,,,,,,,,,,,,,,,,38.84570745,36.02107957,34.62869545,32.76504069,32.10826491,39.38003371,30.64261869,29.05312586,25.38106755,27.94606855,24.1489431,23.86015569,20.95245218,19.9580446,17.96755308,18.1938484,18.84935186,21.07705098,20.47115101,21.72468647,21.16128294,23.6509118,23.97730666,26.00074405,26.81886881,25.23710859,22.71869789,23.87486885,25.01995774,23.58720908,22.07168678,23.95978354
PSS,,,,,,,,,,,,,,,,,,,,,,,,22.13946443,19.12479739,19.79050637,18.24609112,19.19940089,15.25041723,15.62905703,15.96481904,16.63043919,14.4559709,17.90247327,16.08611959,16.52357217,18.95233017,19.50527855,23.38213531,23.57934484,18.34456838,19.14627473,21.86994406,25.9463054,27.60468367,21.3493607,21.0968514,19.15130986,24.09117389,21.21782495,19.89880548,21.60736723,20.37855274,21.5725638,20.5679451,22.2526994,22.0385964,22.07081494,20.62232624,20.73354222,20.37327763,21.63731562,22.31542395,22.06548463,22.51739856,
PST,,,,,,,,,,,24.95571078,25.27976989,25.9321654,26.7853565,26.29261589,25.06270631,24.78822298,25.17614078,25.84509815,26.23719759,26.0519228,25.56236878,24.56196013,24.01096541,24.27275321,24.45188431,24.59869856,24.81568366,25.52259779,25.88742622,25.68673695,25.0717907,24.3570219,23.96673274,23.92994034,24.00622931,24.09468851,23.72629589,23.46550457,23.79144735,24.15126257,23.43851146,22.50729641,22.36021647,22.52915798,23.0171007,23.32551775,23.19733472,22.82357456,20.99373446,20.59037798,20.88078714,21.18003175,21.10403535,21.37741236,21.54633487,21.59859508,21.90502016,22.11741118,22.24507336,22.4070328,22.38586331,22.38170411,22.37537144,22.05830186,
PYF,,,,,,,,,,,,,,,,,,,,,,,,,,,,,,,,,,,,,,,,,,,,,,24.02388793,21.86584277,22.07951229,23.61924466,21.25013535,21.39111516,18.21810586,18.52256716,19.27537221,18.75121019,19.9241636,18.60473357,19.13728609,27.04675014,25.30549549,21.28556574,22.00836682,22.5067434,22.65042451,21.90536538,
QAT,,,,,,,,,,,,,,,,,,,,,,,,,,,,,,,,,,,,,,,,,,,,,,,,,,,,,,,,,,,,,,,,,,
ROU,,,,,,,,,,,,,,,,,,,,,,,,,,,,,,,19.79251661,14.38359272,19.18662509,17.8864832,20.28340593,21.16127506,22.90278107,21.83560064,18.81149058,18.04815841,19.11983095,21.03970138,21.46370135,22.74012389,22.29530386,23.36294921,26.61614774,35.34257587,37.28706778,26.004088,25.67126317,26.7682444,27.00834349,24.40513019,24.612658,24.92218776,23.03786677,22.87768755,21.21097211,23.25904508,23.46163078,24.50300392,25.12396019,26.54794023,25.29166233,25.60902448
RUS,,,,,,,,,,,,,,,,,,,,,,,,,,,,,,31.76265271,28.70226638,23.26778691,23.93477117,20.38948166,21.81088825,21.07772781,20.00174218,18.2923133,16.1506041,14.38661429,16.86366886,18.88840427,17.90591385,18.41502839,18.38529929,17.7553986,18.50340951,20.99525445,22.29046107,21.9951347,21.62538431,21.32165552,21.5611849,21.94018828,21.41718335,20.6115488,21.88128167,21.98213912,20.65448572,20.90234042,21.55991978,19.31528923,20.11943922,22.1046335,22.43366788,23.0895938
RWA,,,,,,28.71076931,28.27848272,21.38303078,20.73105603,19.69366395,21.02454632,26.45765748,27.84342757,27.58244842,30.60813529,38.59375075,37.78866796,37.33756523,40.86844962,43.41893289,35.74012195,38.12759678,41.96667566,42.67923209,45.3547583,45.56370312,46.03961882,45.95800274,40.82020701,39.06929524,42.86787093,41.02957382,45.74752076,49.00409228,29.21019787,39.23697208,42.04984905,40.40931881,43.32925822,35.03586011,33.72432616,35.45169182,34.49478861,35.40762726,41.15713182,42.52819503,14.89137945,16.47211906,20.85547639,20.50681751,20.1174793,20.74104222,22.94256029,23.99601164,22.92631861,24.25707647,27.45331285,22.95079447,18.66222625,21.52573966,20.00452841,32.21112293,31.59816097,34.01909851,32.93811899,32.19230184
SAS,14.151342,15.27480048,15.51653907,16.04058025,16.19712232,16.8566714,15.82848608,15.24638172,15.43302523,15.46675728,14.8740095,15.96817272,16.96325253,15.77814343,15.96335572,16.02148589,18.19228772,18.76641455,19.24359613,20.17015404,19.73677577,20.05757085,21.23081832,20.79501961,20.93586621,21.68854651,22.71735086,24.06624528,23.26778557,24.10854575,25.45332905,24.07372641,24.63388563,23.48014206,23.36400833,24.96404901,24.48424421,25.32081207,25.46522538,27.40798575,26.21748353,29.50483373,28.09650722,28.1670116,30.42693854,32.38668872,33.23546184,35.3902127,34.2426659,33.53591509,32.82790704,33.84093897,33.03622378,30.97701967,29.9051713,28.74961552,28.5033122,28.61213441,29.82345008,28.95131235,27.8023874,29.66852029,32.15296537,31.45470376,31.20194361,31.03638587
SAU,,,,,,,,,14.77741493,14.68651584,12.68286635,10.90362006,12.21290194,13.97913508,8.834110758,17.39318057,21.40302735,25.53026334,29.99072822,24.9190026,20.72377375,21.21735671,24.89216384,26.94179543,25.15668069,22.28779915,22.5746848,22.32878718,18.92659726,18.59381345,18.89813291,20.29177505,20.24858101,21.85374474,18.37149122,19.24592973,17.30891245,17.57602963,20.52277583,19.49017131,17.35293331,18.26098164,18.01153832,18.29999296,19.15647291,19.31236599,20.45213182,23.65156621,22.80373151,25.75648632,24.43080446,22.41382688,22.07777055,23.39900727,24.85134615,29.21708385,25.77474139,24.19061008,21.46800023,22.46321855,24.44120581,23.5241232,24.29112723,27.88316414,30.62971345,30.11367149
SDN,,,,,,,,,,,,,,,,,16.09513803,12.17830882,10.80438042,11.02992056,10.72410018,14.80889865,17.1957672,16.0759683,13.25293221,10.64195726,11.37512138,12.10033076,9.199632015,8.044718253,10.43693088,10.51298826,12.36986103,15.19929237,10.65530072,5.53916709,12.006718,8.9745862,10.22639508,10.34376592,24.88803086,20.53100776,21.56635179,22.07481444,23.61173192,21.2067763,22.88917699,21.30612613,20.66890797,22.3259083,20.39853923,23.26243402,19.72413162,17.1950467,15.04153415,12.80813353,9.305915263,10.76863444,9.989350238,14.30500784,5.786535233,3.465809203,2.178264293,2.172798462,2.886740005,0.734291873
SEN,,,,,,5.701572345,8.523976696,9.925955047,7.348594956,8.169258401,9.543292316,10.1853891,10.33561433,10.74447547,12.18611227,11.17995944,10.33195022,9.948248024,10.47557685,11.27638386,11.9962959,12.73374508,16.8371747,16.98009996,16.47087703,15.26861668,11.07970028,12.41890437,13.87614722,13.6351201,14.59725848,14.69274051,15.33941511,14.6596389,17.1399921,15.29954197,16.39047513,15.8480599,18.74498021,18.288025,19.22532556,18.95422172,20.43210366,17.41022765,17.49768951,18.29401751,21.21406104,21.0584702,22.58270964,19.89218173,18.51659371,21.01603684,20.70243272,22.16891755,23.47965057,23.01733334,23.92812412,25.83131267,28.32181083,29.65635622,30.45317726,33.96870177,34.75490537,35.34631328,31.13605012,28.71843431
SGP,9.497543339,12.70132866,14.21341873,15.88109648,19.98757855,20.94784824,19.52389465,19.47280931,22.83933645,26.08978017,32.12117089,36.18234029,37.2499187,34.69063835,37.50642954,34.89114046,34.97140648,33.15375584,34.63031837,35.58785689,39.52167795,42.13989193,45.81974739,46.10489253,46.22050112,40.78991161,35.12851927,32.36281408,30.29553285,31.68076205,31.7221881,33.14473128,35.1984569,34.64412381,33.35601846,33.18616813,37.87638867,38.4332093,38.01661475,34.57356285,32.32634436,30.88704023,26.75142322,24.76629443,24.28142342,23.18799566,23.08671115,24.37568207,27.97891959,28.83745965,25.56972122,25.26491464,26.4299883,27.54821559,28.12820922,27.2222709,25.87702948,25.11564968,22.35180562,22.79947889,20.99945935,22.07822822,20.3389644,21.87302411,21.03745603,22.08454102
SLB,,,,,,,,,,,,,,,,,,,,,4.613287395,4.745095459,4.804409243,4.804409164,4.756365223,4.895883449,8.557637006,14.48026618,11.69900657,14.62942635,9.753781592,12.30339857,10.28231688,11.78680568,8.89974423,6.316935278,6.480190935,6.591147108,7.2156493,6.903468629,7.629120287,7.911612026,5.988484743,9.035301123,9.919334227,12.60245425,11.64553581,13.10135779,13.3782751,12.79120148,17.94388277,15.01936172,16.00462852,15.59892875,13.92314563,15.97327161,15.89711221,18.13355089,17.31361694,20.43371723,18.80996106,24.2876722,21.99167656,21.47150017,19.46064227,
SLE,,,,,,,,,,,,,,,,,,,,,14.85071398,18.27890419,12.78279838,12.54197537,12.15607254,9.718213058,9.250760649,10.10145959,5.354904689,8.50297485,13.00591548,10.90886991,8.369774228,7.748114261,8.663770457,5.572866056,11.03600435,-2.4243579,5.313475256,0.292869776,1.096810372,10.34798359,10.9785928,10.87812498,9.992711974,10.99193628,10.34806552,9.958864936,10.17429524,11.0063444,34.23296978,46.33157096,29.20174272,17.46268101,15.76382629,17.82841635,17.42494729,18.89791923,15.38624236,17.39699128,15.51457154,16.28005173,18.6697194,19.80166117,19.55092479,23.19727922
SLV,,,,,,14.68349815,14.9840778,14.71419791,11.17889289,11.86201639,11.97966317,13.28701986,16.456177,15.63869322,18.21979975,23.01764097,20.07318621,21.20857681,23.27139733,17.56880096,13.57821614,13.57151091,12.6000963,11.62228687,11.4593195,12.02433101,13.12111325,13.64890472,12.62704898,13.3229418,13.66585998,15.18750758,17.28266627,17.9815044,18.74492407,19.06243986,16.30272752,16.66050478,17.11870265,16.6266071,17.68298078,17.19343312,17.54815624,17.69384079,16.68586341,16.29282896,16.88830361,18.52296207,18.66742944,15.14860564,14.75309954,16.28754601,16.59620829,17.53425044,15.44477232,15.69217655,15.490279,16.02878236,17.16942375,17.75970067,17.45550674,21.04503852,21.64758766,22.41711189,22.83609994,27.17957966
SMR,,,,,,,,,,,,,,,,,,,,,,,,,,,,,,,,,,,,,,,,,,,,,,,,,,,,,,,,17.30079837,19.02425271,20.35547734,20.34105087,23.47727924,18.96172808,17.51698289,17.79374677,16.88288289,,
SOM,,,,,,,,,,,8.415788354,8.812029961,10.39571923,11.88141005,19.14586024,14.35341951,14.91309794,16.26453581,22.55658745,24.29603829,43.1578237,23.12295626,25.06955738,26.29167004,22.78605037,27.02199568,24.56200137,28.24406305,19.15439273,27.55576542,13.24947565,,,,,,,,,,,,,,,,,,,,,,15.73603308,14.36956002,13.41040635,13.14808121,12.8456369,13.82510705,16.10567763,16.08133087,16.00602689,17.97954234,23.64990689,23.60832269,26.74855854,28.11422679
SRB,,,,,,,,,,,,,,,,,,,,,,,,,,,,,,,,,,,,10.63639301,10.39249663,11.23084657,11.24892436,10.47471033,11.60995469,11.82963397,14.66438313,16.60343928,19.39122008,19.2542673,21.18366435,23.60012476,23.4709629,18.59809569,17.54509377,17.32490429,19.9488493,16.37355823,15.87140915,16.8018814,16.99327253,17.77711528,19.9497038,22.2768602,21.44965025,23.05128905,23.91106316,23.37256165,23.79542,22.83926307
SSA,,,,,,,,,,,,,,,,,,,,,,,,,,,,,,,23.58166056,22.15699742,22.78079121,21.74329426,21.46815188,18.87174218,17.882835,17.05631989,17.13576732,22.05214758,21.81842063,21.59920029,20.06036793,21.14553945,21.49643796,21.67984236,21.17233911,23.01251625,24.39634022,25.84774957,23.18912672,23.51172018,23.40482925,23.62073583,23.87442271,23.74424663,24.20481771,24.04610665,23.38052948,20.57186644,19.43282927,20.17848845,20.31069047,21.69528942,23.63328238,22.9764277
SSD,,,,,,,,,,,,,,,,,,,,,,,,,,,,,,,,,,,,,,,,,,,,,,,,,13.76998753,13.65213098,10.28965508,9.488777068,7.074252837,11.36777383,7.99450883,5.750756372,,,,,,,,,,
SSF,,,,,,,,,,,,,,,,,,,,,,,,,,,,,,,23.57735124,22.1515653,22.77841022,21.75809478,21.48363353,18.8938137,17.91993806,17.07546844,17.17008458,22.11746827,21.83331233,21.66177819,20.09070373,21.12977546,21.49362665,21.68834674,21.19165597,23.02348853,24.39940441,25.84827926,23.20177462,23.52095995,23.4167039,23.63634757,23.87955444,23.74906466,24.20913016,24.04946949,23.38096231,20.57531131,19.43447726,20.17401382,20.3093771,21.70192624,23.63333396,22.97253441
SST,,,,,,,,,,,,,,,,,,,,,,,,,,,,,,,,,,20.73864737,20.44719484,22.22589051,23.59837569,23.65335596,24.00591507,22.35612132,21.75265498,22.87317426,23.055288,23.07665184,22.32475541,22.71394871,25.42055941,27.15170163,26.0176447,24.17033979,22.00280542,22.82109752,23.33875856,23.04937694,21.11153573,22.5953672,22.73971232,23.50638921,24.37566734,23.72554661,24.21998782,23.54365965,22.16833207,22.34318167,21.784303,
STP,,,,,,,,,,,,,,,,,,,,,,,,,,,,,,,,,,,,,,,,,,,,,,,,,18.44510821,21.02226192,25.48693073,22.27724361,16.3922964,16.92688628,16.0548706,14.4181284,12.98397117,15.09062055,13.58437849,11.83447237,11.69663763,10.040752,8.179163722,6.10364167,6.833550802,8.668843465
SUR,,,,,,,,,,,,,,,,,,,,,,,,,,,,,,,,,,,,,,,,,,,,,,,38.023869,42.30244387,45.46298206,47.07651814,37.53856416,,,,,,,,,,,,,,,
SVK,,,,,,,,,,,,,,,,,,,,,,,,,,,,,,,31.45008141,28.42974555,33.15656572,31.77739485,28.17908181,26.51136423,33.52599735,35.70953649,37.49033615,31.44544361,26.90768198,29.74929965,28.45710299,25.31068351,24.72162223,27.09791388,26.375684,26.2297796,25.63013403,21.69993038,21.849753,23.94149771,21.05044587,21.19106108,21.17613107,24.32025647,21.66011919,21.27352435,21.34475697,21.68127816,19.78096552,19.59819953,20.94011539,21.13604516,20.41839673,20.53151494
SVN,,,,,,,,,,,,,,,,,,,,,,,,,,,,,,,19.07193499,20.95108754,18.93363508,19.14143582,20.44333196,23.10951393,23.90799405,25.21943339,26.23725676,27.810498,27.59269738,26.61561297,24.86415158,25.26483621,26.21221397,26.78414762,27.90149944,28.76321428,29.58623026,24.41655815,21.22160027,20.08483829,19.16767376,19.83373393,19.43655827,18.91764852,17.77998261,18.49372575,19.53028033,19.75839625,19.02389281,20.2003571,21.9883574,21.59505585,20.92141245,21.12549311
SWE,28.4285375,29.15687044,29.81441998,30.41536061,30.82696745,30.96633111,31.09628166,31.1359365,29.96008893,29.09849772,28.21467111,27.51043893,27.82729945,27.43816631,26.93826854,26.24260478,26.57164744,26.48506022,24.39565862,24.88749515,25.36632106,23.86365628,23.69412913,24.05937146,24.45606084,25.65450295,24.521033,25.53505698,26.65512393,29.16143407,28.80430254,25.84406758,22.74966763,19.20683851,19.25138357,19.5446497,20.02508921,19.70812364,20.56208257,21.15380882,21.7434173,22.18055529,21.6669413,21.09905568,21.34716874,21.50972609,22.55760146,23.50979051,23.99541492,22.06649249,22.04676653,22.40669377,22.25770205,21.96568388,22.69318353,23.24105115,23.87142054,24.58126726,24.61381583,23.84114572,24.53260667,25.11580432,25.59079777,25.41194009,25.1020246,25.22800854
SWZ,,,,,,,,,,,,,,,,,,,,,,,,,,,,,,,,,,,,,,,,,,,,,,,,,,,,,,16.40490874,16.199936,15.10217018,17.77063421,16.19597589,17.12730063,17.66112469,14.92191098,17.2988092,15.05478444,16.08851847,16.07031203,
SXM,,,,,,,,,,,,,,,,,,,,,,,,,,,,,,,,,,,,,,,,,,,,,,,,,,,,,,,,,,,,,,,,,,
SYC,,,,,,,,,,,,,,,,,36.7893434,38.62530414,42.60255548,31.84017868,35.91093432,33.56130706,30.79359781,22.04295201,21.42241876,22.29283716,22.47171906,18.52983812,23.43845002,24.27845264,22.7582393,21.10157007,21.050519,26.33348511,26.29279734,30.0083494,39.79035771,27.77503544,33.87292453,41.24859903,24.91839395,40.39510028,27.58813456,10.96298318,17.41606427,23.86914095,30.32222386,29.22442943,27.643034,28.02722542,37.03142382,34.81624936,37.72992035,38.56690571,29.05489887,26.87951537,25.13473942,24.53517669,21.98698662,22.08559453,21.3213199,16.46771613,18.49874159,24.35220262,21.30412094,18.71123755
SYR,,,,,,10.33459048,12.52938676,12.26430199,13.90588682,15.9720176,13.32352941,14.50143517,17.59861292,18.18274009,19.62133165,25.4503083,31.9231547,35.97527117,27.83352373,26.64083748,28.01833431,23.54470408,24.00564052,23.88833554,23.99989382,24.05046561,22.45804689,18.18388249,13.97066333,16.18443981,16.54504934,17.97126754,23.17358663,25.97334171,29.95884221,27.23481764,23.60488495,20.85172533,20.5512345,18.76541341,17.25494184,20.5053276,20.20622046,23.24423761,21.66724984,23.01703334,21.51980271,20.3943053,16.69587352,17.91570698,20.45889925,21.63094099,12.78803984,14.45627995,8.236289504,12.96354535,7.880459576,8.970802099,9.030305999,7.388676209,6.134631363,5.247997564,4.444381987,,,
TCA,,,,,,,,,,,,,,,,,,,,,,,,,,,,,,,,,,,,,,,,,,,,,,,,,,,,,,,,,,,,,,,,,,
TCD,,,,,,,,,,,,,,,,,,,,,,,2.23353965,1.930578819,3.412298961,5.158556696,5.74528788,6.449267857,4.970030199,5.674892437,4.77211124,4.622168896,5.275640104,6.894185723,11.75479956,14.35719664,14.9647881,16.33063858,14.14549089,16.97228096,20.94154918,36.57923975,59.72306926,48.60098273,22.74035768,22.11108329,22.11884298,22.22018723,22.05239395,23.90665889,22.2724743,23.34759744,22.9050114,25.54051636,24.85592837,22.25762443,16.07011305,15.20041191,17.35268511,20.21299606,18.24371766,16.37271114,14.52780197,16.02014025,15.47418142,16.38840893
TEA,27.56487646,15.86170695,13.89931311,15.94870396,18.24740531,18.6691628,19.69855854,16.62968053,15.7883929,18.69680939,22.20148985,23.00229389,23.04922064,22.52151332,23.54136229,25.81846287,25.12459944,24.70955279,24.71902682,24.44834606,24.77110657,24.32406484,25.06814063,26.31350631,26.41406663,27.24752726,27.03248415,25.60375474,27.43695302,26.26761591,26.83919964,28.4666566,30.37070949,33.80688984,32.96517097,32.52975259,32.26976246,30.87870278,30.3979034,28.93100259,29.40534679,30.36828492,31.31545504,33.59461984,35.07227807,35.42695366,34.85099732,34.49906864,35.75943598,39.91529748,39.90516663,40.10807351,40.80987087,41.10150301,40.7060103,39.49358125,39.00291475,39.2942097,40.21577263,40.00065875,39.63166415,39.43959614,39.13970737,38.40303274,37.6642792,
TEC,,,,,,,,,,,,,,,,,,,,,,,,,,,,,,,27.8546696,23.53555312,24.53184058,22.19536731,21.81995096,21.03598595,20.86652502,20.88931599,20.26537837,19.39882876,20.62258276,19.65284357,19.28818274,20.10923003,21.55643782,21.82120875,23.06989957,24.83925399,25.22708584,23.09029714,22.61316231,22.94865147,22.98433899,23.2510685,23.20435272,23.5024978,23.57660525,23.23146116,22.52289368,22.25969254,22.51177019,21.19551129,21.68810137,24.17197762,23.93657268,24.24912832
TGO,,,,,,,,,,,,,,,,,,,,,34.52181208,26.24031008,23.58175751,22.34899329,17.75015934,26.80291971,27.38160044,24.26744806,21.52390197,16.40407785,9.100558334,9.63046072,9.652414911,13.39611287,9.775189289,11.13487423,10.6307695,9.411534139,13.58206603,8.933537319,13.24395313,13.90825664,14.30605067,14.46388789,13.56562662,14.4880527,16.20295919,15.93047518,16.74672872,17.25368841,17.89310981,21.5932896,19.5498564,19.95178422,23.33003669,25.10284498,22.34680116,16.96880019,17.81567906,17.77156438,19.62240549,21.44674142,27.07245218,20.98413662,,
THA,12.91947668,13.01412786,14.60846072,16.38719527,17.94820066,17.51124654,18.54509673,21.25426366,21.7235252,22.09775739,23.74151975,23.32920462,22.71075855,22.48401654,23.29190494,22.87504231,22.90533872,25.92862406,25.24559546,25.56074494,27.77237748,27.98965177,26.94110612,28.46266326,28.6011107,27.16507276,25.78028667,27.63792691,30.67911124,34.61921119,40.38222317,41.63158837,39.25527194,39.06462105,39.99972893,41.32127786,41.65494619,34.61143746,22.15178687,20.41001072,21.57492771,22.48036998,21.91158521,23.03190143,24.86419159,27.71262281,26.84663223,25.4562514,26.44771585,23.10895489,23.9927018,25.83636938,26.99365284,25.3835377,24.661391,24.52848915,23.71362635,23.10836493,22.78622637,22.57295117,23.22111675,23.51452704,23.36124629,22.88031415,22.06688458,22.66357094
TJK,,,,,,,,,,,,,,,,,,,,,,,,,,,,,,,,,,11.21121263,21.04554455,21.29942693,13.2976978,17.67921652,13.42423681,16.62608178,7.42150333,8.982759966,6.295736675,8.037551981,10.3773126,11.11897427,15.48226069,23.22560995,24.51798724,26.29323509,24.48931684,28.59290149,21.72324828,24.18944502,26.1845442,38.71665705,40.06913633,31.24578059,35.38852112,31.50886489,27.57368837,31.97020469,31.70533171,28.30032941,30.2409941,
TKM,,,,,,,,,,,,,,,,,,,,,,,,,,,,,,,,,,34.83033932,,,41.29174194,38.67686769,45.49481958,39.67090501,34.73865594,31.71266121,27.5596817,25.4187358,23.05361962,22.91959465,19.50195649,18.6,31.7,46.6,45.26102359,44.39176619,48.30180207,46.40006087,44.32153107,47.27962713,46.96634095,40.83989996,28.26870107,22.74016899,22.53400548,18.29017728,17.73019461,18.36148585,17.63748996,16.53787672
TLA,,,,,,,,,,,19.91782553,19.99949639,20.33284191,20.07503052,20.98750294,23.61682053,23.68358831,23.54047195,24.45441324,23.73288014,23.10435313,23.79747296,22.00233918,18.57908644,17.76790081,17.52207738,18.80295238,20.25556822,21.07200145,21.8702364,18.49017503,17.44172661,18.50297806,20.06205329,21.38712711,19.48751594,19.18013448,19.96208737,20.17372155,18.78137885,18.99678539,18.19087767,18.38221071,18.5339449,18.83609742,18.94495524,19.404869,20.1720125,20.93773445,19.77251794,20.46379306,21.31034644,21.27145168,21.47796642,20.65440859,20.20229906,18.83965195,18.19842511,18.67755523,18.55980184,18.02582671,19.62651996,19.92021357,19.49420255,19.29284024,18.93410445
TLS,,,,,,,,,,,,,,,,,,,,,,,,,,,,,,,,,,,,,,,,,37.96993004,31.90854352,27.35652261,21.67400601,16.65164756,15.63755224,11.96445776,18.51161598,31.18674478,48.72170631,42.68687268,70.10857961,57.60081168,40.24656247,41.07564362,35.62865941,38.25360206,32.94483034,32.92085173,22.88147935,13.70112686,14.1831463,9.857339957,17.35632238,27.00791167,
TMN,,,,,,,,,,19.70335464,20.37189537,19.9567145,21.16362522,22.82202876,21.08143814,30.751066,34.82831258,35.67090497,34.92407097,26.79046345,27.13133045,30.64904491,30.35603335,33.19023358,31.78493561,28.62988859,28.05573863,24.08972727,23.37342733,25.22057244,19.94449306,26.10384685,25.53500083,23.74728553,23.52224761,22.61662081,24.34672903,23.72506472,22.854642,21.25955665,19.77386623,21.97533789,21.8602141,22.18061105,22.09700229,22.12277898,22.72618075,23.04366651,25.15180602,25.01116302,23.92621544,23.63162492,22.92189385,22.32582786,22.7231135,21.95017871,21.05573058,21.36374238,21.53418444,21.53192301,19.76457483,19.85437144,19.14299665,19.76849911,19.82433438,20.54247768
TON,,,,,,,,,,,,,,,,22.78238878,19.78534347,19.17438911,24.68066359,28.11975245,29.03812028,28.30714695,29.31544458,26.89649047,23.5415443,23.26100607,22.51007146,22.47314317,20.83383405,20.20622408,18.01081845,15.35598441,15.83225918,15.81102937,20.89123249,25.38531955,25.27710497,18.92986239,19.90334773,19.55400781,19.72615101,23.18399152,23.92971882,20.12507173,19.70636918,21.65340871,20.52201001,20.22462381,20.01754407,24.30599656,28.66070721,27.92193217,34.98836725,22.20288378,21.5967045,23.31627384,24.19733483,26.69996363,22.44325505,25.92854505,23.40819681,31.54934795,27.69412207,26.15762804,26.15182688,
TSA,14.151342,15.27480048,15.51653907,16.04058025,16.19712232,16.8566714,15.82848608,15.24638172,15.43302523,15.46675728,14.8740095,15.96817272,16.96325253,15.77814343,15.96335572,16.02148589,18.19228772,18.76641455,19.24359613,20.17015404,19.73677577,20.05757085,21.23081832,20.79501961,20.93586621,21.68854651,22.71735086,24.06624528,23.26778557,24.10854575,25.45332905,24.07372641,24.63388563,23.48014206,23.36400833,24.96404901,24.48424421,25.32081207,25.46522538,27.40798575,26.21748353,29.50483373,28.09650722,28.1670116,30.42693854,32.38668872,33.23546184,35.3902127,34.2426659,33.53591509,32.82790704,33.84093897,33.03622378,30.97701967,29.9051713,28.74961552,28.5033122,28.61213441,29.82345008,28.95131235,27.8023874,29.66852029,32.15296537,31.45470376,31.20194361,31.03638587
TSS,,,,,,,,,,,,,,,,,,,,,,,,,,,,,,,23.57735124,22.1515653,22.77841022,21.75809478,21.48363353,18.8938137,17.91993806,17.07546844,17.17008458,22.11746827,21.83331233,21.66177819,20.09070373,21.12977546,21.49362665,21.68834674,21.19165597,23.02348853,24.39940441,25.84827926,23.20177462,23.52095995,23.4167039,23.63634757,23.87955444,23.74906466,24.20913016,24.04946949,23.38096231,20.57531131,19.43447726,20.17401382,20.3093771,21.70192624,23.63333396,22.97253441
TTO,,,,,,,,,,,,,,,,,,,,,,,,,,,,,,,,,,,,,,,,,15.56101046,26.39145421,21.87795346,24.24285855,16.00000899,10.93730902,15.6497023,26.50724645,23.04452641,31.42540229,23.14211577,21.89283139,20.8107388,20.76804341,19.69702912,25.51090914,19.55453272,20.90911008,22.91908286,20.97351,20.51503751,20.27613392,17.17925774,18.98571703,,
TUN,,,,,,27.8493177,23.93412626,23.63157895,21.48345617,21.63319551,20.51349921,19.88197912,19.76580796,20.49856684,20.73911358,25.72642701,29.12571133,30.65833295,31.03989694,30.52703628,28.30108742,30.99471408,34.03130464,31.84841481,32.12525731,28.13786814,24.98882744,21.62458153,20.54592061,22.49241389,24.36088279,24.0447925,27.20454114,28.11361931,27.0567479,24.16577722,23.19432716,23.6717313,24.03423623,24.35497027,25.16664741,25.32507623,24.7638384,22.90038786,22.12881548,21.44992955,22.58360616,23.0432472,23.62881107,24.33347194,26.00780836,23.11084576,23.85623348,23.31005396,21.53864541,20.98144589,20.49757102,20.04626929,19.60083374,19.43468817,15.84557928,15.85591503,16.31480625,15.73686102,15.21163541,
TUR,,,,,,,,,11.87301587,11.92922374,13.23155216,12.57731959,15.63472847,15.68681319,14.78418717,16.11852312,17.97862002,19.21802518,17.0238321,15.57539325,15.90066149,15.13099608,15.11694402,14.75427519,14.39553396,15.26292545,17.13668746,24.74656025,26.10782011,22.80305766,22.86980468,23.68957252,22.99641109,25.52474381,24.45917647,24.03893699,24.64288572,24.87238676,22.20599463,19.9197262,22.31102479,18.07654353,19.67164085,20.94442405,25.64172074,26.87703423,29.04253483,28.50424448,27.30510559,22.96235157,24.87828284,27.98874884,27.3995231,28.79532889,29.08433332,30.01191304,30.04330846,30.2598822,30.29540326,26.46292938,27.95060649,28.39209633,30.5449887,32.87403226,31.31572726,30.59135607
TUV,,,,,,,,,,,,,,,,,,,,,,,,,,,,,,,,,,,,,,,,,,,,,,,,,,,,,,,,,,,,,,,,,,
TZA,,,,,,,,,,,,,,,,,,,,,,,,,,,,,,,17.738943,17.90415066,18.56783033,17.14232015,16.82935743,13.49431331,11.34292343,10.13735498,22.60798413,19.59972709,18.76390962,19.58259814,19.2975412,21.70178819,25.67405203,28.54497165,31.50318589,33.88753209,36.06015286,30.99673579,30.77056841,35.09952948,32.96444487,33.95718123,33.170349,31.87113206,32.75384524,35.1589886,39.04883161,42.63047115,40.53424427,41.45960072,42.82035188,42.72681819,41.14591298,42.21977656
UGA,,,,13.20356211,11.18691722,12.34567901,11.64901664,13.46070343,13.09041835,12.45956631,13.33777926,15.11409661,12.3943662,8.22639026,10.66431191,7.251836504,4.944224247,,,,,,9.735935706,7.855973813,8.235177506,8.732018454,8.446924527,9.718215889,10.79234972,11.13622802,12.70408004,15.17126512,15.91634526,15.2150402,14.63430653,16.36734423,16.97280128,16.89416181,15.92404478,19.26517924,19.23396461,19.04756303,19.96328385,20.68332567,19.9444298,22.20171675,20.92496025,21.86888229,22.74825201,24.55659454,26.64901614,26.38115249,25.78059744,31.46642041,26.23153291,23.26290743,24.8711104,24.05242289,23.75044499,24.90245625,23.5178704,23.33958244,23.44758148,22.08436797,21.64428209,21.85643201
UKR,,,,,,,,,,,,,,,,,,,,,,,,,,,,,,,,20.06688963,27.13689648,24.29100376,23.53491492,23.28021539,20.72032262,19.83291405,19.58808106,19.26603379,19.7447311,19.77033266,19.20619464,20.58120459,22.42437294,21.87000492,24.38948848,27.11947448,25.90644709,18.31745583,18.01621474,18.35132206,19.40352108,17.31584986,14.13604383,13.54870699,15.45636374,15.77628943,17.647267,17.61584412,13.36597643,13.20475031,11.86948786,19.88785088,18.4575385,19.36493598
UMC,24.99045751,18.8734758,16.40462575,16.55740407,18.35842055,19.33808637,19.6613473,18.07977153,17.50265285,19.31123333,21.14150751,21.4185138,21.91441059,21.71142331,22.01039203,25.32764518,25.94837499,25.59504434,25.460271,23.64211095,24.12915428,24.9017513,24.45271573,24.54002656,23.95797396,23.44761068,23.66996522,22.81113163,23.54895833,23.76143249,21.39869513,22.54002435,23.51006787,24.72587889,25.05242443,24.19527182,24.27625488,23.98179727,23.68374743,22.75260165,23.21117404,23.59264279,24.60421649,25.92805268,27.06726867,27.18872387,27.55923455,27.9254828,29.27730026,31.46205181,31.49260555,32.03575953,32.8628358,33.39719483,33.51549212,33.47382891,32.9488104,32.87123631,34.10334336,34.0596094,34.38424985,34.48161385,33.90133819,33.22136731,32.65363392,
URY,19.31034483,22.15909091,20.10309278,16.73819742,13.73134328,13.66120219,15.28205128,18.42576029,13.91069012,15.08750754,3.396226415,16.59006033,14.91997935,6.739258387,14.51785237,18.7460498,21.62780328,21.49585502,22.68318,22.86364,16.72595549,21.72841473,20.42566377,13.68340032,10.95552867,9.630811913,9.893884995,11.39309986,13.58189588,12.95282741,12.13930509,13.43625521,14.20005386,14.75442235,14.54503893,13.52694847,13.96263075,16.03385353,16.38310491,15.23791591,14.31854462,13.6566726,12.35327221,12.52072423,14.36748947,16.54745741,18.23698775,18.57768777,20.55333688,18.74481977,19.07010452,19.11856764,22.15338355,21.84250323,21.43812281,19.78623652,16.94360844,16.23951151,14.75613492,14.49103088,15.43571945,17.67120248,18.92548573,17.29888173,16.3094353,15.83726616
USA,,,,,,,,,,,20.26058671,20.8513491,21.86864304,22.2178569,21.78958261,20.64877287,21.12477127,22.45394188,23.73504156,24.4266334,23.53187809,23.34737847,22.51610374,22.41124061,23.47590024,23.68534164,23.59714134,23.06105909,22.47485791,22.0229262,21.28528172,20.11701931,19.82716511,20.09015305,20.40379919,20.86459909,21.32030211,21.58283622,22.25525463,22.78768358,23.14627949,22.53850881,21.5399006,21.62260561,22.127737,22.93464084,23.03817363,22.32301439,21.23547261,18.81013536,18.31393655,18.73698215,19.51260523,19.75442581,20.41964346,20.64928164,20.68020203,20.98916781,21.29599687,21.33111346,21.5802777,21.29314082,21.3312122,21.37702521,21.34983352,
UZB,,,,,,,,,,,,,,,,,,,,,,,,,,,,,,,,,43.93014881,14.65023751,18.20042665,24.19982608,23.00009516,28.31608366,27.99122697,25.24592936,22.86828849,26.81867094,20.49072508,20.09447379,21.44197048,19.87766432,21.62897813,23.51330259,26.77714538,28.351858,21.4339605,19.65048036,19.83501604,20.39851097,20.80245452,20.66736432,20.20471324,22.14948728,28.47924948,35.27936059,32.7303083,30.63410973,28.00328982,30.94197016,35.2972174,34.01350116
VCT,,,,,,,,,,,,,,,,,,,,,,,,,,,,,,,,,,,,,,,,,,,,,,,,,,,,,,,,,,,,,,,,,,
VEN,23.98036695,20.10028123,19.2088061,18.364817,20.92572327,21.84152933,23.33763539,22.68972973,25.39497287,27.70326038,24.83152331,26.0800476,28.79369777,28.40197671,20.9515833,29.00658775,35.45461274,43.50391122,47.62309239,35.35600302,28.28438913,27.41479902,26.97731986,21.31969211,15.50177112,16.77261098,19.74734858,20.55261114,22.08750199,16.34053713,13.67616521,0,0,0,0,0,0,0,0,0,0,0,0,0,0,0,0,0,0,0,0,0,18.20809249,25.57377049,17.02702703,17.45283019,10.86350975,8.074712644,6.209409156,5.585081789,7.020132782,6.703919789,4.731346474,4.116625052,3.797017582,4.575011568
VGB,,,,,,,,,,,,,,,,,,,,,,,,,,,,,,,,,,,,,,,,,,,,,,,,,,,,,,,,,,,,,,,,,,
VIR,,,,,,,,,,,,,,,,,,,,,,,,,,,,,,,,,,,,,,,,,,,,,,,,,,,,,,,,,,,,,,,,,,
VNM,,,,,,,,,,,,,,,,,,,,,,,,,,,,,,,,,,,,25.42115932,26.31894308,26.69893471,27.02116521,25.703477,27.6468031,29.15072876,31.13845327,33.35403615,33.25397347,31.27359817,31.36397677,35.10690433,31.80520121,33.85713393,35.15968653,30.56940665,28.65273279,28.30278453,28.40470203,30.17672554,29.89385935,30.54476491,30.34149307,30.36256754,30.27781764,31.03485512,30.56584129,30.12930212,29.04295402,29.20549708
VUT,,,,,,,,,,,,,,,,,,,,,,,,18.36262323,17.60479877,19.16171948,21.9416759,27.78720627,25.96153846,30.53939123,29.60696039,21.40982877,19.22898477,18.74384641,21.46375533,21.74006368,18.63356164,16.90501803,16.76084552,18.55288642,19.17950909,18.35912487,18.99707274,16.23162004,22.56206651,23.41475851,27.51640575,31.88022231,40.35380786,39.92601609,35.36371469,26.91096437,23.34507347,16.3948887,14.99461005,23.2351837,25.49150892,25.79530572,20.63709359,14.21005961,16.36453471,15.14592138,19.22075381,20.61092975,24.3684983,
WLD,,,,,,,,,,,24.25530056,24.65964984,25.32527862,25.93615497,25.25519184,24.93547548,24.87579192,25.24168476,25.8989832,25.87152407,25.58255526,25.08597012,24.34565672,23.9939668,24.11447083,24.1710903,24.56290637,24.74828991,25.45845204,25.90677121,25.41669427,24.88518531,24.4540795,24.17911878,24.2014274,24.14828272,24.16570088,23.80493047,23.57423995,23.8389219,24.07869331,23.57454053,22.91279603,22.98869728,23.33718829,23.79867878,24.14342596,24.38473423,24.40064023,23.63884225,23.5459571,24.06918499,24.54046377,24.72457601,24.92735618,25.16384757,25.07761819,25.32915856,25.81170928,25.95469922,26.06100579,26.17334141,26.10509467,25.98278466,25.61624319,
WSM,,,,,,,,,,,,,,,,,,,,,,,,,,,,,,,,,,,,,,,,,,,,,,,,,,31.5721407,13.26988618,36.59569488,39.33883156,7.090895844,36.25847744,34.85029854,34.61368227,31.1668539,32.28913672,32.62263728,32.57922399,32.23250413,30.17138894,30.91626289,27.81664534,28.77967684
XKX,,,,,,,,,,,,,,,,,,,,,,,,,,,,,,,,,,,,,,,,,,,,,,,,,29.76445324,30.73513734,31.0111908,31.15816312,30.69589104,29.16115529,27.50480508,28.26708548,28.01159663,29.95952462,31.71126944,31.04263898,29.70619065,32.88072507,32.50480821,31.48051233,31.64539045,
YEM,,,,,,,,,,,,,,,,,,,,,,,,,,,,,,,10.50433231,11.69747689,18.26446971,16.61271973,18.23936003,21.3566759,22.6423314,24.23679472,23.65033803,18.70628151,18.9276616,19.56042383,18.48385017,20.72666583,20.27969682,18.52961866,16.3837696,17.194296,15.41591092,13.54481416,11.66106837,5.500512186,8.704292653,8.105774511,6.698251022,1.656332242,1.429246597,2.072285225,6.176710784,,,,,,,
ZAF,17.47479597,16.81335357,16.19115549,18.21230491,19.74238876,22.0460632,21.42646045,20.2548447,19.90680183,20.25445293,22.43335973,23.78762542,24.57285366,23.61911363,23.67457241,28.16262212,29.20101724,28.33113456,25.87797486,25.79314243,26.37678246,27.32355424,27.06591192,25.94862895,23.63446133,23.04763363,20.44350845,18.37089799,19.58305836,20.94391221,19.63468219,17.86119891,16.36878133,14.74811687,14.98891274,15.70242398,15.80493778,16.15013229,16.51397051,14.84127552,14.387055,14.36330646,14.0272853,14.65691258,15.16723896,15.8783049,17.36553956,19.02161631,21.61482222,19.49086497,17.56163572,17.80936918,17.93493345,18.57871221,18.30119874,18.00895329,17.44150362,16.39880518,15.92216748,15.46898966,13.79836054,13.10987863,14.18248514,14.93471266,14.52173623,13.87893074
ZMB,,,,,,,,,,,,,,,,,,,,,,,,,,,,,,,,,,,,,,,,,,,,,,,,,,,25.89473122,27.97470066,23.8778546,25.80039833,31.03771133,38.45313887,36.42059057,38.80725651,35.05759891,35.75661838,29.82285065,28.51049734,25.10432524,26.43740951,21.60321581,
ZWE,20.27126743,18.43986021,14.07319925,12.73405003,11.33997953,11.74837533,10.64313269,11.94785691,16.0535561,13.03769774,14.90607478,16.32745851,16.58075308,19.52942109,20.79133206,21.52767253,18.11824919,15.84741171,13.26286041,12.86431913,14.10249868,17.2078664,18.37424583,18.04319824,17.00645134,14.27809787,15.0646583,16.11463192,15.56941413,14.00993833,18.20973222,20.58466343,22.36121392,23.59054399,21.3728832,24.57835559,18.03973123,18.04839466,20.60028883,2.554106245,11.79920069,12.11886591,10.17296403,13.81205828,5.108892141,2.001476143,2.226098132,5.080504273,3.287686736,9.929426363,17.01147517,14.63427599,12.14850936,9.18157664,9.608828279,9.995869475,9.808237168,11.39934192,11.04825626,7.002647613,6.756901378,8.52563704,7.605487065,9.675501951,7.929588986,
