Country Code,1960,1961,1962,1963,1964,1965,1966,1967,1968,1969,1970,1971,1972,1973,1974,1975,1976,1977,1978,1979,1980,1981,1982,1983,1984,1985,1986,1987,1988,1989,1990,1991,1992,1993,1994,1995,1996,1997,1998,1999,2000,2001,2002,2003,2004,2005,2006,2007,2008,2009,2010,2011,2012,2013,2014,2015,2016,2017,2018,2019,2020,2021,2022,2023,2024,2025
ABW,,,,,,,,,,,,,,,,,,,,,,,,,,,,,,,,,,,,2.517766497,2.510121457,2.47702407,2.794028849,3.59922179,4.100963775,4.277072978,4.425833642,4.777505083,5.622020209,6.18729481,6.565660336,6.666022669,6.670840363,4.205989994,2.86046778,4.206093989,1.991637655,3.262643743,3.439352185,3.585279667,3.68902193,3.733755148,3.225014904,2.926507475,2.582001062,2.272689704,2.628474918,2.355622775,,
AFE,,,,,,11.85155101,11.70630011,12.25937543,12.29919319,12.4287541,13.7198393,13.50139104,12.98676025,13.68279945,13.70878371,14.41945771,14.05190912,12.74135939,12.67029471,13.89498813,15.38198401,16.73983961,15.79793014,16.43316138,15.89154346,13.61331189,14.60197791,16.1729922,16.45144733,16.69286678,16.85049443,16.16678356,17.8783365,16.93878941,16.99095493,17.06130773,16.23955754,15.90787616,15.60206387,14.99349399,14.79389487,14.86109919,14.04934015,14.41203715,14.34722024,13.47300065,12.10842057,11.75968767,11.07234746,11.66291886,10.95755751,10.65450857,10.50772354,10.07416073,9.932069648,10.2441307,10.53317164,10.57264602,10.37919624,10.21809874,9.973702677,9.944675753,9.969502329,10.04530483,9.806950645,9.518265107
AFG,,,,,,,,,,,,,,,,,,,,,,,,,,,,,,,,,,,,,,,,,,,18.82275218,16.92386623,17.55400626,16.59821222,16.3855372,17.74730953,17.8391163,13.14987661,12.52257684,13.77918924,12.48608514,11.49986726,11.47758756,11.420006,4.114196613,3.530422461,6.160177217,7.043181081,7.528114629,8.493156816,10.19026196,7.540916863,8.417811844,
AFW,,,,,,,,,,,,,,,,,,,,,,21.0231468,20.44078396,19.17390872,14.92671521,16.93567908,17.68746399,15.57355428,16.36362924,14.56765472,14.68034154,15.45375368,14.12846087,15.29552195,18.11023057,18.61360811,17.87750735,18.34136882,17.01405306,13.47347802,12.44912347,12.40422224,11.44143135,11.52731577,10.71763957,10.46237949,9.733659156,9.6421913,9.543240976,9.354176571,8.234998803,8.811270685,8.809748564,10.04630539,10.48413795,10.25144762,10.01005556,10.12566108,10.5778387,9.915651642,9.352678314,10.08982548,10.30430601,10.42274381,10.28555503,9.897418454
AGO,,,,,,,,,,,,,,,,,,,,,,,,,,,,,,,,,,,,,,,,,,,3.726575286,3.885171723,4.679179848,3.895781992,3.661849599,3.442696492,3.532351396,4.975453095,4.487228855,4.178085058,4.361918025,4.779643734,4.726180924,5.240515596,5.782788995,5.728969445,5.340746295,5.411448772,6.097457182,6.19373756,6.716478137,7.400666244,6.576162598,6.79262097
ALB,,,,,,,,,,,,,,,,,,,,,,,,,,,,,,,,,,,,5.779267964,5.554143543,5.183018603,5.131688159,5.065613558,4.711459153,4.339241272,4.307757976,4.343207119,4.474331529,4.794124735,5.309709539,5.731781571,5.422752704,5.656708948,5.960640217,6.192222426,5.37937813,5.747654228,5.907101717,6.27591543,6.303405541,6.516401133,6.708115065,6.967485863,7.069412463,6.918296958,7.504616345,7.203061146,6.505973638,6.034119771
AND,,,,,,,,,,,,,,,,,,,,,,,,,,,,,,,,,,,,,,,,,3.830854431,3.451746698,3.43814817,3.615787889,3.655047886,3.476748213,3.435046622,3.398816388,3.576934384,3.612316813,3.699789802,3.660604015,3.723835042,3.838156155,3.676873663,3.706089854,3.74112486,3.748832726,3.610284486,3.673689514,3.733569332,4.063721776,3.575667147,3.397436996,3.125167272,
ARB,,,,,,,,,,,,,,,,6.877382554,6.43921303,6.445097089,6.619202449,6.424820593,5.903569959,6.935725471,7.475346053,8.362217201,9.253669508,9.557551815,10.30614835,11.01457599,12.02393394,11.93385988,9.163843259,10.49058751,10.63185919,10.49514125,11.22255576,11.98594391,12.32599451,12.58612602,13.17546248,12.79370952,12.95570088,10.62940646,10.87635759,10.80316876,10.32761206,9.517139477,9.148983297,9.058924191,8.81392818,9.627134643,9.518932892,9.313376702,9.270247547,9.363501031,9.893706547,10.72458264,10.94986509,10.63746676,10.31608314,10.3816914,11.1964405,11.72994739,11.97024537,12.19881021,12.1651392,11.98873248
ARE,,,,,,,,,,,,,,,,0.909847396,1.122606647,2.744393213,3.432078314,3.057965293,3.728052988,6.412562989,7.92708675,8.769847654,9.144477047,8.9276014,8.275724508,8.774333054,8.840692909,8.166898463,7.494109179,7.422868997,7.583716167,7.843976873,9.471981368,9.737661022,9.543302529,11.3524074,12.41003085,12.30422835,13.04398532,13.3137217,13.06355532,12.26243564,11.5123693,10.60808756,9.657045672,9.02554579,8.600261024,9.195329213,8.098830062,7.856323643,7.832353832,7.6905088,7.878194254,8.885025554,9.041259172,9.135053506,8.723034843,8.842882725,8.992073716,8.77234435,8.544362524,9.458594781,9.373652894,
ARG,,,,,,41.18416018,41.00858489,37.82402724,36.19621884,36.64543034,31.54474366,35.76285897,36.35807353,34.33397467,34.03688521,38.21510828,39.11676033,36.59498673,34.12760921,32.68515767,29.47609699,28.76523629,31.36025626,30.66946753,29.7084408,29.64184731,27.41959716,27.49664628,27.99967586,30.94937189,26.78970455,24.38644909,21.85913156,18.23991153,17.81909171,17.24675211,17.53572329,18.22790575,17.83795848,16.96152506,16.49427194,16.09322588,20.34777391,22.48675059,18.93701362,18.34041594,17.87779386,17.04741545,16.5383661,15.58377727,15.84486081,15.85069839,15.21680091,15.01105426,14.77277855,14.18158545,13.48802597,12.83516834,14.0601434,13.54083907,14.59052951,15.55841698,16.41656862,16.52555002,15.18504581,13.58365705
ARM,,,,,,,,,,,,,,,,,,,,,,,,,,,,,,,,,,,,,,,,,,,,,,,,,,,,,9.424758532,9.68257532,9.666405536,9.206171059,10.28464998,10.63112611,11.27191844,11.71149186,12.3449098,11.03159056,11.43219296,10.23922397,10.15771623,10.99196769
ASM,,,,,,,,,,,,,,,,,,,,,,,,,,,,,,,,,,,,,,,,,,,,,,,,,,,,,,,,,,,,,,,,,,
ATG,,,,,,,,,,,,,,,,,,3.359296602,3.748264692,3.71734649,3.95671383,3.746126193,3.871829105,3.67431983,3.516702154,3.191521347,2.810485176,2.595724689,2.297505334,2.315760352,2.496634534,2.247174509,2.03687247,1.803848647,1.674448368,1.683961187,1.596788971,1.605696592,1.624437848,1.644082146,1.599450818,1.703804657,1.776192342,1.865719744,1.811561516,1.74970536,1.767937908,1.631004524,1.536749548,2.013836948,2.094399151,2.181899783,2.055216472,2.733567301,2.769636616,2.801703592,2.875733789,2.959863517,3.008383618,3.011749664,2.911250925,2.775016529,2.704114905,2.448044197,2.53289006,2.437142907
AUS,,,,,,,,,,,,,,,,,,,,,,,,,,,,,,,13.6970346,12.4863547,12.49354173,12.7839172,13.1028963,13.0237878,12.65584093,12.1885162,12.34775596,11.84764583,11.42483991,10.80514812,10.4098669,10.72131808,10.76061474,10.16862115,9.670441392,9.103107448,9.006900472,8.33320822,7.876168751,7.250008785,6.908725528,6.474757695,6.237000542,6.161871538,5.936287318,5.637071151,5.580257544,5.451709173,5.50480994,5.430212867,5.288754086,5.269356422,5.376330445,5.317145616
AUT,,,,,,,,,,,,,,,,,22.99350703,22.34655495,22.72033726,22.06273528,21.90906768,21.44452509,20.80751581,20.72814508,20.35030895,20.68366095,20.67460922,20.05758739,20.1542723,20.04993538,20.23295653,19.80995265,19.09480953,18.04144534,17.9343068,18.50195397,18.21161676,18.30891917,18.24244595,18.41124208,18.72669104,18.86650637,18.28892364,17.96134327,17.80207847,17.85034335,18.27817233,18.54872112,17.89164925,16.82054319,17.01462367,17.14464731,17.25648309,17.10638988,17.18677907,17.24292873,17.66822515,17.44270516,17.3211161,17.10228587,16.59732647,16.97944941,16.65157884,15.94139153,15.13375273,15.22715101
AZE,,,,,,,,,,,,,,,,,,,,,,,,,,,,,,,17.63301501,16.65419162,21.87713948,17.90286624,12.66474513,11.53341457,10.42962746,8.393756135,8.324129512,6.042224047,5.292384646,6.187448265,7.430927835,8.636395438,8.283510351,6.48752246,5.772903308,4.98404471,4.705609759,5.525890763,4.808194984,3.988326101,4.23610388,4.215736826,4.707010697,4.990805443,4.930062292,4.699464584,4.620186785,5.003528857,6.101565073,6.419092907,5.283389825,5.133746561,5.547871474,5.979751189
BDI,,,,,,,,,,,6.728157031,7.334216248,8.174426035,9.326999273,9.493738392,8.577883551,8.180092875,7.882187255,8.252686165,9.304405983,6.880909062,7.312341339,8.245750631,8.351348129,7.832632372,7.327420366,7.866342082,10.58996881,9.78876576,11.68193366,11.81980421,12.70795383,8.599290936,8.424747763,9.351748292,8.25845974,6.271379704,9.744337923,10.30614795,11.30813911,10.90123278,10.92481796,11.0867341,11.04303804,11.45083317,11.88584425,10.36407359,11.64894962,10.73626774,11.35631407,10.24279032,10.02917514,10.5375733,10.74728151,10.954881,10.92688969,12.27808622,12.34539517,13.2601609,12.8092756,11.02232478,10.75678985,11.23606514,12.53384015,12.25592928,13.09904623
BEL,,,,,,,,,,,,,,,,,,,,,,,,,,,,,,,,,,,,18.3362939,18.16805585,18.39943062,18.15923392,17.30709231,17.53597445,17.04054213,16.79458705,16.20023741,16.08993608,15.87094598,15.01853751,15.06031828,13.99274072,12.84208171,13.12864357,12.94993946,12.62157646,12.66437803,12.58378949,12.56773147,12.24840834,12.44582857,12.34391996,12.41325124,12.01200903,10.74480799,12.52476952,11.97318674,11.444098,11.1712291
BEN,,,,,,,,,,,,11.42150873,11.08388915,11.18279971,12.73991686,12.23497502,9.194901563,9.029592809,10.76107435,8.865208223,7.970468813,6.639706,9.097455938,8.672738383,7.925103429,7.888249519,7.180894529,7.17178972,8.130548032,7.835668413,7.376006869,7.160406202,7.941468232,7.426247821,8.05454443,8.077371806,8.275149107,8.468579033,7.987113987,13.16999002,13.98385772,15.63826572,15.64299615,15.74663839,14.80842935,15.67081858,15.43835004,13.7419113,12.24997876,12.21912052,11.73988533,11.73357014,10.71215569,10.9217699,10.38662818,10.03567008,9.93126564,9.62006825,9.162461995,9.86572844,9.687913103,9.479767827,9.823575476,10.06208682,10.17434496,10.15256122
BFA,11.26579138,10.62596029,11.12549825,11.13631641,10.89629248,11.15829623,12.75073543,15.00329862,15.48418239,15.99084866,16.65287802,17.41550716,18.36960153,19.02551026,18.52002477,18.13321326,17.73875965,16.42956292,15.35845174,15.8773815,14.74103471,14.42502288,14.39695332,16.00697046,15.11124735,13.3255874,13.69004648,14.9899884,15.06706422,14.49003365,14.74901604,13.37681884,14.4729992,14.22732497,13.44792003,14.12076303,13.36918434,14.35668427,13.80052706,16.18659107,15.35693878,14.94120267,14.85118409,15.5877483,15.14056675,13.34076102,14.04397353,14.33772427,13.01313874,13.54798244,12.13998855,11.61215726,10.34232902,10.16977155,10.99604254,11.66029645,11.12043816,10.25938621,10.52520365,10.41059839,10.03131853,9.811554226,10.22293461,9.926985192,9.498792341,6.617606884
BGD,5.309910797,5.470588542,5.448665141,5.359331468,5.514048718,5.445473719,5.998064082,5.582903418,6.153438202,5.851063658,5.804682835,5.485218348,3.983848151,8.521769535,9.251323716,7.04227568,9.283922984,11.22620919,9.910996048,9.861451587,14.4874848,13.98206522,13.9391494,15.04367939,15.6039256,14.45807009,14.22323064,13.47380665,13.42203116,12.90563053,13.23921855,13.98712269,14.39746369,15.41253836,15.86945466,15.90000685,14.00264514,14.11978066,14.85983116,14.38909508,14.03531575,14.17835702,14.31743755,14.14546156,14.44207319,14.74399876,15.30756218,15.93407299,16.12436697,16.48018606,16.12122836,15.99673425,15.91422067,16.44201947,16.61270766,16.78867356,20.3479481,20.07506151,20.80229593,21.20794388,20.59833159,21.23567299,21.76481936,22.34201887,21.89296036,22.44139908
BGR,,,,,,,,,,,,,,,,,,,,,,,,,,,,,,,,,,,,,,,,,,,,,,,,,,,,,,,,,,,,,,,,,,
BHR,,,,,,,,,,,,,,,,,,,,,,,,,,,,,,,,,,,,,,,,,,,,,,,13.24673495,14.4669591,15.09656264,13.98170618,14.58947024,15.04749323,14.76455787,14.69942764,14.83853648,17.17328658,17.84164689,18.18448911,17.17069197,17.04070226,18.04689442,20.52895561,20.9350892,20.12978825,19.86678054,19.89450415
BHS,,,,,,,,,,,,,,,,,,,,,,,,,,,,,,4.292586545,3.804106128,4.800781702,4.359440335,4.262807245,4.110647438,3.532691747,4.27179274,2.346676437,1.996130668,2.734299253,2.887400065,2.21211542,2.525570984,2.412602352,2.686827258,2.391167321,2.521822518,2.295085673,2.098612958,2.092775367,2.127625855,2.191560457,2.945785605,2.605175985,2.650124337,2.482766777,3.072157833,2.607878267,2.180323265,2.094599684,1.942450208,1.906621251,1.078665592,0.855198968,0.629705422,
BIH,,,,,,,,,,,,,,,,,,,,,,,,,,,,,,,,,,,11.50560362,11.43649852,11.43649964,11.22184186,12.06927902,10.7000739,9.296022749,9.406457855,9.313524222,9.299792518,9.117743449,9.942766707,10.01778722,10.81107321,11.0122791,10.47754043,10.88480804,10.91601273,10.54511041,10.93711638,10.94019508,11.11779216,11.81382636,12.56398249,12.7319507,12.48001384,12.66183705,13.98630046,14.37138303,13.27653281,12.69832054,12.02799242
BLR,,,,,,,,,,,,,,,,,,,,,,,,,,,,,,,38.10623557,44.44444444,39.13043478,28.12182741,27.01624234,27.97624441,29.55811905,30.39936755,29.47700029,28.19639637,27.04350873,26.5995854,25.96840651,26.65350282,28.55028225,25.3421468,24.99981077,24.90693694,26.18436746,22.45711032,22.51049771,26.42142264,24.78109232,21.99565074,21.08754522,20.64429899,20.15218696,21.6291152,21.2579004,21.63990615,21.48679409,22.75838285,23.99409521,22.159252,20.87681216,20.50611507
BLZ,,,,,,,,,,,,,,,,,,,16.54438738,13.80105402,18.72571873,15.70469799,12.35163951,13.75166889,14.8785948,12.60006961,11.6211878,14.17407707,13.80946732,12.75707595,11.48543558,10.44967664,10.2675255,9.836064266,9.830365958,9.838157735,10.11699333,9.836564467,10.31272368,9.896694857,10.38529507,8.913329832,8.451015488,7.954595355,7.93612993,7.903830731,7.806921141,7.615641618,7.417411083,7.772103617,7.300385754,6.968042889,7.44862965,7.368893968,7.056427003,6.962299379,6.816374022,6.645340807,6.214874433,6.214356419,6.706593211,6.565996443,6.690179828,6.490611461,6.59392256,
BMU,,,,,,,,,,,,,,,,,,,,,,,,,,,,,,,,,,,,,,,,,,2.108038537,2.135436403,1.709412938,1.742233544,1.647653229,,,,,0.855449206,0.703756924,0.597959797,0.51712437,0.480075734,0.514175208,0.431063531,0.463659127,0.487269749,0.516039343,0.336384138,0.347076428,0.354111879,0.327212532,0.310239851,
BOL,,,,,,,,,,,13.26767092,13.537185,12.8708134,12.84821146,12.27811355,12.2906189,12.81577551,12.57490593,12.3853089,13.0517681,12.8762617,14.72290291,7.503661854,11.99601927,11.33298141,16.03432235,18.86379714,17.08493592,17.82811441,16.98543704,16.96302627,17.73056686,17.14141034,16.87257566,16.6578935,16.72941711,16.42552525,14.52022558,13.99206426,13.5941304,13.24110584,13.34477192,13.03542179,12.78444761,12.50745462,11.62694489,11.33160286,11.41491615,11.16847386,11.61672571,11.27002247,10.33846377,10.21420878,9.927811227,9.738327963,10.19119085,10.98422154,11.56848906,11.18229585,11.23860282,11.35857902,12.02318117,12.25621548,11.8359231,13.06615006,
BRA,0,0,0,0,0,0,0,0,0,0,0,0,0,0,0,0,0,0,0,46.13137265,21.98627001,34.35240184,33.89432342,32.68232757,33.99101858,32.3846426,30.69835393,29.89247327,29.97722917,29.26089573,22.82813145,21.83906711,23.30859643,26.04973648,23.7212337,14.54227915,13.06719124,13.01862538,12.1551372,12.30853333,13.13465959,13.08953794,12.35696267,14.45076456,15.09953016,14.73828114,14.10894587,14.15426481,13.9551769,13.05946215,12.72185961,11.78379767,10.67594231,10.47961229,10.3370974,10.52093746,10.78645111,10.72149801,10.52845738,10.33250053,10.69293157,11.90437301,13.07408163,13.25316362,12.11080652,11.77226328
BRB,,,,,,,,,,,,,,,,8.849873406,9.707502985,10.3285955,10.10777732,10.10902618,9.012770138,8.464970995,8.782571551,9.601769912,9.748984865,8.17989418,7.365884998,6.522753792,6.58804169,5.781908302,10.41265135,9.790846457,8.811957077,8.371084337,7.878437717,7.988338192,7.894404712,7.966169154,7.896223085,7.63011622,7.743095277,7.793419545,7.535812007,8.090045178,7.770358543,7.015316141,7.711694579,6.886124449,7.164707642,7.019127254,5.501633384,5.820347261,5.381120443,5.482029633,5.211966752,5.581706279,5.589411937,5.555970556,5.294582126,5.242599507,5.098033693,4.804224666,5.152428434,5.15157921,4.949555953,
BRN,,,,,,,,,,,,,,,0.343593771,0.38402662,0.37020855,0.327400063,0.296188976,0.262728713,0.199277475,0.234270443,0.296942569,0.302659579,0.272615259,0.281566417,0.485349057,0.366194439,0.405654884,0.422143365,0.413724624,0.503861029,0.564319231,0.47150735,0.667197372,0.697869323,0.901592813,0.992530194,1.49413767,1.850917787,2.459671449,2.29641462,2.857530438,2.496517895,2.11413731,1.672249928,1.226915035,1.104461083,0.902506209,1.222361318,1.249452716,1.22071571,1.45830407,1.145192306,1.58675847,1.617832604,1.809332654,1.76286646,2.134321327,2.327822625,6.832099065,9.678450593,11.62580714,10.37913399,10.65531559,9.93459231
BTN,,,,,,,,,,,,,,,,,,,,,2.990870438,5.904354493,5.821207213,6.65246107,6.668060967,6.153172292,5.340542705,5.913717286,5.53088157,7.759389444,8.029016207,8.855504462,9.165066141,9.215876142,9.508231658,10.75580427,11.70705453,10.22047903,9.553335402,9.055413569,7.609592117,7.818625749,6.931635704,6.679683258,6.706622659,6.594809019,7.058428398,7.560223922,7.799965193,7.577621438,7.877360417,7.428699324,7.959029223,7.501879556,7.408986194,7.311660633,6.810829598,6.909396759,8.747056654,6.131166691,4.929171062,7.224182782,8.727092291,7.851818494,6.617940858,
BWA,,,,,,11.58536585,7.859078591,8.204615988,6.736842105,5.670567057,5.87382161,5.892070485,5.90086546,5.606373562,5.962971868,6.662859318,6.754250386,6.114398422,6.391246549,5.04340018,4.40240131,6.060100167,6.789148845,5.92604114,5.043294746,5.042551687,5.544728496,5.484164267,5.114975805,4.951275841,4.770750175,4.826396512,4.876027389,4.308401383,4.875553146,5.323237407,5.614679582,5.679896114,6.218138708,5.563178689,5.626987325,5.84016042,6.057066481,5.705543083,5.554128172,4.949504722,7.102391339,8.528467094,7.681821076,8.469439529,8.499444492,7.731255714,8.073710842,7.993242275,7.848786645,7.242023885,6.503236311,6.173604206,6.147461526,6.092369912,5.659050883,5.227654821,5.385084073,5.623655334,5.579917025,5.691170407
CAF,,,,,,,,,,,,,,,,,,,,,,,,,,,,,,,,,,,,,,,,,,,,,,,,,,19.30696633,18.39649783,19.96856112,23.65146879,21.06138825,17.44322761,19.74492116,19.45417359,18.44042004,18.1315381,17.78232111,17.72702657,18.71456683,18.34177215,17.95123789,,
CAN,,,,,,,,,,,,,,,,,,,,,,,,,,,,,,,,,,,,,,16.23162965,16.44675707,17.36427494,17.33599262,16.37354908,16.01681845,15.01182711,14.65518726,13.7300267,12.93027414,12.21632037,10.91558221,10.36652227,10.32626833,10.27297652,10.35394084,9.924641277,9.75583225,10.31252324,10.24687305,10.00221428,10.18471387,9.608924397,9.302017672,9.529093825,9.324466954,,,
CEB,,,,,,,,,,,,,,,,,,,,,,,,,,,,,,,,,,,,19.44809536,19.48814755,19.39100106,18.81736038,18.25248192,18.19383973,17.86947175,17.43453854,17.82067861,18.58343167,18.42892794,18.58813047,18.42726623,18.08646164,17.17527334,17.77783044,18.46066828,17.91882281,17.30904846,18.45160788,18.71632185,18.78451802,18.08818467,17.67489946,17.33244178,16.63098581,16.67431713,16.48837445,16.5181627,15.45101376,14.62388219
CHE,,,,,,,,,,,,,,,,,,,,,,,,,,,,,,,19.49418265,19.37048164,19.06346452,18.86736979,19.21647405,18.95641257,18.74829115,18.80128566,18.54157884,18.27179938,17.74163168,18.46489802,18.86127153,18.7019408,18.66697288,18.95865222,19.28902053,19.48834971,19.64350126,18.32080233,18.31662402,18.70894807,18.34260705,18.41928689,18.25768831,17.85684236,18.24475548,18.43225577,18.5519498,19.21212275,19.0466158,20.69274354,19.92381535,19.35658394,19.06642429,18.92541812
CHI,,,,,,,,,,,,,,,,,,,,,,,,,,,,,,,,,,,,,,,,,,,,,,,,,,,,,,,,,0.864740265,0.797519817,0.796882007,0.76151477,0.810238699,0.905889704,0.842954273,0.807307046,,
CHL,21.28187494,21.6320547,23.07229991,23.20114448,23.85895274,23.48633664,22.47819419,23.30414027,25.10500425,24.76930537,25.14970665,24.15992868,22.94225188,26.44159924,28.88373417,19.78199582,22.85416204,21.27649596,21.87321938,20.81729482,21.03339823,21.62060791,19.23211329,20.59844872,22.6100931,21.68195336,17.58785562,17.2334649,17.96734752,17.93610951,18.35101066,18.88371382,18.74667215,19.02139105,19.09143152,19.25142846,15.22709155,14.88053586,14.41755332,14.68310413,15.19252743,15.93677744,15.78367468,15.19375864,14.22163976,12.81919833,11.68367882,10.6421644,9.974005669,10.26115899,9.887173592,9.909053173,9.827732894,9.985032902,9.920465713,10.39886467,9.705924386,9.160845013,9.60421397,8.976742564,9.01832546,8.557846525,9.50169648,9.580466261,9.37258928,8.953519626
CHN,,,,,,,,,,,,,,,,,,,,,,,,,,,,,,,,,,,,,,,,,,,,,31.51015947,31.6564575,31.99452136,31.90059327,31.61697915,31.06115286,31.07489564,31.56235652,31.01430365,30.12750215,29.83003979,28.38899606,27.52375943,27.59985592,27.3434188,26.25946629,25.58098043,26.62193256,25.9806695,25.01442679,24.84158419,24.73444217
CIV,,,,,,9.139308265,11.08902646,12.19969972,9.741484804,9.239898275,10.29082454,10.33929621,11.09204018,10.15918472,10.23004666,9.394847072,9.40754003,7.640332285,7.684540098,8.128952708,,,,,,,,,,,17.45050761,16.57763404,16.58318699,15.43232606,14.74179,15.04924517,9.802850067,11.22671049,10.41068183,10.87026398,11.15447113,10.7672585,9.797021793,8.889951221,8.792904827,10.28226527,10.02887861,10.31060928,10.20402365,9.627693495,9.001911196,9.22135575,10.31825153,11.85018556,12.20069981,11.43059902,12.5430343,11.2836181,11.29098434,12.31996843,12.0519434,13.3970815,12.81107761,13.26065441,12.91843753,12.28680158
CMR,,,,,,9.523809517,9.660449436,9.769865598,9.266408955,9.821744259,10.24513262,10.33470954,10.38133153,10.24067914,9.820913062,10.28907434,10.54151944,8.956829335,8.239871973,8.093082172,8.800170454,9.669339243,11.36939015,11.11153542,11.22065731,11.0044453,11.98209453,12.76192677,13.17584303,14.05006976,14.17621103,14.16681617,13.92983462,16.91058684,16.95158094,16.6691655,16.01316981,15.73851247,15.36409786,15.43274957,14.74026934,14.52944679,15.53069502,15.58054709,15.41079029,15.02614415,15.11457715,15.20996765,14.30569477,14.87929919,14.51997379,15.18908621,15.53277006,15.22873575,14.51402123,14.35005819,13.84153437,13.71294553,13.68501543,12.82578021,13.18098761,13.29660864,13.36418191,13.21809966,12.88022725,14.5673807
COD,,,,,,,,,,,,,,,,,,,,,,,,,,,,,,,,0,,,,,8.838558515,6.250000078,5.943002492,5.014597361,9.908318104,19.80768858,21.21679056,18.29840586,17.64150584,15.00827813,13.41062941,14.82850191,13.31097854,19.92937455,5.525440538,14.30313521,16.19211183,14.39217889,15.08156037,16.82542756,16.37002232,13.8219778,11.17498364,11.50121067,12.11782019,10.18322459,9.48948033,8.245797513,8.599820132,7.895204522
COG,,,,,,,,,,,,,,,,,,,9.379732224,8.431380784,7.491673141,6.33191619,4.774649014,5.518019144,4.851348983,5.624228471,9.644565183,8.653424468,8.636875569,6.860816065,8.346456693,8.937166645,7.895414735,7.985791343,7.75683049,8.132929369,6.701546511,5.458434757,6.955916877,5.4647071,3.47655398,4.51105795,5.320917858,6.024214982,4.980047235,6.413569524,6.195278882,6.468566486,5.596268705,6.776695437,5.312176872,5.242004896,4.257282114,5.920856148,6.059907203,8.367640193,11.46707006,12.37639836,9.207022629,9.569292341,12.85319702,,,,,
COL,,,,,,18.96409205,18.74872075,20.1315914,19.92337954,20.01020335,20.6623584,20.37514594,21.37025747,22.72372101,23.18384287,23.2249178,24.17532455,23.8406545,23.2389248,22.46762958,23.26977513,21.31434108,21.21981438,20.98118061,22.11065544,21.3868309,22.47678093,20.31757824,21.15793513,20.88667218,18.03330754,17.90812716,16.84221079,15.83214607,14.99697584,14.76150465,14.40920351,13.78880337,14.05131564,13.84937572,13.93270065,14.13719665,14.03292802,14.23745617,14.41341036,15.99104031,15.97860609,16.15426622,15.37370371,14.78007233,13.9670257,13.21760258,13.08928488,12.6623563,12.26931864,12.40089376,12.29777884,11.40959357,11.15185297,10.92665754,10.72750235,11.19916085,11.1476678,10.88508065,10.22613458,9.895277368
COM,,,,,,,,,,,,,,,,,,,,,,,,,,,,,,,,,,,,,,,,,,,,,,,,7.80003291,7.206942486,7.335312465,7.145269573,7.371336414,6.997681316,7.45623354,7.696755362,7.252548174,7.205009785,6.937301931,6.81171565,6.487460179,6.418838245,7.123808396,7.50072769,8.018206705,7.161723973,7.169729198
CPV,,,,,,,,,,,,,,,,,,,,,,,,,,,7.383380404,8.438503591,7.280439109,8.700306686,12.60799887,12.57788121,13.50404741,9.568054391,13.24288804,12.72924896,13.05601613,11.73484732,12.18075841,10.09617724,9.262925466,7.196860722,7.544178037,7.004680356,6.408194727,6.453460617,5.80760974,3.766625054,3.977775816,4.085746432,4.464006382,4.428820557,4.641300243,4.836280333,5.188416651,4.941930178,5.10374951,4.70095841,4.578178687,4.817970059,5.185022417,5.385699127,4.752652129,4.948391074,5.160254229,5.190562437
CRI,,,,,,,,,,,18.16231184,18.71935065,19.14725285,20.13205522,20.77756018,20.39501101,19.69519627,18.99038041,18.73822227,18.30738683,18.59921955,18.94446306,20.33544927,21.85594754,22.49340382,22.08697664,21.32088947,21.33257466,21.27188894,20.35344498,19.37993822,20.18541494,20.30694201,19.29600024,18.66838619,18.66367249,18.83852815,19.16534445,18.69139183,18.44083763,18.08802389,17.16619898,17.13887402,16.85936946,16.6589944,16.64446805,16.25953044,15.89696444,14.92364227,13.92596296,14.34457014,14.06945748,13.66417233,12.62543978,12.08715118,11.43310245,11.42716299,11.68223323,11.87741303,11.99450554,12.73195428,13.66612388,14.13350203,13.77528235,13.09846559,13.57747032
CSS,,,,,,,,,,,,,,,,,,,,,,,,,,,,,,,,,,,,,,,,,,,,,,,,,,,,,11.66974048,9.969256826,9.906986776,9.052565196,10.04133895,10.02969747,9.991492208,8.694251587,9.156751988,9.596387109,9.226093632,7.254608019,6.609325511,
CUB,,,,,,,,,,,7.858146696,7.85911709,7.859257227,7.858366289,7.855111017,7.85887978,7.863967189,7.859962857,7.853913174,7.838831486,7.877726074,7.889401544,7.839940922,7.823667114,7.763423316,8.072196868,7.947778302,7.592638856,7.742296867,7.462205307,7.135125209,7.822713095,8.923775616,8.954687175,10.73361043,11.4475064,17.65213621,18.31079724,16.89945613,16.61471508,16.42281796,16.06948969,15.35553207,14.2340646,13.77614323,13.88952599,13.42192678,14.5102971,14.66229651,14.9806701,15.6308295,15.33990433,16.10314324,15.73339555,15.08751353,14.90873701,13.85020631,13.50047732,12.81290802,12.47926085,11.19681049,10.53505203,10.74028618,11.08409761,10.67732485,
CUW,,,,,,,,,,,,,,,,,,,,,,,,,,,,,,,,,,,,,,,,,7.687075882,8.027811261,7.490238778,6.952001325,7.310134482,6.025589312,7.721131958,7.48319649,6.663114693,7.602313197,6.142326731,7.504112928,7.528146468,8.072718456,8.105265955,8.597556757,9.268391015,8.782614533,6.200858868,5.085742919,2.764597858,2.628538226,2.507928997,2.713873677,2.919715071,
CYM,,,,,,,,,,,,,,,,,,,,,,,,,,,,,,,,,,,,,,,,,,,,,,,0.782115167,0.824566379,0.828842009,0.822761545,0.758182602,0.754645358,0.782351407,0.793861988,0.82645191,0.831096148,0.859683817,0.849127891,0.891116944,0.903359622,0.916881905,0.994757546,0.909626676,0.893002905,0.86551958,
CYP,,,,,,,,,,,,,,,,14.31905766,17.25066696,17.77357132,18.2823311,17.59288274,17.54570283,17.60273646,17.02605426,16.53030612,16.09092043,15.64566198,15.02279823,15.37467696,15.46169596,14.69715022,14.15659113,14.19972266,13.43581737,12.77368959,12.14835445,9.537131519,9.408263379,9.301200762,8.933760967,8.630096305,8.149384652,7.745837681,7.733679054,7.340448158,7.209159986,6.802598273,6.131202682,5.742786248,5.475408663,5.378285108,5.052985883,4.600556469,4.189973908,3.88480354,4.077493541,4.260123061,4.570513357,4.892090276,5.297587885,5.406328102,5.631417653,4.988032074,4.298437677,4.642738074,4.456288378,4.391761085
CZE,,,,,,,,,,,,,,,,,,,,,,,,,,,,,,,,,,20.83126554,21.00467922,21.3717295,22.21095147,23.06702455,22.70338109,22.44694622,23.23636288,23.5170981,22.23374226,21.55730788,22.63758037,22.55008601,23.19746579,23.15856672,21.9248537,20.34380897,20.69823792,21.86430725,21.71360334,21.76173198,23.46916657,23.73395061,23.76109584,23.18245322,22.30603789,22.12667662,20.79682337,19.64098162,19.39506136,20.43306128,19.88280696,19.42233767
DEU,,,,,,,,,,,,,,,,,,,,,,,,,,,,,,,,24.62437406,23.16605162,21.04817508,20.50157234,20.21706063,19.73301323,19.89462073,20.08702919,19.74350581,20.28403595,20.08635728,19.47633312,19.55297415,19.78962425,19.76936075,20.33884543,20.5298912,19.75850429,17.33890143,19.42770508,20.12290173,20.04729788,19.76005414,20.11023733,20.13796432,20.4130245,20.09267621,19.80544724,19.30946942,18.52749571,18.57261958,18.3217735,18.94025326,18.00670829,17.61315105
DJI,,,,,,,,,,,,,,,,,,,,,,,,,,,,,,,,,,,,,,,,,,,,,,,,,,,,,,1.956569604,2.774835679,2.735558076,2.835573147,3.101527096,3.315834632,3.702960024,4.48288266,5.217457863,5.026660919,4.702003775,5.284320229,
DMA,,,,,,,,,,,,,,,,,,3.886964509,4.401864741,3.837091685,4.00290653,5.239558981,6.289630015,6.018275791,4.761765132,5.057309634,5.251934683,5.05354115,5.158792916,5.571923104,5.517964182,5.876702171,6.386480157,6.427623243,5.610736751,5.693393235,5.673048899,5.869913333,6.627149602,6.249511582,6.864955518,13.31207379,16.00726526,10.03214413,8.887893047,7.727096402,8.057634531,6.842960063,4.672803451,4.570562503,4.661518075,5.198312706,5.973835554,5.260870156,4.960876065,4.444359766,3.87651724,3.508079892,3.291358636,3.448117275,3.165633862,3.627965734,3.951803218,3.841832665,4.73392187,4.779423051
DNK,,,,,,,18.12863968,17.67901487,17.56098218,17.22553249,16.87950144,16.64398296,16.17531466,16.31663567,16.52656495,16.52906503,15.83723474,15.83598241,15.25523552,15.22749529,15.64124893,15.27622147,14.99666475,15.30735599,15.85005261,15.79903898,15.56317909,14.97862064,14.75304489,14.76721034,14.867425,14.61338201,14.73859738,14.32406957,14.43434845,14.72973294,14.18795079,14.64293281,14.53894267,14.26300012,14.15741986,14.03746244,13.92717272,13.2382995,12.75408971,12.04290748,12.08334667,11.95928944,11.80878042,11.16083278,10.87677269,10.97084351,11.20856346,11.79985371,11.82939053,12.48453431,12.94016921,13.01454838,13.00432755,13.40242787,12.83710873,12.55437976,12.82411547,16.35427358,17.85786649,18.73691412
DOM,,,,,,15.55005067,18.16241488,19.23076923,17.5145955,18.66720845,18.53921239,18.37383738,17.47509309,17.01211191,18.62118467,20.89631029,20.62001771,18.97931155,18.45429199,16.88732087,15.01190599,14.98419452,17.59924644,16.5607455,14.73175781,12.25974028,12.67666684,12.79258646,12.11244913,17.66840587,17.95913603,26.21538143,24.49211523,23.48917099,22.9887776,21.71227463,22.70483567,21.7391349,21.64802908,21.67313716,20.97486043,19.6642972,20.3672058,21.75521083,21.57660311,18.38167881,17.54374752,16.22926797,15.98254894,14.94318266,14.62819596,14.23021247,13.96247136,13.39387041,13.15667226,13.11727805,12.6815911,12.29607703,12.10424126,12.11940589,12.95259917,13.67763617,13.36801595,12.52666399,12.46392187,12.2645467
DZA,,,,,,,,,,,,,,,,,,,,,,,,,,,,,,,,,,,,,,,,34.47905286,44.98039779,10.3451538,9.261218511,8.640079984,7.861182135,8.061518762,8.115846563,8.460452279,8.82116732,7.87621943,9.370825052,9.733438746,8.55895561,8.020186457,9.877979709,7.110017599,6.898538766,7.334568294,7.0773804,6.403969944,6.282395033,8.189556433,10.21737067,9.120183589,9.454622506,
EAP,,,,,,,,,,,,,,,,,,,,,,,,,,,,,,,,,,,,,,,,,,,,,30.40685499,30.31679136,30.5976879,30.49619742,30.31388353,29.73774511,29.26620789,29.63273393,29.23513752,28.57056262,28.41325296,27.27679153,26.48682575,26.56542261,26.38225158,25.40457412,24.89530513,25.87525869,25.21401896,24.30264877,24.13677207,24.02718025
EAR,,,,,,21.93227022,21.66469739,19.8537905,19.73882208,20.30805757,19.96107359,20.67621204,20.33629262,20.44282464,19.65384455,18.93876115,18.40349813,17.95191178,18.35944524,17.79835581,16.52468899,16.84742385,16.46477633,17.09903665,17.57941309,17.23362072,17.51259155,18.07001329,19.24317098,18.93527847,19.34753755,19.39819968,19.17180002,19.53129755,19.5866723,20.35392643,20.55741067,20.66882167,19.89209967,19.2236519,19.08308029,18.43895249,18.75269997,18.47432335,18.170702,17.73143019,18.06631056,17.58658615,17.23435723,16.86854298,16.60782893,16.6312298,16.58099618,16.50720612,16.7136086,17.14596139,17.07689807,16.93511899,17.19359849,16.89574882,17.43815102,17.92138172,17.80716172,17.65079242,17.13162496,16.95780171
EAS,,,,,,,,,,,,,,,,,,,,,,,,,,,,,,,,,,,,,,,,,,,,,23.27167947,23.42776605,23.84527427,24.35174379,24.24132278,23.4253423,24.18160589,24.11392153,24.01222216,23.93583347,24.24428954,23.96856689,23.50093191,23.7043783,23.73099365,22.97831271,22.7454155,23.59231794,23.04945932,22.30412145,22.23137178,22.30157367
ECA,,,,,,,,,,,,,,,,,,,,,,,,,,,,,,24.05975985,26.85699559,28.5027831,28.45716576,22.95455424,24.60538126,26.70995678,24.89566796,24.50769663,22.82182623,21.03352131,19.23268725,18.32884834,17.8859539,18.13888429,18.10924899,17.94025031,17.83081301,17.43235922,16.58147413,15.03788276,14.72491156,15.33703106,14.90992416,15.01034067,15.38598481,15.48664336,15.94101255,15.74618938,17.0346834,16.49078827,17.17631649,18.90267209,18.42780616,17.0711528,15.68301525,
ECS,,,,,,,,,,,,,,,,,,,,,,,,,,,,,,,,18.86803393,18.46788407,17.56216497,17.69157149,17.78200593,17.39347433,17.31737066,17.40447509,17.04764255,16.76222346,16.31424975,15.86419605,15.4958622,15.26845057,15.01702112,14.91034882,14.86650875,14.50400025,13.26421842,13.68071747,13.8014875,13.53884589,13.4558274,13.64921423,14.11903864,14.20714934,14.18670874,14.21750226,14.07293461,13.97057493,14.12066982,14.02634495,14.02504411,13.55500545,13.4706536
ECU,19.71224117,19.30331561,19.47095099,19.91420665,21.50305319,20.40287455,21.9174308,21.64316173,21.20868225,21.72583121,23.19106563,23.0935014,21.75169416,18.65443496,18.86649315,18.84213851,19.31867125,20.72471062,19.6868082,20.52632586,18.33952025,18.49343716,19.72246402,19.28009029,22.1415148,21.61617896,20.52334508,21.22062335,21.49798822,21.37869963,22.33093507,23.63888285,25.81240088,22.3930079,22.84245553,22.16456978,21.92432471,20.42037345,19.92601448,21.26793631,23.93930984,20.42725717,18.87632074,17.31606001,15.91869992,14.70379653,14.04837153,14.11745837,13.6931926,14.30676786,13.4157105,12.85015032,12.59967738,12.26118054,13.13510004,14.29973172,14.59265884,13.93165238,13.36630803,12.67848577,12.94181274,13.01004056,12.88473079,13.26012053,12.99673381,13.23604414
EGY,,,,,,,,,,,,,,,16.79461492,16.72634078,14.81072696,13.64206629,13.50078917,13.08028919,12.35712563,12.73938232,12.18382615,12.27819549,12.8164557,14.11796247,14.40136054,15.79999981,16.8879875,17.20129831,16.97494739,16.01777751,15.62185478,15.73453608,16.01714286,16.33823529,16.53705318,16.31553215,16.97912317,17.95351105,17.99797118,17.69807639,18.49675376,17.30383234,17.23696682,16.70945218,15.97756192,15.36992481,15.52236739,15.78615429,16.10227084,15.76719422,16.16547441,16.60837454,16.77444601,16.6974467,16.84132649,16.59352061,16.35088959,15.98829896,16.38045607,15.48528388,15.97053223,15.06390984,13.89346153,14.49892888
EMU,,,,,,,,,,,,,,,,,,,,,,,,,,,,,,,,19.72254192,19.01950559,18.14721141,17.92981988,17.8910017,17.50723305,17.57123136,17.59186318,17.25006485,17.36531396,17.07000812,16.56452707,16.12078688,15.89801425,15.59473982,15.50663055,15.54392401,14.9398932,13.48351863,14.12800934,14.42645906,14.26664545,14.17144988,14.36242208,14.95910365,15.01817057,14.99338479,14.90090947,14.68287117,14.40544197,14.59052424,14.74908731,14.59950931,14.08715456,14.11245758
ERI,,,,,,,,,,,,,,,,,,,,,,,,,,,,,,,,,7.380985046,7.831276057,6.964460186,8.123158435,8.6195164,9.59402427,8.587062851,9.171192024,9.30749871,8.931812254,9.113936833,9.099783356,8.580164513,6.828078795,5.984778258,5.463345188,6.523910093,5.492755114,,,,,,,,,,,,,,,,
ESP,,,,,,,,,,,,,,,,,,,,,,,,,,,,,,,,,,,,16.28669945,16.37195109,16.68339849,16.57897721,16.32042094,16.26714682,15.82976441,15.18985147,14.60177928,14.01764298,13.50210425,13.07185445,12.60675928,12.3951846,11.32787817,11.1141954,11.20147096,10.81186219,10.86625873,10.99755618,11.01376859,10.95277065,11.11455833,10.78863229,10.6967321,10.85321294,11.25608471,11.02798752,10.95101288,10.84442995,10.59655562
EST,,,,,,,,,,,,,,,,,,,,,,,,,,,,,,,,,,,,16.98041471,16.3168178,16.53460899,14.8435691,14.48756513,15.46717285,16.06165693,15.66725317,15.74273673,14.91691036,14.66420612,14.46581992,13.86930492,13.74423684,12.28947347,13.74835959,14.55256726,13.87707302,13.5540035,13.96109514,13.6547461,13.61047627,13.34089128,13.21384231,12.88032413,12.59178581,13.03102792,11.99594435,11.41211806,10.83421184,10.78144337
ETH,,,,,,,,,,,,,,,,,,,,,,4.288250112,4.165093024,4.029034395,4.828623256,3.961105079,4.290016324,5.020795503,4.753077582,4.715757947,4.512588069,3.142602235,3.037716485,3.850162304,4.169584595,4.767187976,5.085479804,7.123356738,5.128905344,5.594196085,5.60524515,5.776228139,5.766490583,5.770037501,5.350705611,4.842961246,4.637738366,4.579682468,4.108135336,3.880255796,3.97390612,3.682551396,3.420060719,3.702189003,3.991325246,4.404619139,5.691397155,6.186588621,5.827617951,5.594368154,5.303280954,4.605688479,4.241062286,4.47900684,4.393914063,4.202464482
EUU,,,,,,,,,,,,,,,,,,,,,,,,,,,,,,,,19.69157663,18.96885329,18.08118235,17.93456527,17.94851026,17.57532678,17.64967206,17.66027633,17.30961793,17.42020516,17.09459631,16.6161157,16.20262534,16.01861941,15.73737884,15.68727656,15.73692508,15.16731423,13.75227606,14.38765186,14.70447589,14.49756165,14.35365444,14.60272602,15.19363563,15.26014599,15.18739622,15.08103543,14.86924415,14.53602143,14.71185565,14.87439039,14.84931373,14.338368,14.27094457
FIN,,,,,,,,,,,,,,,,23.14206942,23.04350006,22.34766099,23.03322363,24.01388724,24.20083185,23.3861433,22.6631146,22.28925758,22.30268328,21.71747531,20.76392878,21.1495849,20.71073798,20.45856817,19.50881667,17.1562367,18.10440403,19.8563252,21.01471659,22.25404758,21.41561332,21.66678704,22.91851766,22.83194628,24.16010441,23.60437858,22.87456211,21.95248955,21.54515847,21.2181021,21.81521569,22.13152,20.7904125,16.66987647,17.03933626,16.35526549,14.59541467,14.64345912,14.60251148,14.84119281,14.74756278,15.37431132,14.79010802,14.7120972,14.52321828,14.94026467,15.75516185,14.47592535,14.23115804,14.24065296
FJI,,,,15.95330739,16.36690647,15.58219178,15.28822055,15.29051988,14.54046639,12.61770245,12.35662148,9.957527135,10.33295063,9.340818995,10.66666667,10.6685614,10.74579507,10.51356333,10.08259755,11.55831964,10.93829308,9.479166667,9.777169032,8.268516173,8.819101388,8.457079915,9.347266881,10.73785149,8.643235072,11.27363435,11.9195101,12.32527914,11.68236801,12.57537364,12.77897198,11.93157458,11.45889127,12.62924178,12.90911859,11.54400776,12.27321334,13.69109516,12.95096279,11.72443364,12.7568345,12.21519246,12.75797172,12.10973512,12.15567561,12.30291029,12.31043606,11.92467009,11.56227143,11.5664407,10.65411419,10.49615987,10.93181017,10.44613155,10.38758014,11.32318937,12.2869202,12.05132671,11.7043702,11.84026876,11.34256694,9.135298776
FRA,22.75081218,22.89555162,22.11901691,21.96662455,21.95327644,21.66693873,21.50925553,21.03682068,20.50302455,20.09410823,20.10489875,20.32998076,19.70797462,20.11330202,20.3251354,19.67656879,19.59727936,19.50138068,19.26144831,18.75958515,18.36605197,17.89040668,17.30126225,17.3058896,17.07066128,17.11759053,16.75955306,16.31481979,16.18682025,15.99819392,16.02604776,15.74016492,15.41144515,14.86930388,14.48867327,14.70471635,14.28266691,14.52723691,14.50721583,14.31206582,14.38783922,13.92965516,13.45980537,12.99226635,12.56722082,12.1452501,11.63903462,11.57992386,11.06797654,10.52167426,10.27753415,10.31328405,10.24707958,10.25334993,10.18149835,10.31991164,10.16523202,10.01005158,9.886205216,9.910950006,9.245667104,9.095825158,9.301362488,9.76870497,9.566475207,9.486224479
FRO,,,,,,,,,,,,,,,,,,,,,,,,,,,,,,,,,,,,,,,10.10036878,10.84148977,10.53028195,11.25954001,11.27005414,10.54748694,9.608833662,9.160428314,8.933467792,8.942974499,8.872117665,8.614904662,8.197983865,7.976896659,8.274831964,7.702286792,9.084794678,9.321476006,8.278505877,9.235147634,8.99388124,10.41252588,10.81351292,10.68122703,10.09186147,11.39912394,9.462153177,
FSM,,,,,,,,,,,,,,,,,,,,,,,,0.475565713,,,,,,,,,,,,1.343291047,1.129736869,1.386418209,1.483045955,1.412530174,1.577976873,1.85470733,1.740048465,1.609048188,1.367039982,0.514129555,0.33292,0.342885375,0.36835249,0.371913357,0.385958904,0.398961039,0.367283951,0.332738854,0.328449367,0.371442308,0.553730887,0.525180055,0.489873096,0.486911392,0.493935818,0.507173229,0.509713946,0.511134248,0.496070326,0.480731673
GAB,,,,,,7.207207207,6.622517653,9.131738024,7.956104813,7.134231634,6.815642052,7.136061846,7.741934562,6.641837368,3.658864676,4.260380623,3.865943541,4.723270067,5.971810089,5.010859448,4.556514046,4.03049071,4.289680377,4.480382264,5.372060147,7.249583472,9.322982947,8.47815066,7.602661755,6.402096593,5.584351475,6.172414268,6.19485766,6.291970421,4.731037062,4.524886878,4.061384235,4.39677077,5.610586011,4.726576106,3.724848955,2.541160328,2.674539273,2.667338588,2.781723242,12.92979084,11.46783873,12.7816305,14.22278354,19.02437307,17.08046111,19.15280075,16.50140564,17.16241396,17.39340587,16.68703304,17.45600677,17.62241867,18.94155761,18.80256883,18.57647094,21.64954708,20.80004102,20.53646785,19.45982697,19.06509259
GBR,,,,,,,,,,,,,,,,,,,,,,,,,,,,,,,16.57360498,16.1718405,15.95517191,15.59305897,16.31092142,15.36387573,15.16162822,14.97956786,14.44758896,13.84296001,13.2927634,12.5032376,12.06508037,11.54810052,10.91472434,10.56163233,10.15107437,9.71451845,9.621293495,9.292454494,9.449270627,9.326834117,9.374760412,9.598104492,9.440841016,9.384517556,9.131689408,9.04234268,9.015458479,8.981513661,9.081808427,8.732819208,7.961335152,8.223928516,7.973490062,7.67758789
GEO,,,,,,,,,,,,,,,,,,,,,,,,,,,,,,,,,,,,,16.89543751,15.15071681,13.25939348,12.76659552,12.24537075,12.23104585,12.80445279,13.03230929,12.2217359,12.0945882,11.11828222,10.94811049,10.44304295,9.928277549,9.071429861,9.451541055,9.544907696,9.22261068,9.210553244,9.238687912,7.78368506,8.770753507,9.057120818,8.825634879,9.428180923,9.916045715,9.723255696,8.355354909,8.4367086,7.986509615
GHA,,,,,,9.754433834,10.21080369,11.90159574,12.58823529,12.3938031,11.42098274,11,10.87033748,11.68237646,10.77253219,13.95040697,13.14741036,10.7856311,8.639092728,8.670540713,7.808270326,5.973067496,3.605510636,3.858442278,6.396339458,11.53249691,11.14993752,9.882037534,9.563392555,10.00660451,9.762852908,9.271897473,9.331061856,9.382505617,9.106628242,9.326986338,8.634146772,9.051681381,8.987627197,9.024383133,9.016849277,9.002986549,9.027260448,8.975523635,8.741998633,8.655388399,9.541016599,8.596404815,7.544118186,6.772090634,6.388658627,6.423765859,5.660586499,11.58854746,11.01994883,11.09829956,10.82042459,10.15222309,10.12013334,10.16121873,10.95305585,10.88542554,11.48443203,11.14142626,10.57150459,10.10653848
GIB,,,,,,,,,,,,,,,,,,,,,,,,,,,,,,,,,,,,,,,,,,,,,,,,,,,,,,,,,,,,,,,,,,
GIN,,,,,,,,,,,,,,,,,,,,,,,,,,,,,3.076859979,3.050012078,3.243804395,2.684292521,3.085777875,3.157852337,3.093873902,2.628997838,2.532794699,2.376837716,2.516376389,2.636754057,2.589302537,2.589919143,2.596791621,4.065621413,3.8856338,4.172621608,11.38061708,11.43785914,12.67171793,12.56367225,10.63328557,10.47127693,10.5298592,10.80077855,11.08249354,12.11873567,10.92667597,10.02158683,12.07324995,10.40035898,9.566256632,11.42279297,12.74535635,,,
GMB,,,,,,,2.976567448,2.975495916,2.973760933,2.975557917,2.937127123,2.969432314,2.956081081,2.9296875,2.959121415,2.977190876,3.68441983,3.979155541,3.766741071,3.502807871,4.88069532,5.673139865,4.64975329,6.64950166,8.67684078,6.672734513,6.257778469,5.993721169,4.801699321,4.926553968,5.529760458,9.213470361,8.895895297,8.704322984,8.024792925,8.152714465,7.574464445,8.020239315,7.543534474,7.154046229,6.766691548,6.631611383,7.020899378,5.916642809,5.262075726,6.302016927,6.645413213,6.509075479,5.591328964,4.829974843,4.550839575,5.488714202,5.748159799,5.611202563,6.511781045,6.349254347,5.586257013,4.469292134,4.255461446,3.787177037,2.613383788,1.902071901,1.430762912,1.699589426,1.454253363,
GNB,,,,,,,,,,,21.24550093,,,,,,,,,,,,,,,,14.41178093,7.904215006,5.998347751,7.377797624,7.864307206,3.613896302,2.421557537,3.391662214,6.795722065,7.427707966,6.975396383,4.988014836,7.399533297,7.254128581,7.691262936,7.361312784,8.97342051,9.200145845,8.735369034,9.576672292,9.509061285,8.351259705,9.2853951,9.346379196,9.097635045,9.20015795,8.892949193,8.724656513,9.343589945,8.858907124,8.655694068,8.139974905,11.21382516,9.741861347,6.455350251,6.628964524,7.00649345,8.908853804,9.172312373,8.599460908
GNQ,,,,,,,,,,,,,,,,,,,,,,,,,,,,,,,,,,,,,,,,,,,,,,,7.133685719,14.51441507,20.36751704,18.03795957,21.01648193,22.46849117,17.08975216,19.28578894,20.12563307,17.8446575,18.50431156,25.75059535,25.57013777,20.85383948,19.52706539,20.93068942,25.3933756,22.14541333,25.80981881,22.30561458
GRC,,,,,,,,,,,,,,,,,,,,,,,,,,,,,,,,,,,,11.36022266,10.80347327,9.898584671,9.742965573,10.03737564,9.920552167,10.40410184,10.27792066,9.995781121,9.651037663,9.533684688,9.129228047,9.023030501,8.887748835,8.171746279,8.024112152,8.148725837,8.136423895,7.780487224,7.793231312,8.293979413,8.107747295,8.017712658,8.181820628,7.839589993,8.427280422,8.665589577,9.721029451,8.947903331,9.065874333,9.07606721
GRD,,,,,,,,,,,,,,,,,,2.010282201,1.93987353,1.853294253,2.452119274,2.305591119,3.542934458,3.007323826,3.479879402,3.84922054,3.619110955,3.808431521,4.080531867,4.078935269,4.260959196,4.292058224,4.752152172,4.165402958,4.381204917,4.586109801,4.61397033,4.54802493,4.582895638,4.750430163,4.534634438,4.507645286,4.365931627,3.888498303,3.361388539,2.895809372,3.383492046,3.594188511,3.313655454,3.315354459,3.452880763,3.37761669,3.2467773,3.380555324,3.420911485,3.419120925,3.353300098,3.08059289,3.116596128,3.37198336,3.12898222,3.315511551,3.374767763,3.548455934,3.524529729,3.295835385
GRL,,,,,,,,,,,,,,,,,,,,,,,,,,,,,,,,,,,,,,,,,,,,6.482870109,7.942337458,8.31327582,6.976569352,5.82903987,6.099350899,4.732798537,4.343656769,5.309427495,5.188370324,5.069133592,4.363989719,4.059760435,4.574263185,2.535995199,5.12746099,3.321594365,2.883816196,1.985309387,4.095685543,2.723080078,,
GTM,,,,,,14.07910576,14.73529877,15.34896457,15.73616268,16.11533847,15.78624475,16.01859633,15.74128873,15.93989117,15.6692809,15.14430182,15.57490594,15.99236325,16.21385477,16.34888256,16.64789369,16.0260918,15.747432,15.85357609,15.85646657,15.83787436,15.9138836,15.68124986,15.42571717,15.1812867,15.05099129,14.86375504,14.64260021,14.49709125,14.34611478,14.11392408,13.9689152,13.74617549,13.56736083,13.39703099,13.17089605,19.98979847,18.80800868,18.76240638,19.1936872,19.00164413,19.03480182,18.59078092,18.76713397,18.95369257,18.93836957,18.95689978,19.42672595,14.41642999,14.07664757,14.32632827,14.19059959,14.14043683,13.95427825,13.81128823,14.10815817,13.92685258,14.08773964,14.01269561,13.53924349,13.19442748
GUM,,,,,,,,,,,,,,,,,,,,,,,,,,,,,,,,,,,,,,,,,,,,,,,,,,,,,,,,,,,,,,,,,,
GUY,9.32145305,9.88700565,10.65230401,13.17623631,11.08116202,11.77931034,10.93106996,10.93345874,10.66376496,10.52948255,10.64227035,10.86686758,10.66243951,9.972084367,12.60081701,13.60842105,11.87395476,10.92735841,10.84641477,11.00972777,10.74270557,12.58609972,12.37897649,10.76294278,11.0042086,11.64102564,12.48847984,12.02877663,11.11648166,11.72313814,4.551548211,3.731458194,3.765994779,3.343819769,3.044608285,3.224161824,3.107866516,3.090609074,2.954574891,2.97659002,2.64129456,2.6978242,2.855226715,2.68908263,2.631385238,3.071454999,6.789714328,6.72345246,6.910875949,6.56111716,5.744109266,6.018401104,6.015709492,6.345950316,6.046221801,5.939100711,4.966743259,4.789300947,4.668406954,5.049182881,4.244023924,3.135049958,1.867026158,2.255785104,1.697355361,1.898678614
HIC,,,,,,,,,,,,,,,,,,,,,,,,,,,,,,,,,,,,,,17.83138592,17.54192588,17.32470929,17.23042807,16.22322781,15.75705578,15.56452131,15.4833368,15.20317531,15.02165054,14.89899976,14.41700529,13.52388364,14.10196584,13.96395484,13.77632728,13.48982572,13.53902917,13.81118099,13.73026515,13.72392788,13.73234873,13.42264377,13.22044521,13.25480286,12.48635298,12.33312428,12.00305806,
HKG,,,,,,,,,,,,,,,,,,,,,,,,,,,,,,,,,,,,,,,,,4.590576007,4.055203756,3.52821656,3.105193173,2.996926988,2.807541825,2.639769422,1.960616833,1.845167782,1.730546122,1.711954747,1.580724038,1.502165622,1.410275896,1.233846828,1.113965008,1.077813441,1.026428301,0.972374903,1.032188855,0.953922818,0.912665496,0.946911306,0.946125902,0.934373569,
HND,10.85882477,11.66302404,11.48464645,11.57181572,12.76433768,12.74863682,13.18355848,13.11671882,13.55693176,13.68427286,14.35758514,14.92513955,15.3495367,15.62970841,16.31536605,17.10086087,16.45378469,16.5781028,15.64347336,15.70405556,15.53667881,14.9508824,15.27973477,15.63838513,16.31554133,15.40674168,14.72025669,15.12000478,15.71680453,15.76425718,17.09809131,17.33279101,18.26796665,18.22795935,17.83431188,18.7009851,18.89746595,18.75176658,19.30440492,20.27405531,20.53561885,19.63852766,19.89221672,19.77400576,19.15725276,19.08397071,18.97012914,17.95145037,17.80521758,16.6306404,16.53655701,17.19439402,17.68613956,17.29425925,17.25458749,17.54311202,17.14677251,17.1266629,16.89270829,16.53449257,16.23346941,16.21516462,16.21950058,15.20653935,14.8734622,14.97047226
HPC,,,,,,,,,,,,,,,,,,,,,,,,,,,,,,,11.56475748,10.3105333,10.93725275,11.00541244,10.04285525,10.33444729,10.08279263,10.24479119,10.79399291,10.98767845,10.92856952,11.33690059,11.2239217,10.9641047,10.74535327,10.30692933,10.16906099,10.01766594,9.599281758,10.47895159,9.313020693,9.956512855,10.18815224,10.44604631,10.45837768,10.56654233,10.60880633,10.32982822,10.34914298,10.35522427,10.46044588,10.51327047,10.2333567,10.21983256,10.00452655,9.92109218
HRV,,,,,,,,,,,,,,,,,,,,,,,,,,,,,,,,,,,,18.36345126,16.45876646,16.81424936,15.98270151,15.96216773,16.67431671,16.35735363,15.22069477,14.84096672,15.01501502,14.28650397,13.77057483,13.84355786,13.45505316,13.2484276,12.95463741,13.6634277,13.51610815,12.60929386,12.73290541,12.73767567,12.87684481,12.76039572,12.29867668,11.99322478,12.15710232,11.65863943,12.27574579,12.2243831,10.47785344,10.14358699
HTI,,,,,,,,,,,,,,,,,,,,,,,,,,,,,13.61747391,14.4511465,13.71582854,11.45142999,11.38770294,13.18910284,13.47242717,19.19386527,14.15761357,10.77774692,9.621118466,10.06259422,13.02901081,13.82010643,13.70199824,14.9337874,15.84228928,15.91581963,16.46140689,15.57974618,17.01827927,16.86288965,14.4766049,14.65405803,16.12659307,15.76674163,16.62121864,16.96853464,16.36683512,16.38462264,16.69063712,16.74966828,17.63777188,16.17675484,20.07203936,21.65211947,20.84380373,20.20301753
HUN,,,,,,,,,,,,,,,,,,,,,,,,,,,,,,,,,,,,18.12627058,17.99923626,19.69033855,19.94640068,19.30219376,19.0826422,19.1558165,18.54953766,18.59911298,18.97412441,19.03442027,19.70823555,19.0624478,18.27365132,17.1623331,18.13536692,18.45945335,18.493718,18.70732178,19.4234614,20.20767617,19.5575597,19.10339273,18.40284232,17.326162,17.27399078,16.52704281,16.77710821,17.17189854,15.85846526,15.14382802
IBD,,,,,,,,,,,,,,,,,,,,,,,,,,,,,,,,,,,,,,,,,,,,,21.24715933,20.84310912,20.96775556,20.78761496,20.81645472,20.80398372,20.52925734,20.66994301,20.65147164,20.56683226,20.98363882,21.47697018,21.10140315,21.01986895,21.34188851,20.71916986,21.03579863,21.91482912,21.21901715,20.45222753,20.00468973,19.79623671
IBT,,,,,,,,,,,,,,,,,,,,,,,,,,,,,,,,,,,,,,,,,,,,,20.43438298,20.0785689,20.17315795,20.02983815,20.03863578,20.03558214,19.75510105,19.95225878,19.96998082,19.89788557,20.2702713,20.70713015,20.4180357,20.34823137,20.70324163,20.06982241,20.34445551,21.23582579,20.60764595,19.95164132,19.56066917,19.34120284
IDA,,,,,,,,,,,,,,,,,,,,,,16.0490724,15.33238033,14.20996342,12.44208974,13.11362986,13.41529066,13.04617951,13.51332707,13.02202181,13.02519248,12.9938625,13.09434747,13.02899295,13.96464719,15.23456014,15.34363569,15.63559501,15.17032974,12.719038,11.51561886,11.85424898,11.7116222,11.66527731,11.64030981,11.5917068,11.3851326,11.08503813,10.75147541,10.91845835,9.981584085,10.45722162,10.88866757,11.28562051,11.49765466,11.53739952,12.17332661,11.81939799,12.57352122,12.5380912,12.38903659,12.73476789,13.09572307,13.26493569,13.28902711,13.20327472
IDB,,,,,,,,,,,,,,,,,,,,,,19.65474674,19.45200496,19.28898216,16.6671718,18.3862419,17.45846663,16.3505853,16.90543886,15.88108441,15.87623657,16.81225224,15.89042717,16.2091067,17.70316753,17.93858562,17.42010781,17.62317951,16.52078397,13.93429706,11.45282251,11.76271491,11.18336653,11.35005014,11.33558205,11.56940718,11.24143686,10.9247357,10.7527009,10.3264873,9.268542586,9.717926791,10.09810741,10.61743184,10.94561547,10.72775886,10.34458224,9.687333844,10.834613,10.57926743,10.03454783,10.59025425,11.36771566,11.60003887,11.92511064,11.94959329
IDN,,,,,,,,,,,,,,,,,,,,,,,,13.42838844,15.06283399,16.36745044,16.75807614,16.94512522,18.47399947,18.1376047,19.89302505,20.95643794,21.7564418,22.30495082,23.34803779,24.13317871,25.61663487,26.79294652,24.99567095,25.99487911,22.65975121,30.75459722,31.95327849,28.25284184,28.06582659,27.40750748,27.53757408,27.04841275,27.81427299,26.35547453,22.03862859,21.7608545,21.45095506,21.02868868,21.07517605,20.98578743,20.52297468,20.16002236,19.86319338,19.70353909,19.86642189,19.24340778,18.33617711,18.66744879,18.984004,19.06510998
IDX,,,,,,,,,,,,,,,,,,,,,,,,,,,,,,,11.0495947,10.1269001,10.53545591,9.957214745,9.700224687,10.53372136,10.73950191,11.17103162,11.80300426,11.62340955,11.58973026,11.94367978,12.25838484,11.98095996,11.92349947,11.54309008,11.44817655,11.18514205,10.6824311,11.4976116,10.69587392,11.20341956,11.72952542,11.98409471,12.06336959,12.38560603,14.00206636,13.86118231,14.23176511,14.61769094,14.72806814,14.85410494,14.78642691,14.72659782,14.38880452,14.2288339
IMN,,,,,,,,,,,,,,,,,,,,,,,,,,,,,,,,,,,,,,,,,,,,,,,,,,,,,3.590714929,3.198568053,2.654664939,2.679866242,2.410218788,2.080770624,2.159804289,2.142831592,2.442067969,2.052928877,1.855467098,2.021445404,,
IND,14.75011809,15.35383648,15.86329813,15.75238835,14.85073996,15.01090777,14.50399297,13.23186125,13.52278801,14.14647158,14.45654509,14.98228674,15.10254938,15.01528531,16.34591338,15.83848666,16.26588883,16.08086893,17.09644052,17.85203449,16.7523758,16.77044375,16.36999594,16.66445469,16.7078036,16.41801286,16.22158381,16.20954935,16.10153485,16.9028459,16.59759644,15.67626016,15.80079982,15.91571211,16.76413813,17.8658506,17.5963408,16.51857853,15.71931602,15.18053671,15.92702302,15.30702128,15.55870173,15.58738665,15.82724574,15.97301704,17.30365333,16.86456778,17.09867415,17.14357767,17.02993425,16.13933744,15.81692301,15.25302269,15.06557011,15.58385459,15.16223713,15.01823875,14.88153067,13.45580756,14.12048536,14.37702885,13.33272026,13.31284388,13.13921995,13.47105507
INX,,,,,,,,,,,,,,,,,,,,,,,,,,,,,,,,,,,,,,,,,,,,,,,,,,,,,,,,,,,,,,,,,,
IRL,,,,,,,,,,,,,,,,,,,,,,,,,,,,,,,,,,,,20.68710675,20.43953797,21.79010252,23.24454282,23.53153356,23.11914115,25.24987023,26.74511048,23.35858488,21.12736231,19.59207962,18.57305851,17.97273941,17.55906889,20.38868836,19.50876907,20.59754593,19.60546639,19.07612876,19.58634486,34.89132173,32.62677389,32.15935678,32.77995414,31.93030741,33.61519905,34.31429847,37.09803775,29.80455262,29.56499735,33.92512533
IRN,8.542499712,8.909956412,9.956708908,10.38073275,10.59922486,10.81533439,11.32367639,11.822097,11.99892931,12.52657086,12.42125855,11.91650757,11.70564996,10.98557095,8.737034111,9.112932293,9.415503527,9.195373719,8.825322099,7.465353463,9.828699259,10.57035642,10.14411813,9.062495465,9.467093181,8.875929868,9.15968647,10.24175892,11.3102577,10.9154168,14.51243465,15.95461266,16.06830324,13.56430156,15.51251446,15.34432231,16.50554303,17.43598158,16.89071244,16.65998772,16.63922502,17.14813115,15.09666321,14.79313534,15.70243428,15.04149207,15.03350612,12.90761577,12.9684578,13.27448939,12.78390806,13.79219147,16.3771989,15.72969562,15.58475562,13.45074441,13.31883663,14.13525021,16.23214848,18.65533651,22.86643332,23.4410697,22.22483376,21.6209509,20.59089612,
IRQ,,,,,,,,,9.144514258,9.588531,9.8984555,8.672423888,10.22270902,10.13374486,5.522067688,6.808746194,7.243944307,8.340445871,7.213909078,5.628984884,4.515969488,6.368259172,7.640762267,8.019174392,8.938965975,9.858244847,11.98334698,11.76761364,13.59084406,13.2017503,3.681081419,3.198937143,2.869121628,2.655458517,1.484774584,1.393351329,1.005015502,0.652216662,0.861183074,0.875218459,0.908108148,1.476010091,1.521944531,1.026588151,1.761388714,1.320527376,1.541217513,1.631062342,1.6839071,2.61115151,2.269906805,2.821903293,2.721776318,2.297634844,1.877063816,2.175208425,2.252868877,2.174398743,2.031977718,2.137531496,2.588427268,2.473404781,2.246236799,3.016036251,4.087061821,3.996539116
ISL,,,,,,,,,,,,,,,,,,,,,,,,,,,,,,,,,,,,13.28873102,13.17996264,13.95218236,13.20898653,11.65268872,11.39091823,13.19323776,11.44001572,10.82689365,10.31036642,8.517358731,8.950608892,7.70959032,10.76909262,10.7884852,12.89451531,13.02848419,11.61138923,11.12547295,11.43597732,10.70188634,9.467518551,8.756080092,9.010627853,8.378330564,8.841426097,9.901352173,9.856785094,8.462850974,8.770600353,8.529431353
ISR,,,,,,,,,,,,,,,,,,,,,,,,,,,,,,,,,,,,14.99313902,15.12609961,15.50047312,15.71988487,15.78286777,16.55946667,15.26605842,14.61955173,14.21454511,14.02326342,14.76733628,15.02833795,15.3681304,14.83234858,13.99986061,14.04379104,13.59088187,13.76900076,12.98283113,12.50926498,12.92372123,12.09614365,11.50238625,11.67806569,11.6354673,12.31907348,11.90081732,12.07356897,11.48334007,11.24221909,
ITA,,,,,,,,,,,,,,,,,,,,,,,,,,,,,,,20.22207829,19.28495308,18.76001993,18.58028014,18.86065047,19.18513784,18.84335641,18.62736414,18.53985886,17.9766595,17.67294035,17.19704474,16.82951287,16.13420457,15.87379942,15.52296549,15.5728364,15.9581665,15.4805311,13.65760187,14.16307986,14.13190792,13.75823421,13.7593479,13.8362219,14.26234477,14.66386002,14.81677485,14.94807128,14.80328223,14.47725612,15.36530057,15.38225388,15.46751913,15.08374632,15.00158965
JAM,,,,,,,,,,,,,,,,,,,,,,,,,,,,,,,,,,13.41418488,13.47982018,12.23285514,12.12280203,11.09923033,10.37138978,9.964782035,9.345912697,8.937324288,8.421757287,8.283961727,8.217473071,7.751515117,7.614976235,7.68942405,8.039148062,8.209481309,7.750648215,7.886422364,8.085526045,8.168795947,8.128721457,7.05392484,6.960222471,7.018035499,6.875190764,6.87088952,7.018720802,7.601125957,8.136503126,7.937227581,7.734165097,7.693253188
JOR,,,,,,10.87768441,11.95744681,9.397163121,12.7744511,12.01923077,10.46409807,10.44591247,10.22727273,11.60915834,6.948405496,7.799954118,8.092383639,8.386442642,8.261033572,8.804071247,8.069362177,10.83805053,10.34482759,9.923877757,10.24244646,9.134273825,11.80093729,12.35404732,10.47412326,10.08864152,12.16906305,11.06828938,11.5693552,10.80218309,12.74872054,12.08772562,10.92922876,11.43596831,12.52451068,12.56944084,12.94780536,12.84944293,13.99470121,14.43689737,15.59777033,15.37375639,16.43217116,18.29812139,19.58606675,18.03819953,17.02736264,17.43123195,17.03971228,17.71441564,17.30321349,16.89418775,16.63427672,16.64048183,16.3691562,16.26721755,15.73986355,15.45453675,15.69667552,16.38107294,16.86494374,17.37194259
JPN,,,,,,,,,,,,,,,,,,,,,,,,,,,,,,,,,,,23.39427356,23.53518585,23.45539289,23.29607491,22.69718242,22.0358239,22.17630717,21.13416911,20.58348867,20.72898038,20.96828466,21.07475234,21.14968385,21.74660021,21.29135657,19.05628726,20.87483505,19.68152739,19.73223559,19.18071461,19.40777592,20.07401797,20.02776766,20.14393429,20.3304381,20.05370402,19.78362473,19.67636664,18.82374544,19.4882904,18.81744047,
KAZ,,,,,,,,,,,,,,,,,,,,,,,,,,,,,,,,,,,,14.60701644,13.2472781,13.33634544,12.01990349,14.09165178,16.49803593,16.44509019,14.49613089,14.21774744,13.31415365,12.04139307,11.63245808,11.49160524,11.7738897,10.87215357,11.32131822,11.08657422,11.08079904,10.63497383,10.31824363,10.27540938,11.33013967,11.28015694,11.42862275,11.46636407,13.07253218,13.60875474,13.42429667,12.28818841,12.39353431,12.70573954
KEN,8.708580112,9.186091769,8.621472313,8.692306019,9.579482506,10.52188988,10.00240322,10.29077806,10.3575271,10.91293079,10.85460832,11.28570079,10.35477013,10.77763862,11.25860281,10.61251776,9.918822234,9.674713694,10.69992145,10.72869067,10.94973063,10.58275284,10.60018961,10.2587942,10.33049239,10.28453075,10.35635901,9.949540928,10.15566234,10.03919507,10.0532694,10.41254657,9.307076684,8.510982885,9.02395926,8.363447203,11.85948215,11.56828458,10.92996048,10.14458011,10.31558075,9.779939837,9.823609462,9.709025236,10.00079257,10.53608575,12.68935539,12.79043986,12.09577062,11.49295314,11.16037502,12.04776729,11.08334027,10.90901663,10.06503343,9.975179818,9.321491101,8.739141731,8.408385292,7.904615937,7.599838358,7.363301363,7.740687262,7.487436484,7.293010631,7.122610952
KGZ,,,,,,,,,,,,,,,,,,,,,,,,,,,,,,,26.4088785,27.49405405,32.14042898,25.10878294,20.48139643,8.57349908,7.901518421,13.67216651,14.13978626,12.96841868,18.10253421,17.64060988,13.04845104,13.27441178,15.32531184,12.85243094,10.99208173,9.919047314,13.21902699,14.22825136,16.86028862,18.26824869,12.07174383,15.76808892,13.6761968,14.0507757,15.43426087,14.99082804,14.26446331,13.72142421,13.15752696,11.80627098,13.64306017,12.56159792,12.6876068,13.69783708
KHM,,,,,,,,,,,,,,,,,,,,,,,,,,,,,,,,,,8.617224497,8.853806046,9.145566842,10.09532944,11.63946738,12.66115574,13.19695981,15.82616625,17.2541894,18.91548632,19.8968986,21.21946893,20.77943186,22.09961337,21.27086611,19.69001103,19.09216487,19.69336734,20.59210679,20.92125449,21.60353582,21.79997251,22.45710021,22.73403562,23.15512318,23.56639279,24.6156472,23.99807193,26.65391685,27.12232987,26.3329384,27.80577239,29.023471
KIR,,,,,,,,,,,,,,,,,,,,9.614115691,10.67709259,10.5934291,10.13728444,9.821502084,8.749916107,9.484711138,9.233798627,8.515149342,7.750325213,8.073592703,8.733158679,7.842181896,4.856108234,5.011603925,4.871722183,5.006656667,4.363598285,4.475342771,4.326090056,4.652297947,4.408173816,4.618887978,4.539262692,4.015275335,4.356642714,4.656336536,4.550539843,5.357134198,5.218418282,4.918382119,5.815352375,5.983868268,5.288504584,5.010779498,5.158572815,4.559836977,4.909927653,5.174226804,5.463897764,4.981923077,5.458161994,5.5315,4.711776012,4.808191999,4.244750255,
KNA,,,,,,,,,,,,,,,,,,10.43782254,9.919832172,8.050607415,8.515472841,8.186813187,8.034099716,7.482094134,8.496412876,7.320165488,9.304236928,8.866439386,9.490209535,8.809157368,7.882713945,7.619319518,7.759609649,7.036537759,6.449750919,6.677614867,6.356124882,6.434311048,6.220979725,6.566913769,6.999929667,6.666397219,5.732847312,6.698070034,6.507967822,6.398862906,5.891075452,5.971296082,5.729675155,7.205793718,8.265241089,7.740149283,7.470871998,7.142736143,6.867001206,6.54942929,5.728716419,5.39133238,5.412704529,5.476713437,5.078375423,4.800110427,4.404006249,4.062787254,3.897770958,3.958704299
KOR,11.40350877,11.95113899,11.70068027,12.82149712,14.21654338,17.05305927,16.6433827,16.75728742,17.11505773,17.02442303,17.28928901,16.55486137,18.58224682,21.29599886,20.64930538,19.96544962,21.2862935,20.93276635,21.02967865,21.53638863,21.89672319,21.76834981,21.81152574,22.968205,24.60626053,24.32524342,25.54582035,26.80055579,27.72096929,26.74718994,25.23851957,25.49825996,24.78820852,25.01874725,25.73487662,26.31092307,25.22136076,25.13400487,25.77242748,25.79077112,26.59105096,25.13762702,24.77677161,24.43151829,26.41443238,26.09180994,25.72227845,25.92415102,26.07935723,26.30423431,28.09900568,29.00055751,28.74086821,28.86547669,28.27607555,27.82159221,27.51299408,28.03224057,27.76722375,26.37017559,25.70024336,26.2480856,26.49774086,25.45514208,26.61797252,27.42633261
KWT,,,,,,,,,,,,,,,,,,,,,,,,,,,,,,,,,,,,10.95157692,11.67767868,13.23058208,11.71567697,11.07560771,6.915118882,6.343925234,7.828300259,7.89993832,8.311497029,7.260142753,5.478884949,5.534274998,4.425564995,5.12162171,5.977903186,5.613139456,5.964466531,5.879841623,5.542278982,6.977509976,7.202057401,7.50147665,7.427728724,6.379314992,9.092123777,11.04255279,7.874357504,7.548009914,7.964623394,7.74282623
LAC,,,,,,56.58078838,53.31971941,47.68884976,47.05639037,48.60165584,45.83545531,47.28486953,45.80679564,44.82762955,45.95911882,42.01915374,40.18452037,39.89734861,40.21123904,37.98811794,24.9191308,29.13846195,30.05153358,28.93201898,29.33917932,29.25064144,29.67807156,28.84491492,30.2453774,29.89976745,25.39532035,24.44120284,24.20839858,25.21187324,24.37428685,19.95900857,19.75974277,19.99408901,19.53023127,19.85164882,20.0861027,19.84498134,19.82113985,20.5201844,20.23163552,19.51772974,19.3781636,18.8179527,18.25863468,17.0325811,16.86688542,16.56935539,16.12908117,16.08703248,16.12215771,17.23901309,17.09943582,16.85084799,17.13068523,17.00710641,17.56754642,18.58998573,19.37877965,19.25721098,18.25202109,17.63272744
LAO,,,,,,,,,,,,,,,,,,,,,,,,,,,,,,3.819064589,4.176091037,5.21362505,5.600221455,5.455445397,5.471178324,5.979437592,6.590139074,15.59969624,8.692607546,8.699180373,8.710887028,9.144431074,10.14926028,9.81210927,10.09899321,9.641610223,9.455624323,10.0618302,10.08310157,11.67926547,11.09441037,10.67136615,8.983772742,8.435402283,8.427695284,8.190052195,7.771563827,7.483534519,7.45272744,7.643691941,7.684786494,8.69509979,8.805813095,9.247877358,9.053670166,9.114067601
LBN,,,,,,,,,,,,,,,,,,,,,,,,,,,,,,,,,,,12.71716533,12.50239282,12.5429745,12.52371134,12.42877357,11.85600427,11.41429669,11.32408765,10.83056248,10.73162675,7.234334702,7.51373215,7.195471934,7.235117057,8.303247575,7.916028888,7.721533803,7.579314185,7.38803282,7.524413956,7.532566666,8.048539305,8.356410171,8.287891557,7.445050277,7.051471713,2.943719488,1.426829877,,,,
LBR,,,,,,,,,,,,,,,,,,,,,,,,,,,,,,,,,,,,,,,,,2.452974828,2.375816777,1.873074434,2.25552139,4.024637681,4.127260274,4.093556747,3.95002185,2.95900927,2.808246606,2.606441441,2.277035029,,,,,,,,,,,,,,
LBY,,,,,,,,,,,,,,,,,,,,,,,,,,,,,,,,,,,,,,,,,,,3.125864985,5.92415229,5.686848278,5.056675063,4.669734894,4.595146767,4.559267079,5.038202389,3.958882247,3.709224729,2.311160445,2.963994181,4.565298689,4.140789519,3.655243371,2.806782515,,,,,,,,
LCA,,,,,,,,,,,,,,,,,,,,,,,,,,,,,,,,,,,,,,,,,,,,,,,4.110172874,4.434965207,3.762556435,3.554684606,3.09111442,2.920464743,2.937318663,2.717786512,2.539595155,2.906182194,3.140888035,3.002802096,2.908755018,2.119364899,2.954705868,3.048297704,2.287785175,3.355887975,3.36086666,3.5762088
LCN,,,,,,51.21028172,48.66741938,44.23524705,44.01175009,45.26512457,42.97345974,44.02077708,42.91503532,42.61188015,43.52751133,39.00101224,37.91005126,37.65204891,37.94501392,35.984713,24.26969258,28.0612913,28.84139036,28.01099336,28.53965028,28.51493284,28.87334951,28.14349701,29.41406611,29.07060646,25.11428578,24.29600087,24.09764967,24.9358557,24.13375948,20.22334201,19.8009429,19.88342846,19.56811192,19.79034794,20.05854443,20.08251295,20.23060765,20.81487045,20.40368504,19.55989706,19.257403,18.61004623,18.05911092,17.13321487,16.86747355,16.5006439,16.06890379,15.99877532,16.04380751,17.14074717,16.98019187,16.6126288,16.85399418,16.73795067,17.32000495,18.04576587,18.72979077,18.52992453,17.6691097,17.09294781
LDC,,,,,,,,,,,,,,,,,,,,,,,,,,,,,,,,,,9.405787843,9.243720362,10.36765827,10.75633818,11.18682286,12.09140979,11.95591326,11.75142245,12.37894902,11.90096457,11.59630441,11.60485013,10.85963906,10.58651723,10.42583819,9.908689679,11.30404197,10.0822664,10.41225969,10.54142426,10.42843809,10.69044392,11.39347447,13.61349372,13.50116987,13.96624146,14.44774282,14.59449201,14.58994892,14.3802682,14.53824699,14.22193619,14.1357246
LIC,,,,,,,,,,,,,,,,,,,,,,,,,,,,,,,,,,,,,7.141899211,7.551569748,7.658052254,7.559006065,7.876151341,7.999590087,7.962834154,7.742336821,7.548939003,6.955529054,6.813725504,7.044936616,6.647779952,8.350339369,6.806063611,7.764101922,8.879896644,8.687045001,8.82723276,9.384217286,9.726208806,9.426279005,9.710580448,9.685586537,10.06393928,9.720493034,9.025852545,9.136095578,8.956628154,8.501818343
LIE,,,,,,,,,,,,,,,,,,,,,,,,,,,,,,,,,,,,,,,,,,,,,,,,,,,,,,,,,36.86668185,38.7329025,36.53852031,38.80933025,34.33763988,35.9457329,34.60106608,34.17263272,,
LKA,16.36119803,15.92727127,16.57101722,16.37767407,16.20685102,17.52845002,16.0129555,15.08243997,16.1224109,17.29799145,16.07874634,17.07473381,17.00006559,16.963703,18.26595473,19.40775896,18.60742211,22.03697119,18.97105379,18.1037286,16.60679048,15.15557944,13.70543582,13.12324701,13.58734497,13.45588908,13.85660274,14.47212558,14.09934179,13.87147683,13.40277966,13.37898951,13.95447312,13.78819541,13.89815655,14.09133623,14.67515831,14.81300097,14.83389752,14.74760006,15.05451498,14.11977662,19.11422132,18.59193138,18.72074443,19.51298566,19.22587692,18.49792438,17.95409417,18.10773411,18.45668422,18.61568688,19.73794236,18.06463065,17.15642919,16.17695988,16.01865925,14.89129605,15.03277861,16.16080172,16.2859641,17.96511862,19.65105443,17.9723934,17.49155087,17.11589154
LMC,,,,,,23.32434971,21.07322336,20.26310911,20.72631359,21.25477271,21.15442304,22.62972484,22.28394608,22.56387211,23.9906865,22.36262414,22.55797534,22.69449122,23.54476046,24.12591497,23.49103599,19.73997969,19.30343761,19.31329494,18.14578156,18.54591598,19.22615876,18.84693692,19.20070368,19.25784199,18.97041483,18.1969258,18.00391352,18.16877965,19.25937324,19.77989065,19.57517739,18.9591029,18.30111424,17.20708836,16.67453497,16.35999247,16.70237016,16.91282951,16.74099028,16.54450451,16.91008918,16.61790823,15.95934879,16.24924256,15.91982452,15.84851665,15.48417078,15.8540622,16.15652313,16.96182512,17.241847,16.96013899,17.26521474,16.41437514,16.9100745,17.22116185,16.83027967,16.84588393,16.67632751,16.93239597
LMY,,,,,,,,,,,,,,,,,,,,,,,,,,,,,,,,,,,,,,,,,,,,,21.10394836,20.71636571,20.90508596,20.79217137,20.8494272,20.8558965,20.54041778,20.93733746,20.99897828,20.97149483,21.20536699,21.39567875,21.08249359,21.06115144,21.42988664,20.72906032,20.98093055,21.96837892,21.34612088,20.61715108,20.23694071,20.06049311
LSO,,,,,0.808625337,0.765306122,1.975308642,3.543586109,3.873319663,3.820033956,4.276985743,4.387568556,4.501607717,4.637336504,4.682926829,5.063291139,4.828660436,4.283164783,4.357204487,7.760008187,7.678667063,8.28175853,5.289707932,7.188936862,8.156844426,6.124734587,7.912553594,7.827685057,9.571783019,9.595347766,9.52392864,8.596050048,8.745362238,9.516256306,8.861841768,8.951490232,8.877780039,10.20186786,10.92299118,11.11939258,13.62089707,20.51351141,24.55781584,22.66208954,23.02816959,19.98529,21.82409656,22.23966091,21.22854748,17.50622183,13.08472005,12.78264653,11.45151142,10.93956821,12.25053844,15.13302879,16.6630767,15.23670986,16.6313078,17.21913252,16.34705347,16.54009496,16.2828244,14.05126232,12.06738775,
LTE,,,,,,,,,,,,,,,,,,,,,,,,,,,,,,,,,,,,,,,,,,,,,22.75803847,22.24918358,22.01671165,21.96368388,21.8900558,22.30509171,22.09952586,22.00711512,21.96500221,21.73872182,22.15273094,22.96857677,22.54192246,22.41571997,22.57254991,21.95157801,22.13901898,23.07309888,22.38480331,21.45831345,21.1382249,21.00379726
LTU,,,,,,,,,,,,,,,,,,,,,,,,,,,,,,,,,,,,17.01031983,16.38532949,16.18404266,15.85330849,15.30472239,16.96869726,17.40441416,16.43974293,16.81043835,18.24119048,18.35201279,17.70174529,15.94685815,15.70552557,15.0716573,16.90781051,18.29581873,18.66944806,17.66381898,17.4023635,17.24003981,16.80716389,16.71185106,16.51542671,16.00262336,15.4605506,15.90960946,16.16759707,14.92125991,13.58019586,13.13377878
LUX,,,,,,,,,,,,,,,,,,,,,,,,,,,,,,,,,,,,11.84153671,10.94109341,10.93705708,11.03830893,9.803818509,9.642506589,9.131241209,8.718287521,8.840083231,8.294972856,7.831990814,7.081961633,7.966034555,6.684240134,4.65244925,4.966281051,4.869691373,4.556620288,4.55439306,4.728129754,5.479550704,5.794954561,4.775903516,4.959249411,5.04282382,4.926053316,4.645207109,3.912381398,4.051341361,3.962949529,3.72308166
LVA,,,,,,,,,,,,,,,,,,,,,,,,,,,,,,,,,,,,18.18617583,17.59638822,18.73410612,15.20207238,13.93438604,13.9537092,13.88834531,13.99455986,12.93853909,12.79401411,11.8887264,11.14458122,10.57693716,10.09152535,10.00426512,12.14214849,12.16863191,11.81296669,11.50750952,10.89956541,10.84608101,10.53926713,10.87458231,10.94125504,11.0225315,11.4825724,12.84811174,11.98525357,10.88175096,9.949417891,9.98783764
MAC,,,,,,,,,,,,,,,,,,,,,,,,,,,,,,,,13.043334,10.31675132,8.048115904,7.28716734,6.647429732,6.511701123,6.668276945,7.305784514,7.335066126,7.447532511,6.00413703,5.280310706,4.644201551,3.703356679,3.122722373,2.865209135,2.085962438,1.421972379,0.984470086,0.551288404,0.456573096,0.461593294,0.39667993,0.41528296,0.572106931,0.59666701,0.573468356,0.540705887,0.537066603,0.832821691,0.836320191,0.939023177,0.761339915,0.646694839,
MAF,,,,,,,,,,,,,,,,,,,,,,,,,,,,,,,,,,,,,,,,,,,,,,,,,,,,,,,,,,,,,,,,,,
MAR,,,,,,15.70375335,16.5361363,16.06772185,16.10993658,16.65674549,16.20798162,16.29016863,16.80017134,17.34669995,16.01371497,17.09648183,16.60685617,16.56116236,16.98335569,16.82059217,17.96419696,19.14497614,18.9092868,19.97090502,20.15922169,20.11853926,18.95308896,19.64547297,19.18336688,18.76889256,19.28359759,18.350084,18.86594312,19.06004047,18.07620124,18.87500531,18.29098532,19.05917734,17.99383919,18.49712571,18.07636573,16.58452854,16.49749429,16.83845025,16.75970136,15.59981063,15.39693139,14.94369196,15.14698735,14.87683281,14.81719203,14.6656402,14.361527,14.55815487,15.34528795,14.98415296,14.75952914,14.59419703,14.87035626,14.76332354,15.17739616,15.2356758,16.04984931,15.79185315,15.26541537,14.93192847
MCO,,,,,,,,,,,,,,,,,,,,,,,,,,,,,,,,,,,,,,,,,,,,,,,,,,,,,,,,,,,,,,,,,,
MDA,,,,,,,,,,,,,,,,,,,,,,,,,,,,,,,,,,,,22.33650708,20.6040683,17.97087017,13.70625424,12.83037838,13.95310657,15.46052651,14.56676133,15.13605127,14.23041334,13.07252736,12.24555794,11.54471084,11.0400035,10.37462591,9.953772396,10.56474188,10.65443753,11.19385255,10.06913248,10.01582217,10.03363119,9.970073234,10.06919785,9.894330508,10.10666435,9.639959957,9.251319246,8.353124263,7.609567566,7.409026705
MDG,,,,,,,,,,,,,,,,,,,,,,,,,,,,,,,,,,,,,,,,,,,,,,,,9.162943125,9.691233476,9.158878323,8.959029023,8.724370459,8.665203691,8.629868852,9.038935254,8.507711195,10.19531068,9.18815732,9.369595422,10.09005135,9.724984406,11.36913071,12.06365507,13.01342917,13.12031661,
MDV,,,,,,,,,,,,,,,,,,,,,,,,,,,,,,,,,,,,,,,,,,,,5.29908872,4.881767017,4.694870456,3.658793412,3.208346262,3.250292622,2.573765511,2.287710848,2.580529047,2.624527275,2.118382157,1.984973239,1.927943483,2.078336838,2.184211036,2.192735691,2.13121453,2.685968226,2.135944816,1.995004042,1.966084252,1.578250997,1.7872762
MEA,,,,,,,,,,,,,,,8.367747455,9.012795779,8.903965662,8.877570753,8.830892063,8.041410445,8.011950315,9.101141736,9.784799185,10.26310432,11.17833047,11.26034397,11.94586716,12.44210987,13.34000475,13.14796256,11.57207322,13.74554309,13.349722,11.90299205,12.73989586,13.36353351,13.75840664,13.97361026,14.32930527,13.90010343,13.57059491,12.02671061,11.82559242,11.7247953,11.58155279,11.06983405,10.87115056,10.60346341,10.34722753,10.91134295,10.75333571,10.74764956,11.05134808,10.75225244,11.05175719,11.42038558,11.38970984,11.24350414,11.12819407,11.37000544,12.22327145,12.8523661,12.97531376,13.06434839,12.90996355,
MEX,,,,,,18.65117216,18.779375,19.15798193,19.68673025,20.02566502,22.03995495,22.02406122,21.78477876,21.71322721,21.75387778,21.09794545,20.8056674,21.49680909,21.30987591,21.14732399,18.34397511,17.90706786,16.95896684,17.45584335,18.51383089,19.14522879,20.2771282,20.91950402,22.10155004,20.22623938,19.13556361,18.90927536,18.53882316,20.54232972,19.70746616,21.16854741,22.21303098,22.36266017,22.22472404,21.25884532,21.04457742,20.02605856,19.23122678,18.82806561,18.84566801,18.0770795,18.9990299,18.26237578,18.17491375,17.4331987,17.83821392,17.72038602,18.80003545,18.10280963,18.22892174,19.82342139,19.86877579,20.16182241,20.1893657,19.88775427,20.18427357,20.83583586,21.4864702,20.46512905,20.13056088,19.97569582
MHL,,,,,,,,,,,,,,,,,,,,,,,,,,,,,,,,,,,,,,1.525144083,2.097169539,1.905831476,2.377599847,3.133585663,3.353591998,3.615689953,4.200902935,1.901666667,2.517527933,3.057076412,2.214529332,2.745436508,4.728926133,4.29930354,3.748256779,5.233369099,6.138225806,3.171311922,4.543062438,4.137435657,3.7115,4.921811936,3.225806452,2.273264037,2.520103508,2.620075758,3.171964912,
MIC,,,,,,,,,,,,,,,,,,,,,,,,,,,,,,,,,,,,,,,,,,,,,21.40330035,21.02601729,21.21776634,21.09589758,21.16519963,21.13658007,20.8097487,21.17775287,21.19761749,21.16635443,21.4070495,21.59620382,21.25224996,21.22477826,21.59342244,20.88691092,21.14213158,22.13263386,21.52928275,20.78579351,20.4120868,20.24042027
MKD,,,,,,,,,,,,,,,,,,,,,,,,,,,,,,,30.01353383,23.2356405,27.92132839,23.83376826,18.90826214,18.66230266,18.52970376,17.92824121,17.16404337,16.72251357,8.968573796,8.964590936,8.436041318,8.931349416,7.685212226,9.693399514,10.21592402,10.20062271,9.771987756,8.827076228,9.865628773,11.4100813,10.23863142,9.914104855,10.95140354,11.76035953,12.28893989,12.60253096,13.34739543,13.39414999,13.29727468,13.48326467,13.18516231,14.38584029,14.3415421,14.32598175
MLI,,,,,,,,5.120116309,6.611769799,6.049621406,6.884602353,6.635730439,7.723518092,7.61387793,7.738261423,6.426765826,5.390613633,5.199632176,4.826682676,4.062189882,3.837889823,3.967556262,3.217269651,3.910603625,5.203635493,4.431811615,4.483000013,5.06376225,4.47445545,5.108634311,5.599749216,5.430998824,4.76913926,4.854433515,4.374513116,5.695182648,5.897013978,6.155825425,6.777845788,6.591358092,6.327330253,6.088566025,6.164125529,7.268631374,5.96052298,8.691317888,8.550280912,9.398691443,10.02248659,9.923162488,9.3451844,8.490250484,8.247359822,8.170930042,9.958591362,8.919121425,8.213168337,8.259706587,8.406145593,7.480079717,7.072175616,7.739614908,7.371644413,7.159988157,7.316899879,7.459890792
MLT,,,,,,,,,,,17.2484473,16.10758183,19.73929961,21.13808816,23.42250357,25.78382863,27.62220361,27.71768178,27.84705358,28.09467493,26.94342672,25.46110353,24.78586027,24.01699252,24.76217061,24.41302605,24.08699587,22.74280153,22.123924,22.35820495,21.88382646,21.34522952,20.06877487,19.56983379,19.84902646,18.61878282,18.29810501,17.43645958,17.92231791,17.39932207,19.41744288,15.8473369,15.62339457,15.41252807,13.4428893,12.82289476,12.36887526,12.53814475,13.47022479,11.23158422,11.06437858,11.03371346,10.81895441,9.427553762,8.35715197,7.160948155,6.996918949,6.627138683,6.536261943,6.430485007,6.557602764,6.163040937,6.243605711,5.838048631,5.704789361,5.341536058
MMR,,,,,,,,,,,,,,,,,,,,,,,,,,,,,,,,,,,,,,,,,,,,,,,,,,,19.86208285,19.72131197,20.09235404,19.91591375,19.9307583,20.80814188,22.79535067,24.09403534,24.911874,25.32007212,25.45203809,25.63745292,25.55955544,25.91919968,25.1,25.1
MNA,,,,,,,,,,,,,,,10.06489413,10.61335734,10.4784815,10.37780591,9.980099202,8.849970858,9.395727873,10.2830225,10.62450714,10.32294151,10.86994289,10.83882277,11.74400638,12.45485406,13.85002722,13.89197155,11.50240527,15.55765422,15.21707424,13.34677913,14.49169237,15.53168203,16.255652,15.94592904,16.13410717,15.5589958,15.28540565,12.38436909,12.09092661,12.0862749,11.99360229,11.6807145,11.64490327,11.04955849,11.09477421,11.3498938,11.19180983,11.67565008,12.27518694,11.84440887,12.16677817,11.59078262,11.48277087,11.30366879,11.4157626,11.90941449,13.02450849,13.87940734,13.81246667,13.64083974,13.22711106,
MNE,,,,,,,,,,,,,,,,,,,,,,,,,,,,,,,,,,,,,,,,,9.280763142,11.55948143,10.40149138,8.758529078,8.729936764,8.192093197,8.595980854,5.567824752,5.6049679,4.633846685,4.504964897,4.574603864,3.870140521,3.474222882,3.559319541,3.552790038,3.468812773,3.506582957,3.74495429,3.523982442,3.841449267,3.688294084,3.750947639,2.895407312,3.331524415,
MNG,,,,,,,,,,,,,,,,,,,,,,,,,,,,,,32.70182249,20.36867779,16.96665499,18.59166873,16.28418974,16.77656851,17.28145411,7.67671831,8.457244901,7.079083013,7.026705143,6.702337967,8.249867761,6.393522004,6.645525036,5.53018127,5.759044408,5.434696037,6.244148786,6.562044373,6.448551726,6.814013595,7.069942595,7.482232191,8.721663906,8.777293093,7.015505837,6.6675056,6.898238215,7.053217103,7.069555547,7.756164685,7.109182102,7.117164595,6.298087452,5.573163197,5.87524622
MNP,,,,,,,,,,,,,,,,,,,,,,,,,,,,,,,,,,,,,,,,,,,,,,,,,,,,,,,,,,,,,,,,,,
MOZ,,,,,,,,,,,,,,,,,,,,,,,,,,,,,,,,16.09523877,16.67986474,12.39377344,13.7501001,11.71289569,13.1634294,14.35068696,16.34569952,14.93311086,13.98544423,15.93199114,12.77356305,14.46258215,15.14401704,13.69896057,14.4925559,14.10786894,11.94833471,10.62649371,10.03984425,9.549775225,8.62619404,8.326035515,8.220565093,8.30864035,8.117832587,7.819887035,8.613131119,8.727729553,8.338781312,8.064960047,8.138013729,7.115308455,6.442387804,6.189062696
MRT,,,,,,,,,,,,,,,,,,,,,,,,,,10.46480489,10.70997112,9.898042177,10.75496614,9.555639033,8.419389626,6.408258629,7.165885775,8.17674469,7.259005432,6.916697475,7.088624088,7.595467853,10.36381111,10.63763541,9.874600799,10.1414071,11.7437803,10.71897544,10.75722525,9.640268506,8.481466917,7.314297587,5.526539368,8.435133709,6.70568705,5.742828681,6.521132118,6.406984148,7.414093919,7.438345505,6.111147578,6.413663705,6.337515789,7.096530308,6.68554623,6.088508741,6.625252993,6.504273998,5.011020492,4.628098708
MUS,,,,,,,,,,,,,,,,,13.23590575,12.67389947,12.62957037,12.5534913,12.78633462,13.30890595,13.12814506,12.97271291,14.99998814,17.0053619,19.1833375,20.27038473,20.1140785,19.7141301,20.37225709,20.12468104,20.24912089,19.77153817,19.4699195,20.07032122,20.52346494,20.50531879,20.7543354,19.88111265,19.48351455,19.774923,18.811314,17.79013571,17.30358483,16.66794887,15.5830384,15.22889837,15.10291051,14.69075386,13.96738382,13.67698825,13.45901266,13.56536454,13.36430213,12.8429264,12.22432471,11.683146,11.15697188,10.3699968,10.6686355,11.55984546,11.80139546,11.5004474,11.08668845,11.23370245
MWI,,,,,,,,,,,,,,,,,,,,,,,,,,,,,,,,,,,,,,,,,,,,,,,,,,,,,,,,,,11.29706148,11.41967228,11.52941896,12.05848961,11.88584081,10.74994337,12.80203107,10.97076502,
MYS,10.26098023,10.00974236,10.55286111,9.383326393,10.19669354,10.19965856,10.56481555,11.67805368,11.83922119,13.11056071,13.76390566,14.1190521,14.67283052,16.70452278,18.72122452,18.71931444,19.70125512,20.42706339,20.17921396,20.59815139,21.94794008,21.30468314,19.39881372,19.52706249,19.66468485,19.67103201,19.68129885,19.80390948,21.82202014,23.80241939,24.2246874,25.54986531,25.82259328,25.92599045,26.64060861,26.37803239,27.84276323,28.38020547,28.78270602,30.93621577,30.86354977,29.33640404,29.24639822,29.92867189,30.37814736,27.54968008,27.56608756,26.12258394,24.56071766,23.80014505,23.43377557,23.32020449,23.13817629,22.84074242,22.87393024,22.2933324,21.7969398,21.84619508,21.5281382,21.4089749,22.23208584,23.36316564,23.33831968,23.02023389,22.50031919,22.09566612
NAC,,,,,,,,,,,,,,,,,,,,,,,,,,,,,,,,,,,,,,16.09287105,15.81373057,15.57995335,15.26119357,14.07542105,13.61565728,13.43525032,13.28489017,13.04086762,12.98056362,12.71374029,12.08811423,11.57873787,11.74843403,11.77059964,11.70160992,11.58594282,11.44066623,11.50051244,11.08600926,11.08644437,11.19234264,10.87069467,10.38537137,10.44394676,,,,
NAM,,,,,,,,,,,,,,,,,,,,,8.485999153,9.652771668,9.994292153,10.27131752,9.877470944,9.245548263,9.373921694,10.09621013,9.635222258,9.608784561,10.39426155,9.493204965,9.966920811,11.07547413,10.45021353,10.12625338,7.788658407,8.643648833,9.533699533,8.773820312,9.73959016,9.622780593,9.42146187,11.39438804,10.59196078,10.48802863,12.59306201,13.47269171,11.27254897,12.86482256,12.29938679,13.45726237,12.19000589,10.31825878,9.908565291,11.41718482,11.67878853,12.22004324,12.29883459,12.46239854,11.0196432,10.7769295,11.15885514,11.00041168,10.28953816,10.01632683
NCL,,,,,,,,,,,,,,,,,,,,,,,,,,,,,,,4.747491487,4.785938624,4.840687221,4.688575435,4.609972936,4.217178514,3.963849055,3.95550608,5.672233534,5.645462655,5.188140027,5.436740423,5.419594593,5.300090186,5.221706832,5.211129011,5.422603929,4.975433993,5.302472546,5.834446735,5.555496237,5.453193228,5.493866104,5.94504574,5.628372685,5.864833979,5.909088976,5.603544794,,,,,,,,
NER,,,,,,,,,3.10296077,2.934278818,4.640306464,4.801235685,5.262472127,6.322823099,4.908905554,5.563431387,5.839161726,5.135036267,4.618003356,4.234556622,3.735849245,3.932869833,3.861236859,6.243632755,7.016444661,7.138442802,7.74946888,6.168976587,5.9040044,6.270674406,10.46973578,9.671042509,9.835534057,9.901584805,9.01062419,9.59371956,9.526001129,9.490635336,9.165276054,9.633788329,9.246691393,8.869705096,8.774597662,9.11498221,9.391010597,8.414737026,8.124409132,7.682460338,7.112263705,7.424792627,6.917205465,6.681176806,7.516576093,8.014047553,8.483204639,7.625755954,8.083957086,8.253809963,8.104799585,8.432038294,7.894522116,7.636229962,6.920812744,7.277067934,6.987265719,
NGA,,,,,,,,,,,,,,,,,,,,,,20.26370868,20.33225097,21.09825252,17.73635842,21.05450311,21.009999,18.78351295,21.0196417,18.35403221,17.78259534,19.49458715,17.65449303,18.37625,20.92708023,19.99371557,19.10108021,19.19853144,17.45056588,16.25736913,13.93340041,13.9253596,11.81181308,12.06060684,10.86156992,10.06108332,8.852872608,8.401379657,8.168912972,7.838411937,6.552816976,7.171084296,7.724546672,8.928929322,9.635811603,9.428437322,8.679697782,8.741993492,9.648947481,9.100545566,8.084524883,8.817275519,9.136531701,9.273101249,8.65727818,8.257479398
NIC,,,,,,,,,,,,,,,,,,,,,,,,,,,,,,,,,,,13.97800375,13.93694067,13.60796851,13.61128194,12.72591803,11.95617313,12.47651664,13.65082657,14.82889937,13.95858895,14.04046178,13.5660208,13.59309707,13.98997147,14.00524108,13.61455214,14.26532394,14.05162428,14.20676271,14.49453189,14.7329135,14.19793445,14.14475054,13.6425295,13.84574523,14.03936172,13.96995077,14.5298247,14.44419824,14.43246556,13.42646779,12.5883742
NLD,,,,,,,,,,22.31209799,21.62298375,20.88580984,20.59132852,20.04146376,22.4423725,18.25286644,17.80664552,16.73130322,16.2458808,16.2606393,15.55574446,15.09474844,14.92451667,14.70155468,15.75794879,15.3337539,15.76573481,16.02476842,16.18993603,16.18150174,15.90910127,15.24595485,14.86318371,14.63773236,14.48078123,14.62040045,13.97712134,13.5394687,13.49385446,12.97272595,12.71122159,12.51540043,11.90870569,11.45424072,11.5382083,11.59183688,11.24481653,11.33989001,10.8008764,9.837298647,9.772138434,10.10132421,10.06073846,9.648164648,9.662303445,10.14881825,10.26694901,10.55002191,10.65945358,10.42075667,10.48400234,10.75497729,10.34754785,10.47153075,10.076475,10.08166463
NOR,,,,,,,,,,,17.76677607,17.23737497,17.38561518,17.78226181,18.38511722,17.88105784,16.65532398,16.07400747,14.87128208,15.7491271,13.50739159,12.41771863,11.93279646,11.61989432,11.77830151,11.4079367,11.68807659,11.77164116,12.02294923,11.19795983,10.35084197,10.01554624,10.05176524,10.25984245,10.42805371,10.86449806,10.13158334,10.11273678,10.62623693,10.1869803,9.018715299,9.072073538,9.04479344,9.022388198,8.677107921,8.267781684,8.350834366,8.350826319,7.79689155,7.450914509,7.246210105,6.777142018,6.642419639,6.61997046,6.771455977,6.869596786,6.538604653,6.369640899,6.011505719,6.144794695,6.437634091,5.513810248,4.779702226,5.640955942,5.767606185,6.115341174
NPL,,,,,,3.284541294,3.430308194,3.41387368,3.568938978,3.844708877,3.683850365,3.759230085,3.94444965,4.002407303,4.106808405,4.007000229,3.966885156,4.259259259,4.023920372,3.817240586,4.008393816,3.841505869,4.01123058,4.32464455,4.61030729,5.39003134,5.837700093,5.856194413,6.000832185,5.440858529,5.759263557,6.376362065,8.396064811,8.320715839,8.963125778,8.922094217,9.025643498,8.846648818,8.97040004,8.869534201,8.840859263,8.699294828,8.213423646,7.887760015,7.763964162,7.615216521,7.314045291,7.168186946,7.01090408,6.622367122,5.946139,5.396902525,5.785222834,5.750414306,5.61219116,5.356055555,4.888189626,4.855673994,4.906474539,4.981441388,4.474854392,4.766037665,4.832071914,4.540323153,5.010080655,4.982243953
NRU,,,,,,,,,,,,,,,,,,,,,,,,,,,,,,,,,,,,,,,,,,,,,,,,,,,,,,,,,,,,,,,,,,
NZL,,,,,,,,,,,,25.4996353,24.32672764,24.04086512,25.69732938,23.26132771,24.64909768,24.92488653,25.19458545,24.87920371,24.85676326,26.0365521,26.62306348,25.88337073,25.75326074,23.12794048,21.41390437,19.39044582,18.74189087,18.62097774,17.7900088,17.86433583,17.91281037,17.93792492,18.45474614,17.70023692,16.65957805,16.32113724,15.78454683,15.55608546,15.50413471,15.1897259,15.55174174,14.71813539,14.5562536,14.52524595,13.31015558,12.3263675,12.38299419,10.74389925,10.81694922,10.93384356,10.58977972,10.23415422,11.06594678,11.280088,10.0904319,10.19995391,9.959182873,9.671006459,9.383217459,8.6929615,8.913088186,8.26688384,,
OED,,,,,,,,,,,,,,,,,,,,,,,,,,,,,,,,,,,,,,18.09267748,17.683944,17.38650983,17.31639925,16.32522812,15.81521184,15.61048887,15.51072812,15.24508031,15.1266757,15.00514902,14.55318815,13.59647161,14.19199415,14.17051616,14.04190615,13.76147706,13.75321327,13.94944914,13.85384776,13.83854014,13.85849365,13.53758777,13.22322421,13.27222383,12.43397196,,,
OMN,,0.613496933,0.497512438,0.46728972,0.452488688,0.442477876,0.41322314,0.257731959,0.127064803,0.1,0.187265918,0.159872102,,,,,,,,,,,,,,,,,,,,,,,,,,,4.689576917,4.970321,6.191288498,8.419906068,8.555932662,8.108221785,7.982257577,7.907034661,10.10316961,9.080580459,9.591689984,10.27478532,10.04561825,10.46453094,9.932249685,9.407930504,8.631196202,8.916115687,7.914286703,8.495178421,9.09106412,8.02938032,8.356060191,9.409697403,10.52052161,9.349045955,10.00211877,9.380839902
OSS,,,,,,,,,,,,,,,,,,,,,,,,,,,,,,,,,,,,12.25062823,12.22238824,12.37467698,12.61353298,11.88543127,12.22330012,12.15729094,11.66627209,11.47041105,10.91821055,10.21060167,9.867019939,9.377768913,9.617429867,9.217332714,9.625353321,9.514443865,9.166347718,8.834465001,9.12112116,8.946676832,8.779205044,8.589723387,8.675279806,8.37056211,8.858658463,9.229494923,9.138143364,8.485757068,8.302558202,8.087557796
PAK,11.30278929,11.61474532,12.75030451,13.71757664,13.75373195,13.3380556,13.76584304,13.27575536,13.62805515,14.62187719,14.58608197,15.20544978,14.68732281,14.76174954,15.44005811,14.29265265,13.66328127,13.61554078,13.58841744,14.02867917,14.21989162,13.46029418,13.63435845,13.77656173,14.38725876,14.31642441,14.74757644,14.99618327,14.94205562,14.7473514,15.46002479,15.56339408,15.42300755,15.44935299,15.70608805,14.61781361,14.60800604,14.56036127,14.68258059,14.41352528,9.094197863,9.505079703,9.373964074,9.557900858,10.45295151,11.76255638,12.61423338,12.48148456,13.25628901,12.53946637,13.03550037,13.38113593,13.73907621,13.32076285,13.41402629,12.30144209,11.21091675,11.29934591,11.60274316,12.58727459,11.41607343,11.93471622,13.75863386,13.64679346,13.14755206,13.02087483
PAN,,,,,,,,,,,20.69837715,19.58950263,18.50894194,18.47975335,20.27721331,21.28747289,18.44348338,18.77180923,17.10184862,17.39168649,17.31977537,15.42995333,14.71736151,16.12249249,16.76173403,19.39962367,17.73344075,16.94650586,15.05018124,14.77834524,15.30728864,15.54262665,15.14292169,14.32210839,13.92936714,14.22001349,11.90228222,10.83186272,10.61838988,10.52846909,9.853886229,9.230425601,8.50228375,8.124384715,7.899445911,7.680281916,7.407719349,7.017982023,6.926341439,7.126674254,6.936785555,6.190793548,6.094464966,6.488555846,6.467886548,6.260132761,6.050243886,5.930319387,5.746220399,5.675572879,5.668083948,5.283368839,5.07771354,4.950952508,4.937707479,4.79645732
PER,18.08435183,18.1013039,18.27142127,16.76410972,16.24933973,15.34554094,14.08827175,15.45034137,16.08625337,15.89095492,17.7064126,18.48668875,18.1746546,18.61997994,19.88444126,18.16244747,19.78591789,37.20794562,20.23200679,19.65539309,,,,,,,,,,,,16.14534194,16.14861515,16.19004894,16.00036519,15.33472473,15.30905712,15.35586327,14.8647485,14.67334672,15.2145262,15.58125647,15.49890758,15.39858175,16.3726501,16.55161137,16.47219323,16.51803449,16.29654201,15.29305413,15.55649929,15.09145987,15.16439658,14.83140652,13.95969764,13.78802017,13.34402811,12.97084692,13.1690241,12.84935117,12.25261573,12.06172225,12.3892868,12.69862941,12.24118977,
PHL,,,,,,,,,,,,,,,,,,,,,,,,,,,,,,,,,,,,,,,,,25.27956525,25.31154589,25.13540868,24.83687265,24.01199788,24.26990117,23.8291854,23.1509116,23.26866768,21.73861439,21.91920172,21.70432695,21.32857121,20.43449877,20.57508399,19.92802237,19.5903032,19.50020206,19.09824717,18.5164544,17.65817905,17.6400847,17.22937941,16.23032629,15.67223328,15.33034381
PLW,,,,,,,,,,,,,,,,,,,,,,,,,,,,,,,,,,,,,,,,,2.739992864,3.289572827,4.587826621,1.882875464,0.868518614,0.821402034,0.761882609,0.734238068,0.914913638,0.868134765,0.810560057,0.865889023,0.973766614,1.027986532,0.995084078,0.941337224,0.930714425,0.977365427,1.013120348,1.036729396,1.028357304,1.039011749,1.0783898,1.141740156,1.210537499,
PNG,,,,,,,,,,,5.464953944,5.792299808,5.675640361,5.663058926,6.729922723,8.096111165,8.426498284,7.693492491,9.703816352,9.322552412,9.50178561,9.909588389,9.410016007,10.14235706,10.98661503,10.91539495,9.963845586,9.420867092,9.283625122,11.06148997,8.968854431,9.571222543,9.242249586,8.444453576,7.654195975,8.014915977,8.933433411,9.19543477,9.255984417,8.240637956,7.166334559,7.032309572,6.257131826,6.531211556,6.704802818,,2.336502465,2.408002591,2.51303314,2.592142111,2.440339284,2.508862882,2.466265409,2.440516591,2.128229175,1.77710948,1.931402629,1.945336704,1.724264691,1.691052916,1.685225159,1.701437583,1.627128237,1.66044938,1.647300456,
POL,,,,,,,,,,,,,,,,,,,,,,,,,,,,,,,,,,,,19.30157832,18.25226954,17.58652322,17.27530303,16.73235352,15.92509469,14.40242963,14.13753743,15.39186424,16.59196939,16.36455708,16.53243275,16.63275687,16.50773896,16.67655295,16.1698748,16.13890603,16.55646938,15.55818651,16.90811228,17.66933913,18.27520418,16.88586344,16.48510631,16.66148788,16.20836858,17.30061566,17.65132141,17.45786722,16.07699281,15.04569839
PRE,,,,,,,,,,,,,,,,,,,,,,16.4133659,15.8040238,14.47884895,11.96221195,13.14481372,13.7953128,13.0301448,14.2101692,13.17489186,8.455121957,12.25720849,12.33289822,12.78648616,14.88572836,15.55149635,15.84680658,15.64148996,15.03902644,10.47814789,9.450202496,10.17909532,9.581895446,9.868805621,9.283469412,8.562307954,8.082367785,7.934473319,7.626998999,8.344510723,7.178134732,7.662276331,7.787049185,8.16493768,8.490565497,8.739399334,8.512779388,8.264667589,8.443252089,8.418111367,8.320525152,8.599890601,8.405054058,8.569879599,8.234311523,8.075083305
PRI,21.65021573,,,24.12152897,23.92919665,23.40794725,24.41255323,24.10903841,24.25349469,24.61048714,23.10961924,23.6204576,25.24609332,26.82508854,28.63835103,28.91453106,33.16013648,33.28355649,34.96820421,34.84078431,36.7571574,36.30677438,36.53082163,37.07963372,38.46450899,38.98330146,38.8422167,39.47048589,39.70014174,39.174467,39.62172296,39.21481662,40.95531011,41.783786,42.19660912,41.89547055,40.72840741,40.05662186,42.51401461,37.45042444,39.68895559,42.81662342,43.9738354,43.63682288,42.73084118,42.40124289,42.06132688,42.04075362,42.96689531,45.51738019,47.34365169,46.59612144,46.24771574,46.44304539,46.73319941,47.90264618,48.44287772,47.33513141,47.4373032,47.64169609,47.76948519,47.51810168,44.84446658,43.68665109,44.14425834,43.9741568
PRK,,,,,,,,,,,,,,,,,,,,,,,,,,,,,,,,,,,,,,,,,,,,,,,,,,,,,,,,,,,,,,,,,,
PRT,,,,,,,,,,,,,,,,,,,,,,,,,,,,,,,,,,,,15.93852858,16.57597698,16.52892634,15.99806655,15.62998949,15.04933732,14.67786461,14.19466495,13.47633714,13.05271226,12.56677653,12.34319807,12.24363323,11.90165272,11.13316536,11.5851681,11.3287894,11.37531992,11.56519932,11.84148754,12.25135409,12.24351663,12.43092957,12.3221332,11.93776005,12.09004624,12.44292993,12.46226355,12.08098024,11.74787661,11.29627409
PRY,,,15.04827495,14.83831555,15.17894348,14.85717097,14.87051548,15.40723617,15.31460812,15.36986575,15.8717716,15.59698338,15.48519593,15.38831445,17.59012481,15.15835517,15.51602521,16.89187139,16.67317745,15.30078,15.64396325,16.03594807,15.9340063,16.10433153,15.56232547,15.63024239,15.33703415,14.47218833,15.48655759,14.12611606,14.48414796,14.07818973,14.07687971,13.98741901,14.15408361,14.54910512,14.39973729,13.72853437,14.35018926,15.56596946,15.6778275,16.20681813,16.39349357,17.51456421,17.93486378,17.95905239,18.32162715,18.19339504,20.33529114,19.79301114,18.55160391,18.39381231,18.52161871,18.31659135,18.76751008,19.41648705,19.0612408,19.45276982,18.99274831,18.79516824,18.70442753,19.16240872,19.49346549,19.32787521,19.16802217,19.42740592
PSE,,,,,,,,,,,,,,,,,,,,,,,,,,,,,,,,,,,18.84430064,17.46375046,14.18641483,12.32246396,12.21053149,10.58484735,10.43907641,10.97235058,9.041565892,12.58316532,9.90202255,11.31162573,8.514855188,9.976443076,10.92005909,10.77581409,12.22950989,11.46959173,13.11064513,11.89893086,10.75076664,9.321233288,10.0263544,11.65550595,11.54725188,11.23471562,11.04708435,11.19332928,11.195638,11.00396563,11.31804531,
PSS,,,,,,,,,,,9.611159068,7.748722895,8.668437985,7.876322075,8.691400978,9.62641919,9.850046267,9.533021982,9.243359158,10.74846008,10.43870614,9.000605372,9.093690106,7.633026284,8.175280936,7.926407617,8.900257817,9.650368927,7.520264822,9.67555484,10.21029606,10.31719427,9.791648206,10.5512739,10.60238604,9.857391444,9.590021567,10.18121142,9.68819616,9.233022132,9.608097268,10.53217731,10.5976322,10.08767529,10.85550282,10.27042289,10.46358704,10.10904484,9.98116813,9.253447252,9.31462087,9.173555431,8.944364588,9.041680232,8.886153091,8.304500868,8.529993905,8.607099673,8.405000823,8.840289813,8.754163334,8.729549949,8.547505031,8.796617759,8.548076365,6.915017669
PST,,,,,,,,,,,,,,,,,,,,,,,,,,,,,,,,,,,,,,17.9127679,17.4985242,17.2349045,17.16556656,16.14422975,15.63888384,15.45447987,15.36861906,15.10730321,14.95816348,14.843171,14.36343075,13.38946132,14.01567766,13.96159403,13.80507752,13.5065609,13.46828497,13.51581387,13.44513794,13.43387331,13.43879459,13.10534266,12.75054988,12.71567007,,,,
PYF,,,,,,,,,,,,,,,,,,,,,,,,,,,,,,,,,,,,,,,,,,,,,,5.090438615,4.518270165,4.619541215,4.820317452,4.866094965,4.570551419,4.626208727,4.918535049,4.85034901,4.680609266,5.097309414,5.169265868,4.761155154,4.914071498,4.812371866,4.729649863,,,,,
QAT,,,,,,,,,,,,,,,,,,,,,3.289955692,4.723137354,5.020754376,6.202075831,7.313659629,7.902491294,9.661284184,10.592686,14.27726466,14.11331301,12.88071066,13.31816731,11.56223053,11.08253359,10.98610438,8.399162784,7.578238719,8.309016633,7.870345567,6.359867881,5.437304706,6.123120301,7.201634413,7.649743763,11.46287832,9.867296765,9.303238558,9.240016405,10.68992473,9.430146129,8.965297676,9.462716677,10.52400579,10.20499042,10.14215249,8.91552531,8.47608042,8.047170298,8.237423873,8.333572677,7.911260406,8.76190774,9.285389163,8.664704747,8.180365598,7.878930002
ROU,,,,,,,,,,,,,,,,,,,,,,,,,,,,,,,,31.72557739,30.03217674,26.64430669,28.7054063,23.87065409,25.56091221,23.94265121,21.39176442,19.37982527,19.81289205,22.02077835,21.80926831,21.0476788,21.24200462,21.26789929,21.10539481,21.02806472,21.9454815,21.00596776,23.35832805,25.91194326,21.27834386,20.21526707,21.51326422,20.20802511,20.12428451,19.83077911,19.06992839,17.24259194,15.91652222,15.71044524,13.82274333,13.87552936,13.19613482,11.82432794
RUS,,,,,,,,,,,,,,,,,,,,,,,,,,,,,,,,,,,,,,,,,,,15.19344479,14.36733469,15.21650718,15.68022367,15.29122766,15.11463226,14.93315486,12.89797142,12.81547047,11.47093372,11.41528544,11.05730634,11.33558041,12.38301887,11.7002791,12.31277213,12.81988325,12.96920728,13.40281368,13.1326684,13.14871936,12.95793654,13.26417238,13.65581106
RWA,,,,,,2.056451889,2.057636018,2.459889418,4.36643334,4.056171965,3.59254242,3.733693723,4.096916883,4.098360823,4.358437707,12.27970227,12.2838229,14.23984513,15.59530968,12.78985156,15.26067234,15.73711664,13.48294864,15.35491533,13.95503749,13.72151446,15.92765136,10.75593088,10.35499365,10.4405945,18.30498421,16.13991282,12.10604757,11.47988329,17.24969858,10.22020298,11.54486443,12.0365394,11.23450811,10.24812532,9.636725971,9.071124429,9.769102106,8.898603938,8.853062762,8.719044889,9.124486701,8.246636735,8.0320033,8.084549137,8.357305706,8.471479252,8.392198601,6.919564247,6.908617559,6.911771822,6.782060776,7.752006341,7.56329641,8.113484792,8.382675764,8.937223352,9.194585684,8.572874306,8.1243231,8.316175574
SAS,13.72386149,14.18918696,14.65473661,14.6590224,14.00203838,14.10830417,13.36081527,12.22265517,12.59604586,13.10421413,13.33205995,13.86591403,14.15432069,14.41694533,15.50951483,14.40554113,15.58158534,15.79349906,16.37593973,16.98831815,16.43353848,16.34705814,15.98278962,16.34643273,16.40624405,16.06975086,15.89937947,15.85561119,15.73253453,16.36857379,16.12032671,15.31881606,15.52796349,15.70024074,16.49884635,17.4610279,17.04697466,16.13556775,15.52362512,15.01809681,15.62657498,15.07245095,15.44484767,15.450094,15.69146869,15.87767926,17.10356381,16.74642953,16.93189091,17.00413371,16.89502396,16.07229119,15.82561834,15.31262761,15.1347852,15.56808997,15.58077477,15.37459005,15.35696192,14.23596693,14.81945777,15.11251188,14.3536881,14.26779312,14.03704647,14.34237287
SAU,,,,,,,,,7.74741323,7.708312921,8.215555005,6.781028011,5.94917116,5.248718504,4.859319174,5.000303896,4.57378065,4.211134096,4.433963301,4.938846299,3.984793042,4.730439693,4.780196979,6.14087764,7.566930292,7.775338942,7.506676604,8.80594271,8.825211259,8.486690098,8.303501504,8.282509653,8.756432681,8.813872461,9.049048851,9.294176819,9.488194873,9.771146872,10.17826776,9.944775979,9.227065308,9.603832496,9.881550782,10.31856752,10.10231036,9.362586541,9.439592601,9.768306554,8.808262511,10.64745447,10.82837148,9.936265856,9.754956636,10.02465198,10.99059429,13.09723786,13.53363009,13.42074893,12.62166059,12.86911198,13.38616308,14.13940215,15.11557437,15.89168025,16.10430557,15.81665043
SDN,4.462009179,4.415218412,4.367567568,4.697130712,5.006206041,5.53791187,7.409556974,7.289619439,7.223553578,7.135084719,6.796116505,6.41315261,6.141568355,5.842277182,6.035545883,6.085506729,5.75031044,5.353860294,5.693892184,6.24429129,6.794164302,6.802109852,6.588504089,7.030432182,7.742657507,8.090037408,8.215057173,8.456174201,8.256476464,8.304225294,8.3363334,6.242697053,5.701082855,5.299432421,5.184338187,4.627631795,8.865233766,8.445334928,8.506433274,8.340737867,8.301581589,6.44579943,6.41767752,5.917529662,5.556734196,5.057505194,4.527741365,4.496305856,4.50574782,5.134511309,,,,,,,,,,,,,,,,
SEN,,,,,,,,,,,,,,,,,,,,,,,,,,,,,,,,,,,,,,,,20.25688477,20.83892501,20.98396207,21.58689514,20.57588963,20.95936579,19.90577529,19.2454738,18.61612738,17.53933132,15.76568231,15.57288881,17.24574864,16.99510584,17.38002414,16.99741556,17.04305501,16.41265626,15.82905122,15.52562326,14.89211538,14.64224451,15.08960778,15.56090514,14.54350517,14.2223141,13.20249012
SGP,10.57754705,10.30033751,10.73024157,11.69455322,12.812363,13.53733744,14.09248004,14.45420724,15.10631473,16.17499459,17.45445886,18.59767096,20.16910976,21.29651006,21.99837898,21.43684398,22.08232801,22.59680063,23.33591458,25.25069532,26.5261156,25.7581049,22.29291491,21.4643439,21.40238292,20.11536165,22.61381616,24.09005587,26.07842073,25.30122251,24.40422571,25.45987665,24.34968359,24.47185598,23.62472169,23.98506226,23.16721806,22.15150366,22.68745265,22.85068631,25.86148604,23.39469785,24.73764032,24.76541269,27.1193676,27.0767618,26.57800599,23.8226519,20.58566497,20.27337643,20.77383303,19.58255151,19.11682198,17.63840961,17.99976889,18.08932985,17.36987739,18.47826315,20.61438471,19.30673953,19.6581731,20.61155031,19.69808867,16.73192521,16.25809359,17.42958968
SLB,,,,,,,,,,,,,,,,,,,,,,,,,,,,,,,,,,,,,,,,,,,,6.072292463,6.166573376,5.862848651,6.422383232,7.45893837,7.597559042,8.300912073,8.799539459,9.288164904,9.268411692,8.643388667,9.874897306,7.878798359,7.856336928,10.33595381,10.17202528,10.35174526,9.681370354,10.14060224,10.10591058,10.16557724,10.09141706,
SLE,,,,,5.716582261,5.746007012,5.611483967,6.116389549,6.093501599,5.431990017,5.524724523,5.966706923,5.983862355,5.494212975,5.280763602,5.145448476,5.264159608,5.32704259,5.16939203,4.809922768,4.86369537,5.954960532,6.4973512,6.484195938,5.513830372,,,3.774528302,2.824792387,5.544602637,4.323785904,5.038135464,6.818496368,9.493675238,9.395517298,8.63507589,8.084542974,4.790236899,3.830016731,2.967448978,3.345756484,3.598766955,3.269811604,2.791392897,2.63011432,2.524647519,7.928773639,7.686772096,7.690567793,6.91782685,6.896303197,7.145617328,6.541135028,5.63693626,5.238586991,5.693380451,6.41412568,6.688563422,7.027498345,6.99748361,7.031236847,7.355327934,7.00369132,7.665355374,6.957779654,
SLV,,,,,,18.9354236,20.1351235,20.41384962,20.93566581,20.96436059,20.18853935,20.57801909,20.73244073,19.81529758,19.90539535,20.03057024,18.49262037,16.63017852,18.10764844,17.78244904,16.49263049,17.06156074,16.57674179,16.59300883,17.06820147,17.83635145,17.51286541,19.8373753,19.86235644,20.84280479,18.71665131,18.79607278,19.66721089,20.49121913,19.95955014,19.1601831,18.65692721,18.43352488,18.63991159,19.36884477,19.53286824,19.24834791,18.88011111,18.09649281,17.55758252,16.62573139,16.35054991,16.22631417,16.86411603,16.17890853,16.14095248,16.24677452,16.1734113,15.97729249,16.07623796,16.38749326,16.28568464,16.08462885,15.68784263,15.55867794,14.74042772,15.06930724,13.76851225,13.0905518,12.90812744,12.67368437
SMR,,,,,,,,,,,,,,,,,,,,,,,,,,,,,,,,,,,,,,,,,,,,,,,,,,,,,,,,28.4845351,28.59252547,28.65222982,32.18865431,30.59027746,31.47603961,32.77386455,33.63302785,31.76683754,,
SOM,3.048874946,2.870708681,2.703260302,2.545501388,2.397072231,2.257453083,4.144908616,4.981198248,5.522460938,7.097222177,7.643998983,8.484610499,6.8451833,6.928081665,5.541199391,4.750897918,6.147548174,4.694768837,3.681956012,4.963829672,4.463411153,4.225607544,4.888186816,4.474935239,4.505805201,4.748538105,5.253367161,4.942574105,5.030288872,4.016224961,3.937131015,,,,,,,,,,,,,,,,,,,,,,,,,,,,,,,,,,,
SRB,,,,,,,,,,,,,,,,,,,,,,,,,,,,,,,,,,,,25.0437003,22.67195628,21.81674122,22.10931155,22.20337946,28.13620815,25.79689845,23.54813475,20.96230507,21.75484162,21.04346226,20.74427391,19.79431924,19.00775011,16.24892037,16.89972883,16.9507867,17.39446987,19.18320864,18.22069939,17.80844623,17.75231921,17.6965114,16.90846725,15.69524581,14.84591928,14.47418988,14.83954025,13.29056204,12.6868258,
SSA,,,,,,,,,,,,,,,,,,,,,,17.92102084,17.18245014,16.98374443,15.04831465,14.48492343,15.34867394,15.68172145,16.19311627,15.93747055,16.0559577,15.84723744,16.50995917,16.24260572,17.22653748,17.46138857,16.7088939,16.75160616,15.97628286,14.39761382,13.93914839,13.88328743,12.92565901,13.28360585,12.96405604,12.27968583,11.08329235,10.8297616,10.34208979,10.64196194,9.766350081,9.830378175,9.726724703,10.06000788,10.20903985,10.24745013,10.28361383,10.35097695,10.44627884,10.07881634,9.66690541,10.02003011,10.12835464,10.21503863,9.938526696,9.624616329
SSD,,,,,,,,,,,,,,,,,,,,,,,,,,,,,,,,,,,,,,,,,,,,,,,,,1.838673419,2.610020805,2.331123774,2.063109892,2.715971552,4.017251079,2.675835618,3.534277011,,,,,,,,,,
SSF,,,,,,,,,,,,,,,,,,,,,,17.91524578,17.17693464,16.97852028,15.04373555,14.48047565,15.34219349,15.67506224,16.18622282,15.92944886,16.04832816,15.84088724,16.50265892,16.23338344,17.21689721,17.45442358,16.70363558,16.74760586,15.97382951,14.39753887,13.94589975,13.88856867,12.93320572,13.28667997,12.95666028,12.27492195,11.08039664,10.828235,10.34123354,10.64000865,9.765139953,9.828783338,9.725763087,10.05795248,10.20690094,10.24371976,10.27944055,10.34631874,10.44165412,10.07418807,9.664734001,10.01761526,10.12443379,10.20947365,9.933130809,9.620181671
SST,,,,,,,,,,,,,,,,,,,,,,,,,,,,,,,,,,,,13.24766004,13.11420931,12.72095843,12.666379,11.95877749,12.15813954,11.92528101,11.71614233,11.69179101,11.44661533,10.6957515,10.66807807,10.24546672,10.31197065,10.13922012,10.3642528,10.2949311,9.94584964,9.193314008,9.349541521,8.949034573,9.139129312,8.992034638,9.011231292,8.476784175,8.928682992,9.305103721,9.142038196,8.156625446,7.818182803,
STP,,,,,,,,,,,,,,,,,,,,,,,,,,,,,,,,,,,,,,,,,,,,,,,,,6.588541695,6.558547995,4.677117879,2.810793123,2.739103291,3.029792079,2.526552117,2.744496276,2.318623868,2.192513641,2.208590089,2.09781378,0.855948992,0.833839104,0.734058327,0.605602081,0.637185276,0.594350062
SUR,,,,,,,,,,,,,,,,16.35875403,17.92284866,15.81449727,15.31611149,15.30990415,15.66037736,15.24184477,12.34972678,11.03565365,11.40046296,11.8556701,12.5701459,10.66326531,11.84323859,11.83192038,9.552008239,8.145503236,7.678365464,8.039511593,9.548166042,12.19662199,9.342956234,9.448172945,7.859296935,7.901496963,14.21889527,12.76660789,13.51651815,12.85441388,15.13243717,16.69728516,23.20288648,23.48343878,25.31449783,20.26696748,20.98724256,20.8137282,21.29122551,18.78570167,16.35249219,11.4946633,13.39919117,23.61014265,21.3232639,17.42597135,23.10871567,21.71467662,27.67297267,25.48115391,19.82888271,
SVK,,,,,,,,,,,,,,,,,,,,,,,,,,,,,,,,,,,,18.41733633,17.42514414,16.6514094,17.80788821,17.25918965,19.63226813,20.97342632,19.03692527,19.41766391,20.04563191,20.25981198,20.22706856,19.88630514,18.52589782,14.6849665,17.13626906,17.40884169,17.2745943,16.66796195,18.53417544,18.8287638,17.76745224,17.11986541,18.10704725,18.70202173,17.54063691,16.62735118,17.35064311,16.84694621,16.32790487,16.19438808
SVN,,,,,,,,,,,,,,,,,,,,,,,,,,,,,,,,,,,,21.38303442,21.61023682,22.10299997,22.18491135,21.98509292,21.65966436,21.97784327,21.60917782,21.74544443,21.47418239,20.64963508,20.47300095,20.35082726,19.19343605,17.15760011,17.49618829,18.19684694,18.7169143,19.16926505,19.64253915,19.98379171,20.23094905,20.6408219,20.4061969,20.5744094,20.51778977,19.92289727,19.93467838,19.51983987,19.3670698,18.60473546
SWE,,,,,,,,,,,,,,,,,,,,,20.70194995,19.69057986,19.65997461,20.05892049,20.97747248,21.05157392,20.7812225,20.58361136,20.29009696,19.69419146,18.23258373,16.55968928,15.74185953,16.09644867,17.5305246,19.54842933,19.09032217,19.29373128,19.60514078,19.41992334,19.85814366,18.96902088,18.61227528,17.86507787,17.15928529,16.93202926,16.83968463,16.86404691,15.55665557,13.77856194,14.9200876,14.76580355,14.07578746,13.36205537,13.04393458,13.75749952,13.51213042,13.34998428,13.42791728,13.18465713,12.65514363,12.89922403,13.68621393,13.39413891,13.06886418,12.452955
SWZ,,,,,,8.167330677,8.561020036,12.54681648,14.73684211,12.35059761,11.360799,13.62704918,15.07092199,21.2987013,20.82405345,18.29268293,19.4092827,20.42360061,20.93180284,21.04352839,18.00184786,17.78798163,17.26914511,14.49814126,15.25702536,13.27102804,18.53259281,25.12402253,29.37774105,30.56679995,31.42155327,31.54375023,30.0697026,31.4538265,30.75505268,32.77370532,31.87550144,33.02423906,32.91066349,32.1324338,33.97324113,34.45077125,33.91782166,33.06283744,33.97952366,34.40571883,34.58525262,35.29294914,34.50034861,34.61560463,32.43504205,31.68380859,31.27396213,29.9101627,30.41550231,31.7176271,31.08822065,28.64580219,28.19183685,29.34748495,26.43624385,28.29068117,29.62183316,29.18531677,29.12159964,28.06128612
SXM,,,,,,,,,,,,,,,,,,,,,,,,,,,,,,,,,,,,,,,,,,,,,,,,,,,,1.527810933,1.156003853,0.939377389,2.268400626,2.287179837,2.318403884,2.210940515,1.357587558,1.256494766,1.241755005,1.170533971,,,,
SYC,,,,,,,,,,,,,,,,,5.651882548,5.454176805,6.119704102,6.042933366,6.935059116,8.065190201,8.018352086,9.049456924,8.825903076,9.079712799,8.711698001,9.204180559,9.866156071,8.86355176,9.489054511,10.17197279,11.18354865,9.932301129,10.65069478,11.89941407,12.14597408,13.5121988,14.15405561,14.21545874,18.05486866,16.88469358,17.16285092,15.36825086,7.197384981,8.217597624,8.42422568,9.184975823,9.176197474,7.791911902,7.936496292,7.355249832,8.195561329,7.23589892,7.268653199,5.858406091,6.166921051,5.681021169,5.76475361,5.022827874,6.675225577,6.565793049,5.641355451,4.79337801,5.057272783,5.4081101
SYR,,,,,,,,,,,,,,,,,,,,,,,,,,,,,,,,,,,,,,,,,,,,,,,,,,,,,,,,,,,,,,,,,,
TCA,,,,,,,,,,,,,,,,,,,,,,,,,,,,,,,,,,,,,,,,,3.394780858,2.966677148,2.82480961,2.77120201,2.329927504,2.058530452,1.721075813,1.874232375,1.587139671,1.909763701,1.253516369,0.843712668,0.596747546,0.648073502,0.633281239,0.589553305,0.529915696,0.521387227,0.461300025,0.393924064,0.543561701,0.522864082,0.583563847,0.469043782,0.446951892,
TCD,6.057908423,6.58449686,5.875977482,6.190556986,6.632382757,6.055459469,8.992159675,10.63448137,11.56111614,10.59768969,10.3961214,10.46630774,10.63360489,12.06612605,12.17404033,12.17177663,11.13538847,10.88122098,10.37590789,,,,,11.02968595,12.87580206,10.15665201,11.55543568,10.95484474,10.25596904,12.75063024,13.72107812,10.32066898,10.27738985,10.7793897,9.067988235,10.98750911,10.12948238,11.54361395,10.77824247,9.780753893,8.588088903,9.211454147,9.062188908,7.671362554,5.020708816,2.617711192,3.441028557,3.593860309,3.993938236,4.246778236,4.9568752,5.061804905,6.991507478,5.972957289,5.804542048,6.906516963,8.953890842,10.12715303,8.933357202,9.077935769,8.505209963,8.28077619,7.454473435,6.414888446,6.309707317,
TEA,,,,,,,,,,,,,,,,,,,,,,,,,,,,,,,,,,,,,,,,,,,,,30.41552551,30.32555031,30.60684084,30.50569175,30.32352359,29.7473266,29.27580004,29.64251365,29.24471934,28.57999472,28.42263606,27.28578266,26.49551033,26.57419876,26.39100857,25.41304594,24.90364835,25.88401458,25.222509,24.31082566,24.14485332,24.03521472
TEC,,,,,,,,,,,,,,,,,,,,,,,,,,,,,,,,,,,,,,,,,,,16.27118506,16.28370748,16.79946366,16.89464972,16.70391325,16.52321162,16.17863144,14.71848165,14.52451779,14.12504171,13.70265671,13.42409653,14.01559849,14.77375728,14.81339582,14.67340041,15.24870687,15.02911795,15.3428507,15.94349633,15.59465722,15.21003006,14.54776517,14.39768944
TGO,,,,,,,,,,,,,,,,,,,,,,,,,,,,,,,,,,,,,,,,,,,,,,,,19.09282108,16.17591322,15.1024937,14.59123648,14.22848907,11.95332134,14.54411878,16.17649947,14.881297,13.34331904,13.0097568,13.25264391,12.6329858,13.72682534,12.51369912,11.61249986,11.83705615,11.41838664,
THA,12.53676604,12.99299911,14.04412573,14.18072173,13.86062511,14.1717757,13.64736619,15.25989138,15.25738269,15.56062932,15.94301172,17.53585444,18.40094059,19.18055026,19.16189005,18.66139177,19.68253978,20.17348077,20.01229034,21.04133206,21.51062261,22.63978964,21.32183956,22.13240287,22.90930765,21.92124875,23.87556951,24.25477807,25.83876034,26.74830998,27.203606,28.24108711,27.51715424,26.17463978,25.90148248,26.20811198,25.66599779,26.46817301,27.14785944,28.17494832,28.37544528,27.82676748,28.51503178,29.58050295,29.41896805,29.61506806,30.16807997,30.58744967,30.55473054,29.46214007,30.93047882,28.99588092,27.97278735,27.58869075,27.57350096,27.3740712,27.14423937,27.01481548,26.71283439,25.62159641,25.56488352,27.15939147,27.03033006,24.98484844,24.23922687,23.74360754
TJK,,,,,,,,,,,,,,,,,,,,,,,,,,31.32328308,27.65598651,30,26.59883721,23.04347826,24.82853224,24.03846154,36.70788253,29.16301304,22.6970297,26.83968481,18.84225032,20.17489386,19.3256998,19.59237175,,,,,,,,,,,,9.662765911,9.470980087,9.226041113,7.617665427,10.73290727,11.37774387,12.80529159,13.22896965,13.4323434,15.62585236,14.99886719,15.14066899,14.61257608,13.23647694,
TKM,,,,,,,,,,,,,,,,,,,,,,,,,,,,,,,,,,5.159680639,27.52293578,38.17484663,24.20258065,23.21692169,17.32761701,17.15282972,9.837258281,13.89266399,14.50265252,17.4800101,20.45651585,,,,,,,,,,,,,,,,,,,,,
TLA,,,,,,55.26657099,52.35902818,47.39389806,47.11065542,48.48208584,46.0155835,47.22847102,45.86347345,45.44045643,46.33770736,41.28744722,39.78514319,39.44547412,39.77170941,37.56583082,24.8318499,28.85253418,29.70928543,28.85670569,29.39023085,29.28601195,29.68075159,28.84863897,30.21061114,29.814388,25.5024339,24.52838126,24.18608288,25.08659332,24.25271974,20.08603134,19.56199811,19.70446101,19.24855782,19.52807117,19.76277879,19.55614129,19.5266956,20.17128782,19.84502953,19.09591314,18.89139667,18.28721189,17.74249003,16.60860468,16.42905821,16.13621469,15.67503136,15.59872651,15.64651141,16.65224286,16.45822751,16.19713982,16.47519348,16.31255953,16.83987537,17.7179374,18.55460104,18.42327383,17.49020489,16.90118762
TLS,,,,,,,,,,,,,,,,,,,,,,,,,,,,,,,,,,,,,,,,,2.534419225,2.498306831,2.573406851,2.62358772,2.497368254,2.447909005,2.5046475,2.065806011,1.683732095,1.385139141,1.009196751,0.910252763,0.793999423,0.723328925,0.776623601,0.97375158,1.100675991,1.562220799,1.692043245,1.828933738,1.52727304,0.752157717,1.290569136,1.645116819,1.900119972,
TMN,,,,,,,,,,,,,,,10.02566035,10.5719856,10.43763553,10.33735237,9.941195961,8.815472949,9.359102559,10.24293844,10.58309194,10.28270184,10.82757097,10.79657216,11.69822729,12.40630402,13.79603869,13.83781951,11.45756796,15.49700921,15.15775685,13.2947523,14.43520257,15.49768795,16.26587549,15.97208952,16.16338525,15.60041662,15.32194943,12.39377071,12.11047661,12.0829627,12.00685131,11.68295946,11.66217079,11.05502446,11.09583198,11.35327355,11.18550196,11.67689571,12.27011267,11.84381321,12.17705099,11.60862093,11.4947314,11.30009523,11.41410275,11.9152131,13.0427469,13.90447037,13.83577184,13.66445373,13.24140129,
TON,,,,,,,,,,,,,,,,4.470862077,5.30375771,5.755694792,6.341570868,6.732884374,6.078293032,4.174436423,4.016799307,3.944700188,5.149499392,4.783832182,4.400074494,4.097327606,4.476810793,5.116001046,5.125852836,4.453597181,4.408531103,4.544268795,8.114674047,7.555329529,7.568373027,7.873054837,7.391925041,8.041846259,8.870830839,8.378081714,7.872194038,7.875920089,7.667217562,7.32736359,6.955449204,7.058250678,6.702610165,6.537212666,6.007920542,5.835304047,5.855935733,6.181383934,6.235823721,6.034202893,6.047964777,5.979969893,5.760201881,5.220423577,5.382187773,5.689776714,4.626009235,4.964297088,5.53953675,
TSA,13.72386149,14.18918696,14.65473661,14.6590224,14.00203838,14.10830417,13.36081527,12.22265517,12.59604586,13.10421413,13.33205995,13.86591403,14.15432069,14.41694533,15.50951483,14.40554113,15.58158534,15.79349906,16.37593973,16.98831815,16.43353848,16.34705814,15.98278962,16.34643273,16.40624405,16.06975086,15.89937947,15.85561119,15.73253453,16.36857379,16.12032671,15.31881606,15.52796349,15.70024074,16.49884635,17.4610279,17.04697466,16.13556775,15.52362512,15.01809681,15.62657498,15.07245095,15.44484767,15.450094,15.69146869,15.87767926,17.10356381,16.74642953,16.93189091,17.00413371,16.89502396,16.07229119,15.82561834,15.31262761,15.1347852,15.56808997,15.58077477,15.37459005,15.35696192,14.23596693,14.81945777,15.11251188,14.3536881,14.26779312,14.03704647,14.34237287
TSS,,,,,,,,,,,,,,,,,,,,,,17.91524578,17.17693464,16.97852028,15.04373555,14.48047565,15.34219349,15.67506224,16.18622282,15.92944886,16.04832816,15.84088724,16.50265892,16.23338344,17.21689721,17.45442358,16.70363558,16.74760586,15.97382951,14.39753887,13.94589975,13.88856867,12.93320572,13.28667997,12.95666028,12.27492195,11.08039664,10.828235,10.34123354,10.64000865,9.765139953,9.828783338,9.725763087,10.05795248,10.20690094,10.24371976,10.27944055,10.34631874,10.44165412,10.07418807,9.664734001,10.01761526,10.12443379,10.20947365,9.933130809,9.620181671
TTO,,,,,,,,,,,,,,,,,,,,,,,,,,,,,,,,,,,,,,,,,,,,,,,,,,,,,17.44871993,13.96529251,14.45903774,14.15997125,17.229415,16.23559984,16.90155402,14.64875546,15.09623411,17.25884737,17.53754921,14.05733578,14.37896978,
TUN,,,,,,8.091485681,8.087831656,8.087719298,8.185667242,8.904311872,8.403917417,8.658647299,9.517564403,9.311213411,9.962527458,9.078902033,10.46559752,10.55248871,11.06324731,11.59479808,11.78647084,11.86689092,11.11689285,14.16876908,14.84155698,15.09482353,15.76727557,15.09464488,16.83370667,16.96159501,16.88656305,16.94849029,16.5309577,17.19839051,18.47500285,18.96456679,18.32814967,16.72637883,16.65733562,16.49740224,16.31004233,16.55053801,16.54863652,16.07968745,15.77687089,15.65236082,16.15475061,16.8400365,18.13862776,16.93690224,15.72391041,15.96951608,15.43494647,15.00824302,14.5464537,14.0105699,13.80913851,14.20104596,14.51690704,14.31893977,13.69390161,14.4468112,15.62750772,15.17352795,14.79488685,
TUR,12.7753304,13.21279555,13.07596513,12.87553648,13.32007952,14.67038069,14.73601261,14.98579545,15.74603175,16.09589041,16.08142494,16.6185567,17.36423383,17.55494505,16.59943526,16.56841452,17.63848397,17.28675566,17.06176117,19.16057737,17.08599396,19.43931148,19.99961876,19.10353953,18.05692569,18.25476201,22.20077409,21.83911276,22.95555409,23.12185388,21.95780697,22.17191762,21.63708834,20.80908452,22.06291179,25.68064156,24.40689578,24.41344406,22.25899505,19.99627441,18.71519222,17.73339001,16.96871449,17.16079604,17.00493481,16.96540702,17.12801735,16.87238131,16.33626085,15.21305001,15.11583655,16.53030983,15.94023077,16.40088469,16.90585751,16.76897197,16.83801213,17.574177,18.90950142,18.25985518,19.03477065,22.12391589,21.80195073,19.46865145,16.84248014,
TUV,,,,,,,,,,,,,,,,,,,,,,,,,,,,,,,2.846625767,2.969002384,3.136981527,2.396343454,2.241957521,3.587416066,3.09476735,3.777857035,3.890343587,4.484007794,0.697379955,0.712553451,0.815630857,1.140796471,0.88879317,0.789854564,0.834457835,0.735710077,1.008591608,1.036092419,1.077830082,1.014196146,,,,,,,,,,,,,,
TZA,,,,,,,,,,,,,,,,,,,,,,,,,,,,,,,5.841992622,5.624287415,5.257618593,4.808086671,4.716284392,4.571667569,4.648427793,4.323046043,11.07117357,10.22858507,9.861512994,9.468891997,9.370214025,9.379081764,9.193377239,9.026503074,8.821439254,8.817414345,8.744588961,8.666675269,8.665829302,9.54869846,9.438233264,9.110895166,9.120109,7.855564961,7.813717838,7.665587155,8.073823151,8.501810556,8.03212809,8.024874633,8.183102341,8.398510723,,
UGA,8.148184859,8.156186641,7.264951279,8.23245093,7.025055164,7.913896803,7.624810893,7.569836445,8.083670715,8.218521625,8.691786151,7.902795614,7.427230047,6.531753866,7.689172667,6.201732906,5.97801659,5.773237179,4.392268171,3.667558818,4.260772451,1.869438421,6.245694604,5.28195209,6.113814849,5.330950408,6.049284843,5.670634038,5.533934281,5.690638109,5.341025639,5.438035758,5.820887289,5.598405977,6.030379954,6.229189396,7.147086558,7.787954277,8.28110036,8.893207736,7.098978105,7.061988776,7.354144342,7.055683802,6.364934006,7.009315598,7.090616066,7.125823101,7.30696526,20.07784579,19.65630717,19.08630722,18.67000674,16.54856162,15.63386283,17.60854768,16.2297476,15.52299609,15.77935562,15.46630748,15.79525672,16.43374919,16.37186971,15.64934868,15.10919117,14.47360989
UKR,,,,,,,,,,,,,,,,,,,,,,,,,,,,,,38.10548276,,,44.59666203,29.70331753,35.01294684,30.95036248,27.45495001,24.62914293,25.2570843,27.23202557,17.38735465,16.33479342,16.92890518,17.54394188,17.51169087,18.50828186,18.74896021,18.40445956,15.88655446,14.31668289,13.0957491,11.76553427,12.22962711,11.14059174,12.22812816,11.90277912,12.21912603,11.98030207,11.53402155,10.78860042,10.10138261,10.28329715,7.603575719,8.312677157,8.420482106,8.318697366
UMC,,,,,,,,,,,,,,,,,,,,,,,,,,,,,,,,,,,,,,,,,,,,,22.78680738,22.31662842,22.47403226,22.38510265,22.4402354,22.45211131,22.07702007,22.35110218,22.42408893,22.25166409,22.52819751,22.62483964,22.21110869,22.21481993,22.54873101,21.95484349,22.14585744,23.2009374,22.5737236,21.63767681,21.21543282,20.99304505
URY,,,,,,,,,,,,,,,,,,,,,,,,25.35648109,27.27779089,29.39800114,29.71545816,28.94623757,27.26282011,26.8266995,27.96538826,28.31051511,24.78484162,21.10099751,18.87835264,19.6946507,19.26387094,14.88260213,14.17131312,13.42543265,12.5186631,12.67439435,13.08012991,14.87090944,14.90260843,14.85246711,14.54339075,13.73514408,14.94688285,14.81860071,13.52832362,12.73340431,12.17315682,11.26622779,12.14330217,13.24266133,10.98677506,10.273254,11.0796999,10.57870992,9.712919997,10.47205307,10.50060577,9.910338571,10.01971495,9.957370197
USA,,,,,,,,,,,,,,,,,,,,,,,,,,,,,,,,,,,,,,16.08718198,15.77432735,15.4590709,15.11506909,13.91931042,13.45288374,13.3165025,13.17417806,12.9833217,12.99072638,12.76975564,12.21672682,11.69878793,11.90607991,11.94724386,11.85756226,11.77191284,11.61744204,11.60558074,11.15810293,11.18149073,11.28024941,10.97640751,10.47252371,10.52503138,,,,
UZB,,,,,,,,,,,,,,,,,,,,,,,,,,,,,,,,,,,,,,,,,,,,,,,,,,,10.37678582,10.39225718,10.75007724,11.75419473,12.75841208,13.30884947,14.04573022,2.757647929,17.52281947,18.55190814,20.50665259,20.42130782,19.28646604,19.22848931,19.95255288,20.7717216
VCT,,,,,,,,,,,,,,,,,,5.302695267,7.511029144,8.173866442,7.63747963,8.005273492,8.080416475,7.717666367,9.494905918,8.72826532,7.919365611,8.08781069,8.261638594,8.688377943,6.953882186,7.383291669,8.00820808,7.718975978,7.635512105,6.94076557,6.898169873,6.550725255,5.754532748,5.190816539,5.214580966,5.809544169,4.880245632,4.867361966,4.971488092,5.108182898,4.365746621,4.919404104,4.285734217,4.686871228,4.908993598,4.375576145,4.182294246,4.292648384,4.685240436,4.794933371,4.991312733,4.953245192,4.87835523,4.040597161,3.620739141,3.77256265,3.866991662,3.683541505,3.762890227,3.934082795
VEN,,,,,,,,,16.78994574,16.77829873,17.00470927,17.65422376,17.5711359,17.78903253,19.64306716,17.27209606,18.2868753,17.34274851,17.18064592,18.23392077,17.67054418,16.50602367,17.46130711,17.88341848,16.22950351,16.84153109,19.00354068,17.03129285,17.13837324,15.62628405,14.24138789,0,0,0,0,0,0,0,0,0,0,0,0,0,0,0,0,0,0,0,0,0,,,,,,,,,,,,,,
VGB,,,,,,,,,,,,,,,,,,,,,,,,,,,,,,,,,,,,,,,,,,,,,,,,,,,,,,,,,,,,,,,,,,
VIR,,,,,,,,,,,,,,,,,,,,,,,,,,,,,,,,,,,,,,,,,,,,,,,,,,,,,,,,,,,,,,,,,,
VNM,,,,,,,,,,,,,,,,,,,,,,,,,,,,,,,,,,,,,,,,,,,,,,18.82328356,19.38072563,19.3804145,18.57965765,18.30103546,17.13057057,18.69414554,20.27409248,20.68745369,20.37122923,20.96009168,21.4882532,22.62712397,23.36716792,23.7867165,23.94724304,24.45937268,24.65638214,24.11279414,24.33308167,24.52801596
VUT,,,,,,,,,,,,,,,,,,,,3.9024395,3.951185355,3.667568298,3.85620915,3.180454351,3.25730627,3.941062871,3.979328165,4.778067885,5.001209482,5.069382274,4.866204664,4.749833222,4.352777426,4.102395799,4.359652992,4.346581762,4.410958904,4.0751756,4.406972225,4.46622149,4.513768329,4.495731057,4.204853227,4.104098894,4.034017107,3.798553815,3.612351114,3.109758403,2.557506306,2.94354775,4.987999261,4.333502649,3.758769018,5.341631648,5.471972253,5.189595066,4.976971615,4.556811532,4.37014611,4.59135918,4.117967765,4.38599422,3.830001806,4.267181074,4.048593466,
WLD,,,,,,,,,,,,,,,,,,,,,,,,,,,,,,,,,,,,,,19.23206335,18.78564659,18.56407399,18.40600385,17.34575757,16.8893861,16.72337852,16.5903319,16.3658789,16.33964071,16.31640738,16.06083834,15.47448891,15.99375546,16.10246058,16.07261799,15.92585824,16.07530322,16.37692715,16.20423846,16.25149159,16.38281615,15.96906579,15.90821776,16.35538081,15.70999841,15.24651751,14.88544316,14.87203442
WSM,,,,,,,,,,,,,,,,,,,,,,,,,,,,,,,,,,,25.3434132,24.9739609,23.93739968,21.46325483,17.95339815,18.61492807,19.10265457,20.09630195,20.74489612,21.82751382,21.73873157,19.72755973,18.70271875,16.94592872,16.49223668,10.65596258,8.151733297,7.57857171,8.139214551,7.680412603,6.89993047,6.443929145,6.255926195,6.19206875,4.728204974,4.540111648,3.950344658,5.029271878,4.305820232,4.803020606,5.21437366,4.924838172
XKX,,,,,,,,,,,,,,,,,,,,,,,,,,,,,,,,,,,,,,,,,,,,,,,,,14.04175544,14.87549582,13.77262161,13.11959163,13.25279732,13.51216998,13.47106484,13.264168,13.05525294,12.78484426,13.12748622,12.86269666,13.35206942,12.89153197,12.78139493,12.91912412,12.62243765,12.53721671
YEM,,,,,,,,,,,,,,,,,,,,,,,,,,,,,,,,,,,,,,,,,,,,,,,,,,,,,,,,,,,,,,,,,,
ZAF,19.93919027,20.54628225,20.69900143,21.44976138,22.06088993,22.84949116,22.569205,21.92726307,21.93427077,22.31915667,22.51913434,21.7570473,21.18221373,21.65663042,21.26373431,23.06649858,23.35466562,21.5673838,21.41010785,22.46797287,22.80540517,24.86450776,24.1166002,23.87923233,23.34374276,22.16081137,22.35499767,22.77537522,23.0548928,23.48630004,23.74351096,23.1384261,22.30501454,21.38709412,21.01598175,21.24672967,20.26728629,19.91348664,19.32781307,18.52612948,18.96826643,19.03695787,19.0721823,18.50211188,17.98981452,17.37057973,15.59552455,15.44192483,15.60869108,14.50780436,13.85957361,12.86177002,12.48259185,12.36677578,12.48071139,12.51794447,12.48364435,12.5127045,12.45703328,12.40089127,11.72504678,12.07755389,12.4454055,12.98000555,12.79730097,12.25451087
ZMB,3.766780204,4.883052934,4.822753504,5.485986881,5.68413887,6.332453826,7.807909605,9.001670844,9.732230229,8.161337209,10.11191986,12.67677195,13.56261682,12.29771425,12.8343388,15.9114053,14.35481354,17.77084172,19.10961034,18.29424147,16.94738216,17.73971424,18.5992824,19.84597723,20.49482864,22.85807209,22.65104295,25.72342794,30.806865,30.97014925,31.85689077,33.34588626,33.1916343,24.97607991,9.088726019,9.177594328,10.91561377,10.79494361,10.77369849,10.21141037,9.453296547,9.081867226,9.585879251,10.14813672,10.06523898,9.840460977,9.407918982,8.679804366,8.453968149,8.684927817,7.578283936,7.51615953,7.075813251,6.023734529,6.819983359,7.522311308,7.68612523,8.127238236,6.84776648,6.788930097,7.70383075,8.668314745,7.996352892,8.502958799,9.048585707,8.748954373
ZWE,,,,,,15.95140227,14.89110782,15.79702105,15.9962771,15.54802555,17.22646294,17.94421789,18.61423339,19.64237669,20.11902129,19.89680554,19.70851978,18.61235523,19.38272367,19.69673195,20.72817068,20.38295729,19.18333625,20.32269943,20.48386509,18.14545767,19.48465592,20.66779771,19.46708291,22.9710448,20.48478539,24.09495721,26.89859363,21.02097529,19.05573485,19.26563598,16.68711656,15.87766581,14.41786035,13.20046637,13.38662085,13.14382627,11.87108467,12.16735014,13.94938452,15.12178179,16.01413687,16.09613296,16.33657764,11.03068531,9.209188438,9.173222766,14.04356586,12.91964975,12.5913204,11.88840074,11.59575374,14.02698683,13.67822941,12.15720733,13.78848296,11.16712271,18.06044693,15.27833091,15.57108685,14.90812264
