Code,Year,TFP
ALB,1974,0.72851676
ALB,1975,0.733268
ALB,1976,0.72734034
ALB,1977,0.7194942
ALB,1978,0.71248573
ALB,1979,0.7047344
ALB,1980,0.69948125
ALB,1981,0.6953136
ALB,1982,0.6671234
ALB,1983,0.6303324
ALB,1984,0.5841931
ALB,1985,0.5650946
ALB,1986,0.5717802
ALB,1987,0.5388052
ALB,1988,0.508964
ALB,1989,0.5362841
ALB,1990,0.47781977
ALB,1991,0.34846136
ALB,1992,0.39136967
ALB,1993,0.4431677
ALB,1994,0.44190934
ALB,1995,0.51405877
ALB,1996,0.54277486
ALB,1997,0.4757744
ALB,1998,0.513326
ALB,1999,0.57324106
ALB,2000,0.5934749
ALB,2001,0.6314217
ALB,2002,0.65639836
ALB,2003,0.68381697
ALB,2004,0.70889914
ALB,2005,0.7384057
ALB,2006,0.7755991
ALB,2007,0.8085433
ALB,2008,0.9342478
ALB,2009,0.9510185
ALB,2010,1.0140753
ALB,2011,1.0997525
ALB,2012,0.99252456
ALB,2013,1.0029777
ALB,2014,1.0847216
ALB,2015,1.0457238
ALB,2016,0.98269004
ALB,2017,0.9728377
ALB,2018,0.9606835
ALB,2019,0.94389987
ALB,2020,0.96712697
ALB,2021,1
ALB,2022,0.99581844
ALB,2023,1.0222416
AGO,1974,1.7650068
AGO,1975,1.5903429
AGO,1976,1.435887
AGO,1977,1.3803774
AGO,1978,1.2548442
AGO,1979,1.2116674
AGO,1980,1.2036531
AGO,1981,1.1133589
AGO,1982,1.0725003
AGO,1983,1.082048
AGO,1984,1.1071501
AGO,1985,1.1204934
AGO,1986,1.140987
AGO,1987,1.1960675
AGO,1988,1.2439249
AGO,1989,1.2353104
AGO,1990,1.2191417
AGO,1991,1.1784029
AGO,1992,1.0364467
AGO,1993,0.7474504
AGO,1994,0.7179501
AGO,1995,0.7665314
AGO,1996,0.7817039
AGO,1997,0.7913816
AGO,1998,0.7655348
AGO,1999,0.7382152
AGO,2000,0.7483403
AGO,2001,0.76223373
AGO,2002,0.8577449
AGO,2003,0.8608963
AGO,2004,0.919392
AGO,2005,1.021288
AGO,2006,1.1029571
AGO,2007,1.2118402
AGO,2008,1.2687297
AGO,2009,1.2030499
AGO,2010,1.2055238
AGO,2011,1.185355
AGO,2012,1.2290515
AGO,2013,1.2384452
AGO,2014,1.2499924
AGO,2015,1.218221
AGO,2016,1.156446
AGO,2017,1.1367621
AGO,2018,1.105635
AGO,2019,1.0791695
AGO,2020,1.0198766
AGO,2021,1
AGO,2022,1.004963
AGO,2023,0.99647456
ARG,1972,1.3074709
ARG,1973,1.3154576
ARG,1974,1.3285782
ARG,1975,1.2834727
ARG,1976,1.2541258
ARG,1977,1.2749014
ARG,1978,1.1990423
ARG,1979,1.2413998
ARG,1980,1.2252141
ARG,1981,1.136609
ARG,1982,1.085022
ARG,1983,1.1032873
ARG,1984,1.1034441
ARG,1985,1.0157499
ARG,1986,1.0707935
ARG,1987,1.078701
ARG,1988,1.0403646
ARG,1989,0.9618715
ARG,1990,0.9382841
ARG,1991,1.0158916
ARG,1992,1.0971822
ARG,1993,1.1367128
ARG,1994,1.1640667
ARG,1995,1.1340115
ARG,1996,1.1615855
ARG,1997,1.2005817
ARG,1998,1.1932284
ARG,1999,1.1337098
ARG,2000,1.1124005
ARG,2001,1.0689996
ARG,2002,0.97789836
ARG,2003,1.0420003
ARG,2004,1.0872892
ARG,2005,1.1313851
ARG,2006,1.176056
ARG,2007,1.2184323
ARG,2008,1.2148551
ARG,2009,1.131392
ARG,2010,1.198247
ARG,2011,1.2175671
ARG,2012,1.1764957
ARG,2013,1.1721092
ARG,2014,1.1229379
ARG,2015,1.1200236
ARG,2016,1.1064203
ARG,2017,1.1069436
ARG,2018,1.0631099
ARG,2019,1.0276719
ARG,2020,0.9987635
ARG,2021,1
ARG,2022,1.0393263
ARG,2023,0.9665904
ARM,1994,0.24896985
ARM,1995,0.26707086
ARM,1996,0.28978342
ARM,1997,0.3116242
ARM,1998,0.34207898
ARM,1999,0.36146826
ARM,2000,0.387223
ARM,2001,0.43346342
ARM,2002,0.54924875
ARM,2003,0.6218588
ARM,2004,0.6877045
ARM,2005,0.75951266
ARM,2006,0.8321998
ARM,2007,0.90384626
ARM,2008,0.8441081
ARM,2009,0.7714679
ARM,2010,0.7584262
ARM,2011,0.78606206
ARM,2012,0.82480854
ARM,2013,0.8291671
ARM,2014,0.84845734
ARM,2015,0.9276919
ARM,2016,0.95378256
ARM,2017,1.0272477
ARM,2018,1.0039375
ARM,2019,1.0511035
ARM,2020,1.0086291
ARM,2021,1
ARM,2022,1.0690528
ARM,2023,1.1073676
AUS,1954,0.7235017
AUS,1955,0.7297465
AUS,1956,0.71434623
AUS,1957,0.7172177
AUS,1958,0.7517213
AUS,1959,0.78088635
AUS,1960,0.7720821
AUS,1961,0.76868683
AUS,1962,0.7866371
AUS,1963,0.8056246
AUS,1964,0.8157366
AUS,1965,0.80029607
AUS,1966,0.81040305
AUS,1967,0.815717
AUS,1968,0.8387824
AUS,1969,0.8627029
AUS,1970,0.85657823
AUS,1971,0.8569385
AUS,1972,0.8552494
AUS,1973,0.8602231
AUS,1974,0.84082097
AUS,1975,0.8550736
AUS,1976,0.85956657
AUS,1977,0.84629095
AUS,1978,0.8578842
AUS,1979,0.85460526
AUS,1980,0.8445388
AUS,1981,0.84685713
AUS,1982,0.81968796
AUS,1983,0.8549393
AUS,1984,0.85470486
AUS,1985,0.85225946
AUS,1986,0.8319685
AUS,1987,0.84918946
AUS,1988,0.8437393
AUS,1989,0.8314161
AUS,1990,0.8128555
AUS,1991,0.8247206
AUS,1992,0.8506408
AUS,1993,0.865178
AUS,1994,0.86624247
AUS,1995,0.865887
AUS,1996,0.87081367
AUS,1997,0.8899471
AUS,1998,0.90939736
AUS,1999,0.9185739
AUS,2000,0.9056273
AUS,2001,0.92472506
AUS,2002,0.93735176
AUS,2003,0.948415
AUS,2004,0.9539472
AUS,2005,0.9470167
AUS,2006,0.9545723
AUS,2007,0.9551017
AUS,2008,0.9416378
AUS,2009,0.9449984
AUS,2010,0.9550942
AUS,2011,0.9580534
AUS,2012,0.9590269
AUS,2013,0.9655672
AUS,2014,0.9706843
AUS,2015,0.9814696
AUS,2016,0.9833573
AUS,2017,0.9915282
AUS,2018,0.98653305
AUS,2019,0.9630459
AUS,2020,0.981769
AUS,2021,1
AUS,2022,1.0055133
AUS,2023,1.0010729
AUT,1954,0.5088148
AUT,1955,0.54067075
AUT,1956,0.55743045
AUT,1957,0.5748427
AUT,1958,0.5866176
AUT,1959,0.59215707
AUT,1960,0.624788
AUT,1961,0.63832045
AUT,1962,0.6388971
AUT,1963,0.6559176
AUT,1964,0.6785751
AUT,1965,0.6820375
AUT,1966,0.7033238
AUT,1967,0.716562
AUT,1968,0.73725307
AUT,1969,0.7676621
AUT,1970,0.8097643
AUT,1971,0.81834215
AUT,1972,0.8286676
AUT,1973,0.8385708
AUT,1974,0.8201372
AUT,1975,0.8253026
AUT,1976,0.8445588
AUT,1977,0.85776424
AUT,1978,0.8562068
AUT,1979,0.87155426
AUT,1980,0.86218154
AUT,1981,0.8670107
AUT,1982,0.8763899
AUT,1983,0.8958288
AUT,1984,0.88635695
AUT,1985,0.895242
AUT,1986,0.9016902
AUT,1987,0.9057427
AUT,1988,0.91493714
AUT,1989,0.9216027
AUT,1990,0.93456584
AUT,1991,0.9376886
AUT,1992,0.9498592
AUT,1993,0.946053
AUT,1994,0.9549658
AUT,1995,0.9778851
AUT,1996,0.9704336
AUT,1997,0.9688024
AUT,1998,0.9869434
AUT,1999,0.9955421
AUT,2000,1.0033119
AUT,2001,0.9999362
AUT,2002,1.002169
AUT,2003,0.99788177
AUT,2004,1.0053371
AUT,2005,1.016857
AUT,2006,1.032411
AUT,2007,1.0489863
AUT,2008,1.0402191
AUT,2009,1.0118222
AUT,2010,1.0178126
AUT,2011,1.0243318
AUT,2012,1.0232188
AUT,2013,1.0133867
AUT,2014,1.009378
AUT,2015,1.0167227
AUT,2016,1.015063
AUT,2017,1.0197301
AUT,2018,1.0200267
AUT,2019,1.0150965
AUT,2020,0.99616605
AUT,2021,1
AUT,2022,1.0249037
AUT,2023,1.0012581
BHR,1974,3.1553843
BHR,1975,2.747532
BHR,1976,3.125605
BHR,1977,3.1054492
BHR,1978,2.962502
BHR,1979,2.7568638
BHR,1980,2.5352232
BHR,1981,2.1930842
BHR,1982,1.8879452
BHR,1983,1.8427198
BHR,1984,1.7510613
BHR,1985,1.4168392
BHR,1986,1.3885149
BHR,1987,1.3725361
BHR,1988,1.4406587
BHR,1989,1.407648
BHR,1990,1.4152433
BHR,1991,1.407898
BHR,1992,1.4485301
BHR,1993,1.552681
BHR,1994,1.455432
BHR,1995,1.439688
BHR,1996,1.4478593
BHR,1997,1.435463
BHR,1998,1.4605001
BHR,1999,1.4792315
BHR,2000,1.5195507
BHR,2001,1.4999217
BHR,2002,1.4602275
BHR,2003,1.4616975
BHR,2004,1.4759027
BHR,2005,1.4584422
BHR,2006,1.4375156
BHR,2007,1.4048607
BHR,2008,1.3318882
BHR,2009,1.2705994
BHR,2010,1.2680411
BHR,2011,1.2606622
BHR,2012,1.2447394
BHR,2013,1.2251024
BHR,2014,1.1969557
BHR,2015,1.1558832
BHR,2016,1.1155125
BHR,2017,1.1017847
BHR,2018,1.0605974
BHR,2019,1.0525762
BHR,2020,0.988826
BHR,2021,1
BHR,2022,0.99517006
BHR,2023,0.9661189
BRB,1964,0.96063304
BRB,1965,1.0109925
BRB,1966,0.99318594
BRB,1967,1.097975
BRB,1968,1.1296192
BRB,1969,1.1839257
BRB,1970,1.2646465
BRB,1971,1.3151366
BRB,1972,1.325236
BRB,1973,1.337419
BRB,1974,1.2825903
BRB,1975,1.3461258
BRB,1976,1.3257221
BRB,1977,1.3774935
BRB,1978,1.4303024
BRB,1979,1.4140735
BRB,1980,1.462247
BRB,1981,1.3851066
BRB,1982,1.3232691
BRB,1983,1.3115863
BRB,1984,1.3499999
BRB,1985,1.3468336
BRB,1986,1.3593256
BRB,1987,1.3500694
BRB,1988,1.3414463
BRB,1989,1.2870551
BRB,1990,1.2518547
BRB,1991,1.1756679
BRB,1992,1.1373743
BRB,1993,1.1940719
BRB,1994,1.1603059
BRB,1995,1.0881999
BRB,1996,1.0805961
BRB,1997,1.0938482
BRB,1998,1.0800536
BRB,1999,1.043425
BRB,2000,1.0513917
BRB,2001,1.0103267
BRB,2002,1.0199496
BRB,2003,1.0298171
BRB,2004,1.0148135
BRB,2005,1.0334849
BRB,2006,1.0936655
BRB,2007,1.1342319
BRB,2008,1.189944
BRB,2009,1.2168976
BRB,2010,1.2360256
BRB,2011,1.2077771
BRB,2012,1.214879
BRB,2013,1.1817732
BRB,2014,1.1798861
BRB,2015,1.13127
BRB,2016,1.1136482
BRB,2017,1.1392304
BRB,2018,1.133442
BRB,2019,1.1647875
BRB,2020,1.0195619
BRB,2021,1
BRB,2022,1.1451195
BRB,2023,1.1761814
BEL,1954,0.51948684
BEL,1955,0.5322253
BEL,1956,0.54293877
BEL,1957,0.54589295
BEL,1958,0.5451376
BEL,1959,0.56346124
BEL,1960,0.5816205
BEL,1961,0.60190177
BEL,1962,0.62060004
BEL,1963,0.6384712
BEL,1964,0.66807437
BEL,1965,0.68189687
BEL,1966,0.6892838
BEL,1967,0.7080347
BEL,1968,0.732213
BEL,1969,0.75748307
BEL,1970,0.7941949
BEL,1971,0.80608207
BEL,1972,0.8406908
BEL,1973,0.87581336
BEL,1974,0.89297587
BEL,1975,0.87585723
BEL,1976,0.90676343
BEL,1977,0.9044855
BEL,1978,0.9141377
BEL,1979,0.9161389
BEL,1980,0.94416994
BEL,1981,0.9473214
BEL,1982,0.9539577
BEL,1983,0.9510506
BEL,1984,0.95265806
BEL,1985,0.9508694
BEL,1986,0.95941705
BEL,1987,0.96992415
BEL,1988,0.9908188
BEL,1989,1.0000374
BEL,1990,0.9972621
BEL,1991,1.0090709
BEL,1992,1.01605
BEL,1993,1.014218
BEL,1994,1.0345693
BEL,1995,1.0298427
BEL,1996,1.0270175
BEL,1997,1.0404738
BEL,1998,1.0337781
BEL,1999,1.0407071
BEL,2000,1.0398884
BEL,2001,1.0257866
BEL,2002,1.021553
BEL,2003,1.0176897
BEL,2004,1.036837
BEL,2005,1.0386536
BEL,2006,1.0389934
BEL,2007,1.0503953
BEL,2008,1.0341473
BEL,2009,1.0133513
BEL,2010,1.0206214
BEL,2011,1.0178566
BEL,2012,1.0103737
BEL,2013,1.0073644
BEL,2014,1.0143888
BEL,2015,1.0154812
BEL,2016,1.007934
BEL,2017,1.0015641
BEL,2018,0.99875265
BEL,2019,1.0013695
BEL,2020,0.99359107
BEL,2021,1
BEL,2022,1.0057261
BEL,2023,1.001897
BEN,1980,0.6711957
BEN,1981,0.68485
BEN,1982,0.7192893
BEN,1983,0.6637505
BEN,1984,0.69629395
BEN,1985,0.73416543
BEN,1986,0.73250943
BEN,1987,0.69553727
BEN,1988,0.6929568
BEN,1989,0.66422886
BEN,1990,0.7019913
BEN,1991,0.7054202
BEN,1992,0.70179665
BEN,1993,0.69949013
BEN,1994,0.6731793
BEN,1995,0.71242756
BEN,1996,0.7756653
BEN,1997,0.8472171
BEN,1998,0.90643346
BEN,1999,0.98523086
BEN,2000,1.0006367
BEN,2001,1.0174382
BEN,2002,1.0320584
BEN,2003,1.0313134
BEN,2004,1.0374776
BEN,2005,1.0221472
BEN,2006,1.0278854
BEN,2007,1.0467601
BEN,2008,1.0621171
BEN,2009,1.059856
BEN,2010,1.0358094
BEN,2011,1.0200826
BEN,2012,1.0259748
BEN,2013,1.0357144
BEN,2014,1.0394669
BEN,2015,1.0020002
BEN,2016,0.9913821
BEN,2017,0.99536717
BEN,2018,0.9991616
BEN,2019,1.0003889
BEN,2020,0.9882749
BEN,2021,1
BEN,2022,0.97746706
BEN,2023,0.9643665
BOL,1954,1.2549313
BOL,1955,1.3216641
BOL,1956,1.2309508
BOL,1957,1.2086828
BOL,1958,1.1792692
BOL,1959,1.1831743
BOL,1960,1.2219148
BOL,1961,1.2151467
BOL,1962,1.2363288
BOL,1963,1.2732433
BOL,1964,1.279481
BOL,1965,1.283887
BOL,1966,1.3214331
BOL,1967,1.3999729
BOL,1968,1.1797324
BOL,1969,1.1964945
BOL,1970,1.1655548
BOL,1971,1.1937213
BOL,1972,1.2431118
BOL,1973,1.2625537
BOL,1974,1.2775173
BOL,1975,1.336066
BOL,1976,1.3530908
BOL,1977,1.3770093
BOL,1978,1.3414111
BOL,1979,1.2968135
BOL,1980,1.2556508
BOL,1981,1.2258177
BOL,1982,1.1794856
BOL,1983,1.118743
BOL,1984,1.0903941
BOL,1985,1.0470445
BOL,1986,1.009231
BOL,1987,1.0084239
BOL,1988,1.0270927
BOL,1989,1.0234517
BOL,1990,1.0253178
BOL,1991,1.0302608
BOL,1992,1.0065019
BOL,1993,1.0104625
BOL,1994,1.0063747
BOL,1995,1.0157981
BOL,1996,1.0207883
BOL,1997,1.0253873
BOL,1998,1.020897
BOL,1999,0.98646796
BOL,2000,0.97558814
BOL,2001,0.9846327
BOL,2002,0.99420184
BOL,2003,1.02133
BOL,2004,1.020035
BOL,2005,1.0398227
BOL,2006,1.0585555
BOL,2007,1.0705756
BOL,2008,1.0875646
BOL,2009,1.0916153
BOL,2010,1.0982114
BOL,2011,1.0958338
BOL,2012,1.0940746
BOL,2013,1.1147847
BOL,2014,1.1010172
BOL,2015,1.0990365
BOL,2016,1.0920591
BOL,2017,1.1045088
BOL,2018,1.1146442
BOL,2019,1.0858934
BOL,2020,1.0090082
BOL,2021,1
BOL,2022,1.0024638
BOL,2023,1.0014627
BWA,1964,1.0725418
BWA,1965,1.019467
BWA,1966,1.0385195
BWA,1967,1.1679355
BWA,1968,1.2023717
BWA,1969,1.1361998
BWA,1970,1.118531
BWA,1971,1.1573421
BWA,1972,1.1968058
BWA,1973,1.2310787
BWA,1974,1.2232456
BWA,1975,1.2398468
BWA,1976,1.315521
BWA,1977,1.3968244
BWA,1978,1.4916098
BWA,1979,1.593593
BWA,1980,1.6486408
BWA,1981,1.653474
BWA,1982,1.6370759
BWA,1983,1.706396
BWA,1984,1.8096004
BWA,1985,1.8291113
BWA,1986,1.8351523
BWA,1987,1.8498924
BWA,1988,1.8991311
BWA,1989,2.1934614
BWA,1990,2.0772824
BWA,1991,2.002596
BWA,1992,1.913961
BWA,1993,1.8334061
BWA,1994,1.7990783
BWA,1995,1.8169732
BWA,1996,1.8128814
BWA,1997,1.8535763
BWA,1998,1.7119786
BWA,1999,1.7327105
BWA,2000,1.6487021
BWA,2001,1.5674025
BWA,2002,1.5836822
BWA,2003,1.587907
BWA,2004,1.5564983
BWA,2005,1.5863094
BWA,2006,1.660313
BWA,2007,1.6377286
BWA,2008,1.565241
BWA,2009,1.2540624
BWA,2010,1.3039645
BWA,2011,1.2552187
BWA,2012,1.1643962
BWA,2013,1.220524
BWA,2014,1.2252322
BWA,2015,1.0991769
BWA,2016,1.1103109
BWA,2017,1.0984999
BWA,2018,1.0833108
BWA,2019,1.0569918
BWA,2020,0.91825175
BWA,2021,1
BWA,2022,1.0367904
BWA,2023,1.0056193
BRA,1954,0.9520636
BRA,1955,0.9682681
BRA,1956,0.963096
BRA,1957,1.00433
BRA,1958,1.0169718
BRA,1959,1.0327799
BRA,1960,1.0576812
BRA,1961,1.1493146
BRA,1962,1.1544411
BRA,1963,1.1829337
BRA,1964,1.1847333
BRA,1965,1.2137287
BRA,1966,1.2046589
BRA,1967,1.223317
BRA,1968,1.2964331
BRA,1969,1.2927026
BRA,1970,1.3505076
BRA,1971,1.4058207
BRA,1972,1.4688947
BRA,1973,1.5080554
BRA,1974,1.5362828
BRA,1975,1.5228122
BRA,1976,1.5784055
BRA,1977,1.5162793
BRA,1978,1.5017396
BRA,1979,1.5610591
BRA,1980,1.6601924
BRA,1981,1.5033067
BRA,1982,1.4303628
BRA,1983,1.3537472
BRA,1984,1.3776122
BRA,1985,1.4081569
BRA,1986,1.4435301
BRA,1987,1.4274794
BRA,1988,1.3691803
BRA,1989,1.384128
BRA,1990,1.2844205
BRA,1991,1.2655742
BRA,1992,1.2257731
BRA,1993,1.2551069
BRA,1994,1.2862718
BRA,1995,1.2906804
BRA,1996,1.2849339
BRA,1997,1.2841008
BRA,1998,1.2561662
BRA,1999,1.2088876
BRA,2000,1.2093508
BRA,2001,1.1931081
BRA,2002,1.1849068
BRA,2003,1.1679484
BRA,2004,1.1807368
BRA,2005,1.1770005
BRA,2006,1.1768944
BRA,2007,1.211828
BRA,2008,1.2225838
BRA,2009,1.1908065
BRA,2010,1.2153322
BRA,2011,1.196606
BRA,2012,1.1798608
BRA,2013,1.1638108
BRA,2014,1.1286242
BRA,2015,1.0751386
BRA,2016,1.0378399
BRA,2017,1.0422541
BRA,2018,1.033759
BRA,2019,1.0113676
BRA,2020,1.0442489
BRA,2021,1
BRA,2022,0.96975225
BRA,2023,0.97675276
BGR,1974,2.289808
BGR,1975,2.2969909
BGR,1976,2.2680256
BGR,1977,2.2413085
BGR,1978,2.2054002
BGR,1979,2.2159665
BGR,1980,2.2017064
BGR,1981,2.1837556
BGR,1982,2.1272674
BGR,1983,2.0973973
BGR,1984,2.0797684
BGR,1985,2.050711
BGR,1986,2.0572276
BGR,1987,2.0893092
BGR,1988,2.2112226
BGR,1989,2.0660634
BGR,1990,1.9181651
BGR,1993,1.7321194
BGR,1994,1.6604084
BGR,1995,1.6038468
BGR,1996,1.7148595
BGR,1997,1.4225268
BGR,1998,1.4181992
BGR,1999,1.2248968
BGR,2000,1.2243958
BGR,2001,1.2024862
BGR,2002,1.181242
BGR,2003,1.1538699
BGR,2004,1.1302096
BGR,2005,1.1212928
BGR,2006,1.0943666
BGR,2007,1.0598185
BGR,2008,1.0141115
BGR,2009,0.969937
BGR,2010,0.98496974
BGR,2011,0.9974404
BGR,2012,0.9863507
BGR,2013,0.95969296
BGR,2014,0.9405255
BGR,2015,0.9434455
BGR,2016,0.95942885
BGR,2017,0.9473193
BGR,2018,0.9526094
BGR,2019,0.9562247
BGR,2020,0.9373689
BGR,2021,1
BGR,2022,1.0108782
BGR,2023,1.0354439
BFA,1963,0.975848
BFA,1964,0.9849912
BFA,1965,0.9471492
BFA,1966,0.9257486
BFA,1967,0.9963898
BFA,1968,1.0247507
BFA,1969,1.0183784
BFA,1970,1.0229405
BFA,1971,0.9370385
BFA,1972,1.0992984
BFA,1973,0.9920508
BFA,1974,0.9987916
BFA,1975,0.9883744
BFA,1976,0.9444864
BFA,1977,0.9771585
BFA,1978,1.0526174
BFA,1979,0.9799802
BFA,1980,0.9434724
BFA,1981,0.9302399
BFA,1982,0.9029448
BFA,1983,0.851048
BFA,1984,0.82475615
BFA,1985,0.87542266
BFA,1986,0.9016955
BFA,1987,0.8532797
BFA,1988,0.8582552
BFA,1989,0.83182806
BFA,1990,0.79622006
BFA,1991,0.83089876
BFA,1992,0.8011548
BFA,1993,0.794276
BFA,1994,0.746792
BFA,1995,0.75783604
BFA,1996,0.80960023
BFA,1997,0.8225983
BFA,1998,0.8463661
BFA,1999,0.8778518
BFA,2000,0.8738754
BFA,2001,0.9167952
BFA,2002,0.94353235
BFA,2003,1.0011151
BFA,2004,1.0160995
BFA,2005,1.0686022
BFA,2006,1.0952216
BFA,2007,1.0774184
BFA,2008,1.0774753
BFA,2009,1.0543983
BFA,2010,1.0794903
BFA,2011,1.0966691
BFA,2012,1.1049808
BFA,2013,1.0980418
BFA,2014,1.0685024
BFA,2015,1.0481504
BFA,2016,1.0419271
BFA,2017,1.0356249
BFA,2018,1.0336876
BFA,2019,1.0058602
BFA,2020,0.9802668
BFA,2021,1
BFA,2022,0.97880685
BFA,2023,0.9515085
BDI,1980,1.4348038
BDI,1981,1.5211017
BDI,1982,1.4678206
BDI,1983,1.4428837
BDI,1984,1.3733269
BDI,1985,1.4821883
BDI,1986,1.5056407
BDI,1987,1.5120937
BDI,1988,1.5455931
BDI,1989,1.5293028
BDI,1990,1.5773821
BDI,1991,1.6467692
BDI,1992,1.6554815
BDI,1993,1.622742
BDI,1994,1.5715059
BDI,1995,1.3579304
BDI,1996,1.2560712
BDI,1997,1.2723008
BDI,1998,1.2980516
BDI,1999,1.2359554
BDI,2000,1.2000688
BDI,2001,1.2030109
BDI,2002,1.2293776
BDI,2003,1.1741117
BDI,2004,1.1602559
BDI,2005,1.1166508
BDI,2006,1.1290176
BDI,2007,1.1139661
BDI,2008,1.1092589
BDI,2009,1.0984032
BDI,2010,1.0825242
BDI,2011,1.0664613
BDI,2012,1.0604489
BDI,2013,1.0603756
BDI,2014,1.0541546
BDI,2015,1.0152905
BDI,2016,1.0224295
BDI,2017,1.027477
BDI,2018,1.0277855
BDI,2019,1.0294398
BDI,2020,1.0116239
BDI,2021,1
BDI,2022,0.97718275
BDI,2023,0.9622678
CMR,1964,1.3566502
CMR,1965,1.34551
CMR,1966,1.3356161
CMR,1967,1.1474549
CMR,1968,1.1849253
CMR,1969,1.1888149
CMR,1970,1.2074862
CMR,1971,1.1999737
CMR,1972,1.2000161
CMR,1973,1.2154347
CMR,1974,1.2190753
CMR,1975,1.2314649
CMR,1976,1.1196389
CMR,1977,1.1970239
CMR,1978,1.3486574
CMR,1979,1.346268
CMR,1980,1.4195187
CMR,1981,1.4291941
CMR,1982,1.4451814
CMR,1983,1.4593115
CMR,1984,1.4660004
CMR,1985,1.4083927
CMR,1986,1.2708504
CMR,1987,1.1553608
CMR,1988,1.0729778
CMR,1989,1.0519652
CMR,1990,1.0097334
CMR,1991,0.98177856
CMR,1992,0.97303677
CMR,1993,0.94569117
CMR,1994,0.9213346
CMR,1995,0.9064882
CMR,1996,0.9039872
CMR,1997,0.8976241
CMR,1998,0.89365685
CMR,1999,0.8940377
CMR,2000,0.88393193
CMR,2001,0.8874129
CMR,2002,0.89243305
CMR,2003,0.9085274
CMR,2004,0.92957604
CMR,2005,0.91256136
CMR,2006,0.91203654
CMR,2007,0.9047771
CMR,2008,0.89997756
CMR,2009,0.90121996
CMR,2010,0.9046245
CMR,2011,0.89694804
CMR,2012,0.89936304
CMR,2013,0.9035303
CMR,2014,0.9077813
CMR,2015,0.9468554
CMR,2016,0.9711737
CMR,2017,0.9893739
CMR,2018,1.0105054
CMR,2019,1.0147616
CMR,2020,1.0068711
CMR,2021,1
CMR,2022,0.9774655
CMR,2023,0.9651723
CAN,1954,0.6701764
CAN,1955,0.71825904
CAN,1956,0.7472582
CAN,1957,0.750009
CAN,1958,0.7722088
CAN,1959,0.782625
CAN,1960,0.800474
CAN,1961,0.81506044
CAN,1962,0.84018743
CAN,1963,0.85728604
CAN,1964,0.8760317
CAN,1965,0.8886487
CAN,1966,0.9100509
CAN,1967,0.90624034
CAN,1968,0.9435776
CAN,1969,0.95845735
CAN,1970,0.97515285
CAN,1971,0.98233724
CAN,1972,0.9964872
CAN,1973,1.0049607
CAN,1974,0.9852107
CAN,1975,0.9779797
CAN,1976,1.0089818
CAN,1977,1.0196917
CAN,1978,1.014814
CAN,1979,0.99670714
CAN,1980,0.97915924
CAN,1981,0.97547585
CAN,1982,0.9605356
CAN,1983,0.9680127
CAN,1984,0.9881996
CAN,1985,0.99204224
CAN,1986,0.97676325
CAN,1987,0.9759666
CAN,1988,0.976058
CAN,1989,0.96803993
CAN,1990,0.95299965
CAN,1991,0.9408195
CAN,1992,0.94605625
CAN,1993,0.9556275
CAN,1994,0.9686885
CAN,1995,0.97167486
CAN,1996,0.96131945
CAN,1997,0.968851
CAN,1998,0.97310007
CAN,1999,0.9861814
CAN,2000,1.0053066
CAN,2001,1.007176
CAN,2002,1.0147673
CAN,2003,1.0078976
CAN,2004,1.008249
CAN,2005,1.0154066
CAN,2006,1.013983
CAN,2007,1.0032994
CAN,2008,0.9889632
CAN,2009,0.9710511
CAN,2010,0.9732486
CAN,2011,0.9827247
CAN,2012,0.9761955
CAN,2013,0.98145515
CAN,2014,0.99777377
CAN,2015,0.98729354
CAN,2016,0.9869128
CAN,2017,0.9973018
CAN,2018,0.9996474
CAN,2019,1.0001396
CAN,2020,1.0243056
CAN,2021,1
CAN,2022,1.0010264
CAN,2023,0.9827411
CAF,1980,1.1313311
CAF,1981,1.1522865
CAF,1982,1.1935815
CAF,1983,1.1140351
CAF,1984,1.1903307
CAF,1985,1.2007941
CAF,1986,1.2236245
CAF,1987,1.1465894
CAF,1988,1.1654482
CAF,1989,1.1801841
CAF,1990,1.1447961
CAF,1991,1.138849
CAF,1992,1.1086363
CAF,1993,1.0949895
CAF,1994,1.1292403
CAF,1995,1.1525754
CAF,1996,1.0754521
CAF,1997,1.1440264
CAF,1998,1.1940268
CAF,1999,1.2396568
CAF,2000,1.2482779
CAF,2001,1.2492943
CAF,2002,1.236593
CAF,2003,1.1572633
CAF,2004,1.1903175
CAF,2005,1.206014
CAF,2006,1.2461524
CAF,2007,1.2808473
CAF,2008,1.3014005
CAF,2009,1.3337784
CAF,2010,1.3707854
CAF,2011,1.4111772
CAF,2012,1.4770354
CAF,2013,0.95827764
CAF,2014,0.9504475
CAF,2015,0.9796275
CAF,2016,1.0045509
CAF,2017,1.017272
CAF,2018,1.0224726
CAF,2019,1.0333909
CAF,2020,1.011862
CAF,2021,1
CAF,2022,0.989106
CAF,2023,0.9829996
CHL,1955,0.93999356
CHL,1956,0.92866206
CHL,1957,0.97374743
CHL,1958,0.99896574
CHL,1959,0.97500044
CHL,1960,1.048058
CHL,1961,1.0634184
CHL,1962,1.0851948
CHL,1963,1.1185204
CHL,1964,1.1003736
CHL,1965,1.0667043
CHL,1966,1.1163145
CHL,1967,1.1365367
CHL,1968,1.10142
CHL,1969,1.0831367
CHL,1970,1.0838146
CHL,1971,1.0930315
CHL,1972,1.0276068
CHL,1973,0.94632953
CHL,1974,0.9471971
CHL,1975,0.8088142
CHL,1976,0.81123275
CHL,1977,0.85641825
CHL,1978,0.8939933
CHL,1979,0.92704
CHL,1980,0.9418257
CHL,1981,0.94549596
CHL,1982,0.8365774
CHL,1983,0.7814888
CHL,1984,0.7998339
CHL,1985,0.7872469
CHL,1986,0.80251145
CHL,1987,0.8324398
CHL,1988,0.86306745
CHL,1989,0.90627664
CHL,1990,0.89716476
CHL,1991,0.9322476
CHL,1992,0.99034166
CHL,1993,1.0171704
CHL,1994,1.034754
CHL,1995,1.0766045
CHL,1996,1.0912224
CHL,1997,1.1176007
CHL,1998,1.0957758
CHL,1999,1.0697799
CHL,2000,1.0754514
CHL,2001,1.0739566
CHL,2002,1.0639421
CHL,2003,1.0694257
CHL,2004,1.0906758
CHL,2005,1.1005614
CHL,2006,1.0966445
CHL,2007,1.0931687
CHL,2008,1.0766135
CHL,2009,1.0285883
CHL,2010,1.0355221
CHL,2011,1.0392342
CHL,2012,1.0405397
CHL,2013,1.0232389
CHL,2014,1.0088176
CHL,2015,0.99244136
CHL,2016,0.9820885
CHL,2017,0.9719442
CHL,2018,0.98402673
CHL,2019,0.9624961
CHL,2020,0.9637323
CHL,2021,1
CHL,2022,0.95525146
CHL,2023,0.9289556
CHN,1956,0.29400626
CHN,1957,0.29075208
CHN,1958,0.29332277
CHN,1959,0.27349997
CHN,1960,0.27771923
CHN,1961,0.2275206
CHN,1962,0.2283673
CHN,1963,0.23786817
CHN,1964,0.25911936
CHN,1965,0.27840737
CHN,1966,0.28367108
CHN,1967,0.26099887
CHN,1968,0.24216083
CHN,1969,0.252318
CHN,1970,0.26300448
CHN,1971,0.26268062
CHN,1972,0.25727868
CHN,1973,0.26276135
CHN,1974,0.2528657
CHN,1975,0.2575688
CHN,1976,0.2396714
CHN,1977,0.24448805
CHN,1978,0.2566754
CHN,1979,0.25923637
CHN,1980,0.26188275
CHN,1981,0.25887787
CHN,1982,0.26334107
CHN,1983,0.27552858
CHN,1984,0.29821786
CHN,1985,0.31678468
CHN,1986,0.32512242
CHN,1987,0.34312078
CHN,1988,0.35832596
CHN,1989,0.3544043
CHN,1990,0.3519046
CHN,1991,0.36607647
CHN,1992,0.39603782
CHN,1993,0.42151898
CHN,1994,0.44615412
CHN,1995,0.46572566
CHN,1996,0.48032552
CHN,1997,0.49288148
CHN,1998,0.49661994
CHN,1999,0.5018597
CHN,2000,0.51245576
CHN,2001,0.524457
CHN,2002,0.5405714
CHN,2003,0.5591772
CHN,2004,0.5800504
CHN,2005,0.59212106
CHN,2006,0.63392216
CHN,2007,0.70097435
CHN,2008,0.73548687
CHN,2009,0.753161
CHN,2010,0.7595242
CHN,2011,0.788436
CHN,2012,0.80022717
CHN,2013,0.8112967
CHN,2014,0.8292184
CHN,2015,0.8511131
CHN,2016,0.87279534
CHN,2017,0.89887655
CHN,2018,0.9245694
CHN,2019,0.9467534
CHN,2020,0.95937437
CHN,2021,1
CHN,2022,0.99539447
CHN,2023,1.0137264
COL,1954,0.986785
COL,1955,0.9753877
COL,1956,0.95363986
COL,1957,0.92265266
COL,1958,0.9057781
COL,1959,0.93984884
COL,1960,0.95677114
COL,1961,0.97097194
COL,1962,0.98367226
COL,1963,0.9821415
COL,1964,1.0210873
COL,1965,0.99720746
COL,1966,1.0098032
COL,1967,1.0100018
COL,1968,1.0279354
COL,1969,1.0482613
COL,1970,1.0638461
COL,1971,1.0718445
COL,1972,1.102926
COL,1973,1.125802
COL,1974,1.1358007
COL,1975,1.1035467
COL,1976,1.1052904
COL,1977,1.0994699
COL,1978,1.143946
COL,1979,1.1545056
COL,1980,1.1522499
COL,1981,1.1174152
COL,1982,1.0873307
COL,1983,1.0767295
COL,1984,1.0839741
COL,1985,1.0838417
COL,1986,1.1043217
COL,1987,1.1109837
COL,1988,1.1073079
COL,1989,1.0967276
COL,1990,1.1099445
COL,1991,1.083977
COL,1992,1.098837
COL,1993,1.0825526
COL,1994,1.0712756
COL,1995,1.0674605
COL,1996,1.0513505
COL,1997,1.0489388
COL,1998,1.0312972
COL,1999,0.98727506
COL,2000,0.9791153
COL,2001,0.98241574
COL,2002,0.96400124
COL,2003,0.9695262
COL,2004,0.9862965
COL,2005,0.98604935
COL,2006,0.99508196
COL,2007,0.9915318
COL,2008,0.97869986
COL,2009,0.96588093
COL,2010,0.97018915
COL,2011,0.9905114
COL,2012,0.99001795
COL,2013,1.0027949
COL,2014,1.0146819
COL,2015,0.9988285
COL,2016,0.9930336
COL,2017,0.9837906
COL,2018,0.9820841
COL,2019,0.99029565
COL,2020,1.0182022
COL,2021,1
COL,2022,1.0008943
COL,2023,0.98316395
CRI,1954,0.90510106
CRI,1955,0.96285385
CRI,1956,0.9164191
CRI,1957,0.9433262
CRI,1958,1.0286049
CRI,1959,1.0070542
CRI,1960,1.0540588
CRI,1961,1.007958
CRI,1962,1.0264338
CRI,1963,1.0469483
CRI,1964,1.0532126
CRI,1965,1.1058061
CRI,1966,1.1169791
CRI,1967,1.1362406
CRI,1968,1.1856067
CRI,1969,1.1962168
CRI,1970,1.2368686
CRI,1971,1.2329222
CRI,1972,1.2438734
CRI,1973,1.2525231
CRI,1974,1.2475785
CRI,1975,1.2015908
CRI,1976,1.1832261
CRI,1977,1.1929257
CRI,1978,1.1794821
CRI,1979,1.1537063
CRI,1980,1.1088623
CRI,1981,1.062324
CRI,1982,0.9714115
CRI,1983,0.96189874
CRI,1984,0.9813681
CRI,1985,0.94454056
CRI,1986,0.9571867
CRI,1987,0.9464227
CRI,1988,0.9412376
CRI,1989,0.9391439
CRI,1990,0.9164711
CRI,1991,0.9264736
CRI,1992,0.93320984
CRI,1993,0.9470933
CRI,1994,0.9337547
CRI,1995,0.934007
CRI,1996,0.8993562
CRI,1997,0.8991541
CRI,1998,0.90127444
CRI,1999,0.8861402
CRI,2000,0.875981
CRI,2001,0.876691
CRI,2002,0.86061144
CRI,2003,0.86045957
CRI,2004,0.8544682
CRI,2005,0.85140276
CRI,2006,0.8719356
CRI,2007,0.88825554
CRI,2008,0.8886369
CRI,2009,0.8755197
CRI,2010,0.9118694
CRI,2011,0.9073299
CRI,2012,0.94026464
CRI,2013,0.94343
CRI,2014,0.94782925
CRI,2015,0.94284153
CRI,2016,0.9327628
CRI,2017,0.94302267
CRI,2018,0.9583622
CRI,2019,0.964836
CRI,2020,1.0061431
CRI,2021,1
CRI,2022,0.9833648
CRI,2023,1.0308203
CIV,1964,1.4186081
CIV,1965,1.2776098
CIV,1966,1.3232447
CIV,1967,1.3035355
CIV,1968,1.413747
CIV,1969,1.4247044
CIV,1970,1.4783313
CIV,1971,1.5262951
CIV,1972,1.5017536
CIV,1973,1.4895025
CIV,1974,1.4826422
CIV,1975,1.5318766
CIV,1976,1.6158743
CIV,1977,1.5725826
CIV,1978,1.5987766
CIV,1979,1.5319095
CIV,1980,1.3047929
CIV,1981,1.2871277
CIV,1982,1.2375475
CIV,1983,1.1381496
CIV,1984,1.0675914
CIV,1985,1.0793384
CIV,1986,1.0875887
CIV,1987,1.0493014
CIV,1988,1.0269178
CIV,1989,1.1107846
CIV,1990,1.0744348
CIV,1991,1.0341684
CIV,1992,0.997323
CIV,1993,0.9505105
CIV,1994,0.9327226
CIV,1995,0.9538276
CIV,1996,0.9706526
CIV,1997,0.9776514
CIV,1998,0.9803342
CIV,1999,0.9620921
CIV,2000,0.92514646
CIV,2001,0.9213139
CIV,2002,0.8947893
CIV,2003,0.87659496
CIV,2004,0.8753065
CIV,2005,0.87976307
CIV,2006,0.8785636
CIV,2007,0.873192
CIV,2008,0.8701747
CIV,2009,0.8719777
CIV,2010,0.90141153
CIV,2011,0.89205927
CIV,2012,0.9881459
CIV,2013,1.0455459
CIV,2014,1.0942439
CIV,2015,1.1358787
CIV,2016,1.1073009
CIV,2017,1.1048199
CIV,2018,1.077304
CIV,2019,1.070799
CIV,2020,1.0149724
CIV,2021,1
CIV,2022,0.9770729
CIV,2023,0.96511555
HRV,1994,0.88139266
HRV,1995,0.9548735
HRV,1996,1.0005385
HRV,1997,1.0465037
HRV,1998,1.06288
HRV,1999,1.0414455
HRV,2000,1.0593754
HRV,2001,1.0517938
HRV,2002,1.0837554
HRV,2003,1.0964649
HRV,2004,1.1065692
HRV,2005,1.118965
HRV,2006,1.1204785
HRV,2007,1.1213659
HRV,2008,1.0945582
HRV,2009,1.0068476
HRV,2010,1.0008829
HRV,2011,1.016195
HRV,2012,1.0109451
HRV,2013,1.0207283
HRV,2014,0.9946013
HRV,2015,1.0183355
HRV,2016,1.0347286
HRV,2017,1.0426886
HRV,2018,1.0464022
HRV,2019,0.9934159
HRV,2020,0.9074548
HRV,2021,1
HRV,2022,1.0416406
HRV,2023,1.0421765
CYP,1954,0.3847434
CYP,1955,0.37822172
CYP,1956,0.42221037
CYP,1957,0.4478682
CYP,1958,0.41186106
CYP,1959,0.42332274
CYP,1960,0.3737583
CYP,1961,0.4006433
CYP,1962,0.4226686
CYP,1963,0.43132946
CYP,1964,0.3832488
CYP,1965,0.4455628
CYP,1966,0.46137792
CYP,1967,0.5074412
CYP,1968,0.5198948
CYP,1969,0.54683477
CYP,1970,0.547424
CYP,1971,0.59741634
CYP,1972,0.6151003
CYP,1973,0.6120362
CYP,1974,0.5755069
CYP,1975,0.48252958
CYP,1976,0.57234246
CYP,1977,0.6121554
CYP,1978,0.6229114
CYP,1979,0.6438195
CYP,1980,0.64404136
CYP,1981,0.6384331
CYP,1982,0.65340346
CYP,1983,0.66108084
CYP,1984,0.674788
CYP,1985,0.6745904
CYP,1986,0.6882194
CYP,1987,0.71282506
CYP,1988,0.73255974
CYP,1989,0.744537
CYP,1990,0.7728609
CYP,1991,0.7620769
CYP,1992,0.79196936
CYP,1993,0.77915466
CYP,1994,0.8009487
CYP,1995,0.84868336
CYP,1996,0.8464911
CYP,1997,0.8499068
CYP,1998,0.88585013
CYP,1999,0.90462714
CYP,2000,0.9336937
CYP,2001,0.94140327
CYP,2002,0.95618993
CYP,2003,0.9516285
CYP,2004,0.97347856
CYP,2005,0.99384916
CYP,2006,1.0095577
CYP,2007,1.001854
CYP,2008,0.98838085
CYP,2009,0.95627636
CYP,2010,0.9579376
CYP,2011,0.9471989
CYP,2012,0.9284325
CYP,2013,0.9036783
CYP,2014,0.8932432
CYP,2015,0.90796757
CYP,2016,0.9233074
CYP,2017,0.93258387
CYP,2018,0.95122397
CYP,2019,0.9706455
CYP,2020,0.95291466
CYP,2021,1
CYP,2022,1.028374
CYP,2023,1.0276175
CZE,1994,0.78611225
CZE,1995,0.8032318
CZE,1996,0.8014378
CZE,1997,0.77308345
CZE,1998,0.75360936
CZE,1999,0.75044096
CZE,2000,0.76340413
CZE,2001,0.7864029
CZE,2002,0.7848865
CZE,2003,0.8061163
CZE,2004,0.8299774
CZE,2005,0.8645315
CZE,2006,0.90547067
CZE,2007,0.9318483
CZE,2008,0.9288577
CZE,2009,0.88832325
CZE,2010,0.9040317
CZE,2011,0.9085084
CZE,2012,0.90052444
CZE,2013,0.8950046
CZE,2014,0.903591
CZE,2015,0.9376672
CZE,2016,0.94112223
CZE,2017,0.97358096
CZE,2018,0.98222494
CZE,2019,1.0064206
CZE,2020,0.990911
CZE,2021,1
CZE,2022,0.9977336
CZE,2023,0.98177296
DNK,1954,0.5623593
DNK,1955,0.5763478
DNK,1956,0.5828882
DNK,1957,0.5947876
DNK,1958,0.6007939
DNK,1959,0.62738806
DNK,1960,0.6417956
DNK,1961,0.6583085
DNK,1962,0.6709003
DNK,1963,0.6579097
DNK,1964,0.68200374
DNK,1965,0.6790157
DNK,1966,0.6751874
DNK,1967,0.70296025
DNK,1968,0.7311595
DNK,1969,0.7581673
DNK,1970,0.7504506
DNK,1971,0.7665499
DNK,1972,0.78247124
DNK,1973,0.8048645
DNK,1974,0.7892254
DNK,1975,0.79453653
DNK,1976,0.8133657
DNK,1977,0.82283825
DNK,1978,0.8296272
DNK,1979,0.84545463
DNK,1980,0.82467026
DNK,1981,0.83009994
DNK,1982,0.84758174
DNK,1983,0.86088014
DNK,1984,0.87816715
DNK,1985,0.8904184
DNK,1986,0.8984753
DNK,1987,0.8970693
DNK,1988,0.8986474
DNK,1989,0.89941865
DNK,1990,0.9095742
DNK,1991,0.9168588
DNK,1992,0.92245895
DNK,1993,0.92215645
DNK,1994,0.9644366
DNK,1995,0.9691461
DNK,1996,0.978133
DNK,1997,0.97418576
DNK,1998,0.96241707
DNK,1999,0.96096975
DNK,2000,0.9709221
DNK,2001,0.95849967
DNK,2002,0.95265526
DNK,2003,0.9534967
DNK,2004,0.971465
DNK,2005,0.9762308
DNK,2006,0.9810148
DNK,2007,0.97138375
DNK,2008,0.9485099
DNK,2009,0.9188128
DNK,2010,0.9398379
DNK,2011,0.9410314
DNK,2012,0.9438902
DNK,2013,0.9481638
DNK,2014,0.9527692
DNK,2015,0.9578022
DNK,2016,0.96432287
DNK,2017,0.9768104
DNK,2018,0.98387897
DNK,2019,0.9859562
DNK,2020,0.9782675
DNK,2021,1
DNK,2022,0.98061454
DNK,2023,0.9884008
DOM,1955,0.9220222
DOM,1956,0.98039305
DOM,1957,1.0011383
DOM,1958,1.02076
DOM,1959,1.0564923
DOM,1960,1.1608666
DOM,1961,1.1119612
DOM,1962,1.2576524
DOM,1963,1.2801718
DOM,1964,1.2912667
DOM,1965,1.1102571
DOM,1966,1.1750189
DOM,1967,1.157047
DOM,1968,1.1075472
DOM,1969,1.1533716
DOM,1970,1.2979121
DOM,1971,1.353939
DOM,1972,1.3931628
DOM,1973,1.4640887
DOM,1974,1.4605035
DOM,1975,1.447875
DOM,1976,1.4553747
DOM,1977,1.4370043
DOM,1978,1.383211
DOM,1979,1.3596365
DOM,1980,1.3909035
DOM,1981,1.3792697
DOM,1982,1.3529311
DOM,1983,1.3470843
DOM,1984,1.2906555
DOM,1985,1.2138517
DOM,1986,1.2172716
DOM,1987,1.2746248
DOM,1988,1.2357713
DOM,1989,1.2256888
DOM,1990,0.8603981
DOM,1991,0.8188957
DOM,1992,0.8585285
DOM,1993,0.88075095
DOM,1994,0.8780276
DOM,1995,0.9028029
DOM,1996,0.94618773
DOM,1997,0.95235705
DOM,1998,0.9043634
DOM,1999,0.9068361
DOM,2000,0.9252292
DOM,2001,0.9207021
DOM,2002,0.93391347
DOM,2003,0.91311246
DOM,2004,0.8903756
DOM,2005,0.9363186
DOM,2006,0.9844635
DOM,2007,1.0095991
DOM,2008,0.9805718
DOM,2009,0.9576007
DOM,2010,0.9864032
DOM,2011,0.9694068
DOM,2012,0.9563162
DOM,2013,0.9644867
DOM,2014,0.97133815
DOM,2015,0.9906525
DOM,2016,1.0033324
DOM,2017,1.0013446
DOM,2018,1.0151535
DOM,2019,1.0182947
DOM,2020,1.0000548
DOM,2021,1
DOM,2022,0.99197555
DOM,2023,0.9609171
ECU,1954,0.72988075
ECU,1955,0.7233988
ECU,1956,0.7145355
ECU,1957,0.7141906
ECU,1958,0.7113075
ECU,1959,0.71061265
ECU,1960,0.7212343
ECU,1961,0.7298321
ECU,1962,0.7345233
ECU,1963,0.72513133
ECU,1964,0.7485057
ECU,1965,0.7425983
ECU,1966,0.73196495
ECU,1967,0.7532164
ECU,1968,0.75139356
ECU,1969,0.7413727
ECU,1970,0.76920176
ECU,1971,0.75916314
ECU,1972,0.787422
ECU,1973,0.81000835
ECU,1974,0.87142533
ECU,1975,0.9267541
ECU,1976,0.9285763
ECU,1977,0.8917769
ECU,1978,0.879788
ECU,1979,0.8687232
ECU,1980,0.854983
ECU,1981,0.8969386
ECU,1982,0.87495357
ECU,1983,0.84821
ECU,1984,0.8386532
ECU,1985,0.84456784
ECU,1986,0.84475636
ECU,1987,0.836802
ECU,1988,0.83355093
ECU,1989,0.8188026
ECU,1990,0.8388496
ECU,1991,0.8459585
ECU,1992,0.8370004
ECU,1993,0.8276997
ECU,1994,0.82615995
ECU,1995,0.8171515
ECU,1996,0.83134466
ECU,1997,0.82847166
ECU,1998,0.83200455
ECU,1999,0.847256
ECU,2000,0.85307604
ECU,2001,0.8586727
ECU,2002,0.8751151
ECU,2003,0.8741756
ECU,2004,0.899354
ECU,2005,0.91417336
ECU,2006,0.9328161
ECU,2007,0.92847615
ECU,2008,0.9501098
ECU,2009,0.9402994
ECU,2010,0.9443125
ECU,2011,0.9896467
ECU,2012,1.0173228
ECU,2013,1.0453029
ECU,2014,1.0543249
ECU,2015,1.0343467
ECU,2016,1.0294263
ECU,2017,1.0595764
ECU,2018,1.040639
ECU,2019,1.0315527
ECU,2020,1.0199772
ECU,2021,1
ECU,2022,1.0352724
ECU,2023,1.038849
EGY,1962,1.0799937
EGY,1963,1.0552759
EGY,1964,1.1734644
EGY,1965,1.1577501
EGY,1966,1.0967723
EGY,1967,1.0780529
EGY,1968,1.1088881
EGY,1969,1.1540056
EGY,1970,1.3212116
EGY,1971,1.3329045
EGY,1972,1.3552796
EGY,1973,1.2955502
EGY,1974,1.2519978
EGY,1975,1.2196597
EGY,1976,1.2372462
EGY,1977,1.2189821
EGY,1978,1.1995429
EGY,1979,1.2000396
EGY,1980,1.1941075
EGY,1981,1.1186155
EGY,1982,1.1213921
EGY,1983,1.0792559
EGY,1984,1.0774776
EGY,1985,1.0544411
EGY,1986,1.0387441
EGY,1987,0.9948039
EGY,1988,0.9770581
EGY,1989,0.9669155
EGY,1990,0.97360194
EGY,1991,0.9519382
EGY,1992,0.97116315
EGY,1993,0.97376066
EGY,1994,0.9742727
EGY,1995,0.97278374
EGY,1996,0.9862924
EGY,1997,0.98476064
EGY,1998,0.96350026
EGY,1999,0.9643021
EGY,2000,0.97592366
EGY,2001,0.97353315
EGY,2002,0.9715536
EGY,2003,0.9733457
EGY,2004,0.9790305
EGY,2005,0.9787938
EGY,2006,0.9956913
EGY,2007,0.9907008
EGY,2008,0.9903372
EGY,2009,0.9786264
EGY,2010,0.9685596
EGY,2011,0.96940964
EGY,2012,0.958689
EGY,2013,0.954232
EGY,2014,0.9558565
EGY,2015,0.96200335
EGY,2016,0.98975694
EGY,2017,0.975647
EGY,2018,0.97261393
EGY,2019,0.97358286
EGY,2020,1.0197253
EGY,2021,1
EGY,2022,0.9924767
EGY,2023,0.9974515
SLV,1975,1.9183844
SLV,1976,1.8663536
SLV,1977,1.8285388
SLV,1978,1.8064754
SLV,1979,1.684931
SLV,1980,1.563414
SLV,1981,1.4360722
SLV,1982,1.3627251
SLV,1983,1.3653525
SLV,1984,1.3816212
SLV,1985,1.390365
SLV,1986,1.3577037
SLV,1987,1.337346
SLV,1988,1.3038929
SLV,1989,1.2601954
SLV,1990,1.2700851
SLV,1991,1.2445703
SLV,1992,1.2763976
SLV,1993,1.2699314
SLV,1994,1.2507133
SLV,1995,1.2507282
SLV,1996,1.2025672
SLV,1997,1.1980509
SLV,1998,1.1665977
SLV,1999,1.1534412
SLV,2000,1.1296736
SLV,2001,1.1024728
SLV,2002,1.1134483
SLV,2003,1.0949805
SLV,2004,1.088951
SLV,2005,1.0913239
SLV,2006,1.1004356
SLV,2007,1.0736779
SLV,2008,1.0769037
SLV,2009,1.0512775
SLV,2010,1.0528176
SLV,2011,1.0568831
SLV,2012,1.0468416
SLV,2013,1.032413
SLV,2014,1.028211
SLV,2015,1.0246224
SLV,2016,1.0194777
SLV,2017,1.0171665
SLV,2018,1.003688
SLV,2019,0.9890284
SLV,2020,0.92600256
SLV,2021,1
SLV,2022,0.9847292
SLV,2023,0.9803316
EST,1994,0.5281742
EST,1995,0.56600827
EST,1996,0.5941466
EST,1997,0.65735906
EST,1998,0.6620757
EST,1999,0.66718876
EST,2000,0.729637
EST,2001,0.75450015
EST,2002,0.78405905
EST,2003,0.80456847
EST,2004,0.8339179
EST,2005,0.86987257
EST,2006,0.8939672
EST,2007,0.92288613
EST,2008,0.8634828
EST,2009,0.82180035
EST,2010,0.852148
EST,2011,0.85869706
EST,2012,0.87305987
EST,2013,0.8703366
EST,2014,0.8886507
EST,2015,0.8807393
EST,2016,0.895982
EST,2017,0.9149756
EST,2018,0.9417046
EST,2019,0.95839614
EST,2020,0.9475312
EST,2021,1
EST,2022,0.96319324
EST,2023,0.90571964
SWZ,1980,0.6165674
SWZ,1981,0.6228932
SWZ,1982,0.6009002
SWZ,1983,0.5529093
SWZ,1984,0.5268732
SWZ,1985,0.5116245
SWZ,1986,0.5912711
SWZ,1987,0.6119107
SWZ,1988,0.61247075
SWZ,1989,0.62479097
SWZ,1990,0.6524613
SWZ,1991,0.6310821
SWZ,1992,0.61826736
SWZ,1993,0.61133474
SWZ,1994,0.6149196
SWZ,1995,0.6357629
SWZ,1996,0.6436965
SWZ,1997,0.6489857
SWZ,1998,0.65179396
SWZ,1999,0.66467357
SWZ,2000,0.6597765
SWZ,2001,0.67563313
SWZ,2002,0.71305376
SWZ,2003,0.7516788
SWZ,2004,0.7851111
SWZ,2005,0.84113485
SWZ,2006,0.87441564
SWZ,2007,0.90164065
SWZ,2008,0.8952803
SWZ,2009,0.89680344
SWZ,2010,0.89768744
SWZ,2011,0.89510167
SWZ,2012,0.9228935
SWZ,2013,0.9371552
SWZ,2014,0.9246789
SWZ,2015,0.9217797
SWZ,2016,0.91379815
SWZ,2017,0.9389731
SWZ,2018,0.95494616
SWZ,2019,0.9812895
SWZ,2020,0.9748814
SWZ,2021,1
SWZ,2022,0.9690121
SWZ,2023,0.979489
FJI,1980,1.3900511
FJI,1981,1.4230701
FJI,1982,1.3455912
FJI,1983,1.2611655
FJI,1984,1.326995
FJI,1985,1.2351266
FJI,1986,1.3034252
FJI,1987,1.1982167
FJI,1988,1.2017152
FJI,1989,1.2552935
FJI,1990,1.3346858
FJI,1991,1.2683967
FJI,1992,1.3119439
FJI,1993,1.2947206
FJI,1994,1.3291754
FJI,1995,1.3321129
FJI,1996,1.3437705
FJI,1997,1.2635723
FJI,1998,1.2037263
FJI,1999,1.2441357
FJI,2000,1.1935453
FJI,2001,1.1911157
FJI,2002,1.1870246
FJI,2003,1.1442211
FJI,2004,1.1595199
FJI,2005,1.1663418
FJI,2006,1.1875039
FJI,2007,1.1922982
FJI,2008,1.1949413
FJI,2009,1.1854508
FJI,2010,1.2049428
FJI,2011,1.2120785
FJI,2012,1.2202033
FJI,2013,1.2143036
FJI,2014,1.1887355
FJI,2015,1.2228824
FJI,2016,1.2425629
FJI,2017,1.2806396
FJI,2018,1.2940053
FJI,2019,1.2643256
FJI,2020,1.0629882
FJI,2021,1
FJI,2022,1.1522119
FJI,2023,1.2096117
FIN,1954,0.47631422
FIN,1955,0.4982818
FIN,1956,0.49697742
FIN,1957,0.48664913
FIN,1958,0.47612277
FIN,1959,0.49887535
FIN,1960,0.5248127
FIN,1961,0.53909963
FIN,1962,0.5415846
FIN,1963,0.5464933
FIN,1964,0.55942595
FIN,1965,0.5656686
FIN,1966,0.57001
FIN,1967,0.57816637
FIN,1968,0.5845575
FIN,1969,0.6236511
FIN,1970,0.6481014
FIN,1971,0.6527064
FIN,1972,0.6810253
FIN,1973,0.7013782
FIN,1974,0.7022043
FIN,1975,0.7156594
FIN,1976,0.70762527
FIN,1977,0.7076014
FIN,1978,0.7209756
FIN,1979,0.7554893
FIN,1980,0.7718138
FIN,1981,0.76082236
FIN,1982,0.7683251
FIN,1983,0.7816224
FIN,1984,0.79193866
FIN,1985,0.8037447
FIN,1986,0.817476
FIN,1987,0.82221663
FIN,1988,0.84337986
FIN,1989,0.85817355
FIN,1990,0.85641015
FIN,1991,0.83621144
FIN,1992,0.84187394
FIN,1993,0.86386687
FIN,1994,0.89583546
FIN,1995,0.91204405
FIN,1996,0.92672086
FIN,1997,0.9554689
FIN,1998,0.9828211
FIN,1999,0.9975535
FIN,2000,1.0298195
FIN,2001,1.0362717
FIN,2002,1.0351441
FIN,2003,1.0416259
FIN,2004,1.0636321
FIN,2005,1.0712197
FIN,2006,1.0886354
FIN,2007,1.1141793
FIN,2008,1.0925413
FIN,2009,1.0162418
FIN,2010,1.0397907
FIN,2011,1.047519
FIN,2012,1.0223945
FIN,2013,1.0122297
FIN,2014,1.0047927
FIN,2015,1.000669
FIN,2016,1.0129339
FIN,2017,1.0336202
FIN,2018,1.0184942
FIN,2019,1.0156229
FIN,2020,0.99703556
FIN,2021,1
FIN,2022,0.9857616
FIN,2023,0.96571875
FRA,1954,0.40464967
FRA,1955,0.42219514
FRA,1956,0.445688
FRA,1957,0.47021785
FRA,1958,0.48353174
FRA,1959,0.49584812
FRA,1960,0.52863455
FRA,1961,0.5474055
FRA,1962,0.5679569
FRA,1963,0.5905835
FRA,1964,0.6069239
FRA,1965,0.62197787
FRA,1966,0.6354853
FRA,1967,0.6556905
FRA,1968,0.6731094
FRA,1969,0.7110494
FRA,1970,0.7322356
FRA,1971,0.7464758
FRA,1972,0.7685897
FRA,1973,0.7924752
FRA,1974,0.8107987
FRA,1975,0.7949639
FRA,1976,0.79730636
FRA,1977,0.8143799
FRA,1978,0.8457025
FRA,1979,0.8566495
FRA,1980,0.8555025
FRA,1981,0.85870147
FRA,1982,0.8902352
FRA,1983,0.895324
FRA,1984,0.9037613
FRA,1985,0.91857177
FRA,1986,0.9247596
FRA,1987,0.92349297
FRA,1988,0.94120616
FRA,1989,0.9615634
FRA,1990,0.96612257
FRA,1991,0.9656182
FRA,1992,0.9728426
FRA,1993,0.96934813
FRA,1994,0.98033357
FRA,1995,0.99500406
FRA,1996,0.99684495
FRA,1997,1.0073618
FRA,1998,1.022051
FRA,1999,1.0285717
FRA,2000,1.0480064
FRA,2001,1.0512881
FRA,2002,1.061369
FRA,2003,1.057183
FRA,2004,1.0626407
FRA,2005,1.0642499
FRA,2006,1.0785427
FRA,2007,1.0708028
FRA,2008,1.0539725
FRA,2009,1.027373
FRA,2010,1.0335081
FRA,2011,1.039964
FRA,2012,1.031195
FRA,2013,1.0345254
FRA,2014,1.0354038
FRA,2015,1.0352886
FRA,2016,1.0282587
FRA,2017,1.0380622
FRA,2018,1.033772
FRA,2019,1.032905
FRA,2020,0.99669427
FRA,2021,1
FRA,2022,0.98786205
FRA,2023,0.9819992
GAB,1964,1.5304699
GAB,1965,1.6198344
GAB,1966,1.5136676
GAB,1967,1.6915102
GAB,1968,1.7034712
GAB,1969,1.8333478
GAB,1970,1.9660938
GAB,1971,2.091902
GAB,1972,2.2235858
GAB,1973,2.3275568
GAB,1974,2.7724798
GAB,1975,2.8152816
GAB,1976,3.1541367
GAB,1977,2.4358509
GAB,1978,1.7819284
GAB,1979,1.7084768
GAB,1980,1.688378
GAB,1981,1.6803347
GAB,1982,1.5576367
GAB,1983,1.5621935
GAB,1984,1.601918
GAB,1985,1.4895093
GAB,1986,1.4347761
GAB,1987,1.174456
GAB,1988,1.2709297
GAB,1989,1.3590623
GAB,1990,1.4217968
GAB,1991,1.4878088
GAB,1992,1.4320388
GAB,1993,1.44065
GAB,1994,1.489215
GAB,1995,1.5396849
GAB,1996,1.5550224
GAB,1997,1.5798796
GAB,1998,1.5507916
GAB,1999,1.3628507
GAB,2000,1.3213592
GAB,2001,1.3291626
GAB,2002,1.2794942
GAB,2003,1.2984596
GAB,2004,1.2970077
GAB,2005,1.2930505
GAB,2006,1.234616
GAB,2007,1.2905784
GAB,2008,1.2191904
GAB,2009,1.1942881
GAB,2010,1.2247323
GAB,2011,1.2451545
GAB,2012,1.2403015
GAB,2013,1.2512255
GAB,2014,1.2363355
GAB,2015,1.2356888
GAB,2016,1.2177967
GAB,2017,1.1916946
GAB,2018,1.12664
GAB,2019,1.0882173
GAB,2020,1.0466883
GAB,2021,1
GAB,2022,0.9598339
GAB,2023,0.92986405
DEU,1954,0.3964862
DEU,1955,0.4210403
DEU,1956,0.4381093
DEU,1957,0.4507851
DEU,1958,0.4614977
DEU,1959,0.48570603
DEU,1960,0.51196116
DEU,1961,0.52098215
DEU,1962,0.5343301
DEU,1963,0.5385132
DEU,1964,0.5518788
DEU,1965,0.5677491
DEU,1966,0.57145065
DEU,1967,0.57488626
DEU,1968,0.5933562
DEU,1969,0.61990273
DEU,1970,0.6317424
DEU,1971,0.64187074
DEU,1972,0.6571025
DEU,1973,0.6763403
DEU,1974,0.68159693
DEU,1975,0.68368244
DEU,1976,0.7024203
DEU,1977,0.7165788
DEU,1978,0.72435874
DEU,1979,0.7347187
DEU,1980,0.7292825
DEU,1981,0.7263135
DEU,1982,0.71983314
DEU,1983,0.72765654
DEU,1984,0.73865694
DEU,1985,0.7473992
DEU,1986,0.7532862
DEU,1987,0.7555202
DEU,1988,0.7694763
DEU,1989,0.7885583
DEU,1990,0.82394266
DEU,1991,0.87448984
DEU,1992,0.882075
DEU,1993,0.88192
DEU,1994,0.8966909
DEU,1995,0.899681
DEU,1996,0.9035632
DEU,1997,0.91311693
DEU,1998,0.9158836
DEU,1999,0.9196885
DEU,2000,0.9295579
DEU,2001,0.9387414
DEU,2002,0.9354855
DEU,2003,0.9328994
DEU,2004,0.93570024
DEU,2005,0.94168323
DEU,2006,0.9574862
DEU,2007,0.96672165
DEU,2008,0.96098214
DEU,2009,0.9185058
DEU,2010,0.9394758
DEU,2011,0.96052027
DEU,2012,0.96233785
DEU,2013,0.9622288
DEU,2014,0.970328
DEU,2015,0.9741664
DEU,2016,0.9845557
DEU,2017,0.9987526
DEU,2018,0.99734634
DEU,2019,0.99837124
DEU,2020,0.9853351
DEU,2021,1
DEU,2022,1.0016721
DEU,2023,0.99419236
GRC,1955,0.6289341
GRC,1956,0.67583144
GRC,1957,0.71425813
GRC,1958,0.73325247
GRC,1959,0.74609613
GRC,1960,0.7458552
GRC,1961,0.8259576
GRC,1962,0.8195764
GRC,1963,0.8978801
GRC,1964,0.95796704
GRC,1965,1.0258132
GRC,1966,1.061268
GRC,1967,1.0932937
GRC,1968,1.1415119
GRC,1969,1.2233453
GRC,1970,1.2875297
GRC,1971,1.3228056
GRC,1972,1.3779777
GRC,1973,1.40695
GRC,1974,1.2770406
GRC,1975,1.318746
GRC,1976,1.3578434
GRC,1977,1.3501348
GRC,1978,1.3976893
GRC,1979,1.3857913
GRC,1980,1.3464046
GRC,1981,1.2630187
GRC,1982,1.2271184
GRC,1983,1.1852968
GRC,1984,1.2093545
GRC,1985,1.1962723
GRC,1986,1.1827537
GRC,1987,1.1505531
GRC,1988,1.1731331
GRC,1989,1.1823033
GRC,1990,1.1628523
GRC,1991,1.1817671
GRC,1992,1.1558995
GRC,1993,1.1112884
GRC,1994,1.1172421
GRC,1995,1.1243242
GRC,1996,1.1233943
GRC,1997,1.1454674
GRC,1998,1.1332688
GRC,1999,1.1369405
GRC,2000,1.1545702
GRC,2001,1.1823318
GRC,2002,1.2008659
GRC,2003,1.2368528
GRC,2004,1.2660093
GRC,2005,1.2396775
GRC,2006,1.2846621
GRC,2007,1.2926409
GRC,2008,1.2651088
GRC,2009,1.211013
GRC,2010,1.1718526
GRC,2011,1.0777799
GRC,2012,1.0042844
GRC,2013,0.9877078
GRC,2014,0.9917553
GRC,2015,1.0105729
GRC,2016,0.9900999
GRC,2017,1.0045867
GRC,2018,0.99377793
GRC,2019,1.0148458
GRC,2020,0.98893094
GRC,2021,1
GRC,2022,1.0286541
GRC,2023,1.0392672
GTM,1954,0.9896253
GTM,1955,0.9671179
GTM,1956,0.9933708
GTM,1957,0.9947355
GTM,1958,1.0045066
GTM,1959,1.0101746
GTM,1960,1.0077991
GTM,1961,1.0273917
GTM,1962,1.0310323
GTM,1963,1.0899023
GTM,1964,1.0879897
GTM,1965,1.0835166
GTM,1966,1.1024086
GTM,1967,1.1061591
GTM,1968,1.1415104
GTM,1969,1.1553172
GTM,1970,1.1844224
GTM,1971,1.1900073
GTM,1972,1.216929
GTM,1973,1.2341601
GTM,1974,1.2590235
GTM,1975,1.2303954
GTM,1976,1.2343351
GTM,1977,1.2423904
GTM,1978,1.21384
GTM,1979,1.1950011
GTM,1980,1.182741
GTM,1981,1.13958
GTM,1982,1.0906048
GTM,1983,1.0599486
GTM,1984,1.0333264
GTM,1985,1.0175369
GTM,1986,1.0154005
GTM,1987,1.0145159
GTM,1988,1.0110953
GTM,1989,1.0006667
GTM,1990,1.0090685
GTM,1991,1.019602
GTM,1992,1.0303838
GTM,1993,1.0233406
GTM,1994,1.0208503
GTM,1995,1.0278438
GTM,1996,1.0209563
GTM,1997,1.0166994
GTM,1998,1.0080663
GTM,1999,0.9940817
GTM,2000,0.9843655
GTM,2001,0.97855353
GTM,2002,0.9854922
GTM,2003,0.9818883
GTM,2004,0.980809
GTM,2005,0.9857307
GTM,2006,0.99059254
GTM,2007,1.0098431
GTM,2008,1.0056462
GTM,2009,0.98672557
GTM,2010,0.99050534
GTM,2011,0.9937482
GTM,2012,0.966097
GTM,2013,0.99815387
GTM,2014,0.9933382
GTM,2015,0.9889506
GTM,2016,0.9737078
GTM,2017,0.9742132
GTM,2018,0.98782915
GTM,2019,0.9827418
GTM,2020,0.9711474
GTM,2021,1
GTM,2022,1.001477
GTM,2023,0.97238827
HND,1970,1.3012626
HND,1971,1.3045472
HND,1972,1.3312141
HND,1973,1.3728815
HND,1974,1.3031406
HND,1975,1.2811203
HND,1976,1.3504332
HND,1977,1.4127969
HND,1978,1.4600679
HND,1979,1.4475411
HND,1980,1.3921632
HND,1981,1.3812544
HND,1982,1.3317454
HND,1983,1.2771299
HND,1984,1.2790381
HND,1985,1.2836313
HND,1986,1.2648003
HND,1987,1.297822
HND,1988,1.3042114
HND,1989,1.303348
HND,1990,1.2587099
HND,1991,1.2548813
HND,1992,1.2116793
HND,1993,1.2125394
HND,1994,1.1298971
HND,1995,1.1274136
HND,1996,1.0792805
HND,1997,1.0651836
HND,1998,1.0434579
HND,1999,0.95110697
HND,2000,0.98385173
HND,2001,0.9989101
HND,2002,1.0108005
HND,2003,1.0246817
HND,2004,1.0556962
HND,2005,1.0686015
HND,2006,1.0920289
HND,2007,1.1010078
HND,2008,1.0774053
HND,2009,1.0265598
HND,2010,1.0228897
HND,2011,1.0369465
HND,2012,1.0495863
HND,2013,1.0103217
HND,2014,1.0221559
HND,2015,1.0016781
HND,2016,1.0133765
HND,2017,1.0122224
HND,2018,0.9812571
HND,2019,0.9949891
HND,2020,0.9229182
HND,2021,1
HND,2022,1.0262365
HND,2023,1.0272669
HKG,1964,0.6545838
HKG,1965,0.69017184
HKG,1966,0.6573382
HKG,1967,0.63640773
HKG,1968,0.63462377
HKG,1969,0.67913324
HKG,1970,0.7108897
HKG,1971,0.707443
HKG,1972,0.7326378
HKG,1973,0.77663636
HKG,1974,0.7548911
HKG,1975,0.71266633
HKG,1976,0.77840066
HKG,1977,0.7995958
HKG,1978,0.7934267
HKG,1979,0.83384603
HKG,1980,0.82814795
HKG,1981,0.82336587
HKG,1982,0.80489254
HKG,1983,0.81808865
HKG,1984,0.85136986
HKG,1985,0.8210512
HKG,1986,0.8632514
HKG,1987,0.9333937
HKG,1988,0.9522762
HKG,1989,0.9451538
HKG,1990,0.9514801
HKG,1991,0.9569001
HKG,1992,0.9911797
HKG,1993,0.9898996
HKG,1994,0.9922119
HKG,1995,0.97547215
HKG,1996,0.9447975
HKG,1997,0.94198143
HKG,1998,0.85735875
HKG,1999,0.85323507
HKG,2000,0.87522733
HKG,2001,0.8395595
HKG,2002,0.8301064
HKG,2003,0.8364587
HKG,2004,0.87036896
HKG,2005,0.89995855
HKG,2006,0.9371028
HKG,2007,0.96339923
HKG,2008,0.96555173
HKG,2009,0.93251556
HKG,2010,0.96027243
HKG,2011,0.9608202
HKG,2012,0.9406498
HKG,2013,0.9464464
HKG,2014,0.95042396
HKG,2015,0.9517263
HKG,2016,0.97072613
HKG,2017,0.98962504
HKG,2018,0.99847627
HKG,2019,0.97871786
HKG,2020,0.94991595
HKG,2021,1
HKG,2022,0.96223503
HKG,2023,0.9788628
HUN,1974,0.7210437
HUN,1975,0.74409926
HUN,1976,0.74602425
HUN,1977,0.76923496
HUN,1978,0.776308
HUN,1979,0.76643425
HUN,1980,0.7541165
HUN,1981,0.7655783
HUN,1982,0.8001163
HUN,1983,0.80283827
HUN,1984,0.83458805
HUN,1985,0.8338025
HUN,1986,0.83959144
HUN,1987,0.8533342
HUN,1988,0.8421708
HUN,1989,0.8467002
HUN,1990,0.8262481
HUN,1991,0.75657636
HUN,1992,0.7814833
HUN,1993,0.80393517
HUN,1994,0.80008507
HUN,1995,0.81143177
HUN,1996,0.80369806
HUN,1997,0.80846924
HUN,1998,0.8214863
HUN,1999,0.8176805
HUN,2000,0.83851814
HUN,2001,0.8627529
HUN,2002,0.8899275
HUN,2003,0.9044776
HUN,2004,0.9349878
HUN,2005,0.9680193
HUN,2006,0.9877976
HUN,2007,0.9825853
HUN,2008,0.984529
HUN,2009,0.92667943
HUN,2010,0.9292372
HUN,2011,0.9451492
HUN,2012,0.9247884
HUN,2013,0.92772114
HUN,2014,0.92702746
HUN,2015,0.93564194
HUN,2016,0.9270763
HUN,2017,0.9461009
HUN,2018,0.9760002
HUN,2019,1.001378
HUN,2020,0.96926683
HUN,2021,1
HUN,2022,1.0115073
HUN,2023,0.997124
ISL,1954,0.4952806
ISL,1955,0.52778536
ISL,1956,0.53218246
ISL,1957,0.52776855
ISL,1958,0.56559026
ISL,1959,0.5632841
ISL,1960,0.56712276
ISL,1961,0.5519466
ISL,1962,0.57782567
ISL,1963,0.61614996
ISL,1964,0.6210974
ISL,1965,0.6325035
ISL,1966,0.65715545
ISL,1967,0.6378653
ISL,1968,0.5968034
ISL,1969,0.6062565
ISL,1970,0.6307319
ISL,1971,0.67834836
ISL,1972,0.70010936
ISL,1973,0.7160681
ISL,1974,0.7222497
ISL,1975,0.7092341
ISL,1976,0.7275693
ISL,1977,0.78355473
ISL,1978,0.81055593
ISL,1979,0.8321369
ISL,1980,0.84479547
ISL,1981,0.8372839
ISL,1982,0.821609
ISL,1983,0.7905946
ISL,1984,0.8025351
ISL,1985,0.7951401
ISL,1986,0.81671566
ISL,1987,0.8371327
ISL,1988,0.84036297
ISL,1989,0.8413388
ISL,1990,0.84748244
ISL,1991,0.83330536
ISL,1992,0.7969644
ISL,1993,0.79855734
ISL,1994,0.8260483
ISL,1995,0.8083773
ISL,1996,0.82619554
ISL,1997,0.8155495
ISL,1998,0.8251507
ISL,1999,0.8255128
ISL,2000,0.8172543
ISL,2001,0.8211365
ISL,2002,0.83405846
ISL,2003,0.85055035
ISL,2004,0.8991052
ISL,2005,0.9059759
ISL,2006,0.9050009
ISL,2007,0.941771
ISL,2008,0.9436505
ISL,2009,0.9453302
ISL,2010,0.92329973
ISL,2011,0.9228448
ISL,2012,0.9255003
ISL,2013,0.95177805
ISL,2014,0.9520898
ISL,2015,0.96486765
ISL,2016,0.97855234
ISL,2017,0.983257
ISL,2018,1.0009459
ISL,2019,1.0140873
ISL,2020,0.97097087
ISL,2021,1
ISL,2022,1.0272462
ISL,2023,1.0404109
IND,1954,0.630581
IND,1955,0.62393194
IND,1956,0.6259805
IND,1957,0.6174471
IND,1958,0.6543497
IND,1959,0.6459696
IND,1960,0.6795352
IND,1961,0.6884475
IND,1962,0.6862967
IND,1963,0.7130154
IND,1964,0.7402725
IND,1965,0.69770914
IND,1966,0.67487997
IND,1967,0.71724015
IND,1968,0.7392256
IND,1969,0.8038388
IND,1970,0.81281686
IND,1971,0.79210114
IND,1972,0.75543386
IND,1973,0.7511153
IND,1974,0.7316336
IND,1975,0.76802564
IND,1976,0.74873906
IND,1977,0.7677709
IND,1978,0.7774637
IND,1979,0.7076668
IND,1980,0.7247725
IND,1981,0.7363879
IND,1982,0.7303593
IND,1983,0.748961
IND,1984,0.744382
IND,1985,0.7498925
IND,1986,0.7494078
IND,1987,0.7418282
IND,1988,0.77465546
IND,1989,0.780997
IND,1990,0.7816229
IND,1991,0.7549063
IND,1992,0.76043904
IND,1993,0.76327264
IND,1994,0.7841832
IND,1995,0.81183773
IND,1996,0.83463466
IND,1997,0.8273441
IND,1998,0.8369094
IND,1999,0.86283046
IND,2000,0.84915006
IND,2001,0.8428673
IND,2002,0.83258736
IND,2003,0.8541612
IND,2004,0.87125516
IND,2005,0.89250463
IND,2006,0.9139336
IND,2007,0.9249166
IND,2008,0.90021116
IND,2009,0.91748923
IND,2010,0.94136083
IND,2011,0.93340605
IND,2012,0.9361628
IND,2013,0.94183373
IND,2014,0.9717498
IND,2015,1.009523
IND,2016,1.0510694
IND,2017,1.0704671
IND,2018,1.0848575
IND,2019,1.0356905
IND,2020,0.95557636
IND,2021,1
IND,2022,1.0002325
IND,2023,1.0105311
IDN,1964,0.81554914
IDN,1965,0.8088714
IDN,1966,0.8152098
IDN,1967,0.8208452
IDN,1968,0.859926
IDN,1969,0.8438923
IDN,1970,0.8872527
IDN,1971,0.91079134
IDN,1972,0.9553635
IDN,1973,0.9933219
IDN,1974,1.0096617
IDN,1975,1.0095991
IDN,1976,1.0214086
IDN,1977,1.0468296
IDN,1978,1.0619543
IDN,1979,1.0614159
IDN,1980,1.0749665
IDN,1981,1.0598963
IDN,1982,1.0080628
IDN,1983,1.0148498
IDN,1984,1.0114796
IDN,1985,0.96822524
IDN,1986,0.9579607
IDN,1987,0.9409664
IDN,1988,0.9199758
IDN,1989,0.91828424
IDN,1990,0.92302644
IDN,1991,0.94112355
IDN,1992,0.954506
IDN,1993,0.97071576
IDN,1994,0.9635122
IDN,1995,0.9756083
IDN,1996,0.98119843
IDN,1997,0.96035326
IDN,1998,0.7924384
IDN,1999,0.77549416
IDN,2000,0.7849618
IDN,2001,0.7849674
IDN,2002,0.8012355
IDN,2003,0.8100039
IDN,2004,0.81737757
IDN,2005,0.83725256
IDN,2006,0.8517484
IDN,2007,0.85680896
IDN,2008,0.8663476
IDN,2009,0.86818683
IDN,2010,0.87611884
IDN,2011,0.90294677
IDN,2012,0.92050004
IDN,2013,0.9597049
IDN,2014,0.9551126
IDN,2015,0.9592966
IDN,2016,0.9752807
IDN,2017,0.98681927
IDN,2018,1.0060635
IDN,2019,1.0080156
IDN,2020,0.9805864
IDN,2021,1
IDN,2022,0.9904193
IDN,2023,0.9955157
IRN,1959,3.1898363
IRN,1960,3.329726
IRN,1961,3.4323907
IRN,1962,3.440403
IRN,1963,3.4572504
IRN,1964,3.446691
IRN,1965,3.6017306
IRN,1966,3.6730666
IRN,1967,3.7754815
IRN,1968,3.8740947
IRN,1969,4.0576553
IRN,1970,2.3634691
IRN,1971,2.5604677
IRN,1972,2.7294564
IRN,1973,2.7225776
IRN,1974,2.673969
IRN,1975,2.4125593
IRN,1976,2.5073178
IRN,1977,2.2263305
IRN,1978,1.811457
IRN,1979,1.5463324
IRN,1980,1.1821752
IRN,1981,1.0662117
IRN,1982,1.2592448
IRN,1983,1.326303
IRN,1985,1.1584446
IRN,1986,1.0597098
IRN,1987,1.0271944
IRN,1988,0.94452274
IRN,1989,0.9739216
IRN,1990,1.0751588
IRN,1991,1.1446414
IRN,1992,1.1417481
IRN,1993,1.1027969
IRN,1994,1.0661352
IRN,1995,1.0667831
IRN,1996,1.1156273
IRN,1997,1.0932362
IRN,1998,1.0647541
IRN,1999,1.0507127
IRN,2000,1.0421896
IRN,2001,1.0049243
IRN,2002,1.0327494
IRN,2003,1.0569268
IRN,2004,1.0165043
IRN,2005,1.0012431
IRN,2006,1.0089071
IRN,2007,1.0491085
IRN,2008,1.026639
IRN,2009,1.0119027
IRN,2010,1.046854
IRN,2011,1.0425432
IRN,2012,0.96618146
IRN,2013,0.93521345
IRN,2014,0.9705109
IRN,2015,0.92670906
IRN,2016,1.0018729
IRN,2017,0.98793423
IRN,2018,0.9697938
IRN,2019,0.91707844
IRN,2020,0.9795497
IRN,2021,1
IRN,2022,1.027577
IRN,2023,1.0572435
IRQ,1974,1.5926229
IRQ,1975,1.571359
IRQ,1976,1.6501498
IRQ,1977,1.5133443
IRQ,1978,1.5657679
IRQ,1979,1.7244017
IRQ,1980,1.5814967
IRQ,1981,1.081238
IRQ,1982,0.93982315
IRQ,1983,0.83750105
IRQ,1984,0.83559424
IRQ,1985,0.8344438
IRQ,1986,0.896528
IRQ,1987,1.0573455
IRQ,1988,1.065858
IRQ,1989,0.9317503
IRQ,1990,0.9076508
IRQ,1991,0.31711522
IRQ,1992,0.40636525
IRQ,1999,1.468928
IRQ,2000,1.4795228
IRQ,2001,1.4544331
IRQ,2002,1.3325132
IRQ,2003,0.8513101
IRQ,2004,1.2712226
IRQ,2005,1.155585
IRQ,2006,1.1015142
IRQ,2007,1.1218132
IRQ,2008,1.1329657
IRQ,2009,1.133158
IRQ,2010,1.1286771
IRQ,2011,1.1339808
IRQ,2012,1.2082037
IRQ,2013,1.1779332
IRQ,2014,1.0806677
IRQ,2015,1.0348048
IRQ,2016,1.1365218
IRQ,2017,1.1016258
IRQ,2018,1.0999612
IRQ,2019,1.1067464
IRQ,2020,0.996102
IRQ,2021,1
IRQ,2022,1.0409292
IRQ,2023,0.9989181
IRL,1954,0.30801424
IRL,1955,0.31800887
IRL,1956,0.30683908
IRL,1957,0.30390963
IRL,1958,0.30485648
IRL,1959,0.31849217
IRL,1960,0.32781428
IRL,1961,0.3381832
IRL,1962,0.3408176
IRL,1963,0.34732395
IRL,1964,0.35145304
IRL,1965,0.3497601
IRL,1966,0.3434929
IRL,1967,0.3545075
IRL,1968,0.37587255
IRL,1969,0.3882752
IRL,1970,0.38687444
IRL,1971,0.38719654
IRL,1972,0.40534034
IRL,1973,0.4072884
IRL,1974,0.41564748
IRL,1975,0.43461388
IRL,1976,0.43348798
IRL,1977,0.4516564
IRL,1978,0.46685064
IRL,1979,0.45480412
IRL,1980,0.46525633
IRL,1981,0.47465956
IRL,1982,0.47906268
IRL,1983,0.47486722
IRL,1984,0.49766773
IRL,1985,0.50785124
IRL,1986,0.49737114
IRL,1987,0.5178925
IRL,1988,0.5383493
IRL,1989,0.5606871
IRL,1990,0.5836169
IRL,1991,0.59436214
IRL,1992,0.6148154
IRL,1993,0.6245781
IRL,1994,0.6392531
IRL,1995,0.67082626
IRL,1996,0.6983978
IRL,1997,0.74955624
IRL,1998,0.7766671
IRL,1999,0.79872984
IRL,2000,0.82546663
IRL,2001,0.8296879
IRL,2002,0.8435073
IRL,2003,0.83569944
IRL,2004,0.84820795
IRL,2005,0.8393923
IRL,2006,0.83021283
IRL,2007,0.83108073
IRL,2008,0.78606814
IRL,2009,0.77957094
IRL,2010,0.80067986
IRL,2011,0.81138754
IRL,2012,0.7968269
IRL,2013,0.7882827
IRL,2014,0.83096325
IRL,2015,0.97046274
IRL,2016,0.89132315
IRL,2017,0.9062946
IRL,2018,0.92547876
IRL,2019,0.8511725
IRL,2020,0.88451105
IRL,2021,1
IRL,2022,1.050032
IRL,2023,0.9752018
ISR,1954,0.5705401
ISR,1955,0.6196032
ISR,1956,0.6488089
ISR,1957,0.6757434
ISR,1958,0.69819945
ISR,1959,0.7508287
ISR,1960,0.77202374
ISR,1961,0.80987245
ISR,1962,0.8312338
ISR,1963,0.86662513
ISR,1964,0.8871668
ISR,1965,0.82313603
ISR,1966,0.85382277
ISR,1967,0.83635575
ISR,1968,0.83032644
ISR,1969,0.91253144
ISR,1970,0.9881862
ISR,1971,1.0185435
ISR,1972,1.0565143
ISR,1973,1.0391927
ISR,1974,1.0709565
ISR,1975,1.0625579
ISR,1976,1.0259942
ISR,1977,0.9904105
ISR,1978,0.9900178
ISR,1979,1.0032022
ISR,1980,0.9989215
ISR,1981,1.0243025
ISR,1982,0.9968885
ISR,1983,0.9844327
ISR,1984,0.9548381
ISR,1985,0.977403
ISR,1986,0.9721327
ISR,1987,1.0035803
ISR,1988,1.0034845
ISR,1989,0.99309367
ISR,1990,0.96490896
ISR,1991,0.9770516
ISR,1992,0.98345643
ISR,1993,0.95435435
ISR,1994,0.95358753
ISR,1995,0.96722215
ISR,1996,0.9522799
ISR,1997,0.9378188
ISR,1998,0.9376627
ISR,1999,0.9197738
ISR,2000,0.94688475
ISR,2001,0.9401896
ISR,2002,0.91219944
ISR,2003,0.9139219
ISR,2004,0.93525577
ISR,2005,0.9414156
ISR,2006,0.9567586
ISR,2007,0.9625414
ISR,2008,0.9500258
ISR,2009,0.9344341
ISR,2010,0.95132464
ISR,2011,0.96537566
ISR,2012,0.951151
ISR,2013,0.95691353
ISR,2014,0.9610088
ISR,2015,0.9558087
ISR,2016,0.95128924
ISR,2017,0.9555102
ISR,2018,0.95775616
ISR,2019,0.9656446
ISR,2020,0.97070855
ISR,2021,1
ISR,2022,0.99769014
ISR,2023,0.9791219
ITA,1954,0.6845704
ITA,1955,0.6988714
ITA,1956,0.704616
ITA,1957,0.70835793
ITA,1958,0.71939147
ITA,1959,0.742856
ITA,1960,0.77472675
ITA,1961,0.81011194
ITA,1962,0.8430807
ITA,1963,0.87280875
ITA,1964,0.87737924
ITA,1965,0.91516006
ITA,1966,0.9528143
ITA,1967,0.98054576
ITA,1968,1.0210716
ITA,1969,1.057261
ITA,1970,1.1448966
ITA,1971,1.1374329
ITA,1972,1.1450809
ITA,1973,1.1785711
ITA,1974,1.2022561
ITA,1975,1.1508464
ITA,1976,1.1937442
ITA,1977,1.2040926
ITA,1978,1.2132714
ITA,1979,1.2445995
ITA,1980,1.2365365
ITA,1981,1.212517
ITA,1982,1.1858104
ITA,1983,1.1737949
ITA,1984,1.1911741
ITA,1985,1.1956562
ITA,1986,1.1950638
ITA,1987,1.1993144
ITA,1988,1.2103244
ITA,1989,1.222156
ITA,1990,1.2131171
ITA,1991,1.1978395
ITA,1992,1.1897379
ITA,1993,1.1835237
ITA,1994,1.2013854
ITA,1995,1.2160287
ITA,1996,1.2082894
ITA,1997,1.2112771
ITA,1998,1.1996963
ITA,1999,1.191174
ITA,2000,1.2072784
ITA,2001,1.2002605
ITA,2002,1.1762275
ITA,2003,1.1539768
ITA,2004,1.1493715
ITA,2005,1.1382097
ITA,2006,1.1284056
ITA,2007,1.1181365
ITA,2008,1.0944794
ITA,2009,1.0474653
ITA,2010,1.0565966
ITA,2011,1.0557088
ITA,2012,1.0315197
ITA,2013,1.0238621
ITA,2014,1.0205703
ITA,2015,1.020091
ITA,2016,1.0170454
ITA,2017,1.0199482
ITA,2018,1.0150014
ITA,2019,1.0114431
ITA,2020,0.9809488
ITA,2021,1
ITA,2022,1.0082537
ITA,2023,0.9869169
JAM,1957,1.0953852
JAM,1958,1.1156353
JAM,1959,1.127792
JAM,1960,1.1821285
JAM,1961,1.2246248
JAM,1962,1.2300903
JAM,1963,1.299248
JAM,1964,1.3402978
JAM,1965,1.3515313
JAM,1966,1.3296076
JAM,1967,1.3087972
JAM,1968,1.288279
JAM,1969,1.2932082
JAM,1970,1.450073
JAM,1971,1.4715343
JAM,1972,1.57848
JAM,1973,1.5538164
JAM,1974,1.4510301
JAM,1975,1.4179242
JAM,1976,1.322657
JAM,1977,1.2885356
JAM,1978,1.2747034
JAM,1979,1.2604599
JAM,1980,1.1818916
JAM,1981,1.1820403
JAM,1982,1.1949174
JAM,1983,1.2014959
JAM,1984,1.1522326
JAM,1985,1.0904268
JAM,1986,1.0902379
JAM,1987,1.1427512
JAM,1988,1.1414766
JAM,1989,1.1782446
JAM,1990,1.2207158
JAM,1991,1.2074583
JAM,1992,1.2965168
JAM,1993,1.2988805
JAM,1994,1.2726822
JAM,1995,1.2372417
JAM,1996,1.2119565
JAM,1997,1.181119
JAM,1998,1.142944
JAM,1999,1.1627961
JAM,2000,1.1671426
JAM,2001,1.15963
JAM,2002,1.0918694
JAM,2003,1.114851
JAM,2004,1.1193271
JAM,2005,1.1172811
JAM,2006,1.099231
JAM,2007,1.0906917
JAM,2008,1.0739783
JAM,2009,1.0549973
JAM,2010,1.057921
JAM,2011,1.0831349
JAM,2012,1.072307
JAM,2013,1.0733836
JAM,2014,1.0686933
JAM,2015,1.0661136
JAM,2016,1.0519847
JAM,2017,1.0399845
JAM,2018,1.0463707
JAM,2019,1.0323443
JAM,2020,0.9842379
JAM,2021,1
JAM,2022,0.9997629
JAM,2023,0.99997526
JPN,1954,0.6004357
JPN,1955,0.6083876
JPN,1956,0.61623824
JPN,1957,0.6222643
JPN,1958,0.6268264
JPN,1959,0.6490788
JPN,1960,0.6805415
JPN,1961,0.7035934
JPN,1962,0.71352905
JPN,1963,0.7262763
JPN,1964,0.75061363
JPN,1965,0.7489196
JPN,1966,0.7702099
JPN,1967,0.79083306
JPN,1968,0.82188326
JPN,1969,0.8537134
JPN,1970,0.8724994
JPN,1971,0.8552816
JPN,1972,0.87280893
JPN,1973,0.88380647
JPN,1974,0.851964
JPN,1975,0.85835576
JPN,1976,0.85430443
JPN,1977,0.8586505
JPN,1978,0.87068576
JPN,1979,0.88306886
JPN,1980,0.8759907
JPN,1981,0.8868612
JPN,1982,0.8920553
JPN,1983,0.8993858
JPN,1984,0.9125141
JPN,1985,0.9390427
JPN,1986,0.94537264
JPN,1987,0.96162933
JPN,1988,0.9878803
JPN,1989,1.0047711
JPN,1990,1.0212523
JPN,1991,1.0272278
JPN,1992,1.0161464
JPN,1993,1.0051389
JPN,1994,0.99996245
JPN,1995,1.0033988
JPN,1996,1.0096586
JPN,1997,1.0020328
JPN,1998,0.9847238
JPN,1999,0.97745866
JPN,2000,0.98958504
JPN,2001,0.98855996
JPN,2002,0.99095833
JPN,2003,0.99645615
JPN,2004,1.0039294
JPN,2005,1.0118932
JPN,2006,1.009513
JPN,2007,1.0143917
JPN,2008,1.0016049
JPN,2009,0.96292824
JPN,2010,0.9951538
JPN,2011,0.99475014
JPN,2012,1.0014651
JPN,2013,1.0174806
JPN,2014,1.0105815
JPN,2015,1.0184702
JPN,2016,1.0163443
JPN,2017,1.0210351
JPN,2018,1.0180811
JPN,2019,1.0141984
JPN,2020,0.985455
JPN,2021,1
JPN,2022,0.9976663
JPN,2023,1.0049875
JOR,1958,1.9892671
JOR,1959,2.2035766
JOR,1960,2.178792
JOR,1961,2.3896697
JOR,1962,2.251608
JOR,1963,2.256571
JOR,1964,2.3974004
JOR,1965,2.4699173
JOR,1966,2.3717859
JOR,1967,2.4245033
JOR,1968,2.173972
JOR,1969,2.1035223
JOR,1970,1.7607933
JOR,1971,1.6739116
JOR,1972,1.6686476
JOR,1973,1.4667511
JOR,1974,1.3820761
JOR,1975,1.2944295
JOR,1976,1.373195
JOR,1977,1.3305341
JOR,1978,1.4018205
JOR,1979,1.5644374
JOR,1980,1.6141133
JOR,1981,1.6491879
JOR,1982,1.5980546
JOR,1983,1.4506454
JOR,1984,1.3979241
JOR,1985,1.2797798
JOR,1986,1.2775743
JOR,1987,1.1992131
JOR,1988,1.1400822
JOR,1989,0.9723952
JOR,1990,0.9210795
JOR,1991,0.88762367
JOR,1992,0.958022
JOR,1993,0.9232032
JOR,1994,0.8851211
JOR,1995,0.8725913
JOR,1996,0.85113335
JOR,1997,0.8496086
JOR,1998,0.85068285
JOR,1999,0.85488313
JOR,2000,0.86820346
JOR,2001,0.9112959
JOR,2002,0.9557885
JOR,2003,0.98228383
JOR,2004,1.0215216
JOR,2005,1.0395218
JOR,2006,1.0693088
JOR,2007,1.0643784
JOR,2008,1.0829816
JOR,2009,1.0757928
JOR,2010,1.0543662
JOR,2011,1.0440018
JOR,2012,1.0545524
JOR,2013,1.0795105
JOR,2014,1.0766894
JOR,2015,1.0276264
JOR,2016,0.99838156
JOR,2017,0.9968479
JOR,2018,1.0127085
JOR,2019,0.9867264
JOR,2020,0.95791423
JOR,2021,1
JOR,2022,0.9807748
JOR,2023,0.98035264
KAZ,1994,0.59871864
KAZ,1995,0.54582345
KAZ,1996,0.5498773
KAZ,1997,0.5603343
KAZ,1998,0.56612384
KAZ,1999,0.5794516
KAZ,2000,0.62327135
KAZ,2001,0.66914576
KAZ,2002,0.7239331
KAZ,2003,0.76521754
KAZ,2004,0.8052993
KAZ,2005,0.84687954
KAZ,2006,0.8984814
KAZ,2007,0.9323489
KAZ,2008,0.9216214
KAZ,2009,0.908394
KAZ,2010,0.93905777
KAZ,2011,0.9850998
KAZ,2012,0.97885966
KAZ,2013,0.99041575
KAZ,2014,1.0027235
KAZ,2015,0.99356353
KAZ,2016,0.97975874
KAZ,2017,1.016208
KAZ,2018,1.022031
KAZ,2019,1.0320791
KAZ,2020,1.0028973
KAZ,2021,1
KAZ,2022,0.9960225
KAZ,2023,0.9962975
KEN,1954,0.97627026
KEN,1955,0.9912868
KEN,1956,1.009758
KEN,1957,1.0306214
KEN,1958,1.0196483
KEN,1959,0.9549002
KEN,1960,1.0146891
KEN,1961,0.9636222
KEN,1962,1.0159019
KEN,1963,1.03846
KEN,1964,1.0728848
KEN,1965,1.0912589
KEN,1966,1.1776782
KEN,1967,1.1949841
KEN,1968,1.1464101
KEN,1969,1.1690941
KEN,1970,1.0703061
KEN,1971,1.0716226
KEN,1972,1.0689269
KEN,1973,1.065185
KEN,1974,1.0649213
KEN,1975,1.024211
KEN,1976,1.0173537
KEN,1977,1.0525224
KEN,1978,1.077798
KEN,1979,1.0594662
KEN,1980,1.0678775
KEN,1981,1.0594783
KEN,1982,1.0657424
KEN,1983,1.0412133
KEN,1984,1.0246949
KEN,1985,1.0318425
KEN,1986,1.0714303
KEN,1987,1.0913336
KEN,1988,1.1147267
KEN,1989,1.1172528
KEN,1990,1.1242734
KEN,1991,1.1022098
KEN,1992,1.0600816
KEN,1993,1.0242796
KEN,1994,0.99956965
KEN,1995,0.9848142
KEN,1996,0.9772846
KEN,1997,0.9379654
KEN,1998,0.9257296
KEN,1999,0.90632397
KEN,2000,0.87508434
KEN,2001,0.8827375
KEN,2002,0.8611306
KEN,2003,0.86359507
KEN,2004,0.872792
KEN,2005,0.88040096
KEN,2006,0.88457465
KEN,2007,0.89672714
KEN,2008,0.8542652
KEN,2009,0.8814722
KEN,2010,0.91959506
KEN,2011,0.9322157
KEN,2012,0.9370113
KEN,2013,0.9356711
KEN,2014,0.93509686
KEN,2015,0.9494589
KEN,2016,0.95346946
KEN,2017,0.95540637
KEN,2018,0.98315907
KEN,2019,1.0137472
KEN,2020,0.99905604
KEN,2021,1
KEN,2022,0.9828611
KEN,2023,0.99281895
KWT,1974,10.050322
KWT,1975,7.489849
KWT,1976,6.580527
KWT,1977,5.04148
KWT,1978,4.647988
KWT,1979,4.7584033
KWT,1980,3.445192
KWT,1981,2.5418017
KWT,1982,2.026488
KWT,1983,1.9552227
KWT,1984,1.8701118
KWT,1985,1.6647717
KWT,1986,1.7261106
KWT,1987,1.7937
KWT,1988,1.5867926
KWT,1989,1.9665204
KWT,1990,1.5311991
KWT,1991,0.92372066
KWT,1992,1.5947613
KWT,1993,2.066695
KWT,1994,2.2039537
KWT,1995,2.173072
KWT,1996,2.145564
KWT,1997,2.1279783
KWT,1998,2.0935974
KWT,1999,2.0334249
KWT,2000,2.1392832
KWT,2001,2.1170769
KWT,2002,2.0908668
KWT,2003,2.3208132
KWT,2004,2.4090183
KWT,2005,2.4640462
KWT,2006,2.3619947
KWT,2007,2.2232335
KWT,2008,2.0339384
KWT,2009,1.7597824
KWT,2010,1.5858463
KWT,2011,1.6231178
KWT,2012,1.6270804
KWT,2013,1.5757431
KWT,2014,1.4731692
KWT,2015,1.3513526
KWT,2016,1.2359539
KWT,2017,1.0805514
KWT,2018,1.0290691
KWT,2019,1.0080311
KWT,2020,0.98410416
KWT,2021,1
KWT,2022,0.98398364
KWT,2023,0.9008725
KGZ,1995,0.7533022
KGZ,1996,0.7982554
KGZ,1997,0.86816084
KGZ,1998,0.88258946
KGZ,1999,0.89250284
KGZ,2000,0.93463844
KGZ,2001,0.9818518
KGZ,2002,0.96573883
KGZ,2003,1.0113407
KGZ,2004,1.0602934
KGZ,2005,1.0313412
KGZ,2006,1.0237595
KGZ,2007,1.0666671
KGZ,2008,1.1190153
KGZ,2009,1.1148103
KGZ,2010,1.0677035
KGZ,2011,1.0798068
KGZ,2012,1.0291805
KGZ,2013,1.1097038
KGZ,2014,1.0932863
KGZ,2015,1.0929568
KGZ,2018,1.1123329
KGZ,2019,1.1006035
KGZ,2020,1.0308182
KGZ,2021,1
KGZ,2022,1.004324
KGZ,2023,1.0105466
LAO,1980,1.0355942
LAO,1981,1.167941
LAO,1982,1.214678
LAO,1983,1.2162395
LAO,1984,1.2687554
LAO,1985,1.2886504
LAO,1986,1.313064
LAO,1987,1.2202525
LAO,1988,1.1094053
LAO,1989,1.1422747
LAO,1990,1.1253775
LAO,1991,1.1115872
LAO,1992,1.102634
LAO,1993,1.095384
LAO,1994,1.1003324
LAO,1995,1.1132218
LAO,1996,1.118043
LAO,1997,1.1259179
LAO,1998,1.1033552
LAO,1999,1.1146795
LAO,2000,1.1392959
LAO,2001,1.1627773
LAO,2002,1.1781353
LAO,2003,1.1848782
LAO,2004,1.1782168
LAO,2005,1.1486497
LAO,2006,1.0408763
LAO,2007,1.1308037
LAO,2008,1.1060089
LAO,2009,1.1167444
LAO,2010,1.1461537
LAO,2011,1.1621454
LAO,2012,1.1586324
LAO,2013,1.1658463
LAO,2014,1.1658608
LAO,2015,1.1665841
LAO,2016,1.166014
LAO,2017,1.1542119
LAO,2018,1.1272839
LAO,2019,1.0870757
LAO,2020,1.0404662
LAO,2021,1
LAO,2022,0.9842225
LAO,2023,0.9878251
LVA,1994,0.50287825
LVA,1995,0.5130916
LVA,1996,0.52314335
LVA,1997,0.5559048
LVA,1998,0.58383113
LVA,1999,0.59821814
LVA,2000,0.63271415
LVA,2001,0.6506108
LVA,2002,0.6874969
LVA,2003,0.723389
LVA,2004,0.7632106
LVA,2005,0.8017202
LVA,2006,0.8451776
LVA,2007,0.881231
LVA,2008,0.84557194
LVA,2009,0.7917665
LVA,2010,0.79988766
LVA,2011,0.81092405
LVA,2012,0.8598199
LVA,2013,0.8605536
LVA,2014,0.8771103
LVA,2015,0.90933126
LVA,2016,0.9292016
LVA,2017,0.9562063
LVA,2018,0.9694241
LVA,2019,0.95473236
LVA,2020,0.95015854
LVA,2021,1
LVA,2022,0.9964615
LVA,2023,1.0015422
LSO,1970,0.8678381
LSO,1971,0.76030576
LSO,1972,0.86906964
LSO,1973,1.0387709
LSO,1974,1.0629978
LSO,1975,0.930968
LSO,1976,0.9991108
LSO,1977,1.0577999
LSO,1978,1.1647562
LSO,1979,0.9407038
LSO,1980,0.8467812
LSO,1981,0.7963868
LSO,1982,0.7698583
LSO,1983,0.67371875
LSO,1984,0.6510028
LSO,1985,0.6645826
LSO,1986,0.64896077
LSO,1987,0.6808271
LSO,1988,0.74250406
LSO,1989,0.79081327
LSO,1990,0.8354803
LSO,1991,0.85764134
LSO,1992,0.88357145
LSO,1993,0.91017604
LSO,1994,0.9320314
LSO,1995,0.9620282
LSO,1996,1.0432752
LSO,1997,1.0628641
LSO,1998,0.95901316
LSO,1999,0.946616
LSO,2000,0.95941186
LSO,2001,0.9682483
LSO,2002,0.9431336
LSO,2003,0.95516527
LSO,2004,0.9501834
LSO,2005,0.9489003
LSO,2006,0.98200744
LSO,2007,1.1155342
LSO,2008,1.1609098
LSO,2009,1.1428014
LSO,2010,1.1961027
LSO,2011,1.2169797
LSO,2012,1.2530048
LSO,2013,1.2296774
LSO,2014,1.2035903
LSO,2015,1.1867148
LSO,2016,1.1172389
LSO,2017,1.1220367
LSO,2018,1.0743387
LSO,2019,1.0578921
LSO,2020,0.9900823
LSO,2021,1
LSO,2022,0.9917165
LSO,2023,0.9983128
LTU,1994,0.5476032
LTU,1995,0.5692226
LTU,1996,0.5880528
LTU,1997,0.6200122
LTU,1998,0.6419034
LTU,1999,0.64012355
LTU,2000,0.6408723
LTU,2001,0.68288594
LTU,2002,0.7053522
LTU,2003,0.75620466
LTU,2004,0.76677364
LTU,2005,0.79783016
LTU,2006,0.83439094
LTU,2007,0.8766912
LTU,2008,0.87471634
LTU,2009,0.7893807
LTU,2010,0.80323267
LTU,2011,0.8450762
LTU,2012,0.866789
LTU,2013,0.8891191
LTU,2014,0.8993292
LTU,2015,0.895633
LTU,2016,0.8864
LTU,2017,0.9250271
LTU,2018,0.941888
LTU,2019,0.9618438
LTU,2020,0.9768981
LTU,2021,1
LTU,2022,0.972163
LTU,2023,0.9394699
LUX,1954,0.9444496
LUX,1955,0.9490326
LUX,1956,0.9561221
LUX,1957,0.9677997
LUX,1958,0.94983655
LUX,1959,0.91229063
LUX,1960,0.92482793
LUX,1961,0.92067444
LUX,1962,0.8903942
LUX,1963,0.8797671
LUX,1964,0.9127121
LUX,1965,0.8905033
LUX,1966,0.8733302
LUX,1967,0.8758604
LUX,1968,0.9103888
LUX,1969,0.9809263
LUX,1970,0.9645472
LUX,1971,0.9399665
LUX,1972,0.9498263
LUX,1973,0.97660947
LUX,1974,0.9716224
LUX,1975,0.87146544
LUX,1976,0.88427335
LUX,1977,0.88180697
LUX,1978,0.8959474
LUX,1979,0.90167135
LUX,1980,0.8871456
LUX,1981,0.87329805
LUX,1982,0.87723166
LUX,1983,0.89117855
LUX,1984,0.93487066
LUX,1985,0.9444775
LUX,1986,1.0027133
LUX,1987,0.9979646
LUX,1988,1.0283967
LUX,1989,1.0779393
LUX,1990,1.0849962
LUX,1991,1.1248736
LUX,1992,1.1191454
LUX,1993,1.1235518
LUX,1994,1.1336358
LUX,1995,1.1075697
LUX,1996,1.0955408
LUX,1997,1.1064581
LUX,1998,1.1257832
LUX,1999,1.1505898
LUX,2000,1.1644775
LUX,2001,1.13797
LUX,2002,1.1339393
LUX,2003,1.126486
LUX,2004,1.1301479
LUX,2005,1.1239872
LUX,2006,1.1432552
LUX,2007,1.1713191
LUX,2008,1.1063819
LUX,2009,1.0626886
LUX,2010,1.0687613
LUX,2011,1.0420558
LUX,2012,1.0211569
LUX,2013,1.0220785
LUX,2014,1.0068545
LUX,2015,1.0246216
LUX,2016,1.0420299
LUX,2017,1.0202205
LUX,2018,1.0028263
LUX,2019,0.99582165
LUX,2020,0.98805124
LUX,2021,1
LUX,2022,0.9827288
LUX,2023,0.94688016
MAC,1980,2.0929058
MAC,1981,2.1226833
MAC,1982,2.1079907
MAC,1983,2.163439
MAC,1984,2.1954608
MAC,1985,2.074196
MAC,1986,2.0623417
MAC,1987,2.1895437
MAC,1988,2.1876168
MAC,1989,2.1357994
MAC,1990,2.1717882
MAC,1991,2.0630457
MAC,1992,2.1366878
MAC,1993,2.0548644
MAC,1994,1.9810987
MAC,1995,1.9062378
MAC,1996,1.7897556
MAC,1997,1.720425
MAC,1998,1.6001811
MAC,1999,1.5272495
MAC,2000,1.6048551
MAC,2001,1.6144664
MAC,2002,1.7471805
MAC,2003,1.9015987
MAC,2004,2.2437286
MAC,2005,2.1772614
MAC,2006,2.1388328
MAC,2007,2.1106932
MAC,2008,1.9714342
MAC,2009,1.9389772
MAC,2010,2.3503108
MAC,2011,2.7251637
MAC,2012,2.8022976
MAC,2013,2.9084632
MAC,2014,2.5969403
MAC,2015,1.8933661
MAC,2016,1.8037688
MAC,2017,1.9130164
MAC,2018,1.9495722
MAC,2019,1.8538828
MAC,2020,0.8304951
MAC,2021,1
MAC,2022,0.7977445
MAC,2023,1.36595
MYS,1959,1.3475151
MYS,1960,1.407056
MYS,1961,1.4524997
MYS,1962,1.4609076
MYS,1963,1.4839442
MYS,1964,1.482885
MYS,1965,1.5088853
MYS,1966,1.5344702
MYS,1967,1.5133309
MYS,1968,1.545321
MYS,1969,1.5569444
MYS,1970,1.5618844
MYS,1971,1.7410198
MYS,1972,1.7257051
MYS,1973,1.7397083
MYS,1974,1.6881433
MYS,1975,1.5630331
MYS,1976,1.5845602
MYS,1977,1.5720297
MYS,1978,1.5414202
MYS,1979,1.5290233
MYS,1980,1.4678048
MYS,1981,1.3815881
MYS,1982,1.3060894
MYS,1983,1.2560756
MYS,1984,1.2314318
MYS,1985,1.1387744
MYS,1986,1.1004723
MYS,1987,1.1137544
MYS,1988,1.1467031
MYS,1989,1.1576306
MYS,1990,1.1499382
MYS,1991,1.1417919
MYS,1992,1.1302553
MYS,1993,1.1202015
MYS,1994,1.1053685
MYS,1995,1.0813593
MYS,1996,1.0729213
MYS,1997,1.0454828
MYS,1998,0.94829315
MYS,1999,0.98584753
MYS,2000,1.0226605
MYS,2001,0.99351245
MYS,2002,1.0005485
MYS,2003,1.015088
MYS,2004,1.0436004
MYS,2005,1.0493604
MYS,2006,1.060135
MYS,2007,1.0768285
MYS,2008,1.0928235
MYS,2009,1.0361366
MYS,2010,1.0468106
MYS,2011,1.029506
MYS,2012,1.0363666
MYS,2013,1.0222856
MYS,2014,1.0258569
MYS,2015,1.0267708
MYS,2016,1.0303012
MYS,2017,1.0404325
MYS,2018,1.0495441
MYS,2019,1.0546637
MYS,2020,1.0111475
MYS,2021,1
MYS,2022,1.0365921
MYS,2023,1.0395358
MLT,1965,0.46232346
MLT,1966,0.4913936
MLT,1967,0.5081387
MLT,1968,0.534491
MLT,1969,0.5411531
MLT,1970,0.59324896
MLT,1971,0.58831173
MLT,1972,0.5997575
MLT,1973,0.59906393
MLT,1974,0.63142604
MLT,1975,0.72295064
MLT,1976,0.8014733
MLT,1977,0.85236925
MLT,1978,0.90216017
MLT,1979,0.9462307
MLT,1980,0.9700379
MLT,1981,0.9606328
MLT,1982,0.9577397
MLT,1983,0.891352
MLT,1984,0.8459745
MLT,1985,0.81862664
MLT,1986,0.81677073
MLT,1987,0.785083
MLT,1988,0.80285007
MLT,1989,0.82927024
MLT,1990,0.845086
MLT,1991,0.8576748
MLT,1992,0.8689356
MLT,1993,0.872436
MLT,1994,0.87826335
MLT,1995,0.87562615
MLT,1996,0.8648458
MLT,1997,0.8714611
MLT,1998,0.875298
MLT,1999,0.8789208
MLT,2000,0.9023064
MLT,2001,0.88155293
MLT,2002,0.89276147
MLT,2003,0.90006363
MLT,2004,0.8991996
MLT,2005,0.89347184
MLT,2006,0.8816599
MLT,2007,0.8838706
MLT,2008,0.88855374
MLT,2009,0.85871756
MLT,2010,0.89155
MLT,2011,0.8830384
MLT,2012,0.8886142
MLT,2013,0.91130173
MLT,2014,0.9500343
MLT,2015,0.98001736
MLT,2016,0.94631386
MLT,2017,1.0159755
MLT,2018,1.0122193
MLT,2019,0.9747156
MLT,2020,0.9367806
MLT,2021,1
MLT,2022,0.9837552
MLT,2023,1.0104609
MRT,1977,1.2379369
MRT,1978,1.1343131
MRT,1979,1.2294421
MRT,1980,1.2208238
MRT,1981,1.2392218
MRT,1982,1.1159651
MRT,1983,1.107296
MRT,1984,1.0381901
MRT,1985,1.0366648
MRT,1986,1.0760566
MRT,1987,1.0737606
MRT,1988,1.0655141
MRT,1989,1.086384
MRT,1990,1.064284
MRT,1991,1.0723745
MRT,1992,1.0614736
MRT,1993,1.1080697
MRT,1994,1.1215676
MRT,1995,1.0558238
MRT,1996,1.1478629
MRT,1997,1.0855699
MRT,1998,1.0878681
MRT,1999,1.0961852
MRT,2000,1.0118519
MRT,2001,0.9744438
MRT,2002,0.9540248
MRT,2003,0.9742348
MRT,2004,0.96992743
MRT,2005,1.0049064
MRT,2006,1.1392542
MRT,2007,1.0620512
MRT,2008,1.0230178
MRT,2009,1.0009226
MRT,2010,0.97941476
MRT,2011,0.9785197
MRT,2012,0.9780595
MRT,2013,0.9787899
MRT,2014,0.987724
MRT,2015,1.0144793
MRT,2016,1.0066462
MRT,2017,1.0419607
MRT,2018,1.0500709
MRT,2019,1.0222543
MRT,2020,1.0253175
MRT,2021,1
MRT,2022,1.0206401
MRT,2023,1.0564524
MUS,1954,0.9795847
MUS,1955,0.9849514
MUS,1956,0.9722636
MUS,1957,0.9838991
MUS,1958,0.95044714
MUS,1959,0.93776494
MUS,1960,0.83104646
MUS,1961,0.8807996
MUS,1962,0.8755744
MUS,1963,0.9270007
MUS,1964,0.9095624
MUS,1965,0.87197834
MUS,1966,0.831795
MUS,1967,0.87316906
MUS,1968,0.74376875
MUS,1969,0.75934494
MUS,1970,0.76033413
MUS,1971,0.7544735
MUS,1972,0.77664363
MUS,1973,0.8167885
MUS,1974,0.85255384
MUS,1975,0.82118434
MUS,1976,0.9431652
MUS,1977,0.9465507
MUS,1978,0.9244648
MUS,1979,0.9082481
MUS,1980,0.7903329
MUS,1981,0.81456524
MUS,1982,0.84522635
MUS,1983,0.8269405
MUS,1984,0.8542966
MUS,1985,0.8753418
MUS,1986,0.8984136
MUS,1987,0.9319791
MUS,1988,0.898397
MUS,1989,0.87951744
MUS,1990,0.8661542
MUS,1991,0.8642523
MUS,1992,0.8824124
MUS,1993,0.8845458
MUS,1994,0.877174
MUS,1995,0.8600393
MUS,1996,0.87726784
MUS,1997,0.892517
MUS,1998,0.9114303
MUS,1999,0.89457315
MUS,2000,0.93761367
MUS,2001,0.94147754
MUS,2002,0.93401694
MUS,2003,0.9561728
MUS,2004,0.9636737
MUS,2005,0.94887555
MUS,2006,0.9497312
MUS,2007,0.9838182
MUS,2008,0.9907579
MUS,2009,0.98529375
MUS,2010,0.9928781
MUS,2011,0.98791826
MUS,2012,1.0131403
MUS,2013,1.0324466
MUS,2014,1.0524828
MUS,2015,1.0674531
MUS,2016,1.0827028
MUS,2017,1.0925124
MUS,2018,1.1178056
MUS,2019,1.0943449
MUS,2020,0.98187864
MUS,2021,1
MUS,2022,1.002389
MUS,2023,1.0275644
MEX,1954,1.4442475
MEX,1955,1.4890453
MEX,1956,1.5133514
MEX,1957,1.5413795
MEX,1958,1.5361797
MEX,1959,1.5019474
MEX,1960,1.5617738
MEX,1961,1.5265772
MEX,1962,1.514532
MEX,1963,1.573999
MEX,1964,1.6811115
MEX,1965,1.6607481
MEX,1966,1.6521616
MEX,1967,1.6410505
MEX,1968,1.6733806
MEX,1969,1.6449659
MEX,1970,1.6619692
MEX,1971,1.6322293
MEX,1972,1.6629356
MEX,1973,1.6838223
MEX,1974,1.667665
MEX,1975,1.6377773
MEX,1976,1.6078887
MEX,1977,1.5804163
MEX,1978,1.612138
MEX,1979,1.6333997
MEX,1980,1.6348104
MEX,1981,1.651148
MEX,1982,1.5561873
MEX,1983,1.4598634
MEX,1984,1.4580939
MEX,1985,1.4349426
MEX,1986,1.3394908
MEX,1987,1.3231186
MEX,1988,1.2960659
MEX,1989,1.2908691
MEX,1990,1.2751346
MEX,1991,1.27392
MEX,1992,1.2563089
MEX,1993,1.2528905
MEX,1994,1.2636675
MEX,1995,1.1894189
MEX,1996,1.2243935
MEX,1997,1.267617
MEX,1998,1.2853523
MEX,1999,1.2517887
MEX,2000,1.2631203
MEX,2001,1.2262658
MEX,2002,1.2041079
MEX,2003,1.1859965
MEX,2004,1.185019
MEX,2005,1.179516
MEX,2006,1.1962311
MEX,2007,1.1871539
MEX,2008,1.1597785
MEX,2009,1.0677662
MEX,2010,1.0938541
MEX,2011,1.0973867
MEX,2012,1.0989242
MEX,2013,1.0820383
MEX,2014,1.0873195
MEX,2015,1.0834529
MEX,2016,1.0712782
MEX,2017,1.0655593
MEX,2018,1.0583836
MEX,2019,1.0322597
MEX,2020,0.97714704
MEX,2021,1
MEX,2022,0.9949881
MEX,2023,1.0007427
MDA,1994,0.44853133
MDA,1995,0.44497016
MDA,1996,0.41990158
MDA,1997,0.42897856
MDA,1998,0.39825454
MDA,1999,0.40840742
MDA,2000,0.41631514
MDA,2001,0.44737715
MDA,2002,0.48386365
MDA,2003,0.5506859
MDA,2004,0.5987756
MDA,2005,0.63911265
MDA,2006,0.68272555
MDA,2007,0.701047
MDA,2008,0.7435182
MDA,2009,0.706711
MDA,2010,0.74158704
MDA,2011,0.771259
MDA,2012,0.779396
MDA,2013,0.86608934
MDA,2014,0.88209474
MDA,2015,0.88480926
MDA,2016,0.9366864
MDA,2017,0.9740231
MDA,2018,0.99982965
MDA,2019,1.003491
MDA,2020,0.9341564
MDA,2021,1
MDA,2022,0.93538475
MDA,2023,0.98188287
MNG,1980,0.7267648
MNG,1981,0.73953813
MNG,1982,0.75154036
MNG,1983,0.7522602
MNG,1984,0.7528088
MNG,1985,0.75550574
MNG,1986,0.7829728
MNG,1987,0.76937747
MNG,1988,0.7672343
MNG,1989,0.7522901
MNG,1990,0.73634183
MNG,1991,0.6455793
MNG,1992,0.57160425
MNG,1993,0.5358608
MNG,1994,0.53848803
MNG,1995,0.5702796
MNG,1996,0.57260925
MNG,1997,0.5822728
MNG,1998,0.57994723
MNG,1999,0.58088595
MNG,2000,0.5703987
MNG,2001,0.578689
MNG,2002,0.5912212
MNG,2003,0.61257374
MNG,2004,0.6515175
MNG,2005,0.6772361
MNG,2006,0.6957982
MNG,2007,0.7295626
MNG,2008,0.76174414
MNG,2009,0.7250779
MNG,2010,0.71321833
MNG,2011,0.7768959
MNG,2012,0.8127672
MNG,2013,0.8548326
MNG,2014,0.9041251
MNG,2015,0.9073061
MNG,2016,0.9273118
MNG,2017,0.95840585
MNG,2018,0.9940286
MNG,2019,1.0145614
MNG,2020,0.9978449
MNG,2021,1
MNG,2022,0.989511
MNG,2023,1.0190414
MAR,1954,0.62799203
MAR,1955,0.57539773
MAR,1956,0.5812707
MAR,1957,0.5597753
MAR,1958,0.6170544
MAR,1959,0.623344
MAR,1960,0.6302917
MAR,1961,0.8073123
MAR,1962,0.83935225
MAR,1963,0.9505803
MAR,1964,0.98759264
MAR,1965,0.9584766
MAR,1966,0.9075692
MAR,1967,0.92436945
MAR,1968,0.95881844
MAR,1969,1.025245
MAR,1970,1.0358732
MAR,1971,1.0397447
MAR,1972,1.0402981
MAR,1973,1.0395542
MAR,1974,1.0669949
MAR,1975,1.0519688
MAR,1976,1.0567609
MAR,1977,1.0183374
MAR,1978,1.0008062
MAR,1979,1.0040791
MAR,1980,1.0038079
MAR,1981,0.9409345
MAR,1982,0.9875243
MAR,1983,0.94641113
MAR,1984,0.9496823
MAR,1985,0.9641131
MAR,1986,1.010154
MAR,1987,0.95142525
MAR,1988,0.99944454
MAR,1989,0.97977465
MAR,1990,0.9728437
MAR,1991,0.99700695
MAR,1992,0.9244408
MAR,1993,0.88480556
MAR,1994,0.9350807
MAR,1995,0.84599876
MAR,1996,0.9112068
MAR,1997,0.857604
MAR,1998,0.8789086
MAR,1999,0.84154683
MAR,2000,0.82430345
MAR,2001,0.86601335
MAR,2002,0.8654836
MAR,2003,0.8739956
MAR,2004,0.877057
MAR,2005,0.86753434
MAR,2006,0.90334946
MAR,2007,0.8826501
MAR,2008,0.8988574
MAR,2009,0.94922864
MAR,2010,0.95978063
MAR,2011,0.9922889
MAR,2012,0.9909452
MAR,2013,1.0124594
MAR,2014,1.0328773
MAR,2015,1.0502603
MAR,2016,1.0263668
MAR,2017,1.042885
MAR,2018,1.0337645
MAR,2019,1.0341841
MAR,2020,0.9683177
MAR,2021,1
MAR,2022,0.99772376
MAR,2023,1.0070364
MOZ,1987,0.8142719
MOZ,1988,0.84648263
MOZ,1989,0.88269585
MOZ,1990,0.85320026
MOZ,1991,0.8435494
MOZ,1992,0.73960435
MOZ,1993,0.7695825
MOZ,1994,0.7679112
MOZ,1995,0.73232347
MOZ,1996,0.7734509
MOZ,1997,0.82258695
MOZ,1998,0.86536646
MOZ,1999,0.8919923
MOZ,2000,0.84490055
MOZ,2001,0.91427714
MOZ,2002,0.95288616
MOZ,2003,0.9765205
MOZ,2004,1.0139533
MOZ,2005,1.0301176
MOZ,2006,1.0802704
MOZ,2007,1.1081146
MOZ,2008,1.1127276
MOZ,2009,1.1288838
MOZ,2010,1.1434911
MOZ,2011,1.1501808
MOZ,2012,1.1132648
MOZ,2013,1.0715743
MOZ,2014,1.0580494
MOZ,2015,1.0706822
MOZ,2016,1.0516146
MOZ,2017,1.074869
MOZ,2018,1.0500197
MOZ,2019,1.0434103
MOZ,2020,1.0222286
MOZ,2021,1
MOZ,2022,0.962467
MOZ,2023,0.9879859
NAM,1964,1.4001645
NAM,1965,1.3765943
NAM,1966,1.3702991
NAM,1967,1.3127435
NAM,1968,1.282934
NAM,1969,1.2937042
NAM,1970,1.3388205
NAM,1971,1.3450079
NAM,1972,1.3108124
NAM,1973,1.3051636
NAM,1974,1.3509607
NAM,1975,1.3403298
NAM,1976,1.3109295
NAM,1977,1.2643075
NAM,1978,1.2548088
NAM,1979,1.2625147
NAM,1980,1.3085885
NAM,1981,1.2739986
NAM,1982,1.2412697
NAM,1983,1.1873798
NAM,1984,1.1439953
NAM,1985,1.1110159
NAM,1986,1.129853
NAM,1987,1.1303309
NAM,1988,1.0966818
NAM,1989,1.0708821
NAM,1990,1.0467038
NAM,1991,1.1094435
NAM,1992,1.1635542
NAM,1993,1.1140395
NAM,1994,1.0937946
NAM,1995,1.128316
NAM,1996,1.1595049
NAM,1997,1.2149842
NAM,1998,1.2150679
NAM,1999,1.2267472
NAM,2000,1.249885
NAM,2001,1.2264932
NAM,2002,1.2448772
NAM,2003,1.2658811
NAM,2004,1.3818206
NAM,2005,1.3541571
NAM,2006,1.372233
NAM,2007,1.3725742
NAM,2008,1.3289886
NAM,2009,1.2518257
NAM,2010,1.2506986
NAM,2011,1.2665854
NAM,2012,1.2591234
NAM,2013,1.2171
NAM,2014,1.0831585
NAM,2015,1.1011075
NAM,2016,1.0944532
NAM,2017,1.0697769
NAM,2018,1.0656283
NAM,2019,1.0471599
NAM,2020,0.9991208
NAM,2021,1
NAM,2022,1.0046778
NAM,2023,0.9911937
NLD,1954,0.53071475
NLD,1955,0.54680794
NLD,1956,0.5501783
NLD,1957,0.5499172
NLD,1958,0.5387294
NLD,1959,0.5492812
NLD,1960,0.58476645
NLD,1961,0.5885362
NLD,1962,0.59988403
NLD,1963,0.605089
NLD,1964,0.63827145
NLD,1965,0.6521406
NLD,1966,0.64861315
NLD,1967,0.6699748
NLD,1968,0.69713044
NLD,1969,0.72667277
NLD,1970,0.7558389
NLD,1971,0.77508515
NLD,1972,0.78309435
NLD,1973,0.81721926
NLD,1974,0.85248256
NLD,1975,0.86076516
NLD,1976,0.89147884
NLD,1977,0.9017907
NLD,1978,0.9109448
NLD,1979,0.91047204
NLD,1980,0.9147387
NLD,1981,0.9013549
NLD,1982,0.8963095
NLD,1983,0.9158917
NLD,1984,0.92944294
NLD,1985,0.93431497
NLD,1986,0.9368153
NLD,1987,0.9362853
NLD,1988,0.9421974
NLD,1989,0.952736
NLD,1990,0.9595645
NLD,1991,0.9600501
NLD,1992,0.9508017
NLD,1993,0.9528057
NLD,1994,0.96193147
NLD,1995,0.96021837
NLD,1996,0.95842874
NLD,1997,0.96941245
NLD,1998,0.98219514
NLD,1999,0.9930631
NLD,2000,1.0108231
NLD,2001,1.0105941
NLD,2002,1.0047654
NLD,2003,1.0023718
NLD,2004,1.0100998
NLD,2005,1.0213836
NLD,2006,1.0325449
NLD,2007,1.0360395
NLD,2008,1.0342622
NLD,2009,0.9957888
NLD,2010,1.0054303
NLD,2011,1.0086426
NLD,2012,0.9966137
NLD,2013,0.99400735
NLD,2014,1.0003294
NLD,2015,1.0006274
NLD,2016,1.0020374
NLD,2017,1.006629
NLD,2018,1.0039308
NLD,2019,0.99967355
NLD,2020,0.97685885
NLD,2021,1
NLD,2022,1.015068
NLD,2023,0.9967243
NZL,1954,0.8663467
NZL,1955,0.869747
NZL,1956,0.8592553
NZL,1957,0.88292205
NZL,1958,0.87334484
NZL,1959,0.87469244
NZL,1960,0.991704
NZL,1961,1.0146266
NZL,1962,0.9982231
NZL,1963,1.035877
NZL,1964,1.0440093
NZL,1965,1.0591652
NZL,1966,1.0632434
NZL,1967,0.975575
NZL,1968,0.9598471
NZL,1969,1.0298419
NZL,1970,1.0037527
NZL,1971,1.002872
NZL,1972,1.0218021
NZL,1973,1.0589436
NZL,1974,1.0611411
NZL,1975,1.0047549
NZL,1976,0.99479693
NZL,1977,0.94453984
NZL,1978,0.90720135
NZL,1979,0.921994
NZL,1980,0.92698264
NZL,1981,0.97148347
NZL,1982,0.95658106
NZL,1983,0.95496994
NZL,1984,0.9769629
NZL,1985,0.9548038
NZL,1986,0.90214825
NZL,1987,0.89996105
NZL,1988,0.9254289
NZL,1989,0.9358663
NZL,1990,0.9255886
NZL,1991,0.92144006
NZL,1992,0.9203717
NZL,1993,0.9410367
NZL,1994,0.9569312
NZL,1995,0.95228094
NZL,1996,0.95094526
NZL,1997,0.9640298
NZL,1998,0.9630472
NZL,1999,0.98002374
NZL,2000,0.9768203
NZL,2001,0.9853896
NZL,2002,0.99813193
NZL,2003,1.0082021
NZL,2004,0.9905887
NZL,2005,0.98588294
NZL,2006,0.98306584
NZL,2007,0.99804
NZL,2008,0.9695827
NZL,2009,0.9988312
NZL,2010,0.99089843
NZL,2011,0.99558264
NZL,2012,1.0117751
NZL,2013,0.99088997
NZL,2014,0.9847305
NZL,2015,0.99343234
NZL,2016,0.99588275
NZL,2017,0.9922823
NZL,2018,0.99596447
NZL,2019,0.9849085
NZL,2020,0.9757652
NZL,2021,1
NZL,2022,0.9907836
NZL,2023,0.967834
NIC,1980,1.6824442
NIC,1981,1.7006259
NIC,1982,1.6400133
NIC,1983,1.6548246
NIC,1984,1.5690618
NIC,1985,1.4560294
NIC,1986,1.3954053
NIC,1987,1.332693
NIC,1988,1.1272519
NIC,1989,1.0743642
NIC,1990,1.0528599
NIC,1991,1.0527351
NIC,1992,1.0492774
NIC,1993,1.0350169
NIC,1994,1.0275424
NIC,1995,1.0502598
NIC,1996,1.0711033
NIC,1997,1.058377
NIC,1998,1.0450681
NIC,1999,1.0485283
NIC,2000,1.0352316
NIC,2001,1.0385176
NIC,2002,1.0216074
NIC,2003,1.0198088
NIC,2004,1.0330458
NIC,2005,1.0348476
NIC,2006,1.0371549
NIC,2007,1.0440702
NIC,2008,1.0512474
NIC,2009,1.0121747
NIC,2010,1.0170029
NIC,2011,1.0298187
NIC,2012,1.0399106
NIC,2013,1.0434638
NIC,2014,1.0425262
NIC,2015,1.0425452
NIC,2016,1.0431417
NIC,2017,1.0479817
NIC,2018,0.9972582
NIC,2019,0.95876014
NIC,2020,0.9387972
NIC,2021,1
NIC,2022,0.99337953
NIC,2023,1.0037502
NER,1964,1.0913337
NER,1965,1.142031
NER,1966,1.1240934
NER,1967,1.1340691
NER,1968,1.1379445
NER,1969,1.0671518
NER,1970,1.116771
NER,1971,1.1756461
NER,1972,1.1008506
NER,1973,0.89445233
NER,1974,0.96208715
NER,1975,0.928914
NER,1976,0.9206576
NER,1977,0.9711933
NER,1978,1.0714178
NER,1979,1.111184
NER,1980,1.0490446
NER,1981,1.0254894
NER,1982,1.0285856
NER,1983,0.962062
NER,1984,0.7887809
NER,1985,0.840424
NER,1986,0.8214032
NER,1987,0.7999593
NER,1988,0.837781
NER,1989,0.81894547
NER,1990,0.80761814
NER,1991,0.8044574
NER,1992,0.79809594
NER,1993,0.78946096
NER,1994,0.7904372
NER,1995,0.7981511
NER,1996,0.82251775
NER,1997,0.81012964
NER,1998,0.89055705
NER,1999,0.8792524
NER,2000,0.83805615
NER,2001,0.8825543
NER,2002,0.9115156
NER,2003,0.92544514
NER,2004,0.8961444
NER,2005,0.93313605
NER,2006,0.9396249
NER,2007,0.8901459
NER,2008,0.9316109
NER,2009,0.88425416
NER,2010,0.90182674
NER,2011,0.8786861
NER,2012,0.95725757
NER,2013,0.96040255
NER,2014,0.98424196
NER,2015,0.98016155
NER,2016,0.992136
NER,2017,1.0019361
NER,2018,1.0253594
NER,2019,1.0322868
NER,2020,1.0351826
NER,2021,1
NER,2022,1.0612527
NER,2023,1.0504091
NGA,1960,1.5411525
NGA,1961,1.3922035
NGA,1962,1.3657976
NGA,1963,1.3964045
NGA,1964,1.3428359
NGA,1965,1.1665393
NGA,1966,1.035197
NGA,1967,0.8498286
NGA,1968,0.82783115
NGA,1969,0.925293
NGA,1970,1.0134437
NGA,1971,1.0762348
NGA,1972,1.068555
NGA,1973,1.04281
NGA,1974,1.1001283
NGA,1975,1.0206776
NGA,1976,0.9786567
NGA,1977,0.9475796
NGA,1978,0.84956896
NGA,1979,0.7795865
NGA,1980,0.74029833
NGA,1981,0.67898214
NGA,1982,0.60802275
NGA,1999,0.58768266
NGA,2000,0.60098225
NGA,2001,0.62599456
NGA,2002,0.69770783
NGA,2003,0.7255759
NGA,2004,0.77026886
NGA,2005,0.80076736
NGA,2006,0.81639016
NGA,2007,0.8467662
NGA,2008,0.88151395
NGA,2009,0.92783636
NGA,2010,0.98674107
NGA,2011,1.0117232
NGA,2012,1.0327924
NGA,2013,1.0654013
NGA,2014,1.0903671
NGA,2015,1.0764481
NGA,2016,1.0253341
NGA,2017,1.0165375
NGA,2018,1.0251273
NGA,2019,1.0335948
NGA,2020,0.9961552
NGA,2021,1
NGA,2022,0.995959
NGA,2023,0.9877352
NOR,1954,0.5697967
NOR,1955,0.5717116
NOR,1956,0.57753795
NOR,1957,0.59134334
NOR,1958,0.5936557
NOR,1959,0.604989
NOR,1960,0.6219794
NOR,1961,0.6437131
NOR,1962,0.64870524
NOR,1963,0.66080576
NOR,1964,0.6778183
NOR,1965,0.7012895
NOR,1966,0.70727944
NOR,1967,0.73074114
NOR,1968,0.7400265
NOR,1969,0.76947546
NOR,1970,0.7656005
NOR,1971,0.78475076
NOR,1972,0.80978316
NOR,1973,0.82417315
NOR,1974,0.8323904
NOR,1975,0.8434005
NOR,1976,0.862835
NOR,1977,0.8685781
NOR,1978,0.88176864
NOR,1979,0.8992366
NOR,1980,0.90652627
NOR,1981,0.89492416
NOR,1982,0.87991387
NOR,1983,0.89778143
NOR,1984,0.92756826
NOR,1985,0.94549197
NOR,1986,0.94536835
NOR,1987,0.9410803
NOR,1988,0.9245117
NOR,1989,0.93846303
NOR,1990,0.95654243
NOR,1991,0.9857506
NOR,1992,1.0126439
NOR,1993,1.0294873
NOR,1994,1.0624101
NOR,1995,1.08716
NOR,1996,1.1124122
NOR,1997,1.1283888
NOR,1998,1.1106766
NOR,1999,1.1036546
NOR,2000,1.124908
NOR,2001,1.1367395
NOR,2002,1.1393756
NOR,2003,1.1483206
NOR,2004,1.1638982
NOR,2005,1.1628195
NOR,2006,1.1474845
NOR,2007,1.1251125
NOR,2008,1.0841409
NOR,2009,1.0526497
NOR,2010,1.0441921
NOR,2011,1.0320904
NOR,2012,1.0351732
NOR,2013,1.0266954
NOR,2014,1.0261819
NOR,2015,1.0297369
NOR,2016,1.0242983
NOR,2017,1.0325161
NOR,2018,1.0175184
NOR,2019,1.0031459
NOR,2020,0.987697
NOR,2021,1
NOR,2022,0.9984364
NOR,2023,0.9809527
PAN,1969,1.260214
PAN,1970,1.4199562
PAN,1971,1.444669
PAN,1972,1.3785152
PAN,1973,1.3500994
PAN,1974,1.2944905
PAN,1975,1.3036706
PAN,1976,1.2555614
PAN,1977,1.2466688
PAN,1978,1.2852916
PAN,1979,1.2685993
PAN,1980,1.4006562
PAN,1981,1.4467593
PAN,1982,1.4338058
PAN,1983,1.3340626
PAN,1984,1.3153185
PAN,1985,1.3437772
PAN,1986,1.3603921
PAN,1987,1.3258077
PAN,1988,1.2122066
PAN,1989,1.2043904
PAN,1990,1.291413
PAN,1991,1.3769565
PAN,1992,1.3887202
PAN,1993,1.3638215
PAN,1994,1.3216645
PAN,1995,1.2594143
PAN,1996,1.2423587
PAN,1997,1.2420244
PAN,1998,1.2515785
PAN,1999,1.2297289
PAN,2000,1.2362489
PAN,2001,1.206638
PAN,2002,1.1895255
PAN,2003,1.2020469
PAN,2004,1.2339056
PAN,2005,1.2604886
PAN,2006,1.3097553
PAN,2007,1.3642026
PAN,2008,1.3492308
PAN,2009,1.3041667
PAN,2010,1.292091
PAN,2011,1.3154423
PAN,2012,1.3180313
PAN,2013,1.2788299
PAN,2014,1.2300634
PAN,2015,1.1914122
PAN,2016,1.1553737
PAN,2017,1.1323912
PAN,2018,1.085409
PAN,2019,1.0520979
PAN,2020,0.90590745
PAN,2021,1
PAN,2022,1.0507575
PAN,2023,1.055354
PRY,1955,1.0738002
PRY,1956,1.0712734
PRY,1957,1.0796143
PRY,1958,1.0967928
PRY,1959,1.0585631
PRY,1960,1.0612242
PRY,1961,1.08886
PRY,1962,1.0285054
PRY,1963,1.0366255
PRY,1964,1.0334238
PRY,1965,1.0581324
PRY,1966,1.0010264
PRY,1967,1.0344882
PRY,1968,0.9998766
PRY,1969,0.9961674
PRY,1970,1.0292087
PRY,1971,1.0434347
PRY,1972,1.0594497
PRY,1973,1.0663224
PRY,1974,1.0873424
PRY,1975,1.1095825
PRY,1976,1.1048129
PRY,1977,1.1276535
PRY,1978,1.1492355
PRY,1979,1.1661294
PRY,1980,1.1856434
PRY,1981,1.1710786
PRY,1982,1.0913348
PRY,1983,1.0060245
PRY,1984,0.98351175
PRY,1985,0.97578365
PRY,1986,0.9364441
PRY,1987,0.93057805
PRY,1988,0.9452498
PRY,1989,0.9482295
PRY,1990,0.9303033
PRY,1991,0.9053166
PRY,1992,0.885571
PRY,1993,0.87958413
PRY,1994,0.8601873
PRY,1995,0.85944945
PRY,1996,0.8574903
PRY,1997,0.84253573
PRY,1998,0.8256379
PRY,1999,0.8071276
PRY,2000,0.7811303
PRY,2001,0.77899647
PRY,2002,0.89737856
PRY,2003,0.91096413
PRY,2004,0.8975891
PRY,2005,0.88733745
PRY,2006,0.9197448
PRY,2007,0.94026834
PRY,2008,0.96362644
PRY,2009,0.95459735
PRY,2010,1.0137241
PRY,2011,0.99594027
PRY,2012,0.97241145
PRY,2013,1.0078347
PRY,2014,1.0457665
PRY,2015,1.0457131
PRY,2016,1.0495232
PRY,2017,1.0620396
PRY,2018,1.0623554
PRY,2019,1.0250342
PRY,2020,1.0511112
PRY,2021,1
PRY,2022,0.9621054
PRY,2023,0.96699685
PER,1954,1.4042218
PER,1955,1.4136459
PER,1956,1.406405
PER,1957,1.4297676
PER,1958,1.3736125
PER,1959,1.3876296
PER,1960,1.504273
PER,1961,1.5602986
PER,1962,1.6262228
PER,1963,1.6301383
PER,1964,1.6825875
PER,1965,1.7056282
PER,1966,1.7721857
PER,1967,1.7736793
PER,1968,1.7434856
PER,1969,1.768882
PER,1970,1.7948276
PER,1971,1.7877057
PER,1972,1.7642392
PER,1973,1.7659445
PER,1974,1.7960814
PER,1975,1.7728443
PER,1976,1.7201563
PER,1977,1.6733468
PER,1978,1.5825129
PER,1979,1.5899503
PER,1980,1.5825841
PER,1981,1.5600727
PER,1982,1.4804223
PER,1983,1.2841306
PER,1984,1.302684
PER,1985,1.3180969
PER,1986,1.3633773
PER,1987,1.4345117
PER,1988,1.2785804
PER,1989,1.1062611
PER,1990,1.0339111
PER,1991,1.014996
PER,1992,0.99759567
PER,1993,1.0200685
PER,1994,1.0851234
PER,1995,1.0940589
PER,1996,1.0650389
PER,1997,1.074074
PER,1998,1.0104064
PER,1999,0.9832008
PER,2000,0.96728903
PER,2001,0.94965583
PER,2002,0.97571087
PER,2003,0.988633
PER,2004,1.0038218
PER,2005,1.0288891
PER,2006,1.0625901
PER,2007,1.0950453
PER,2008,1.1251093
PER,2009,1.088076
PER,2010,1.1131788
PER,2011,1.1119522
PER,2012,1.1062382
PER,2013,1.106419
PER,2014,1.0778058
PER,2015,1.0681607
PER,2016,1.0753838
PER,2017,1.0667427
PER,2018,1.0723702
PER,2019,1.0559623
PER,2020,0.92211074
PER,2021,1
PER,2022,0.983377
PER,2023,0.962297
PHL,1954,1.2398702
PHL,1955,1.2462009
PHL,1956,1.2769371
PHL,1957,1.2879783
PHL,1958,1.2666515
PHL,1959,1.2794591
PHL,1960,1.2765284
PHL,1961,1.2596688
PHL,1962,1.2493274
PHL,1963,1.2625822
PHL,1964,1.2223016
PHL,1965,1.2428749
PHL,1966,1.2114189
PHL,1967,1.2023176
PHL,1968,1.2164047
PHL,1969,1.238193
PHL,1970,1.2494082
PHL,1971,1.2106967
PHL,1972,1.2379481
PHL,1973,1.2650025
PHL,1974,1.2468253
PHL,1975,1.2300862
PHL,1976,1.2801288
PHL,1977,1.2756139
PHL,1978,1.2218297
PHL,1979,1.2197056
PHL,1980,1.212184
PHL,1981,1.1578412
PHL,1982,1.1464896
PHL,1983,1.0599754
PHL,1984,0.9467438
PHL,1985,0.87591314
PHL,1986,0.89057195
PHL,1987,0.91916376
PHL,1988,0.95253533
PHL,1989,0.9734476
PHL,1990,0.9603438
PHL,1991,0.92598104
PHL,1992,0.8965114
PHL,1993,0.8864244
PHL,1994,0.88580185
PHL,1995,0.89169306
PHL,1996,0.9097452
PHL,1997,0.90274364
PHL,1998,0.8735613
PHL,1999,0.8682634
PHL,2000,0.8738589
PHL,2001,0.8910137
PHL,2002,0.89334476
PHL,2003,0.9021377
PHL,2004,0.9225176
PHL,2005,0.9386766
PHL,2006,0.95915264
PHL,2007,0.9741935
PHL,2008,0.9787777
PHL,2009,0.96039444
PHL,2010,0.974676
PHL,2011,0.9774223
PHL,2012,1.0032474
PHL,2013,1.0216467
PHL,2014,1.0525454
PHL,2015,1.0690273
PHL,2016,1.0462916
PHL,2017,1.0791728
PHL,2018,1.0701973
PHL,2019,1.0688738
PHL,2020,1.0484571
PHL,2021,1
PHL,2022,0.96673626
PHL,2023,0.97381246
POL,1974,0.8046706
POL,1975,0.81774354
POL,1976,0.85112613
POL,1977,0.8738235
POL,1978,0.87252706
POL,1979,0.8731861
POL,1980,0.7950819
POL,1981,0.69930387
POL,1982,0.6669715
POL,1983,0.6897657
POL,1984,0.7085161
POL,1985,0.7138342
POL,1986,0.7288254
POL,1987,0.72402126
POL,1988,0.7345109
POL,1989,0.7213869
POL,1990,0.72020996
POL,1991,0.6822592
POL,1992,0.6940177
POL,1993,0.7131694
POL,1994,0.7263914
POL,1995,0.74592894
POL,1996,0.7632993
POL,1997,0.7783934
POL,1998,0.7800161
POL,1999,0.8022673
POL,2000,0.83033943
POL,2001,0.83407277
POL,2002,0.85410553
POL,2003,0.8743385
POL,2004,0.89560664
POL,2005,0.8956841
POL,2006,0.9087642
POL,2007,0.9157017
POL,2008,0.90757436
POL,2009,0.9148968
POL,2010,0.9322178
POL,2011,0.94966483
POL,2012,0.93966705
POL,2013,0.93150693
POL,2014,0.9354475
POL,2015,0.94296414
POL,2016,0.94825387
POL,2017,0.97974
POL,2018,1.0247386
POL,2019,1.0315663
POL,2020,0.9867752
POL,2021,1
POL,2022,1.036773
POL,2023,1.0126652
PRT,1954,0.7434168
PRT,1955,0.76358366
PRT,1956,0.7842414
PRT,1957,0.80635655
PRT,1958,0.7988339
PRT,1959,0.8326523
PRT,1960,0.8707184
PRT,1961,0.91097945
PRT,1962,0.9451405
PRT,1963,0.97933996
PRT,1964,1.0067811
PRT,1965,1.0436027
PRT,1966,1.046612
PRT,1967,1.107031
PRT,1968,1.2336513
PRT,1969,1.2472086
PRT,1970,1.3077083
PRT,1971,1.3342416
PRT,1972,1.3635699
PRT,1973,1.4412373
PRT,1974,1.3457615
PRT,1975,1.2408577
PRT,1976,1.2948935
PRT,1977,1.3023152
PRT,1978,1.2494704
PRT,1979,1.2606839
PRT,1980,1.2238305
PRT,1981,1.2011335
PRT,1982,1.1693885
PRT,1983,1.1130052
PRT,1984,1.0630713
PRT,1985,1.0845209
PRT,1986,1.091983
PRT,1987,1.104441
PRT,1988,1.1351402
PRT,1989,1.1506999
PRT,1990,1.1511949
PRT,1991,1.1813583
PRT,1992,1.1631289
PRT,1993,1.1254814
PRT,1994,1.1090068
PRT,1995,1.1038378
PRT,1996,1.1014309
PRT,1997,1.0999743
PRT,1998,1.089572
PRT,1999,1.084196
PRT,2000,1.0724488
PRT,2001,1.0688792
PRT,2002,1.0627143
PRT,2003,1.0515132
PRT,2004,1.0624914
PRT,2005,1.0631975
PRT,2006,1.0635126
PRT,2007,1.0641646
PRT,2008,1.0502508
PRT,2009,1.0206152
PRT,2010,1.032594
PRT,2011,1.0309303
PRT,2012,1.0185959
PRT,2013,1.0194643
PRT,2014,1.010675
PRT,2015,1.0097606
PRT,2016,1.0108438
PRT,2017,1.0182024
PRT,2018,1.0189286
PRT,2019,1.0285907
PRT,2020,0.9871529
PRT,2021,1
PRT,2022,1.0210868
PRT,2023,1.028796
QAT,1974,4.936359
QAT,1975,4.6180086
QAT,1976,4.556586
QAT,1977,3.7839048
QAT,1978,3.75623
QAT,1979,3.6974754
QAT,1980,3.4911458
QAT,1981,3.2885635
QAT,1982,2.7962623
QAT,1983,2.6057932
QAT,1984,2.6424518
QAT,1985,2.4946601
QAT,1986,2.5890894
QAT,1987,2.556223
QAT,1988,2.6481068
QAT,1989,2.7393682
QAT,1990,2.7350368
QAT,1991,2.6023374
QAT,1992,2.7796106
QAT,1993,2.6552017
QAT,1994,2.583857
QAT,1995,2.4406881
QAT,1996,2.3430674
QAT,1997,2.8033316
QAT,1998,2.862602
QAT,1999,2.8670444
QAT,2000,2.8731427
QAT,2001,2.6822422
QAT,2002,2.625139
QAT,2003,2.3305159
QAT,2004,2.4625304
QAT,2005,2.295392
QAT,2006,2.2538288
QAT,2007,2.014458
QAT,2008,1.8853947
QAT,2009,1.7932628
QAT,2010,1.8414227
QAT,2011,1.7985568
QAT,2012,1.661361
QAT,2013,1.5520191
QAT,2014,1.4884391
QAT,2015,1.4118184
QAT,2016,1.316607
QAT,2017,1.219577
QAT,2018,1.1535934
QAT,2019,1.0932498
QAT,2020,1.0155133
QAT,2021,1
QAT,2022,0.9878771
QAT,2023,0.93183273
ROU,1964,0.49279097
ROU,1965,0.5184827
ROU,1966,0.52584237
ROU,1967,0.5717938
ROU,1968,0.58441556
ROU,1969,0.5981062
ROU,1970,0.6305095
ROU,1971,0.6815374
ROU,1972,0.71746814
ROU,1973,0.75663084
ROU,1974,0.8146448
ROU,1975,0.85778815
ROU,1976,0.9142787
ROU,1977,0.93899673
ROU,1978,0.94802254
ROU,1979,0.9597907
ROU,1980,0.9615009
ROU,1981,0.9308053
ROU,1982,0.9473496
ROU,1983,0.98032945
ROU,1984,1.0061407
ROU,1985,0.9763131
ROU,1986,0.97988313
ROU,1987,0.96193475
ROU,1988,0.9345422
ROU,1989,0.86130214
ROU,1990,0.81330323
ROU,1991,0.7108241
ROU,1992,0.65225023
ROU,1993,0.66341203
ROU,1994,0.6846249
ROU,1995,0.71960497
ROU,1996,0.7321627
ROU,1997,0.6896128
ROU,1998,0.6744319
ROU,1999,0.6706476
ROU,2000,0.68191266
ROU,2001,0.7093606
ROU,2002,0.77332324
ROU,2003,0.7981085
ROU,2004,0.8525126
ROU,2005,0.878024
ROU,2006,0.9127614
ROU,2007,0.91420805
ROU,2008,0.9372674
ROU,2009,0.8740215
ROU,2010,0.84081805
ROU,2011,0.86268646
ROU,2012,0.863591
ROU,2013,0.8518958
ROU,2014,0.8660811
ROU,2015,0.8786381
ROU,2016,0.8834964
ROU,2017,0.92964464
ROU,2018,0.9667718
ROU,2019,0.97613055
ROU,2020,0.9417909
ROU,2021,1
ROU,2022,1.0175532
ROU,2023,1.0101651
RUS,1994,0.5612112
RUS,1995,0.5497171
RUS,1996,0.5434515
RUS,1997,0.5554868
RUS,1998,0.5380148
RUS,1999,0.56867003
RUS,2000,0.6213749
RUS,2001,0.65116113
RUS,2002,0.6815169
RUS,2003,0.72423065
RUS,2004,0.76905435
RUS,2005,0.8050307
RUS,2006,0.8523561
RUS,2007,0.89783424
RUS,2008,0.9207132
RUS,2009,0.853903
RUS,2010,0.87553215
RUS,2011,0.8997101
RUS,2012,0.92281204
RUS,2013,0.93332624
RUS,2014,0.9355885
RUS,2015,0.92304164
RUS,2016,0.92314106
RUS,2017,0.9374603
RUS,2018,0.9589516
RUS,2019,0.97948176
RUS,2020,0.9813726
RUS,2021,1
RUS,2022,0.96810013
RUS,2023,0.9754672
RWA,1964,0.6086015
RWA,1965,0.6060463
RWA,1966,0.58745235
RWA,1967,0.6474252
RWA,1968,0.645894
RWA,1969,0.7060424
RWA,1970,0.7338943
RWA,1971,0.7166462
RWA,1972,0.68576556
RWA,1973,0.678886
RWA,1974,0.662753
RWA,1975,0.62335277
RWA,1976,0.7103424
RWA,1977,0.7116648
RWA,1978,0.7426686
RWA,1979,0.7713189
RWA,1980,0.8121107
RWA,1981,0.8201635
RWA,1982,0.79520637
RWA,1983,0.79252744
RWA,1984,0.7047768
RWA,1985,0.6929219
RWA,1986,0.6915064
RWA,1987,0.65703475
RWA,1988,0.62632465
RWA,1989,0.62015927
RWA,1990,0.59205633
RWA,1991,0.56001526
RWA,1992,0.5835233
RWA,1993,0.50954217
RWA,1994,0.2964249
RWA,1995,0.4528458
RWA,1996,0.47360846
RWA,1997,0.50390136
RWA,1998,0.5519715
RWA,1999,0.6054983
RWA,2000,0.64559656
RWA,2001,0.6933441
RWA,2002,0.7726374
RWA,2003,0.76921195
RWA,2004,0.80340356
RWA,2005,0.85112256
RWA,2006,0.87081265
RWA,2007,0.8726479
RWA,2008,0.8952485
RWA,2009,0.8927041
RWA,2010,0.8951993
RWA,2011,0.91250205
RWA,2012,0.9234737
RWA,2013,0.9220383
RWA,2014,0.9352031
RWA,2015,0.9395516
RWA,2016,0.9159289
RWA,2017,0.8866503
RWA,2018,0.875198
RWA,2019,0.9284176
RWA,2020,0.82266617
RWA,2021,1
RWA,2022,0.97322625
RWA,2023,0.9356549
SAU,1974,10.724041
SAU,1975,9.017763
SAU,1976,8.587165
SAU,1977,7.4762635
SAU,1978,6.0465508
SAU,1979,5.6998377
SAU,1980,5.400818
SAU,1981,5.1262465
SAU,1982,3.9374874
SAU,1983,3.213751
SAU,1984,2.8972194
SAU,1985,2.6071877
SAU,1986,2.5336206
SAU,1987,2.3497472
SAU,1988,2.412044
SAU,1989,2.327117
SAU,1990,2.438235
SAU,1991,2.5377376
SAU,1992,2.549509
SAU,1993,2.4198995
SAU,1994,2.3544264
SAU,1995,2.2715728
SAU,1996,2.2711792
SAU,1997,2.2465057
SAU,1998,2.204441
SAU,1999,2.0839777
SAU,2000,2.0884078
SAU,2001,2.0112224
SAU,2002,1.9208837
SAU,2003,1.959872
SAU,2004,1.9773017
SAU,2005,1.9291449
SAU,2006,1.8173505
SAU,2007,1.6874707
SAU,2008,1.633898
SAU,2009,1.4955404
SAU,2010,1.4374833
SAU,2011,1.4273303
SAU,2012,1.3924924
SAU,2013,1.3240179
SAU,2014,1.277298
SAU,2015,1.2393229
SAU,2016,1.1876596
SAU,2017,1.1559039
SAU,2018,1.1480141
SAU,2019,1.1045622
SAU,2020,1.0410084
SAU,2021,1
SAU,2022,0.98927283
SAU,2023,0.9466701
SEN,1964,1.8322979
SEN,1965,1.8478023
SEN,1966,1.8942504
SEN,1967,1.8461058
SEN,1968,1.9316524
SEN,1969,1.7666538
SEN,1970,1.8827598
SEN,1971,1.8243847
SEN,1972,1.8699849
SEN,1973,1.7115039
SEN,1974,1.7375517
SEN,1975,1.7977179
SEN,1976,1.8929116
SEN,1977,1.794839
SEN,1978,1.629243
SEN,1979,1.7242309
SEN,1980,1.6222597
SEN,1981,1.5579944
SEN,1982,1.739436
SEN,1983,1.7193689
SEN,1984,1.5898273
SEN,1985,1.5940236
SEN,1986,1.6071041
SEN,1987,1.5919698
SEN,1988,1.5973333
SEN,1989,1.5031137
SEN,1990,1.5062771
SEN,1991,1.443371
SEN,1992,1.4418397
SEN,1993,1.3796484
SEN,1994,1.3800149
SEN,1995,1.3995007
SEN,1996,1.4260473
SEN,1997,1.3972408
SEN,1998,1.3855426
SEN,1999,1.4566876
SEN,2000,1.4627477
SEN,2001,1.4862202
SEN,2002,1.4446585
SEN,2003,1.482223
SEN,2004,1.494806
SEN,2005,1.506898
SEN,2006,1.4721291
SEN,2007,1.4540911
SEN,2008,1.4336432
SEN,2009,1.3992304
SEN,2010,1.3774353
SEN,2011,1.3206348
SEN,2012,1.3089387
SEN,2013,1.2686217
SEN,2014,1.2700304
SEN,2015,1.2597067
SEN,2016,1.2168404
SEN,2017,1.1634108
SEN,2018,1.1353146
SEN,2019,1.052741
SEN,2020,1.0203108
SEN,2021,1
SEN,2022,0.9506155
SEN,2023,0.925893
SRB,1994,0.4374179
SRB,1995,0.46451518
SRB,1996,0.49388087
SRB,1997,0.5004717
SRB,1998,0.51777726
SRB,1999,0.57217354
SRB,2000,0.61618316
SRB,2001,0.6601815
SRB,2002,0.71642464
SRB,2003,0.75327265
SRB,2004,0.80147
SRB,2005,0.8660066
SRB,2006,0.90494066
SRB,2007,0.92841154
SRB,2008,0.9220192
SRB,2009,0.92270654
SRB,2010,0.96982086
SRB,2011,1.0091573
SRB,2012,0.99377567
SRB,2013,1.0213013
SRB,2014,0.99888194
SRB,2015,0.96063817
SRB,2016,0.95567113
SRB,2017,0.9607746
SRB,2018,0.97497535
SRB,2019,0.98636216
SRB,2020,0.9686179
SRB,2021,1
SRB,2022,0.97254074
SRB,2023,0.993908
SLE,1980,1.1503032
SLE,1981,1.149214
SLE,1982,1.1375467
SLE,1983,1.0959998
SLE,1984,1.1106033
SLE,1985,1.1053574
SLE,1986,1.0956731
SLE,1987,1.110791
SLE,1988,1.1001812
SLE,1989,1.0941595
SLE,1990,1.1008178
SLE,1991,0.99343616
SLE,1992,0.8941779
SLE,1993,0.89348197
SLE,1994,0.9081579
SLE,1995,0.8132183
SLE,1996,0.6056662
SLE,1997,0.5009915
SLE,1998,0.49692908
SLE,1999,0.4611338
SLE,2000,0.472072
SLE,2001,0.5389121
SLE,2002,0.65380204
SLE,2003,0.6909668
SLE,2004,0.69990766
SLE,2005,0.70942974
SLE,2006,0.7212509
SLE,2007,0.7609455
SLE,2008,0.7836943
SLE,2009,0.79010075
SLE,2010,0.73921376
SLE,2011,0.68358785
SLE,2012,0.73269933
SLE,2013,0.843155
SLE,2014,0.845838
SLE,2015,0.7216747
SLE,2016,0.8255459
SLE,2017,0.9093332
SLE,2018,1.008742
SLE,2019,1.0180548
SLE,2020,0.9834844
SLE,2021,1
SLE,2022,0.9947819
SLE,2023,0.9965255
SGP,1964,1.0297754
SGP,1965,1.0406084
SGP,1966,1.07316
SGP,1967,1.1167845
SGP,1968,1.1688145
SGP,1969,1.201257
SGP,1970,1.2111284
SGP,1971,1.1673907
SGP,1972,1.136906
SGP,1973,1.1418407
SGP,1974,1.0915126
SGP,1975,1.0568037
SGP,1976,1.0508457
SGP,1977,1.0603565
SGP,1978,1.0503256
SGP,1979,1.0571705
SGP,1980,1.058164
SGP,1981,1.0377738
SGP,1982,0.9920879
SGP,1983,0.98827654
SGP,1984,0.98968035
SGP,1985,0.94829667
SGP,1986,0.92740434
SGP,1987,0.96721727
SGP,1988,1.0100509
SGP,1989,1.0272869
SGP,1990,1.0259
SGP,1991,1.0133721
SGP,1992,1.006313
SGP,1993,1.051253
SGP,1994,1.0830437
SGP,1995,1.0749341
SGP,1996,1.0495214
SGP,1997,1.02442
SGP,1998,0.9331213
SGP,1999,0.9258563
SGP,2000,0.93271536
SGP,2001,0.8901526
SGP,2002,0.8960002
SGP,2003,0.9222709
SGP,2004,0.98253685
SGP,2005,1.0086778
SGP,2006,1.02544
SGP,2007,1.0302621
SGP,2008,0.97908473
SGP,2009,0.9398937
SGP,2010,1.0011513
SGP,2011,1.0162816
SGP,2012,1.0067334
SGP,2013,0.99983215
SGP,2014,0.9946932
SGP,2015,0.99081486
SGP,2016,0.99670494
SGP,2017,1.014691
SGP,2018,1.0199966
SGP,2019,0.9983749
SGP,2020,0.9675801
SGP,2021,1
SGP,2022,1.0096142
SGP,2023,0.9913594
SVK,1994,0.60695916
SVK,1995,0.6242067
SVK,1996,0.64651966
SVK,1997,0.665283
SVK,1998,0.673204
SVK,1999,0.6687672
SVK,2000,0.6780166
SVK,2001,0.68347317
SVK,2002,0.70888036
SVK,2003,0.73909277
SVK,2004,0.7557946
SVK,2005,0.77297205
SVK,2006,0.81556404
SVK,2007,0.86851746
SVK,2008,0.87875617
SVK,2009,0.83338857
SVK,2010,0.8751201
SVK,2011,0.86873657
SVK,2012,0.8788935
SVK,2013,0.8821129
SVK,2014,0.8929375
SVK,2015,0.90757215
SVK,2016,0.90502113
SVK,2017,0.91692823
SVK,2018,0.9341774
SVK,2019,0.9412707
SVK,2020,0.95729375
SVK,2021,1
SVK,2022,0.9748821
SVK,2023,0.96418107
SVN,1994,0.729073
SVN,1995,0.7429534
SVN,1996,0.7701195
SVN,1997,0.8061813
SVN,1998,0.8071286
SVN,1999,0.8163818
SVN,2000,0.82544357
SVN,2001,0.83374673
SVN,2002,0.83244365
SVN,2003,0.8472129
SVN,2004,0.86358154
SVN,2005,0.89911956
SVN,2006,0.93250036
SVN,2007,0.96098256
SVN,2008,0.948714
SVN,2009,0.87955505
SVN,2010,0.8958883
SVN,2011,0.909243
SVN,2012,0.89195275
SVN,2013,0.87925357
SVN,2014,0.89144915
SVN,2015,0.89574856
SVN,2016,0.9182924
SVN,2017,0.95425844
SVN,2018,0.9744438
SVN,2019,0.985247
SVN,2020,0.9671661
SVN,2021,1
SVN,2022,0.98946595
SVN,2023,1.001207
ZAF,1954,0.77179986
ZAF,1955,0.7773738
ZAF,1956,0.79632556
ZAF,1957,0.80481
ZAF,1958,0.80667454
ZAF,1959,0.82060844
ZAF,1960,0.82570136
ZAF,1961,0.8417875
ZAF,1962,0.87546337
ZAF,1963,0.91675985
ZAF,1964,0.9509327
ZAF,1965,0.96290773
ZAF,1966,0.97598773
ZAF,1967,1.0130574
ZAF,1968,1.0244793
ZAF,1969,1.0372587
ZAF,1970,1.0622847
ZAF,1971,1.0714232
ZAF,1972,1.0516739
ZAF,1973,1.0623432
ZAF,1974,1.0990111
ZAF,1975,1.089102
ZAF,1976,1.0801388
ZAF,1977,1.0525018
ZAF,1978,1.0571089
ZAF,1979,1.0717229
ZAF,1980,1.1143252
ZAF,1981,1.1289396
ZAF,1982,1.0894656
ZAF,1983,1.0322284
ZAF,1984,1.0465647
ZAF,1985,1.0059217
ZAF,1986,1.0019174
ZAF,1987,0.99113756
ZAF,1988,0.9951005
ZAF,1989,0.981618
ZAF,1990,0.9552872
ZAF,1991,0.94558287
ZAF,1992,0.9390113
ZAF,1993,0.9538158
ZAF,1994,0.9583628
ZAF,1995,0.9606142
ZAF,1996,0.9731418
ZAF,1997,0.97003514
ZAF,1998,0.9439492
ZAF,1999,0.9436847
ZAF,2000,0.9621116
ZAF,2001,0.99319965
ZAF,2002,1.0165523
ZAF,2003,1.0618509
ZAF,2004,1.0727559
ZAF,2005,1.0907042
ZAF,2006,1.0634682
ZAF,2007,1.0744199
ZAF,2008,1.0604687
ZAF,2009,1.0352073
ZAF,2010,1.0549344
ZAF,2011,1.0396868
ZAF,2012,1.0422217
ZAF,2013,1.0383126
ZAF,2014,1.0328304
ZAF,2015,1.0034618
ZAF,2016,0.9941757
ZAF,2017,0.99501264
ZAF,2018,0.97401124
ZAF,2019,0.9493873
ZAF,2020,0.9961099
ZAF,2021,1
ZAF,2022,0.9674038
ZAF,2023,0.92727757
KOR,1957,0.39171305
KOR,1958,0.40437374
KOR,1959,0.41418782
KOR,1960,0.4205737
KOR,1961,0.42402676
KOR,1962,0.41905174
KOR,1963,0.425475
KOR,1964,0.45265692
KOR,1965,0.44783136
KOR,1966,0.4700329
KOR,1967,0.4611569
KOR,1968,0.46347126
KOR,1969,0.48815057
KOR,1970,0.51012325
KOR,1971,0.52941656
KOR,1972,0.5328927
KOR,1973,0.5677002
KOR,1974,0.57730395
KOR,1975,0.58218426
KOR,1976,0.5978964
KOR,1977,0.60814685
KOR,1978,0.59775686
KOR,1979,0.59001946
KOR,1980,0.5462171
KOR,1981,0.5482126
KOR,1982,0.5550141
KOR,1983,0.5900651
KOR,1984,0.6193612
KOR,1985,0.62433636
KOR,1986,0.6410737
KOR,1987,0.66444665
KOR,1988,0.6931012
KOR,1989,0.6962323
KOR,1990,0.710959
KOR,1991,0.72799104
KOR,1992,0.7266346
KOR,1993,0.72935385
KOR,1994,0.741596
KOR,1995,0.7539565
KOR,1996,0.76221436
KOR,1997,0.77420497
KOR,1998,0.755803
KOR,1999,0.8045758
KOR,2000,0.8189337
KOR,2001,0.8208683
KOR,2002,0.84741837
KOR,2003,0.8518989
KOR,2004,0.864474
KOR,2005,0.8790547
KOR,2006,0.89005727
KOR,2007,0.9132765
KOR,2008,0.92842954
KOR,2009,0.9248604
KOR,2010,0.95667803
KOR,2011,0.9610333
KOR,2012,0.9564385
KOR,2013,0.9612205
KOR,2014,0.9652677
KOR,2015,0.9627183
KOR,2016,0.9687884
KOR,2017,0.9808702
KOR,2018,0.99311066
KOR,2019,0.9947511
KOR,2020,0.9873569
KOR,2021,1
KOR,2022,0.9973595
KOR,2023,0.9768553
ESP,1954,0.50412035
ESP,1955,0.5216184
ESP,1956,0.5438783
ESP,1957,0.5494522
ESP,1958,0.5530783
ESP,1959,0.5352872
ESP,1960,0.59168327
ESP,1961,0.64620274
ESP,1962,0.69152343
ESP,1963,0.73518187
ESP,1964,0.75901693
ESP,1965,0.7828974
ESP,1966,0.80730027
ESP,1967,0.8089317
ESP,1968,0.8419246
ESP,1969,0.88847935
ESP,1970,0.8881843
ESP,1971,0.9009233
ESP,1972,0.93894464
ESP,1973,0.9665741
ESP,1974,0.9809496
ESP,1975,0.9676392
ESP,1976,0.98197824
ESP,1977,0.99603516
ESP,1978,1.019585
ESP,1979,1.033473
ESP,1980,1.0588853
ESP,1981,1.0688795
ESP,1982,1.078113
ESP,1983,1.0938107
ESP,1984,1.1299195
ESP,1985,1.1479244
ESP,1986,1.150399
ESP,1987,1.1574851
ESP,1988,1.1639193
ESP,1989,1.1677384
ESP,1990,1.1537308
ESP,1991,1.1426057
ESP,1992,1.1444117
ESP,1993,1.1402051
ESP,1994,1.1532893
ESP,1995,1.1496218
ESP,1996,1.1457732
ESP,1997,1.1368202
ESP,1998,1.1256697
ESP,1999,1.1140605
ESP,2000,1.1125398
ESP,2001,1.1054913
ESP,2002,1.0997096
ESP,2003,1.0923287
ESP,2004,1.0844628
ESP,2005,1.0794367
ESP,2006,1.0752544
ESP,2007,1.0732859
ESP,2008,1.0571475
ESP,2009,1.0437247
ESP,2010,1.0475299
ESP,2011,1.0442669
ESP,2012,1.0355244
ESP,2013,1.0298717
ESP,2014,1.030082
ESP,2015,1.0429521
ESP,2016,1.0470847
ESP,2017,1.0515553
ESP,2018,1.0483332
ESP,2019,1.044975
ESP,2020,0.98976755
ESP,2021,1
ESP,2022,1.0252806
ESP,2023,1.0359588
LKA,1954,0.7996057
LKA,1955,0.80165654
LKA,1956,0.6810578
LKA,1957,0.6857445
LKA,1958,0.7145737
LKA,1959,0.69847375
LKA,1960,0.72151065
LKA,1961,0.7772595
LKA,1962,0.7510294
LKA,1963,0.7881232
LKA,1964,0.78880644
LKA,1965,0.7830526
LKA,1966,0.7864785
LKA,1967,0.827014
LKA,1968,0.82793814
LKA,1969,0.8526499
LKA,1970,0.8783396
LKA,1971,0.83971447
LKA,1972,0.82423085
LKA,1973,0.8163955
LKA,1974,0.81056464
LKA,1975,0.8018035
LKA,1976,0.79254377
LKA,1977,0.78213793
LKA,1978,0.8035668
LKA,1979,0.80268335
LKA,1980,0.79588723
LKA,1981,0.7864661
LKA,1982,0.77769274
LKA,1983,0.771407
LKA,1984,0.7821398
LKA,1985,0.8013643
LKA,1986,0.79949325
LKA,1987,0.7851212
LKA,1988,0.78564495
LKA,1989,0.7821583
LKA,1990,0.81032157
LKA,1991,0.82593924
LKA,1992,0.84373045
LKA,1993,0.8556192
LKA,1994,0.87840134
LKA,1995,0.8949419
LKA,1996,0.8884087
LKA,1997,0.916775
LKA,1998,0.89293945
LKA,1999,0.8912268
LKA,2000,0.88433397
LKA,2001,0.8650787
LKA,2002,0.89518833
LKA,2003,0.9101703
LKA,2004,0.8769355
LKA,2005,0.8818017
LKA,2006,0.93758273
LKA,2007,0.9650377
LKA,2008,0.9527961
LKA,2009,0.96402454
LKA,2010,0.99655014
LKA,2011,1.040515
LKA,2012,1.0650876
LKA,2013,1.0333344
LKA,2014,1.0463027
LKA,2015,1.0562663
LKA,2016,1.0428025
LKA,2017,1.0372266
LKA,2018,1.0346804
LKA,2019,1.006036
LKA,2020,1.005627
LKA,2021,1
LKA,2022,0.9054521
LKA,2023,0.8857365
SDN,1974,0.86457384
SDN,1975,0.9527272
SDN,1976,1.0695102
SDN,1977,1.1019053
SDN,1978,0.99416083
SDN,1979,0.9101735
SDN,1980,0.8945576
SDN,1981,0.91830295
SDN,1982,0.8878182
SDN,1983,0.8281393
SDN,1984,0.76458555
SDN,1985,0.78539705
SDN,1986,0.8728507
SDN,1987,0.841827
SDN,1988,0.88896537
SDN,1989,0.8287075
SDN,1990,0.855676
SDN,1991,0.88419485
SDN,1992,0.91856754
SDN,1993,0.88319504
SDN,1994,0.88265085
SDN,1995,0.88428086
SDN,1996,0.89718586
SDN,1997,0.9303065
SDN,1998,0.96954286
SDN,1999,0.9390119
SDN,2000,0.92954427
SDN,2001,0.99803764
SDN,2002,1.0151724
SDN,2003,1.0309931
SDN,2004,1.0144506
SDN,2005,1.0799917
SDN,2006,1.071479
SDN,2007,1.0352116
SDN,2008,0.97663575
SDN,2009,0.9893402
SDN,2010,1.0341058
SDN,2011,0.98780656
SDN,2012,0.968962
SDN,2013,1.0064344
SDN,2014,1.0504524
SDN,2015,1.0572753
SDN,2016,1.0650426
SDN,2017,1.0877441
SDN,2019,1.0762826
SDN,2020,1.0524037
SDN,2021,1
SDN,2022,0.95180464
SDN,2023,0.8534009
SWE,1954,0.576841
SWE,1955,0.58120394
SWE,1956,0.58734834
SWE,1957,0.5882934
SWE,1958,0.59411794
SWE,1959,0.61279327
SWE,1960,0.6096942
SWE,1961,0.6250141
SWE,1962,0.6379477
SWE,1963,0.657501
SWE,1964,0.6875762
SWE,1965,0.69612926
SWE,1966,0.6981448
SWE,1967,0.7253992
SWE,1968,0.7400134
SWE,1969,0.7637425
SWE,1970,0.78230464
SWE,1971,0.7854697
SWE,1972,0.7991482
SWE,1973,0.81704307
SWE,1974,0.8220235
SWE,1975,0.8245536
SWE,1976,0.8114996
SWE,1977,0.79554975
SWE,1978,0.8120026
SWE,1979,0.8267032
SWE,1980,0.8215402
SWE,1981,0.8174109
SWE,1982,0.813226
SWE,1983,0.8123161
SWE,1984,0.82714015
SWE,1985,0.8213766
SWE,1986,0.8258636
SWE,1987,0.8291443
SWE,1988,0.81909424
SWE,1989,0.8131993
SWE,1990,0.7991327
SWE,1991,0.79553306
SWE,1992,0.80030537
SWE,1993,0.7991799
SWE,1994,0.82002896
SWE,1995,0.83710486
SWE,1996,0.8428199
SWE,1997,0.86417776
SWE,1998,0.8787041
SWE,1999,0.8863968
SWE,2000,0.90571463
SWE,2001,0.90078706
SWE,2002,0.91862077
SWE,2003,0.9327918
SWE,2004,0.95500624
SWE,2005,0.9698268
SWE,2006,0.99038035
SWE,2007,0.9879911
SWE,2008,0.9572048
SWE,2009,0.92705965
SWE,2010,0.95724076
SWE,2011,0.96420395
SWE,2012,0.95299095
SWE,2013,0.9541102
SWE,2014,0.9585196
SWE,2015,0.9795555
SWE,2016,0.97429657
SWE,2017,0.97047293
SWE,2018,0.96717364
SWE,2019,0.9832028
SWE,2020,0.97329056
SWE,2021,1
SWE,2022,0.9839419
SWE,2023,0.96602225
CHE,1954,0.728283
CHE,1955,0.75826585
CHE,1956,0.7815853
CHE,1957,0.78861487
CHE,1958,0.7706436
CHE,1959,0.8104967
CHE,1960,0.8384209
CHE,1961,0.8568031
CHE,1962,0.8529779
CHE,1963,0.86370385
CHE,1964,0.8774538
CHE,1965,0.89043635
CHE,1966,0.8969682
CHE,1967,0.90330166
CHE,1968,0.9149437
CHE,1969,0.9382877
CHE,1970,0.96481246
CHE,1971,0.9761135
CHE,1972,0.9840675
CHE,1973,0.9943728
CHE,1974,0.9995499
CHE,1975,0.94649976
CHE,1976,0.9429726
CHE,1977,0.96566194
CHE,1978,0.9599012
CHE,1979,0.97043556
CHE,1980,0.99058795
CHE,1981,0.98427284
CHE,1982,0.9608537
CHE,1983,0.9598981
CHE,1984,0.97670966
CHE,1985,0.98797333
CHE,1986,0.9789497
CHE,1987,0.96375024
CHE,1988,0.9620549
CHE,1989,0.97500175
CHE,1990,0.9764026
CHE,1991,0.92322373
CHE,1992,0.919645
CHE,1993,0.91873306
CHE,1994,0.92011
CHE,1995,0.92324185
CHE,1996,0.9280096
CHE,1997,0.9416803
CHE,1998,0.9433307
CHE,1999,0.9298413
CHE,2000,0.9470081
CHE,2001,0.9516195
CHE,2002,0.94257045
CHE,2003,0.92959565
CHE,2004,0.930697
CHE,2005,0.9407758
CHE,2006,0.9551644
CHE,2007,0.96489465
CHE,2008,0.9652151
CHE,2009,0.93307257
CHE,2010,0.96581095
CHE,2011,0.95731294
CHE,2012,0.95427376
CHE,2013,0.96437716
CHE,2014,0.96962625
CHE,2015,0.9619675
CHE,2016,0.9626375
CHE,2017,0.96607834
CHE,2018,0.979909
CHE,2019,0.9779527
CHE,2020,0.97406924
CHE,2021,1
CHE,2022,1.0099953
CHE,2023,1.0018941
TWN,1955,0.2110496
TWN,1956,0.21510237
TWN,1957,0.2231047
TWN,1958,0.23031262
TWN,1959,0.23875697
TWN,1960,0.24360177
TWN,1961,0.24798346
TWN,1962,0.25821683
TWN,1963,0.27232254
TWN,1964,0.2969131
TWN,1965,0.3205458
TWN,1966,0.33177602
TWN,1967,0.34068194
TWN,1968,0.34670436
TWN,1969,0.35406622
TWN,1970,0.36669707
TWN,1971,0.38528863
TWN,1972,0.40394396
TWN,1973,0.41232648
TWN,1974,0.39538872
TWN,1975,0.40042752
TWN,1976,0.42816657
TWN,1977,0.4398595
TWN,1978,0.46285063
TWN,1979,0.46325678
TWN,1980,0.47144532
TWN,1981,0.4760623
TWN,1982,0.47725424
TWN,1983,0.4898941
TWN,1984,0.50839496
TWN,1985,0.5131709
TWN,1986,0.53745824
TWN,1987,0.56316876
TWN,1988,0.58437586
TWN,1989,0.60465986
TWN,1990,0.6121594
TWN,1991,0.6345145
TWN,1992,0.64693123
TWN,1993,0.6544048
TWN,1994,0.6785127
TWN,1995,0.6834427
TWN,1996,0.71439755
TWN,1997,0.7393166
TWN,1998,0.7286665
TWN,1999,0.74940896
TWN,2000,0.7622465
TWN,2001,0.759754
TWN,2002,0.7801796
TWN,2003,0.7847155
TWN,2004,0.79734284
TWN,2005,0.8093405
TWN,2006,0.8250441
TWN,2007,0.8496894
TWN,2008,0.8371211
TWN,2009,0.8274539
TWN,2010,0.8829317
TWN,2011,0.89006644
TWN,2012,0.8919842
TWN,2013,0.8960316
TWN,2014,0.9187367
TWN,2015,0.912746
TWN,2016,0.91482615
TWN,2017,0.92682815
TWN,2018,0.9349328
TWN,2019,0.9453873
TWN,2020,0.9733041
TWN,2021,1
TWN,2022,0.9899762
TWN,2023,0.98692995
TJK,1994,0.22211936
TJK,1995,0.19606827
TJK,1996,0.1718803
TJK,1998,0.18751645
TJK,1999,0.2024472
TJK,2000,0.22316535
TJK,2001,0.24446812
TJK,2002,0.27547187
TJK,2003,0.3105088
TJK,2004,0.33492893
TJK,2005,0.36207867
TJK,2006,0.39039907
TJK,2007,0.42544588
TJK,2008,0.46411613
TJK,2009,0.48688823
TJK,2010,0.5249643
TJK,2011,0.5413477
TJK,2012,0.583717
TJK,2013,0.6301309
TJK,2014,0.6730503
TJK,2015,0.70401305
TJK,2016,0.7468348
TJK,2017,0.79418486
TJK,2018,0.8483593
TJK,2019,0.90142894
TJK,2020,0.94552106
TJK,2021,1
TJK,2022,1.051249
TJK,2023,1.1073372
TZA,1964,1.0682025
TZA,1965,1.0454557
TZA,1966,1.0685457
TZA,1967,1.068477
TZA,1968,1.0860051
TZA,1969,1.035365
TZA,1970,1.0034795
TZA,1971,0.96741974
TZA,1972,0.96796745
TZA,1973,0.94498
TZA,1974,0.9274775
TZA,1975,0.94334346
TZA,1976,0.9476394
TZA,1977,0.8999512
TZA,1978,0.8606269
TZA,1979,0.84616375
TZA,1980,0.84592754
TZA,1981,0.82979083
TZA,1982,0.8281579
TZA,1983,0.80408645
TZA,1984,0.82442385
TZA,1985,0.8609244
TZA,1986,0.87827307
TZA,1987,0.9009698
TZA,1988,0.92011
TZA,1989,0.9296524
TZA,1990,0.93389404
TZA,1991,0.93964785
TZA,1992,0.9347446
TZA,1993,0.939531
TZA,1994,0.9347661
TZA,1995,0.9363445
TZA,1996,0.95279545
TZA,1997,0.9645519
TZA,1998,0.9719446
TZA,1999,0.99329954
TZA,2000,1.0134214
TZA,2001,1.0486293
TZA,2002,1.0946223
TZA,2003,1.1068424
TZA,2004,1.1226498
TZA,2005,1.1253154
TZA,2006,1.0871412
TZA,2007,1.0950564
TZA,2008,1.0750139
TZA,2009,1.0731324
TZA,2010,1.0791755
TZA,2011,1.1030166
TZA,2012,1.1047267
TZA,2013,1.0676447
TZA,2014,1.0386759
TZA,2015,1.0384886
TZA,2016,1.0427989
TZA,2017,1.0466617
TZA,2018,1.0503703
TZA,2019,1.0444378
TZA,2020,1.0368205
TZA,2021,1
TZA,2022,0.96822345
TZA,2023,0.95659685
THA,1954,0.6842255
THA,1955,0.6091719
THA,1956,0.6197332
THA,1957,0.6814975
THA,1958,0.67096984
THA,1959,0.70657
THA,1960,0.75504804
THA,1961,0.7588281
THA,1962,0.766848
THA,1963,0.7733963
THA,1964,0.768785
THA,1965,0.7714314
THA,1966,0.79482436
THA,1967,0.7953018
THA,1968,0.7964084
THA,1969,0.7961226
THA,1970,1.0114641
THA,1971,0.9781752
THA,1972,0.96493304
THA,1973,0.96572644
THA,1974,0.9428431
THA,1975,0.9408483
THA,1976,0.9706635
THA,1977,0.991099
THA,1978,0.9914595
THA,1979,0.9705185
THA,1980,0.9268987
THA,1981,0.9251923
THA,1982,0.957613
THA,1983,0.8760739
THA,1984,0.8545266
THA,1985,0.8553753
THA,1986,0.85257894
THA,1987,0.8712258
THA,1988,0.90283185
THA,1989,0.91745585
THA,1990,0.941474
THA,1991,0.9247332
THA,1992,0.91987514
THA,1993,0.931726
THA,1994,0.94267887
THA,1995,0.9337129
THA,1996,0.9264043
THA,1997,0.86464274
THA,1998,0.8088417
THA,1999,0.83924174
THA,2000,0.8563386
THA,2001,0.87664807
THA,2002,0.90197974
THA,2003,0.93419284
THA,2004,0.9486435
THA,2005,0.95316976
THA,2006,0.96237206
THA,2007,0.9778127
THA,2008,0.9569881
THA,2009,0.9273831
THA,2010,0.97168493
THA,2011,0.95996594
THA,2012,0.99647015
THA,2013,0.99910414
THA,2014,0.9916634
THA,2015,1.0054526
THA,2016,1.0239727
THA,2017,1.0500381
THA,2018,1.0691534
THA,2019,1.0662005
THA,2020,1.0062424
THA,2021,1
THA,2022,0.97577685
THA,2023,0.96812415
TGO,1980,1.0260818
TGO,1981,0.93083906
TGO,1982,0.8709169
TGO,1983,0.7983339
TGO,1984,0.81838465
TGO,1985,0.8226477
TGO,1986,0.8297334
TGO,1987,0.7778373
TGO,1988,0.8259016
TGO,1989,0.8179055
TGO,1990,0.8308927
TGO,1991,0.8114355
TGO,1992,0.77122164
TGO,1993,0.6495717
TGO,1994,0.7302421
TGO,1995,0.7466063
TGO,1996,0.77418834
TGO,1997,0.7803508
TGO,1998,0.73469335
TGO,1999,0.7348921
TGO,2000,0.7073633
TGO,2001,0.6990554
TGO,2002,0.71081084
TGO,2003,0.74149734
TGO,2004,0.7163387
TGO,2005,0.74534243
TGO,2006,0.83181864
TGO,2007,0.9001962
TGO,2008,0.9126103
TGO,2009,0.9391292
TGO,2010,0.9522418
TGO,2011,0.9513665
TGO,2012,0.9659517
TGO,2013,0.97219324
TGO,2014,0.9705703
TGO,2015,0.96353644
TGO,2016,0.9633867
TGO,2017,0.96153456
TGO,2019,0.98241395
TGO,2020,0.9749518
TGO,2021,1
TGO,2022,1.022737
TGO,2023,1.0366492
TTO,1954,0.830253
TTO,1955,0.9023828
TTO,1956,0.9894115
TTO,1957,1.0648417
TTO,1958,1.1273844
TTO,1959,1.1361288
TTO,1960,1.1990628
TTO,1961,1.3258545
TTO,1962,1.2788122
TTO,1963,1.2682698
TTO,1964,1.3212464
TTO,1965,1.2496699
TTO,1966,1.3122373
TTO,1967,1.3148824
TTO,1968,1.3823574
TTO,1969,1.3893071
TTO,1970,1.4286891
TTO,1971,1.3719046
TTO,1972,1.4051857
TTO,1973,1.3927956
TTO,1974,1.359099
TTO,1975,1.3125972
TTO,1976,1.2854174
TTO,1977,1.2954496
TTO,1978,1.3018318
TTO,1979,1.2654778
TTO,1980,1.3196555
TTO,1981,1.3243786
TTO,1982,1.3185868
TTO,1983,1.15584
TTO,1984,1.0456144
TTO,1985,1.0062166
TTO,1986,0.9913869
TTO,1987,0.97080934
TTO,1988,0.9410562
TTO,1989,0.94216955
TTO,1990,0.9511874
TTO,1991,0.9366254
TTO,1992,0.92385507
TTO,1993,0.9104145
TTO,1994,0.9212731
TTO,1995,0.9253374
TTO,1996,0.9560914
TTO,1997,0.9763209
TTO,1998,1.009299
TTO,1999,1.0743293
TTO,2000,1.1249167
TTO,2001,1.14198
TTO,2002,1.226821
TTO,2003,1.3557055
TTO,2004,1.4050542
TTO,2005,1.4110713
TTO,2006,1.5667937
TTO,2007,1.6012963
TTO,2008,1.627643
TTO,2009,1.5259132
TTO,2010,1.5479344
TTO,2011,1.5288409
TTO,2012,1.4823182
TTO,2013,1.5013652
TTO,2014,1.498828
TTO,2015,1.4012476
TTO,2016,1.2065208
TTO,2017,1.1203132
TTO,2018,1.1023191
TTO,2019,1.0945883
TTO,2020,1.0004623
TTO,2021,1
TTO,2022,1.0391271
TTO,2023,1.0542364
TUN,1964,0.6661614
TUN,1965,0.66686946
TUN,1966,0.66418993
TUN,1967,0.6475998
TUN,1968,0.68303645
TUN,1969,0.6921621
TUN,1970,0.8813792
TUN,1971,0.92747945
TUN,1972,1.0217369
TUN,1973,0.97119313
TUN,1974,1.004267
TUN,1975,1.0771421
TUN,1976,1.0744019
TUN,1977,1.0425882
TUN,1978,1.0392913
TUN,1979,1.0415083
TUN,1980,1.0621723
TUN,1981,1.0584284
TUN,1982,0.998301
TUN,1983,0.99117637
TUN,1984,0.9897923
TUN,1985,0.99803364
TUN,1986,0.9440257
TUN,1987,0.9562407
TUN,1988,0.9361648
TUN,1989,0.9288078
TUN,1990,0.95847833
TUN,1991,0.9576899
TUN,1992,0.9924199
TUN,1993,0.96510667
TUN,1994,0.9490738
TUN,1995,0.9374308
TUN,1996,0.9712409
TUN,1997,0.98751163
TUN,1998,0.99946475
TUN,1999,1.0212742
TUN,2000,1.0239446
TUN,2001,1.0184366
TUN,2002,0.9902142
TUN,2003,0.9948327
TUN,2004,1.0384998
TUN,2005,1.0452569
TUN,2006,1.0593936
TUN,2007,1.0901972
TUN,2008,1.0941273
TUN,2009,1.0947828
TUN,2010,1.0856973
TUN,2011,1.0686423
TUN,2012,1.0875363
TUN,2013,1.0803444
TUN,2014,1.0870644
TUN,2015,1.0913984
TUN,2016,1.1255306
TUN,2017,1.1045713
TUN,2018,1.081392
TUN,2019,1.0657426
TUN,2020,0.9844833
TUN,2021,1
TUN,2022,1.0276812
TUN,2023,1.0247755
TUR,1954,1.12408
TUR,1955,1.1796597
TUR,1956,1.1757003
TUR,1957,1.3674045
TUR,1958,1.3923106
TUR,1959,1.2929708
TUR,1960,1.2212362
TUR,1961,1.1933925
TUR,1962,1.2130653
TUR,1963,1.2682226
TUR,1964,1.2617277
TUR,1965,1.2397195
TUR,1966,1.3118075
TUR,1967,1.3099879
TUR,1968,1.3321427
TUR,1969,1.3438962
TUR,1970,1.3356258
TUR,1971,1.3442694
TUR,1972,1.3610709
TUR,1973,1.3316458
TUR,1974,1.2995872
TUR,1975,1.3058957
TUR,1976,1.3331566
TUR,1977,1.304917
TUR,1978,1.2875353
TUR,1979,1.2363014
TUR,1980,1.180771
TUR,1981,1.188708
TUR,1982,1.1715517
TUR,1983,1.1774558
TUR,1984,1.2186208
TUR,1985,1.194457
TUR,1986,1.2146499
TUR,1987,1.247778
TUR,1988,1.1961269
TUR,1989,1.1321859
TUR,1990,1.1850132
TUR,1991,1.1262993
TUR,1992,1.1276233
TUR,1993,1.167864
TUR,1994,1.0416093
TUR,1995,1.0649952
TUR,1996,1.0684355
TUR,1997,1.0899879
TUR,1998,1.0642167
TUR,1999,0.9881827
TUR,2000,1.017731
TUR,2001,0.94814503
TUR,2002,0.9863563
TUR,2003,1.0107949
TUR,2004,1.0443985
TUR,2005,1.0556427
TUR,2006,1.0497439
TUR,2007,1.0423273
TUR,2008,0.997232
TUR,2009,0.9283864
TUR,2010,0.9460673
TUR,2011,0.9758097
TUR,2012,0.9658712
TUR,2013,0.989882
TUR,2014,0.98369116
TUR,2015,0.9849239
TUR,2016,0.967963
TUR,2017,0.98114944
TUR,2018,0.9674224
TUR,2019,0.95710737
TUR,2020,0.9984503
TUR,2021,1
TUR,2022,0.9855846
TUR,2023,0.99021935
UKR,1994,0.64134526
UKR,1995,0.5578761
UKR,1996,0.50936663
UKR,1997,0.5040764
UKR,1998,0.5070341
UKR,1999,0.55071986
UKR,2000,0.583615
UKR,2001,0.64821255
UKR,2002,0.6859789
UKR,2003,0.75288707
UKR,2004,0.8370205
UKR,2005,0.8505451
UKR,2006,0.9024759
UKR,2007,0.96080875
UKR,2008,0.97164774
UKR,2009,0.85092175
UKR,2010,0.85341185
UKR,2011,0.907549
UKR,2012,0.91058457
UKR,2013,0.9122001
UKR,2014,0.9059572
UKR,2015,0.87822425
UKR,2016,0.8994556
UKR,2017,0.9226507
UKR,2018,0.94352865
UKR,2019,0.96356934
UKR,2020,0.9579663
UKR,2021,1
UKR,2022,0.7235956
UKR,2023,0.7604028
GBR,1954,0.7443184
GBR,1955,0.7424293
GBR,1956,0.7313076
GBR,1957,0.7272995
GBR,1958,0.726811
GBR,1959,0.74184585
GBR,1960,0.74658006
GBR,1961,0.74519235
GBR,1962,0.74893326
GBR,1963,0.7623139
GBR,1964,0.7744284
GBR,1965,0.77215916
GBR,1966,0.7796438
GBR,1967,0.7862009
GBR,1968,0.82516235
GBR,1969,0.8016505
GBR,1970,0.8130377
GBR,1971,0.8418683
GBR,1972,0.8526623
GBR,1973,0.87790245
GBR,1974,0.84308887
GBR,1975,0.8289598
GBR,1976,0.8451535
GBR,1977,0.8489196
GBR,1978,0.86612767
GBR,1979,0.87871116
GBR,1980,0.8613261
GBR,1981,0.87233734
GBR,1982,0.89142823
GBR,1983,0.92278415
GBR,1984,0.9144512
GBR,1985,0.9275483
GBR,1986,0.9385749
GBR,1987,0.95785874
GBR,1988,0.96767473
GBR,1989,0.9512159
GBR,1990,0.93621856
GBR,1991,0.93155223
GBR,1992,0.9348839
GBR,1993,0.9490844
GBR,1994,0.9593981
GBR,1995,0.9576839
GBR,1996,0.9563622
GBR,1997,0.9762187
GBR,1998,0.98490626
GBR,1999,0.9911983
GBR,2000,1.0126224
GBR,2001,1.0161178
GBR,2002,1.0208228
GBR,2003,1.0360421
GBR,2004,1.0417259
GBR,2005,1.0479721
GBR,2006,1.0533098
GBR,2007,1.059698
GBR,2008,1.0408983
GBR,2009,1.00173
GBR,2010,1.0107166
GBR,2011,1.0136423
GBR,2012,1.009097
GBR,2013,1.0080749
GBR,2014,1.0140486
GBR,2015,1.0162838
GBR,2016,1.0157872
GBR,2017,1.0235486
GBR,2018,1.0219646
GBR,2019,1.0181631
GBR,2020,0.9727129
GBR,2021,1
GBR,2022,1.010483
GBR,2023,0.9985294
USA,1954,0.6364671
USA,1955,0.6578249
USA,1956,0.6543146
USA,1957,0.661631
USA,1958,0.6631528
USA,1959,0.68196577
USA,1960,0.6853411
USA,1961,0.69187504
USA,1962,0.7069859
USA,1963,0.7175017
USA,1964,0.7284763
USA,1965,0.74055064
USA,1966,0.75216025
USA,1967,0.74877614
USA,1968,0.75899035
USA,1969,0.7541919
USA,1970,0.7507497
USA,1971,0.763151
USA,1972,0.7731814
USA,1973,0.7823193
USA,1974,0.76035523
USA,1975,0.760535
USA,1976,0.7748198
USA,1977,0.7790582
USA,1978,0.7827838
USA,1979,0.77621984
USA,1980,0.76182324
USA,1981,0.7659244
USA,1982,0.75040126
USA,1983,0.76459694
USA,1984,0.7806257
USA,1985,0.78653723
USA,1986,0.794403
USA,1987,0.79464215
USA,1988,0.8020325
USA,1989,0.8059588
USA,1990,0.8092488
USA,1991,0.80555344
USA,1992,0.8243255
USA,1993,0.824475
USA,1994,0.8290909
USA,1995,0.8280851
USA,1996,0.83689934
USA,1997,0.845709
USA,1998,0.85590446
USA,1999,0.86932576
USA,2000,0.87934995
USA,2001,0.8804558
USA,2002,0.8918686
USA,2003,0.9071843
USA,2004,0.92198473
USA,2005,0.9304333
USA,2006,0.9287671
USA,2007,0.9277423
USA,2008,0.92328435
USA,2009,0.9250186
USA,2010,0.94047564
USA,2011,0.93827647
USA,2012,0.93969107
USA,2013,0.9419338
USA,2014,0.9439912
USA,2015,0.94880164
USA,2016,0.94840974
USA,2017,0.95337814
USA,2018,0.9582012
USA,2019,0.9642665
USA,2020,0.97307754
USA,2021,1
USA,2022,0.9840382
USA,2023,0.9929985
URY,1954,1.0140984
URY,1955,0.9649614
URY,1956,0.925494
URY,1957,0.916606
URY,1958,0.86199987
URY,1959,0.81432927
URY,1960,0.82593626
URY,1961,0.81132495
URY,1962,0.77769864
URY,1963,0.75397646
URY,1964,0.7771227
URY,1965,0.77487797
URY,1966,0.81082743
URY,1967,0.7819797
URY,1968,0.7892281
URY,1969,0.82213014
URY,1970,0.84175044
URY,1971,0.8286998
URY,1972,0.8065522
URY,1973,0.8029363
URY,1974,0.82362044
URY,1975,0.8567731
URY,1976,0.85702986
URY,1977,0.8335831
URY,1978,0.8407823
URY,1979,0.8516547
URY,1980,0.86665004
URY,1981,0.8493296
URY,1982,0.75006115
URY,1983,0.691442
URY,1984,0.6730582
URY,1985,0.67544526
URY,1986,0.7317231
URY,1987,0.7753926
URY,1988,0.7601414
URY,1989,0.75492686
URY,1990,0.75402397
URY,1991,0.76783717
URY,1992,0.81924546
URY,1993,0.8269196
URY,1994,0.85922307
URY,1995,0.8277684
URY,1996,0.85323876
URY,1997,0.86635923
URY,1998,0.8674611
URY,1999,0.85123676
URY,2000,0.83241475
URY,2001,0.80342746
URY,2002,0.7655992
URY,2003,0.7788332
URY,2004,0.78605586
URY,2005,0.8303444
URY,2006,0.8254579
URY,2007,0.8432535
URY,2008,0.86399645
URY,2009,0.8800155
URY,2010,0.9242464
URY,2011,0.9415285
URY,2012,0.9669843
URY,2013,1.0000014
URY,2014,1.0114123
URY,2015,1.0237459
URY,2016,1.0521659
URY,2017,1.0528388
URY,2018,1.0485557
URY,2019,1.0538763
URY,2020,0.9987536
URY,2021,1
URY,2022,0.993747
URY,2023,0.99380535
VEN,1954,5.5184393
VEN,1955,5.587829
VEN,1956,5.8483133
VEN,1957,6.1072803
VEN,1958,6.016806
VEN,1959,6.087229
VEN,1960,5.6140122
VEN,1961,5.7323575
VEN,1962,6.1125383
VEN,1963,6.336522
VEN,1964,6.8814497
VEN,1965,6.938088
VEN,1966,6.6622443
VEN,1967,6.729899
VEN,1968,7.040355
VEN,1969,7.0933924
VEN,1970,7.4952097
VEN,1971,7.1301064
VEN,1972,6.8065352
VEN,1973,6.672369
VEN,1974,6.585907
VEN,1975,6.3859134
VEN,1976,6.414106
VEN,1977,6.092035
VEN,1978,5.4378653
VEN,1979,5.1603413
VEN,1980,4.5699253
VEN,1981,4.3587217
VEN,1982,4.2307553
VEN,1983,3.9769843
VEN,1984,3.8946524
VEN,1985,3.7912598
VEN,1986,3.8713346
VEN,1987,3.8372583
VEN,1988,3.8707826
VEN,1989,3.514379
VEN,1990,3.6832926
VEN,1991,3.885991
VEN,1992,3.9211166
VEN,1993,3.7768762
VEN,1994,3.5798428
VEN,1995,3.5712483
VEN,1996,3.4939241
VEN,1997,3.5399396
VEN,1998,3.378974
VEN,1999,3.1585486
VEN,2000,3.1943133
VEN,2001,3.166962
VEN,2002,2.8310335
VEN,2003,2.6079166
VEN,2004,2.9583626
VEN,2005,3.1487353
VEN,2006,3.2811103
VEN,2007,3.3910115
VEN,2008,3.400313
VEN,2009,3.1803567
VEN,2010,3.0433924
VEN,2011,3.0978644
VEN,2012,3.1692686
VEN,2013,3.1123652
VEN,2014,2.9490783
ZMB,1959,0.69172424
ZMB,1960,0.69968134
ZMB,1961,0.69677037
ZMB,1962,0.68560946
ZMB,1963,0.6996801
ZMB,1964,0.7589319
ZMB,1965,0.8159018
ZMB,1966,0.882527
ZMB,1967,0.98139524
ZMB,1968,0.9648854
ZMB,1969,0.8569953
ZMB,1970,0.8231002
ZMB,1971,0.7893262
ZMB,1972,0.8259665
ZMB,1973,0.77902424
ZMB,1974,0.78000814
ZMB,1975,0.7527974
ZMB,1976,0.761386
ZMB,1977,0.72999823
ZMB,1978,0.7145029
ZMB,1979,0.6829273
ZMB,1980,0.70192814
ZMB,1981,0.68580693
ZMB,1982,0.69966066
ZMB,1983,0.7164781
ZMB,1984,0.70767987
ZMB,1985,0.70266217
ZMB,1986,0.7253404
ZMB,1987,0.74186844
ZMB,1988,0.754931
ZMB,1989,0.7632714
ZMB,1990,0.7715287
ZMB,1991,0.76252687
ZMB,1992,0.7588282
ZMB,1993,0.80630594
ZMB,1994,0.7379113
ZMB,1995,0.7604103
ZMB,1996,0.797383
ZMB,1997,0.8266014
ZMB,1998,0.8194077
ZMB,1999,0.84578025
ZMB,2000,0.85817176
ZMB,2001,0.8812737
ZMB,2002,0.89719206
ZMB,2003,0.9273824
ZMB,2004,0.9615808
ZMB,2005,0.99883515
ZMB,2006,1.041079
ZMB,2007,1.0872425
ZMB,2008,1.1250632
ZMB,2009,1.1885618
ZMB,2010,1.271457
ZMB,2011,1.2742832
ZMB,2012,1.3095355
ZMB,2013,1.2847432
ZMB,2014,1.2495524
ZMB,2015,1.1807194
ZMB,2016,1.1422778
ZMB,2017,1.1128565
ZMB,2018,1.1070703
ZMB,2019,1.0420272
ZMB,2020,0.9814598
ZMB,2021,1
ZMB,2022,1.0375543
ZMB,2023,1.0608859
ZWE,1958,0.65509874
ZWE,1959,0.67380375
ZWE,1960,0.68990636
ZWE,1961,0.7215841
ZWE,1962,0.7190823
ZWE,1963,0.72194564
ZWE,1964,0.7298708
ZWE,1965,0.76288974
ZWE,1966,0.74394906
ZWE,1967,0.7344042
ZWE,1968,0.63102245
ZWE,1969,0.82421005
ZWE,1970,1.0005033
ZWE,1971,1.0577397
ZWE,1972,1.1089374
ZWE,1973,1.0998031
ZWE,1974,1.0918722
ZWE,1975,1.0714997
ZWE,1976,1.0337249
ZWE,1977,0.947007
ZWE,1978,0.91218704
ZWE,1979,0.933261
ZWE,1980,0.99281543
ZWE,1981,1.0533646
ZWE,1982,1.0381722
ZWE,1983,1.005103
ZWE,1984,0.9419434
ZWE,1985,0.9694333
ZWE,1986,0.9688208
ZWE,1987,0.95045716
ZWE,1988,0.9906334
ZWE,1989,1.0122182
ZWE,1990,1.055239
ZWE,1991,1.0754886
ZWE,1992,0.96973145
ZWE,1993,0.9643965
ZWE,1994,0.99508905
ZWE,1995,0.9665576
ZWE,1996,1.041255
ZWE,1997,1.0350488
ZWE,1998,1.0064124
ZWE,1999,0.9492844
ZWE,2000,0.8412488
ZWE,2001,0.8173227
ZWE,2002,0.7560758
ZWE,2003,0.6807726
ZWE,2004,0.6554374
ZWE,2005,0.6339213
ZWE,2006,0.6126159
ZWE,2007,0.58856857
ZWE,2008,0.5617609
ZWE,2009,0.8670716
ZWE,2010,0.9766054
ZWE,2011,1.0563638
ZWE,2012,1.1636986
ZWE,2013,1.1513675
ZWE,2014,1.1427788
ZWE,2015,1.1323723
ZWE,2016,1.1122744
ZWE,2017,1.1329402
ZWE,2018,1.1535145
ZWE,2019,1.05774
ZWE,2020,0.9731874
ZWE,2021,1
ZWE,2022,0.99702585
ZWE,2023,0.9731387
